customer_id,customer_fname,customer_lname,customer_email,customer_password,customer_segment_id,customer_address_id
1,Richard,Hernandez,XXXXXXXXX,XXXXXXXXX,1,9964
2,Mary,Barrett,XXXXXXXXX,XXXXXXXXX,1,15637
3,Ann,Smith,XXXXXXXXX,XXXXXXXXX,1,4333
4,Mary,Jones,XXXXXXXXX,XXXXXXXXX,1,13474
5,Robert,Hudson,XXXXXXXXX,XXXXXXXXX,3,9
6,Mary,Smith,XXXXXXXXX,XXXXXXXXX,1,3820
7,Melissa,Wilcox,XXXXXXXXX,XXXXXXXXX,2,15513
8,Megan,Smith,XXXXXXXXX,XXXXXXXXX,2,3638
9,Mary,Perez,XXXXXXXXX,XXXXXXXXX,1,4724
10,Melissa,Smith,XXXXXXXXX,XXXXXXXXX,2,13974
11,Mary,Huffman,XXXXXXXXX,XXXXXXXXX,1,3844
12,Christopher,Smith,XXXXXXXXX,XXXXXXXXX,2,8665
13,Mary,Baldwin,XXXXXXXXX,XXXXXXXXX,3,12887
14,Katherine,Smith,XXXXXXXXX,XXXXXXXXX,2,8771
15,Jane,Luna,XXXXXXXXX,XXXXXXXXX,2,10753
16,Tiffany,Smith,XXXXXXXXX,XXXXXXXXX,2,10612
17,Mary,Robinson,XXXXXXXXX,XXXXXXXXX,1,657
18,Robert,Smith,XXXXXXXXX,XXXXXXXXX,1,3188
19,Stephanie,Mitchell,XXXXXXXXX,XXXXXXXXX,3,4542
20,Mary,Ellis,XXXXXXXXX,XXXXXXXXX,1,6893
21,William,Zimmerman,XXXXXXXXX,XXXXXXXXX,1,4179
22,Joseph,Smith,XXXXXXXXX,XXXXXXXXX,2,12432
23,Benjamin,Duarte,XXXXXXXXX,XXXXXXXXX,2,14419
24,Mary,Smith,XXXXXXXXX,XXXXXXXXX,3,15446
25,Paul,Richardson,XXXXXXXXX,XXXXXXXXX,3,3887
26,Johnny,Hood,XXXXXXXXX,XXXXXXXXX,1,15722
27,Mary,Vincent,XXXXXXXXX,XXXXXXXXX,1,1402
28,Timothy,Smith,XXXXXXXXX,XXXXXXXXX,1,15328
29,Mary,Humphrey,XXXXXXXXX,XXXXXXXXX,1,2722
30,Barbara,Smith,XXXXXXXXX,XXXXXXXXX,3,2691
31,Mary,Byrd,XXXXXXXXX,XXXXXXXXX,1,13308
32,Alice,Smith,XXXXXXXXX,XXXXXXXXX,2,2087
33,Adam,Petersen,XXXXXXXXX,XXXXXXXXX,1,16138
34,Mary,Smith,XXXXXXXXX,XXXXXXXXX,2,4195
35,Margaret,Wright,XXXXXXXXX,XXXXXXXXX,1,15525
36,Michelle,Carey,XXXXXXXXX,XXXXXXXXX,2,10056
37,Virginia,Conrad,XXXXXXXXX,XXXXXXXXX,1,9575
38,Mary,Smith,XXXXXXXXX,XXXXXXXXX,1,3305
39,Juan,Mckinney,XXXXXXXXX,XXXXXXXXX,1,11587
40,Mary,Smith,XXXXXXXXX,XXXXXXXXX,1,11737
41,Victoria,Mason,XXXXXXXXX,XXXXXXXXX,1,12783
42,Ethan,Smith,XXXXXXXXX,XXXXXXXXX,1,12033
43,Mary,Herring,XXXXXXXXX,XXXXXXXXX,2,6669
44,Howard,Smith,XXXXXXXXX,XXXXXXXXX,2,690
45,Mary,Nunez,XXXXXXXXX,XXXXXXXXX,1,501
46,Jennifer,Smith,XXXXXXXXX,XXXXXXXXX,1,8407
47,Lori,Fuller,XXXXXXXXX,XXXXXXXXX,3,4605
48,Mary,Cowan,XXXXXXXXX,XXXXXXXXX,1,85
49,Martha,Smith,XXXXXXXXX,XXXXXXXXX,1,11870
50,Mary,Kim,XXXXXXXXX,XXXXXXXXX,1,15345
51,Jessica,Smith,XXXXXXXXX,XXXXXXXXX,3,13523
52,Mary,Lawson,XXXXXXXXX,XXXXXXXXX,2,10323
53,Katherine,Smith,XXXXXXXXX,XXXXXXXXX,2,16086
54,Mary,Olson,XXXXXXXXX,XXXXXXXXX,3,11693
55,Janet,Farley,XXXXXXXXX,XXXXXXXXX,3,10353
56,Mary,Kaiser,XXXXXXXXX,XXXXXXXXX,1,12083
57,Mary,Smith,XXXXXXXXX,XXXXXXXXX,1,8806
58,Michael,Edwards,XXXXXXXXX,XXXXXXXXX,1,7039
59,Douglas,James,XXXXXXXXX,XXXXXXXXX,1,2437
60,Mary,Gutierrez,XXXXXXXXX,XXXXXXXXX,3,14068
61,Margaret,Summers,XXXXXXXXX,XXXXXXXXX,3,14661
62,Mary,Oneal,XXXXXXXXX,XXXXXXXXX,1,3050
63,Aaron,Smith,XXXXXXXXX,XXXXXXXXX,3,2364
64,Mary,Reynolds,XXXXXXXXX,XXXXXXXXX,2,2595
65,Jennifer,Smith,XXXXXXXXX,XXXXXXXXX,1,11381
66,Mary,Booth,XXXXXXXXX,XXXXXXXXX,3,14442
67,Samantha,Smith,XXXXXXXXX,XXXXXXXXX,2,12786
68,Mary,Oneal,XXXXXXXXX,XXXXXXXXX,1,4967
69,Megan,Smith,XXXXXXXXX,XXXXXXXXX,1,12598
70,Mary,Simmons,XXXXXXXXX,XXXXXXXXX,2,8594
71,Charles,Smith,XXXXXXXXX,XXXXXXXXX,2,9621
72,Frank,Gillespie,XXXXXXXXX,XXXXXXXXX,1,8138
73,Mary,Smith,XXXXXXXXX,XXXXXXXXX,3,13278
74,Alice,Rush,XXXXXXXXX,XXXXXXXXX,2,5685
75,Mary,Smith,XXXXXXXXX,XXXXXXXXX,1,972
76,Joseph,Young,XXXXXXXXX,XXXXXXXXX,1,12239
77,Shirley,Dalton,XXXXXXXXX,XXXXXXXXX,2,51
78,Jeremy,Smith,XXXXXXXXX,XXXXXXXXX,3,3147
79,Mary,Watkins,XXXXXXXXX,XXXXXXXXX,1,632
80,Joe,Parsons,XXXXXXXXX,XXXXXXXXX,2,5274
81,Mary,Smith,XXXXXXXXX,XXXXXXXXX,3,13710
82,Jonathan,Cook,XXXXXXXXX,XXXXXXXXX,1,12816
83,Mary,Wong,XXXXXXXXX,XXXXXXXXX,2,13963
84,Douglas,Smith,XXXXXXXXX,XXXXXXXXX,1,10402
85,Mary,Perez,XXXXXXXXX,XXXXXXXXX,1,7730
86,John,Smith,XXXXXXXXX,XXXXXXXXX,2,14374
87,Gloria,Brown,XXXXXXXXX,XXXXXXXXX,2,5509
88,Mary,Henry,XXXXXXXXX,XXXXXXXXX,2,11575
89,Sean,Smith,XXXXXXXXX,XXXXXXXXX,1,14955
90,Mary,Hurley,XXXXXXXXX,XXXXXXXXX,1,10602
91,Ashley,Smith,XXXXXXXXX,XXXXXXXXX,1,6527
92,Alexander,Medina,XXXXXXXXX,XXXXXXXXX,3,3310
93,Mary,Robbins,XXXXXXXXX,XXXXXXXXX,2,6630
94,Mary,Smith,XXXXXXXXX,XXXXXXXXX,2,15117
95,Susan,Williams,XXXXXXXXX,XXXXXXXXX,2,4672
96,Virginia,Smith,XXXXXXXXX,XXXXXXXXX,3,9524
97,Mary,Rhodes,XXXXXXXXX,XXXXXXXXX,2,866
98,William,Smith,XXXXXXXXX,XXXXXXXXX,1,6704
99,Betty,Munoz,XXXXXXXXX,XXXXXXXXX,1,16106
100,George,Barrett,XXXXXXXXX,XXXXXXXXX,1,5733
101,Mary,Briggs,XXXXXXXXX,XXXXXXXXX,2,13509
102,Gregory,Smith,XXXXXXXXX,XXXXXXXXX,2,8260
103,Mary,Williams,XXXXXXXXX,XXXXXXXXX,2,6510
104,Debra,Wood,XXXXXXXXX,XXXXXXXXX,3,13339
105,Mary,Smith,XXXXXXXXX,XXXXXXXXX,1,14206
106,Lauren,Freeman,XXXXXXXXX,XXXXXXXXX,2,3273
107,Mary,Weaver,XXXXXXXXX,XXXXXXXXX,1,835
108,Joshua,Smith,XXXXXXXXX,XXXXXXXXX,1,6690
109,Mary,Thompson,XXXXXXXXX,XXXXXXXXX,2,14109
110,David,Miranda,XXXXXXXXX,XXXXXXXXX,2,917
111,Frank,Smith,XXXXXXXXX,XXXXXXXXX,2,14292
112,Mary,Daniels,XXXXXXXXX,XXXXXXXXX,1,16209
113,Patricia,Smith,XXXXXXXXX,XXXXXXXXX,1,2707
114,Alice,Warner,XXXXXXXXX,XXXXXXXXX,3,6649
115,Mary,Smith,XXXXXXXXX,XXXXXXXXX,1,1186
116,John,Hill,XXXXXXXXX,XXXXXXXXX,3,5514
117,Mary,Smith,XXXXXXXXX,XXXXXXXXX,1,9485
118,Katherine,Olson,XXXXXXXXX,XXXXXXXXX,1,15645
119,Mary,Rosario,XXXXXXXXX,XXXXXXXXX,1,8479
120,Nancy,Smith,XXXXXXXXX,XXXXXXXXX,1,12704
121,Mary,Yoder,XXXXXXXXX,XXXXXXXXX,2,4618
122,Karen,Smith,XXXXXXXXX,XXXXXXXXX,1,12115
123,Mary,Mann,XXXXXXXXX,XXXXXXXXX,2,12328
124,Judy,Smith,XXXXXXXXX,XXXXXXXXX,1,14926
125,Mary,Gallagher,XXXXXXXXX,XXXXXXXXX,1,16232
126,Austin,Smith,XXXXXXXXX,XXXXXXXXX,3,13859
127,Mary,Martin,XXXXXXXXX,XXXXXXXXX,3,6216
128,Rose,Lopez,XXXXXXXXX,XXXXXXXXX,1,15712
129,Crystal,Smith,XXXXXXXXX,XXXXXXXXX,3,4835
130,Mary,Holland,XXXXXXXXX,XXXXXXXXX,3,16410
131,Brenda,Cline,XXXXXXXXX,XXXXXXXXX,1,14067
132,Eric,Smith,XXXXXXXXX,XXXXXXXXX,2,326
133,Mary,Lopez,XXXXXXXXX,XXXXXXXXX,1,15559
134,Donna,Gomez,XXXXXXXXX,XXXXXXXXX,1,1315
135,Mary,Smith,XXXXXXXXX,XXXXXXXXX,1,15815
136,Ryan,Griffin,XXXXXXXXX,XXXXXXXXX,2,12851
137,Jonathan,Perkins,XXXXXXXXX,XXXXXXXXX,1,1568
138,Mary,Dawson,XXXXXXXXX,XXXXXXXXX,1,15680
139,Daniel,Maxwell,XXXXXXXXX,XXXXXXXXX,3,15550
140,Amanda,Smith,XXXXXXXXX,XXXXXXXXX,2,8844
141,Mary,Mcmahon,XXXXXXXXX,XXXXXXXXX,1,1007
142,Heather,Smith,XXXXXXXXX,XXXXXXXXX,1,13148
143,Mary,Byrd,XXXXXXXXX,XXXXXXXXX,2,12585
144,David,Smith,XXXXXXXXX,XXXXXXXXX,2,13413
145,Joan,Walters,XXXXXXXXX,XXXXXXXXX,1,13448
146,Amber,Mercado,XXXXXXXXX,XXXXXXXXX,3,773
147,Mary,Smith,XXXXXXXXX,XXXXXXXXX,3,6365
148,Stephanie,Richards,XXXXXXXXX,XXXXXXXXX,1,2679
149,Shirley,Mcclain,XXXXXXXXX,XXXXXXXXX,3,16020
150,Mary,Smith,XXXXXXXXX,XXXXXXXXX,2,8652
151,Lisa,Shaw,XXXXXXXXX,XXXXXXXXX,1,16152
152,Mary,Smith,XXXXXXXXX,XXXXXXXXX,1,13486
153,Andrew,Marshall,XXXXXXXXX,XXXXXXXXX,3,13691
154,Emily,May,XXXXXXXXX,XXXXXXXXX,2,10666
155,Brittany,Juarez,XXXXXXXXX,XXXXXXXXX,1,1531
156,Mary,Smith,XXXXXXXXX,XXXXXXXXX,1,2400
157,Catherine,Chan,XXXXXXXXX,XXXXXXXXX,2,11373
158,Mary,Smith,XXXXXXXXX,XXXXXXXXX,2,8548
159,John,Love,XXXXXXXXX,XXXXXXXXX,2,7544
160,Ashley,Smith,XXXXXXXXX,XXXXXXXXX,3,4061
161,Mary,Smith,XXXXXXXXX,XXXXXXXXX,2,10991
162,John,Garcia,XXXXXXXXX,XXXXXXXXX,2,8389
163,Austin,Diaz,XXXXXXXXX,XXXXXXXXX,1,10925
164,Mary,Carlson,XXXXXXXXX,XXXXXXXXX,1,6546
165,Joseph,Ewing,XXXXXXXXX,XXXXXXXXX,1,11389
166,Steven,Smith,XXXXXXXXX,XXXXXXXXX,1,3318
167,Stephanie,Rodriguez,XXXXXXXXX,XXXXXXXXX,2,15159
168,Eric,Morris,XXXXXXXXX,XXXXXXXXX,1,3526
169,Debra,Mccarthy,XXXXXXXXX,XXXXXXXXX,2,3959
170,Mary,Smith,XXXXXXXXX,XXXXXXXXX,2,1942
171,Evelyn,Potter,XXXXXXXXX,XXXXXXXXX,1,1269
172,Lauren,Rush,XXXXXXXXX,XXXXXXXXX,3,9783
173,Jose,Smith,XXXXXXXXX,XXXXXXXXX,1,4461
174,Mary,Perez,XXXXXXXXX,XXXXXXXXX,3,10049
175,Ronald,Guzman,XXXXXXXXX,XXXXXXXXX,3,13405
176,Amy,Smith,XXXXXXXXX,XXXXXXXXX,2,968
177,Mary,Melendez,XXXXXXXXX,XXXXXXXXX,1,11214
179,Mary,Rodgers,XXXXXXXXX,XXXXXXXXX,1,14598
180,Juan,Smith,XXXXXXXXX,XXXXXXXXX,2,1982
181,Mary,Jones,XXXXXXXXX,XXXXXXXXX,3,1345
182,James,Ortiz,XXXXXXXXX,XXXXXXXXX,1,11863
183,Wayne,Smith,XXXXXXXXX,XXXXXXXXX,1,5914
184,Mary,Boyd,XXXXXXXXX,XXXXXXXXX,1,4693
185,Deborah,Smith,XXXXXXXXX,XXXXXXXXX,1,15241
186,Diane,Jones,XXXXXXXXX,XXXXXXXXX,3,12134
187,Mildred,Herrera,XXXXXXXXX,XXXXXXXXX,1,14338
188,Mary,Smith,XXXXXXXXX,XXXXXXXXX,1,12381
189,Angela,Peterson,XXXXXXXXX,XXXXXXXXX,2,6370
190,Mary,Hayes,XXXXXXXXX,XXXXXXXXX,2,5086
191,Victoria,Smith,XXXXXXXXX,XXXXXXXXX,3,13445
192,Mary,Hall,XXXXXXXXX,XXXXXXXXX,3,4213
193,Melissa,Flores,XXXXXXXXX,XXXXXXXXX,2,932
194,Mary,Bates,XXXXXXXXX,XXXXXXXXX,1,394
195,Richard,Smith,XXXXXXXXX,XXXXXXXXX,2,15327
196,Thomas,Watson,XXXXXXXXX,XXXXXXXXX,3,5872
197,Ruth,Smith,XXXXXXXXX,XXXXXXXXX,1,2453
198,Mary,Joseph,XXXXXXXXX,XXXXXXXXX,3,7687
199,Cynthia,Horn,XXXXXXXXX,XXXXXXXXX,3,14890
200,Keith,Smith,XXXXXXXXX,XXXXXXXXX,1,15275
201,Mary,Grimes,XXXXXXXXX,XXXXXXXXX,1,1591
202,Sharon,Smith,XXXXXXXXX,XXXXXXXXX,3,9133
203,Madison,Blankenship,XXXXXXXXX,XXXXXXXXX,3,8478
204,Mary,Smith,XXXXXXXXX,XXXXXXXXX,1,10332
205,Ryan,Garcia,XXXXXXXXX,XXXXXXXXX,2,14918
206,Mary,West,XXXXXXXXX,XXXXXXXXX,1,8018
207,Jose,Powers,XXXXXXXXX,XXXXXXXXX,2,5418
208,Mary,Smith,XXXXXXXXX,XXXXXXXXX,3,5165
209,Thomas,Moore,XXXXXXXXX,XXXXXXXXX,1,3373
210,Jonathan,Burns,XXXXXXXXX,XXXXXXXXX,2,6138
211,Mary,Smith,XXXXXXXXX,XXXXXXXXX,2,7079
212,Roger,Johnson,XXXXXXXXX,XXXXXXXXX,1,8885
213,Mary,Mclaughlin,XXXXXXXXX,XXXXXXXXX,2,5236
214,Lauren,Booth,XXXXXXXXX,XXXXXXXXX,3,3867
215,Mary,Smith,XXXXXXXXX,XXXXXXXXX,3,8206
216,Martha,Davis,XXXXXXXXX,XXXXXXXXX,3,11899
217,Mary,Hughes,XXXXXXXXX,XXXXXXXXX,2,904
218,Charles,Tyler,XXXXXXXXX,XXXXXXXXX,1,7223
220,Janet,Smith,XXXXXXXXX,XXXXXXXXX,1,6768
221,Mary,Cox,XXXXXXXXX,XXXXXXXXX,1,11887
222,Frank,Ruiz,XXXXXXXXX,XXXXXXXXX,2,16340
223,Ralph,Smith,XXXXXXXXX,XXXXXXXXX,3,11643
224,Mary,Hernandez,XXXXXXXXX,XXXXXXXXX,2,14368
225,Megan,Watson,XXXXXXXXX,XXXXXXXXX,2,11671
226,Rose,Sanders,XXXXXXXXX,XXXXXXXXX,1,6689
227,Mary,Smith,XXXXXXXXX,XXXXXXXXX,3,9584
228,Jessica,Clark,XXXXXXXXX,XXXXXXXXX,1,7902
229,Mary,Garrett,XXXXXXXXX,XXXXXXXXX,1,6113
230,Kimberly,Smith,XXXXXXXXX,XXXXXXXXX,1,9093
231,Mary,Conner,XXXXXXXXX,XXXXXXXXX,1,3195
232,Gloria,Bean,XXXXXXXXX,XXXXXXXXX,2,5908
233,Hannah,Smith,XXXXXXXXX,XXXXXXXXX,2,10090
234,Mary,Giles,XXXXXXXXX,XXXXXXXXX,1,4916
235,David,Smith,XXXXXXXXX,XXXXXXXXX,1,11965
236,Ashley,Clark,XXXXXXXXX,XXXXXXXXX,3,11197
237,Mary,Smith,XXXXXXXXX,XXXXXXXXX,1,4093
238,Charles,Turner,XXXXXXXXX,XXXXXXXXX,2,12451
239,Mary,Simpson,XXXXXXXXX,XXXXXXXXX,2,8554
240,David,Smith,XXXXXXXXX,XXXXXXXXX,1,218
241,Janet,Carter,XXXXXXXXX,XXXXXXXXX,2,15486
242,Mary,Stein,XXXXXXXXX,XXXXXXXXX,2,8061
243,Deborah,Smith,XXXXXXXXX,XXXXXXXXX,1,12285
244,Mary,Hutchinson,XXXXXXXXX,XXXXXXXXX,3,6515
245,Deborah,Smith,XXXXXXXXX,XXXXXXXXX,1,10179
246,Mary,Wood,XXXXXXXXX,XXXXXXXXX,1,16139
247,Angela,Smith,XXXXXXXXX,XXXXXXXXX,1,12618
248,Christina,Walsh,XXXXXXXXX,XXXXXXXXX,2,5120
249,Mary,Randolph,XXXXXXXXX,XXXXXXXXX,1,9423
250,Julie,Smith,XXXXXXXXX,XXXXXXXXX,1,6086
251,Kelly,Adams,XXXXXXXXX,XXXXXXXXX,2,8734
252,Mary,Frazier,XXXXXXXXX,XXXXXXXXX,2,11382
253,Nancy,Smith,XXXXXXXXX,XXXXXXXXX,1,13520
254,Diana,Hale,XXXXXXXXX,XXXXXXXXX,1,9280
255,Mary,Smith,XXXXXXXXX,XXXXXXXXX,2,10855
256,David,Rodriguez,XXXXXXXXX,XXXXXXXXX,1,12236
257,Mary,Harrison,XXXXXXXXX,XXXXXXXXX,1,14988
258,Aaron,Kennedy,XXXXXXXXX,XXXXXXXXX,2,14455
259,Mary,Bates,XXXXXXXXX,XXXXXXXXX,1,5092
260,Kenneth,Smith,XXXXXXXXX,XXXXXXXXX,2,11152
261,Mary,Parker,XXXXXXXXX,XXXXXXXXX,2,10260
262,Mary,Morgan,XXXXXXXXX,XXXXXXXXX,3,13548
263,Margaret,Bradley,XXXXXXXXX,XXXXXXXXX,1,11989
264,Mary,Smith,XXXXXXXXX,XXXXXXXXX,2,11505
265,Michelle,Solis,XXXXXXXXX,XXXXXXXXX,3,4354
266,Mary,Knapp,XXXXXXXXX,XXXXXXXXX,2,13740
267,Richard,Smith,XXXXXXXXX,XXXXXXXXX,1,12215
268,Mary,Miller,XXXXXXXXX,XXXXXXXXX,3,2749
269,Jeffrey,Simon,XXXXXXXXX,XXXXXXXXX,1,7153
270,Janet,Smith,XXXXXXXXX,XXXXXXXXX,1,4273
271,Justin,White,XXXXXXXXX,XXXXXXXXX,2,7361
272,Mary,Long,XXXXXXXXX,XXXXXXXXX,2,5625
273,Benjamin,Smith,XXXXXXXXX,XXXXXXXXX,2,14645
274,Mary,Moyer,XXXXXXXXX,XXXXXXXXX,1,7765
275,Robert,Smith,XXXXXXXXX,XXXXXXXXX,1,15750
276,Christina,Wright,XXXXXXXXX,XXXXXXXXX,2,6682
277,Roger,Hunt,XXXXXXXXX,XXXXXXXXX,2,2057
278,Mary,Graves,XXXXXXXXX,XXXXXXXXX,1,10113
279,Anna,Smith,XXXXXXXXX,XXXXXXXXX,1,11778
280,Mary,Ortiz,XXXXXXXXX,XXXXXXXXX,2,7406
281,Stephanie,Smith,XXXXXXXXX,XXXXXXXXX,2,9019
282,Zachary,Pugh,XXXXXXXXX,XXXXXXXXX,3,451
283,Mary,Smith,XXXXXXXXX,XXXXXXXXX,1,16118
284,John,Harrington,XXXXXXXXX,XXXXXXXXX,1,13190
285,Shirley,Smith,XXXXXXXXX,XXXXXXXXX,1,12179
286,Mary,Baker,XXXXXXXXX,XXXXXXXXX,2,1467
287,Andrew,Salazar,XXXXXXXXX,XXXXXXXXX,1,5427
288,Judith,Smith,XXXXXXXXX,XXXXXXXXX,1,4045
289,Diana,Richards,XXXXXXXXX,XXXXXXXXX,2,4687
290,Mary,Garza,XXXXXXXXX,XXXXXXXXX,1,1738
291,John,Smith,XXXXXXXXX,XXXXXXXXX,2,15966
292,Mary,Estrada,XXXXXXXXX,XXXXXXXXX,3,9351
293,Christopher,Prince,XXXXXXXXX,XXXXXXXXX,2,1870
294,Mary,Smith,XXXXXXXXX,XXXXXXXXX,1,9429
295,Julie,Tanner,XXXXXXXXX,XXXXXXXXX,3,13189
296,Mary,Mullen,XXXXXXXXX,XXXXXXXXX,2,11761
297,Catherine,Smith,XXXXXXXXX,XXXXXXXXX,2,3856
298,Mary,Logan,XXXXXXXXX,XXXXXXXXX,2,12354
299,Katherine,Smith,XXXXXXXXX,XXXXXXXXX,1,12311
300,Mary,Key,XXXXXXXXX,XXXXXXXXX,1,10586
301,Arthur,Smith,XXXXXXXXX,XXXXXXXXX,3,11110
302,Mary,Nguyen,XXXXXXXXX,XXXXXXXXX,2,4649
303,Thomas,Rowe,XXXXXXXXX,XXXXXXXXX,1,4084
304,Christopher,Smith,XXXXXXXXX,XXXXXXXXX,3,4194
305,Mary,Lawrence,XXXXXXXXX,XXXXXXXXX,1,678
306,Alan,Boyle,XXXXXXXXX,XXXXXXXXX,3,12026
307,Mary,Smith,XXXXXXXXX,XXXXXXXXX,1,2607
308,Alan,Berger,XXXXXXXXX,XXXXXXXXX,3,6833
309,Phillip,Smith,XXXXXXXXX,XXXXXXXXX,2,6795
310,Mary,Fox,XXXXXXXXX,XXXXXXXXX,2,583
311,Michael,Townsend,XXXXXXXXX,XXXXXXXXX,3,9935
312,Jack,Smith,XXXXXXXXX,XXXXXXXXX,1,2093
313,Mary,Stark,XXXXXXXXX,XXXXXXXXX,1,6590
314,Maria,Smith,XXXXXXXXX,XXXXXXXXX,1,10559
315,Danielle,Hampton,XXXXXXXXX,XXXXXXXXX,3,1659
316,Mary,Smith,XXXXXXXXX,XXXXXXXXX,1,7584
317,Deborah,Salazar,XXXXXXXXX,XXXXXXXXX,1,3126
318,Samantha,Smith,XXXXXXXXX,XXXXXXXXX,1,5396
319,Arthur,Brown,XXXXXXXXX,XXXXXXXXX,2,16247
320,Mary,Brooks,XXXXXXXXX,XXXXXXXXX,1,5626
321,David,Smith,XXXXXXXXX,XXXXXXXXX,1,2352
322,Barbara,Kemp,XXXXXXXXX,XXXXXXXXX,1,7344
323,Joshua,Smith,XXXXXXXXX,XXXXXXXXX,1,4963
324,Jean,Clay,XXXXXXXXX,XXXXXXXXX,2,11011
325,Mary,Smith,XXXXXXXXX,XXXXXXXXX,2,3246
326,Shirley,Stafford,XXXXXXXXX,XXXXXXXXX,1,9381
327,Mary,Smith,XXXXXXXXX,XXXXXXXXX,1,7260
328,William,Morrison,XXXXXXXXX,XXXXXXXXX,1,7387
329,Samantha,Higgins,XXXXXXXXX,XXXXXXXXX,1,7624
330,Mary,Smith,XXXXXXXXX,XXXXXXXXX,2,9263
331,Alexander,Russell,XXXXXXXXX,XXXXXXXXX,3,4133
332,Mary,Smith,XXXXXXXXX,XXXXXXXXX,1,13657
333,Elizabeth,Ferguson,XXXXXXXXX,XXXXXXXXX,1,10930
334,Kathleen,Oconnor,XXXXXXXXX,XXXXXXXXX,1,9500
335,Mary,Smith,XXXXXXXXX,XXXXXXXXX,1,196
336,Ruth,Armstrong,XXXXXXXXX,XXXXXXXXX,1,9638
337,Mary,Neal,XXXXXXXXX,XXXXXXXXX,2,15611
338,Ryan,Smith,XXXXXXXXX,XXXXXXXXX,1,8051
340,Theresa,Wiggins,XXXXXXXXX,XXXXXXXXX,1,2513
341,Mary,Smith,XXXXXXXXX,XXXXXXXXX,1,782
342,Jerry,Jackson,XXXXXXXXX,XXXXXXXXX,3,2982
343,Douglas,Joseph,XXXXXXXXX,XXXXXXXXX,2,11653
344,Mary,Smith,XXXXXXXXX,XXXXXXXXX,1,11603
345,John,Howard,XXXXXXXXX,XXXXXXXXX,2,7997
346,Edward,Stephens,XXXXXXXXX,XXXXXXXXX,1,7783
347,Bryan,Marsh,XXXXXXXXX,XXXXXXXXX,3,9256
348,Mary,Smith,XXXXXXXXX,XXXXXXXXX,3,1955
349,Aaron,Berger,XXXXXXXXX,XXXXXXXXX,1,2126
350,Mary,Smith,XXXXXXXXX,XXXXXXXXX,1,1478
351,John,Singh,XXXXXXXXX,XXXXXXXXX,2,11903
352,Gregory,Smith,XXXXXXXXX,XXXXXXXXX,3,10709
353,Mary,Smith,XXXXXXXXX,XXXXXXXXX,3,2635
354,Edward,Peterson,XXXXXXXXX,XXXXXXXXX,3,336
355,Katherine,Barker,XXXXXXXXX,XXXXXXXXX,1,10417
356,Roger,Smith,XXXXXXXXX,XXXXXXXXX,1,14006
357,Mary,King,XXXXXXXXX,XXXXXXXXX,3,2425
358,Megan,Lynch,XXXXXXXXX,XXXXXXXXX,1,15594
359,Mary,Pena,XXXXXXXXX,XXXXXXXXX,1,12588
361,Alexander,Shaw,XXXXXXXXX,XXXXXXXXX,1,9718
362,Mary,Smith,XXXXXXXXX,XXXXXXXXX,2,1016
363,Jennifer,Obrien,XXXXXXXXX,XXXXXXXXX,1,16273
364,Jason,Mcmahon,XXXXXXXXX,XXXXXXXXX,3,10009
365,Shirley,Smith,XXXXXXXXX,XXXXXXXXX,1,238
366,Larry,Williamson,XXXXXXXXX,XXXXXXXXX,2,6068
367,Mary,Smith,XXXXXXXXX,XXXXXXXXX,2,16135
368,Pamela,Flores,XXXXXXXXX,XXXXXXXXX,2,13282
369,Madison,Sheppard,XXXXXXXXX,XXXXXXXXX,2,5827
370,Mary,Smith,XXXXXXXXX,XXXXXXXXX,1,9690
371,Adam,Marquez,XXXXXXXXX,XXXXXXXXX,2,309
372,Mary,Smith,XXXXXXXXX,XXXXXXXXX,3,10828
373,George,Sandoval,XXXXXXXXX,XXXXXXXXX,1,11926
374,Mary,Camacho,XXXXXXXXX,XXXXXXXXX,3,5615
375,Mark,Smith,XXXXXXXXX,XXXXXXXXX,3,11847
376,Grace,Sanchez,XXXXXXXXX,XXXXXXXXX,3,10245
377,Mary,Smith,XXXXXXXXX,XXXXXXXXX,1,4117
378,John,Stewart,XXXXXXXXX,XXXXXXXXX,3,2206
379,David,Briggs,XXXXXXXXX,XXXXXXXXX,3,5223
380,Linda,Smith,XXXXXXXXX,XXXXXXXXX,2,10146
381,Katherine,Moore,XXXXXXXXX,XXXXXXXXX,1,4457
382,Mary,Lane,XXXXXXXXX,XXXXXXXXX,1,12320
383,Evelyn,Smith,XXXXXXXXX,XXXXXXXXX,2,14555
384,Mildred,Cunningham,XXXXXXXXX,XXXXXXXXX,1,13086
385,Mary,Smith,XXXXXXXXX,XXXXXXXXX,1,14524
386,Janet,Wallace,XXXXXXXXX,XXXXXXXXX,1,5528
387,Mary,Levy,XXXXXXXXX,XXXXXXXXX,1,15529
388,Robert,Smith,XXXXXXXXX,XXXXXXXXX,1,4528
389,Angela,Sanford,XXXXXXXXX,XXXXXXXXX,1,1713
390,Mary,Smith,XXXXXXXXX,XXXXXXXXX,3,7152
391,Gloria,Greene,XXXXXXXXX,XXXXXXXXX,1,9782
392,Beverly,Hanson,XXXXXXXXX,XXXXXXXXX,1,6738
393,Mary,Chambers,XXXXXXXXX,XXXXXXXXX,2,8998
394,David,Smith,XXXXXXXXX,XXXXXXXXX,1,841
395,Edward,Castro,XXXXXXXXX,XXXXXXXXX,3,16450
396,Deborah,Smith,XXXXXXXXX,XXXXXXXXX,1,11798
397,Mary,Delgado,XXXXXXXXX,XXXXXXXXX,1,230
398,Teresa,Smith,XXXXXXXXX,XXXXXXXXX,2,14064
399,Mary,Perez,XXXXXXXXX,XXXXXXXXX,1,10386
400,Matthew,Vaughan,XXXXXXXXX,XXXXXXXXX,2,12040
401,Bobby,Smith,XXXXXXXXX,XXXXXXXXX,1,9588
402,Mary,Brooks,XXXXXXXXX,XXXXXXXXX,1,7470
403,Nancy,Fox,XXXXXXXXX,XXXXXXXXX,1,14710
404,Mary,Adkins,XXXXXXXXX,XXXXXXXXX,1,5033
405,Kathleen,Smith,XXXXXXXXX,XXXXXXXXX,2,11720
406,Grace,Patel,XXXXXXXXX,XXXXXXXXX,2,2700
407,Mary,Fischer,XXXXXXXXX,XXXXXXXXX,1,3670
408,Elizabeth,Raymond,XXXXXXXXX,XXXXXXXXX,1,12834
409,Kevin,Smith,XXXXXXXXX,XXXXXXXXX,1,11764
410,Jack,Moore,XXXXXXXXX,XXXXXXXXX,1,13593
411,Mary,Smith,XXXXXXXXX,XXXXXXXXX,1,1962
412,Cynthia,Crawford,XXXXXXXXX,XXXXXXXXX,3,7867
413,Mary,Gordon,XXXXXXXXX,XXXXXXXXX,2,9590
415,Mary,Allen,XXXXXXXXX,XXXXXXXXX,2,5498
416,Rachel,Dunn,XXXXXXXXX,XXXXXXXXX,1,5324
417,Teresa,Smith,XXXXXXXXX,XXXXXXXXX,2,1316
418,Mary,Jackson,XXXXXXXXX,XXXXXXXXX,1,1533
419,James,Smith,XXXXXXXXX,XXXXXXXXX,1,9504
420,Jose,Wright,XXXXXXXXX,XXXXXXXXX,1,8791
421,Mary,Smith,XXXXXXXXX,XXXXXXXXX,1,11744
422,Deborah,Moore,XXXXXXXXX,XXXXXXXXX,1,2833
423,Mary,Weber,XXXXXXXXX,XXXXXXXXX,1,4137
424,Stephen,Douglas,XXXXXXXXX,XXXXXXXXX,1,267
425,Mary,Sexton,XXXXXXXXX,XXXXXXXXX,1,12678
426,Susan,Smith,XXXXXXXXX,XXXXXXXXX,3,8807
427,Paul,Brown,XXXXXXXXX,XXXXXXXXX,2,15043
428,Andrew,Smith,XXXXXXXXX,XXXXXXXXX,1,11192
429,Mary,Salazar,XXXXXXXXX,XXXXXXXXX,1,11834
430,Mary,Smith,XXXXXXXXX,XXXXXXXXX,1,4446
431,Michael,Vance,XXXXXXXXX,XXXXXXXXX,1,237
432,Bruce,Mcconnell,XXXXXXXXX,XXXXXXXXX,1,14127
433,Mary,Smith,XXXXXXXXX,XXXXXXXXX,2,9941
434,Michael,Torres,XXXXXXXXX,XXXXXXXXX,1,4297
435,Joan,Barr,XXXXXXXXX,XXXXXXXXX,1,3995
436,Mary,Smith,XXXXXXXXX,XXXXXXXXX,2,10439
437,Cynthia,Benjamin,XXXXXXXXX,XXXXXXXXX,1,3166
438,Diane,Smith,XXXXXXXXX,XXXXXXXXX,1,13268
439,Rose,Delgado,XXXXXXXXX,XXXXXXXXX,1,14029
440,Mary,Skinner,XXXXXXXXX,XXXXXXXXX,1,3516
441,Aaron,Riddle,XXXXXXXXX,XXXXXXXXX,3,3630
442,Mary,Smith,XXXXXXXXX,XXXXXXXXX,1,10825
443,Barbara,Robinson,XXXXXXXXX,XXXXXXXXX,2,13672
444,Walter,Lambert,XXXXXXXXX,XXXXXXXXX,2,3015
445,Mary,Smith,XXXXXXXXX,XXXXXXXXX,2,4336
446,Scott,Harris,XXXXXXXXX,XXXXXXXXX,2,3816
447,Mary,Nelson,XXXXXXXXX,XXXXXXXXX,1,10011
448,Hannah,Joseph,XXXXXXXXX,XXXXXXXXX,1,15407
449,Mary,Smith,XXXXXXXXX,XXXXXXXXX,1,6789
450,Kathryn,Carter,XXXXXXXXX,XXXXXXXXX,3,11396
451,Mary,Baldwin,XXXXXXXXX,XXXXXXXXX,1,16251
452,Carl,Smith,XXXXXXXXX,XXXXXXXXX,3,10321
453,Mary,Glenn,XXXXXXXXX,XXXXXXXXX,2,7815
454,Robert,Fitzpatrick,XXXXXXXXX,XXXXXXXXX,1,13915
455,Jeffrey,Smith,XXXXXXXXX,XXXXXXXXX,1,1447
456,Douglas,Turner,XXXXXXXXX,XXXXXXXXX,1,3985
457,Mary,Smith,XXXXXXXXX,XXXXXXXXX,3,15206
458,Charles,Spencer,XXXXXXXXX,XXXXXXXXX,1,14486
459,Sean,Smith,XXXXXXXXX,XXXXXXXXX,3,2335
460,Vincent,Willis,XXXXXXXXX,XXXXXXXXX,3,4675
461,Mary,Smith,XXXXXXXXX,XXXXXXXXX,1,715
462,Sean,Skinner,XXXXXXXXX,XXXXXXXXX,2,16157
463,Harry,Smith,XXXXXXXXX,XXXXXXXXX,2,12204
464,Mary,Mcintyre,XXXXXXXXX,XXXXXXXXX,1,476
465,Shawn,Smith,XXXXXXXXX,XXXXXXXXX,1,9336
466,Mary,Savage,XXXXXXXXX,XXXXXXXXX,2,10840
467,James,Smith,XXXXXXXXX,XXXXXXXXX,1,10027
468,Mary,Stone,XXXXXXXXX,XXXXXXXXX,1,7105
470,Mary,Cannon,XXXXXXXXX,XXXXXXXXX,1,16434
471,Helen,Smith,XXXXXXXXX,XXXXXXXXX,3,3082
472,Mary,Schultz,XXXXXXXXX,XXXXXXXXX,1,3606
473,Jason,Smith,XXXXXXXXX,XXXXXXXXX,2,9227
474,Mary,Patton,XXXXXXXXX,XXXXXXXXX,1,8559
475,Brittany,Gibbs,XXXXXXXXX,XXXXXXXXX,1,14963
476,Mary,Carey,XXXXXXXXX,XXXXXXXXX,2,8809
477,Dylan,Smith,XXXXXXXXX,XXXXXXXXX,2,5063
478,Mary,Porter,XXXXXXXXX,XXXXXXXXX,2,8087
479,Christopher,Curtis,XXXXXXXXX,XXXXXXXXX,1,3358
480,Mary,Smith,XXXXXXXXX,XXXXXXXXX,1,2393
481,Ann,Jackson,XXXXXXXXX,XXXXXXXXX,1,8211
482,Megan,Moreno,XXXXXXXXX,XXXXXXXXX,1,1137
483,Mary,Smith,XXXXXXXXX,XXXXXXXXX,1,11438
484,Shirley,Richardson,XXXXXXXXX,XXXXXXXXX,1,1750
485,Mary,George,XXXXXXXXX,XXXXXXXXX,1,538
486,John,Smith,XXXXXXXXX,XXXXXXXXX,3,16414
487,Kenneth,Brown,XXXXXXXXX,XXXXXXXXX,1,9710
488,Mary,Dougherty,XXXXXXXXX,XXXXXXXXX,1,9053
489,William,Smith,XXXXXXXXX,XXXXXXXXX,2,3287
490,Sandra,Brown,XXXXXXXXX,XXXXXXXXX,2,13315
491,Debra,Smith,XXXXXXXXX,XXXXXXXXX,3,14042
492,Mary,Mckinney,XXXXXXXXX,XXXXXXXXX,1,3542
493,Joseph,Smith,XXXXXXXXX,XXXXXXXXX,1,3877
494,Mary,Stanton,XXXXXXXXX,XXXXXXXXX,1,11428
495,Marilyn,Smith,XXXXXXXXX,XXXXXXXXX,2,11297
496,Mary,Allen,XXXXXXXXX,XXXXXXXXX,2,12961
497,Amanda,Odonnell,XXXXXXXXX,XXXXXXXXX,2,14345
498,Kyle,Smith,XXXXXXXXX,XXXXXXXXX,3,5107
499,Mary,York,XXXXXXXXX,XXXXXXXXX,3,10553
500,Nicholas,Smith,XXXXXXXXX,XXXXXXXXX,1,13356
501,Mary,Harvey,XXXXXXXXX,XXXXXXXXX,1,12710
502,Jennifer,May,XXXXXXXXX,XXXXXXXXX,3,7828
503,Rachel,Smith,XXXXXXXXX,XXXXXXXXX,1,15817
504,Cheryl,Livingston,XXXXXXXXX,XXXXXXXXX,1,15729
505,Mary,Smith,XXXXXXXXX,XXXXXXXXX,2,9886
506,Richard,Holloway,XXXXXXXXX,XXXXXXXXX,1,2226
507,Steven,Smith,XXXXXXXXX,XXXXXXXXX,1,9796
508,Ronald,Medina,XXXXXXXXX,XXXXXXXXX,1,5750
509,Mary,Smith,XXXXXXXXX,XXXXXXXXX,1,5901
510,Joseph,Holt,XXXXXXXXX,XXXXXXXXX,3,8331
511,Doris,Smith,XXXXXXXXX,XXXXXXXXX,1,15476
512,Mary,Harris,XXXXXXXXX,XXXXXXXXX,1,5579
513,Tyler,Smith,XXXXXXXXX,XXXXXXXXX,3,7312
514,Mary,Johnson,XXXXXXXXX,XXXXXXXXX,2,1196
515,Helen,Poole,XXXXXXXXX,XXXXXXXXX,1,16291
516,Mary,Smith,XXXXXXXXX,XXXXXXXXX,2,1836
517,John,Russell,XXXXXXXXX,XXXXXXXXX,2,4105
518,Elizabeth,Smith,XXXXXXXXX,XXXXXXXXX,2,11991
519,Hannah,Ruiz,XXXXXXXXX,XXXXXXXXX,3,3780
520,Mary,Reid,XXXXXXXXX,XXXXXXXXX,1,2311
521,James,Vaughn,XXXXXXXXX,XXXXXXXXX,3,10690
522,William,Smith,XXXXXXXXX,XXXXXXXXX,1,12062
523,Christopher,Johnson,XXXXXXXXX,XXXXXXXXX,1,12182
524,Catherine,Cox,XXXXXXXXX,XXXXXXXXX,2,2863
525,Mary,Munoz,XXXXXXXXX,XXXXXXXXX,1,13419
526,Kimberly,Barrett,XXXXXXXXX,XXXXXXXXX,3,12988
527,Mary,Gregory,XXXXXXXXX,XXXXXXXXX,2,1576
528,Susan,Smith,XXXXXXXXX,XXXXXXXXX,1,16229
529,Kathy,Jacobson,XXXXXXXXX,XXXXXXXXX,1,1630
530,Mary,Smith,XXXXXXXXX,XXXXXXXXX,2,15390
531,Paul,Burns,XXXXXXXXX,XXXXXXXXX,2,6373
532,Mark,Smith,XXXXXXXXX,XXXXXXXXX,2,14760
533,Olivia,Edwards,XXXXXXXXX,XXXXXXXXX,2,1015
534,Mary,Morris,XXXXXXXXX,XXXXXXXXX,3,7464
535,Patricia,Hunt,XXXXXXXXX,XXXXXXXXX,1,9437
536,Elizabeth,Smith,XXXXXXXXX,XXXXXXXXX,1,12499
537,Mary,Cochran,XXXXXXXXX,XXXXXXXXX,3,7201
538,Joshua,Livingston,XXXXXXXXX,XXXXXXXXX,1,1664
539,Marilyn,Smith,XXXXXXXXX,XXXXXXXXX,3,13581
540,Mary,Tran,XXXXXXXXX,XXXXXXXXX,1,8974
541,Amanda,Davidson,XXXXXXXXX,XXXXXXXXX,2,13345
542,Mary,Smith,XXXXXXXXX,XXXXXXXXX,3,3577
543,Alice,Lucero,XXXXXXXXX,XXXXXXXXX,3,2420
544,Mary,Smith,XXXXXXXXX,XXXXXXXXX,1,14580
545,Joe,Andrade,XXXXXXXXX,XXXXXXXXX,1,15354
546,Mary,Smith,XXXXXXXXX,XXXXXXXXX,2,15236
547,Kathleen,Contreras,XXXXXXXXX,XXXXXXXXX,2,1453
548,Ryan,Horton,XXXXXXXXX,XXXXXXXXX,1,14756
549,Mary,Smith,XXXXXXXXX,XXXXXXXXX,3,3030
550,Betty,Chavez,XXXXXXXXX,XXXXXXXXX,3,4627
551,Doris,Weaver,XXXXXXXXX,XXXXXXXXX,1,5678
552,Mary,Harper,XXXXXXXXX,XXXXXXXXX,2,8045
553,Eugene,Smith,XXXXXXXXX,XXXXXXXXX,1,7160
554,Mary,Branch,XXXXXXXXX,XXXXXXXXX,1,15538
555,Mildred,Smith,XXXXXXXXX,XXXXXXXXX,1,10505
556,Nathan,Mcbride,XXXXXXXXX,XXXXXXXXX,2,10883
557,Mary,Smith,XXXXXXXXX,XXXXXXXXX,1,16503
558,Michael,Mclaughlin,XXXXXXXXX,XXXXXXXXX,1,7395
559,Paul,Melton,XXXXXXXXX,XXXXXXXXX,1,3503
560,Emma,Smith,XXXXXXXXX,XXXXXXXXX,1,11138
561,Ralph,Griffith,XXXXXXXXX,XXXXXXXXX,2,1991
562,Mary,Smith,XXXXXXXXX,XXXXXXXXX,1,363
563,Harry,Contreras,XXXXXXXXX,XXXXXXXXX,2,12780
564,Mary,Mccann,XXXXXXXXX,XXXXXXXXX,2,12214
565,Christian,Smith,XXXXXXXXX,XXXXXXXXX,3,14548
566,Mary,Mcmahon,XXXXXXXXX,XXXXXXXXX,1,6323
567,Donna,Smith,XXXXXXXXX,XXXXXXXXX,2,2483
568,Sean,Vaughn,XXXXXXXXX,XXXXXXXXX,1,14325
569,Mary,Frye,XXXXXXXXX,XXXXXXXXX,1,7186
570,Julia,Whitney,XXXXXXXXX,XXXXXXXXX,1,7723
571,Mary,Smith,XXXXXXXXX,XXXXXXXXX,1,13332
572,Bobby,Rowe,XXXXXXXXX,XXXXXXXXX,2,15691
573,Mary,Smith,XXXXXXXXX,XXXXXXXXX,1,2908
574,Randy,Bond,XXXXXXXXX,XXXXXXXXX,2,5767
575,Mary,Smith,XXXXXXXXX,XXXXXXXXX,2,6042
576,Arthur,Fisher,XXXXXXXXX,XXXXXXXXX,3,3849
577,Mary,Smith,XXXXXXXXX,XXXXXXXXX,1,10358
578,Dylan,Knapp,XXXXXXXXX,XXXXXXXXX,1,1151
579,Mary,Smith,XXXXXXXXX,XXXXXXXXX,1,13653
580,Kimberly,Lee,XXXXXXXXX,XXXXXXXXX,2,8918
581,Mary,Lara,XXXXXXXXX,XXXXXXXXX,1,4030
582,Kenneth,Smith,XXXXXXXXX,XXXXXXXXX,2,5017
583,Mary,Wright,XXXXXXXXX,XXXXXXXXX,1,16275
584,Tyler,Berger,XXXXXXXXX,XXXXXXXXX,1,5280
585,Mary,Smith,XXXXXXXXX,XXXXXXXXX,2,3786
586,Patricia,Jefferson,XXXXXXXXX,XXXXXXXXX,3,1246
587,Patrick,Smith,XXXXXXXXX,XXXXXXXXX,1,12673
588,Roy,Clark,XXXXXXXXX,XXXXXXXXX,1,4897
589,Mary,Reynolds,XXXXXXXXX,XXXXXXXXX,2,11302
590,Paul,Black,XXXXXXXXX,XXXXXXXXX,1,10160
591,Rose,Smith,XXXXXXXXX,XXXXXXXXX,1,9994
592,Mary,Huynh,XXXXXXXXX,XXXXXXXXX,2,11610
593,Juan,Ashley,XXXXXXXXX,XXXXXXXXX,1,12951
594,Mary,Cowan,XXXXXXXXX,XXXXXXXXX,3,12150
595,Brian,Smith,XXXXXXXXX,XXXXXXXXX,1,4072
596,Mary,Serrano,XXXXXXXXX,XXXXXXXXX,2,16026
597,Samantha,Smith,XXXXXXXXX,XXXXXXXXX,2,6246
598,Mary,Levy,XXXXXXXXX,XXXXXXXXX,1,3796
599,Doris,Smith,XXXXXXXXX,XXXXXXXXX,2,8779
601,Patricia,Smith,XXXXXXXXX,XXXXXXXXX,3,4630
602,Rebecca,Huff,XXXXXXXXX,XXXXXXXXX,1,4754
603,Austin,Smith,XXXXXXXXX,XXXXXXXXX,2,12169
604,Mary,Chapman,XXXXXXXXX,XXXXXXXXX,1,12922
605,Donald,Lucero,XXXXXXXXX,XXXXXXXXX,3,6049
606,Mary,Smith,XXXXXXXXX,XXXXXXXXX,1,13603
607,Richard,Reed,XXXXXXXXX,XXXXXXXXX,1,1863
608,Carol,Smith,XXXXXXXXX,XXXXXXXXX,2,11022
609,Kevin,Cantu,XXXXXXXXX,XXXXXXXXX,1,9550
610,Mary,Smith,XXXXXXXXX,XXXXXXXXX,3,10782
611,Lisa,Cross,XXXXXXXXX,XXXXXXXXX,1,16342
612,Mary,Cochran,XXXXXXXXX,XXXXXXXXX,3,8578
613,Emma,Smith,XXXXXXXXX,XXXXXXXXX,1,3725
614,Jack,Benson,XXXXXXXXX,XXXXXXXXX,2,15064
615,Mary,Smith,XXXXXXXXX,XXXXXXXXX,2,5097
616,Nancy,Mcclure,XXXXXXXXX,XXXXXXXXX,2,10914
617,Stephanie,Smith,XXXXXXXXX,XXXXXXXXX,1,5774
618,Mary,Davis,XXXXXXXXX,XXXXXXXXX,2,15085
619,Matthew,Sutton,XXXXXXXXX,XXXXXXXXX,2,13025
620,Roger,Smith,XXXXXXXXX,XXXXXXXXX,1,10188
621,Mary,Shannon,XXXXXXXXX,XXXXXXXXX,2,2745
622,Karen,Davies,XXXXXXXXX,XXXXXXXXX,2,6467
623,Judith,Smith,XXXXXXXXX,XXXXXXXXX,3,4022
624,Mary,Ruiz,XXXXXXXXX,XXXXXXXXX,2,2764
625,Terry,Smith,XXXXXXXXX,XXXXXXXXX,2,2491
626,Mary,Weeks,XXXXXXXXX,XXXXXXXXX,2,14125
627,Robert,Smith,XXXXXXXXX,XXXXXXXXX,1,6969
628,Margaret,Olson,XXXXXXXXX,XXXXXXXXX,1,16349
629,Matthew,Huffman,XXXXXXXXX,XXXXXXXXX,2,16466
630,Jacob,Smith,XXXXXXXXX,XXXXXXXXX,1,11650
631,Mary,Colon,XXXXXXXXX,XXXXXXXXX,1,1736
632,George,Smith,XXXXXXXXX,XXXXXXXXX,3,2279
633,Mary,Campbell,XXXXXXXXX,XXXXXXXXX,3,5467
634,Jack,Edwards,XXXXXXXXX,XXXXXXXXX,3,8442
635,Mary,Smith,XXXXXXXXX,XXXXXXXXX,1,14034
636,Albert,Merritt,XXXXXXXXX,XXXXXXXXX,1,15249
637,Mary,Smith,XXXXXXXXX,XXXXXXXXX,2,16360
638,Michael,Johnson,XXXXXXXXX,XXXXXXXXX,1,5164
639,Elizabeth,Pittman,XXXXXXXXX,XXXXXXXXX,3,12118
640,Jean,Smith,XXXXXXXXX,XXXXXXXXX,2,16331
641,Mary,Hamilton,XXXXXXXXX,XXXXXXXXX,1,4524
642,Timothy,Vasquez,XXXXXXXXX,XXXXXXXXX,1,8110
643,Tammy,Boyd,XXXXXXXXX,XXXXXXXXX,1,15254
644,Mary,Smith,XXXXXXXXX,XXXXXXXXX,3,7301
645,Mary,Conner,XXXXXXXXX,XXXXXXXXX,1,13368
646,Tammy,Smith,XXXXXXXXX,XXXXXXXXX,1,14259
647,Mary,Rios,XXXXXXXXX,XXXXXXXXX,1,5843
648,Ashley,Buck,XXXXXXXXX,XXXXXXXXX,1,4275
649,Mary,Smith,XXXXXXXXX,XXXXXXXXX,2,10514
650,Austin,Sexton,XXXXXXXXX,XXXXXXXXX,3,6854
651,Mary,Smith,XXXXXXXXX,XXXXXXXXX,1,6940
652,Joseph,Thompson,XXXXXXXXX,XXXXXXXXX,1,9975
653,Jason,Haas,XXXXXXXXX,XXXXXXXXX,1,15456
654,Mary,Smith,XXXXXXXXX,XXXXXXXXX,2,2533
655,Joseph,Dougherty,XXXXXXXXX,XXXXXXXXX,2,3651
656,Julie,Smith,XXXXXXXXX,XXXXXXXXX,2,16406
657,Mary,Bowers,XXXXXXXXX,XXXXXXXXX,2,6234
658,Peter,Farley,XXXXXXXXX,XXXXXXXXX,1,14339
659,Mary,Smith,XXXXXXXXX,XXXXXXXXX,2,7249
660,Shirley,Baker,XXXXXXXXX,XXXXXXXXX,1,11662
661,Mary,Montgomery,XXXXXXXXX,XXXXXXXXX,3,12043
662,Michelle,Moss,XXXXXXXXX,XXXXXXXXX,3,6331
663,Mary,Smith,XXXXXXXXX,XXXXXXXXX,1,16285
664,Bobby,Jimenez,XXXXXXXXX,XXXXXXXXX,3,5230
665,Mary,Smith,XXXXXXXXX,XXXXXXXXX,1,1949
666,Amanda,Simpson,XXXXXXXXX,XXXXXXXXX,1,14229
667,Mary,Smith,XXXXXXXXX,XXXXXXXXX,2,14947
668,Phillip,Lewis,XXXXXXXXX,XXXXXXXXX,3,3512
669,Mary,Valentine,XXXXXXXXX,XXXXXXXXX,1,14848
670,Mary,Smith,XXXXXXXXX,XXXXXXXXX,2,16264
671,Anthony,Reyes,XXXXXXXXX,XXXXXXXXX,1,9755
672,Mary,Marsh,XXXXXXXXX,XXXXXXXXX,2,8748
673,James,Smith,XXXXXXXXX,XXXXXXXXX,2,9297
674,Jose,Reynolds,XXXXXXXXX,XXXXXXXXX,1,8074
675,Mary,Mata,XXXXXXXXX,XXXXXXXXX,3,4931
676,Robert,Smith,XXXXXXXXX,XXXXXXXXX,1,2322
677,Justin,Nguyen,XXXXXXXXX,XXXXXXXXX,2,4982
678,Cheryl,Massey,XXXXXXXXX,XXXXXXXXX,1,8962
679,Grace,Smith,XXXXXXXXX,XXXXXXXXX,2,6785
680,Brittany,Brooks,XXXXXXXXX,XXXXXXXXX,3,10413
681,Mary,Sutton,XXXXXXXXX,XXXXXXXXX,1,5642
682,Emma,Smith,XXXXXXXXX,XXXXXXXXX,2,829
683,Mary,Delgado,XXXXXXXXX,XXXXXXXXX,1,1763
684,Christopher,Terrell,XXXXXXXXX,XXXXXXXXX,2,1193
685,Crystal,Smith,XXXXXXXXX,XXXXXXXXX,3,2774
686,Mary,Myers,XXXXXXXXX,XXXXXXXXX,3,7355
687,Ronald,Harrison,XXXXXXXXX,XXXXXXXXX,1,13204
688,Kathy,Gross,XXXXXXXXX,XXXXXXXXX,1,2758
689,Mary,Smith,XXXXXXXXX,XXXXXXXXX,3,7877
690,Michael,Banks,XXXXXXXXX,XXXXXXXXX,3,14763
691,Mary,Terrell,XXXXXXXXX,XXXXXXXXX,1,4160
692,Ann,Smith,XXXXXXXXX,XXXXXXXXX,3,8184
693,Mary,King,XXXXXXXXX,XXXXXXXXX,2,22
694,Barbara,Marshall,XXXXXXXXX,XXXXXXXXX,1,3467
695,Sara,Smith,XXXXXXXXX,XXXXXXXXX,2,5799
696,Mary,Romero,XXXXXXXXX,XXXXXXXXX,1,6414
697,Harold,Pratt,XXXXXXXXX,XXXXXXXXX,1,6162
698,Mary,Smith,XXXXXXXXX,XXXXXXXXX,2,1698
699,Raymond,Richards,XXXXXXXXX,XXXXXXXXX,2,14617
700,Mary,Cummings,XXXXXXXXX,XXXXXXXXX,1,6177
701,Joseph,Coffey,XXXXXXXXX,XXXXXXXXX,3,7514
702,Cynthia,Smith,XXXXXXXXX,XXXXXXXXX,2,10149
703,Joan,Kelly,XXXXXXXXX,XXXXXXXXX,1,16382
704,Mary,Mccullough,XXXXXXXXX,XXXXXXXXX,1,16521
705,Timothy,Smith,XXXXXXXXX,XXXXXXXXX,1,16156
706,Olivia,Ramirez,XXXXXXXXX,XXXXXXXXX,1,4783
707,Shawn,Ortiz,XXXXXXXXX,XXXXXXXXX,1,9959
708,Mary,Rice,XXXXXXXXX,XXXXXXXXX,1,6358
709,Matthew,Klein,XXXXXXXXX,XXXXXXXXX,1,15649
710,Mary,Smith,XXXXXXXXX,XXXXXXXXX,3,6321
711,Barbara,Mccarthy,XXXXXXXXX,XXXXXXXXX,2,15521
712,Mary,Ayala,XXXXXXXXX,XXXXXXXXX,1,3618
713,James,Beasley,XXXXXXXXX,XXXXXXXXX,2,3164
714,Mark,Beltran,XXXXXXXXX,XXXXXXXXX,1,13300
715,Mary,Smith,XXXXXXXXX,XXXXXXXXX,1,3682
716,Louis,Bishop,XXXXXXXXX,XXXXXXXXX,3,7857
717,Mary,Camacho,XXXXXXXXX,XXXXXXXXX,2,7221
718,Alexander,Smith,XXXXXXXXX,XXXXXXXXX,1,2268
719,Mary,Hughes,XXXXXXXXX,XXXXXXXXX,1,3714
720,Thomas,Smith,XXXXXXXXX,XXXXXXXXX,1,15287
721,Catherine,Thompson,XXXXXXXXX,XXXXXXXXX,2,2433
722,Diane,Schmitt,XXXXXXXXX,XXXXXXXXX,1,9357
723,Mary,Smith,XXXXXXXXX,XXXXXXXXX,3,9752
724,Lawrence,Mclaughlin,XXXXXXXXX,XXXXXXXXX,3,11624
725,Mary,Smith,XXXXXXXXX,XXXXXXXXX,2,3219
726,Barbara,Myers,XXXXXXXXX,XXXXXXXXX,1,3893
727,Mary,Smith,XXXXXXXXX,XXXXXXXXX,1,16218
728,Anthony,Rosario,XXXXXXXXX,XXXXXXXXX,1,5649
729,Andrew,Smith,XXXXXXXXX,XXXXXXXXX,1,5000
730,Mary,Drake,XXXXXXXXX,XXXXXXXXX,2,2564
731,Robert,Smith,XXXXXXXXX,XXXXXXXXX,3,133
732,David,Cobb,XXXXXXXXX,XXXXXXXXX,3,7862
733,Alice,Sellers,XXXXXXXXX,XXXXXXXXX,1,2315
734,Mary,Smith,XXXXXXXXX,XXXXXXXXX,1,9900
735,Charles,Ross,XXXXXXXXX,XXXXXXXXX,1,12593
736,Carol,Gill,XXXXXXXXX,XXXXXXXXX,1,13065
737,Lawrence,Smith,XXXXXXXXX,XXXXXXXXX,1,13033
738,Mary,Wood,XXXXXXXXX,XXXXXXXXX,3,4663
739,Daniel,Golden,XXXXXXXXX,XXXXXXXXX,3,10958
740,Brandon,Smith,XXXXXXXXX,XXXXXXXXX,2,405
741,Johnny,Medina,XXXXXXXXX,XXXXXXXXX,2,12837
742,Mary,Park,XXXXXXXXX,XXXXXXXXX,2,12185
743,Cynthia,Smith,XXXXXXXXX,XXXXXXXXX,3,3061
744,Gary,Hodges,XXXXXXXXX,XXXXXXXXX,1,2339
745,Mary,Smith,XXXXXXXXX,XXXXXXXXX,1,8145
746,Christopher,Bush,XXXXXXXXX,XXXXXXXXX,1,11316
747,Mary,Dyer,XXXXXXXXX,XXXXXXXXX,1,13550
748,Olivia,Smith,XXXXXXXXX,XXXXXXXXX,3,1278
749,Jesse,Matthews,XXXXXXXXX,XXXXXXXXX,1,8041
750,Mary,Smith,XXXXXXXXX,XXXXXXXXX,1,3011
751,Benjamin,Juarez,XXXXXXXXX,XXXXXXXXX,1,16097
752,Mary,Smith,XXXXXXXXX,XXXXXXXXX,2,12208
753,Sandra,Stafford,XXXXXXXXX,XXXXXXXXX,3,12089
754,Jacqueline,Smith,XXXXXXXXX,XXXXXXXXX,1,8035
755,Mary,Mayo,XXXXXXXXX,XXXXXXXXX,1,4220
756,Robert,Smith,XXXXXXXXX,XXXXXXXXX,2,4264
757,Jane,Smith,XXXXXXXXX,XXXXXXXXX,1,1486
758,Mary,Sanders,XXXXXXXXX,XXXXXXXXX,1,10097
759,Donna,Smith,XXXXXXXXX,XXXXXXXXX,1,4803
760,Emma,Rivas,XXXXXXXXX,XXXXXXXXX,1,8973
761,Sara,Rowland,XXXXXXXXX,XXXXXXXXX,1,3131
762,Mary,Smith,XXXXXXXXX,XXXXXXXXX,1,10755
763,Michael,Carpenter,XXXXXXXXX,XXXXXXXXX,1,4192
764,David,Smith,XXXXXXXXX,XXXXXXXXX,3,2194
765,Diane,Miller,XXXXXXXXX,XXXXXXXXX,3,7422
766,Mary,Smith,XXXXXXXXX,XXXXXXXXX,1,8503
767,Christine,Horne,XXXXXXXXX,XXXXXXXXX,1,2840
768,Mary,Smith,XXXXXXXXX,XXXXXXXXX,1,8609
770,Mary,Dudley,XXXXXXXXX,XXXXXXXXX,2,5113
771,Patricia,Smith,XXXXXXXXX,XXXXXXXXX,1,16529
772,Mary,Watson,XXXXXXXXX,XXXXXXXXX,2,1412
773,Dylan,Horton,XXXXXXXXX,XXXXXXXXX,1,16223
774,Mary,Smith,XXXXXXXXX,XXXXXXXXX,2,3961
775,Donna,Bautista,XXXXXXXXX,XXXXXXXXX,1,15279
776,Keith,Smith,XXXXXXXXX,XXXXXXXXX,1,13047
777,Mary,Mullins,XXXXXXXXX,XXXXXXXXX,1,13070
778,John,Buckley,XXXXXXXXX,XXXXXXXXX,1,15747
779,Kenneth,Smith,XXXXXXXXX,XXXXXXXXX,2,3115
780,Heather,Brennan,XXXXXXXXX,XXXXXXXXX,3,7318
781,Samuel,Smith,XXXXXXXXX,XXXXXXXXX,1,15483
782,Mary,Joseph,XXXXXXXXX,XXXXXXXXX,1,12899
783,Cheryl,Kent,XXXXXXXXX,XXXXXXXXX,2,2418
784,Mary,Smith,XXXXXXXXX,XXXXXXXXX,1,12870
785,Lauren,Gonzalez,XXXXXXXXX,XXXXXXXXX,1,13853
786,Mary,Green,XXXXXXXXX,XXXXXXXXX,2,9711
787,Amanda,Ochoa,XXXXXXXXX,XXXXXXXXX,2,5284
788,Patrick,Smith,XXXXXXXXX,XXXXXXXXX,2,2286
789,Mary,Martinez,XXXXXXXXX,XXXXXXXXX,3,7986
790,Martha,Robinson,XXXXXXXXX,XXXXXXXXX,2,8743
791,Mary,Smith,XXXXXXXXX,XXXXXXXXX,2,11096
792,Evelyn,Jordan,XXXXXXXXX,XXXXXXXXX,2,4294
793,Mary,Smith,XXXXXXXXX,XXXXXXXXX,1,726
794,Lawrence,Bennett,XXXXXXXXX,XXXXXXXXX,1,7800
795,Mary,Knox,XXXXXXXXX,XXXXXXXXX,1,8991
796,Donna,Smith,XXXXXXXXX,XXXXXXXXX,2,2300
797,Carl,Rodriguez,XXXXXXXXX,XXXXXXXXX,1,13302
799,Danielle,Smith,XXXXXXXXX,XXXXXXXXX,1,11159
800,Mary,Smith,XXXXXXXXX,XXXXXXXXX,1,4391
801,Elizabeth,Parker,XXXXXXXXX,XXXXXXXXX,1,9117
802,Mary,Rogers,XXXXXXXXX,XXXXXXXXX,1,10735
803,James,Hartman,XXXXXXXXX,XXXXXXXXX,1,1086
804,William,Dudley,XXXXXXXXX,XXXXXXXXX,1,6747
805,Stephen,Smith,XXXXXXXXX,XXXXXXXXX,1,13392
806,Mary,Wells,XXXXXXXXX,XXXXXXXXX,2,12231
807,Kevin,Benjamin,XXXXXXXXX,XXXXXXXXX,1,12072
808,Mary,Smith,XXXXXXXXX,XXXXXXXXX,1,7306
809,Hannah,Avila,XXXXXXXXX,XXXXXXXXX,1,3754
810,Mary,Smith,XXXXXXXXX,XXXXXXXXX,1,13401
811,Jean,Mcintyre,XXXXXXXXX,XXXXXXXXX,1,10555
812,Mary,Smith,XXXXXXXXX,XXXXXXXXX,2,6397
813,Jack,Johnson,XXXXXXXXX,XXXXXXXXX,2,11210
814,Mary,Stark,XXXXXXXXX,XXXXXXXXX,1,5621
815,Johnny,Smith,XXXXXXXXX,XXXXXXXXX,1,15029
816,Mary,Hopkins,XXXXXXXXX,XXXXXXXXX,1,14902
818,Mary,Kennedy,XXXXXXXXX,XXXXXXXXX,1,1650
819,Roy,Smith,XXXXXXXXX,XXXXXXXXX,2,1465
820,Mary,Brown,XXXXXXXXX,XXXXXXXXX,2,1632
821,Daniel,Clayton,XXXXXXXXX,XXXXXXXXX,2,612
822,Rebecca,Smith,XXXXXXXXX,XXXXXXXXX,2,3925
823,Catherine,Small,XXXXXXXXX,XXXXXXXXX,3,8467
824,Mary,Smith,XXXXXXXXX,XXXXXXXXX,3,1000
825,George,Ross,XXXXXXXXX,XXXXXXXXX,3,9871
826,Mary,Delacruz,XXXXXXXXX,XXXXXXXXX,3,125
827,Tyler,Smith,XXXXXXXXX,XXXXXXXXX,1,8509
828,Johnny,Herrera,XXXXXXXXX,XXXXXXXXX,1,5332
829,Mary,Smith,XXXXXXXXX,XXXXXXXXX,3,9393
830,William,Herrera,XXXXXXXXX,XXXXXXXXX,1,7664
831,Daniel,Smith,XXXXXXXXX,XXXXXXXXX,1,4153
832,Mary,Carroll,XXXXXXXXX,XXXXXXXXX,1,11749
833,Alexander,Smith,XXXXXXXXX,XXXXXXXXX,2,15073
834,Mary,Stafford,XXXXXXXXX,XXXXXXXXX,2,661
835,Gloria,Smith,XXXXXXXXX,XXXXXXXXX,2,5036
836,Mary,Anderson,XXXXXXXXX,XXXXXXXXX,1,11463
837,Andrew,May,XXXXXXXXX,XXXXXXXXX,1,14432
838,Mary,Smith,XXXXXXXXX,XXXXXXXXX,1,5960
839,Lisa,Walker,XXXXXXXXX,XXXXXXXXX,1,12595
840,Mary,Kidd,XXXXXXXXX,XXXXXXXXX,1,6982
841,David,Smith,XXXXXXXXX,XXXXXXXXX,1,4972
842,Patrick,Murphy,XXXXXXXXX,XXXXXXXXX,2,2402
843,Mary,Smith,XXXXXXXXX,XXXXXXXXX,2,3024
844,Jessica,Price,XXXXXXXXX,XXXXXXXXX,2,2345
845,Catherine,Smith,XXXXXXXXX,XXXXXXXXX,1,5335
846,Mary,Powell,XXXXXXXXX,XXXXXXXXX,1,4720
847,Jerry,Ferguson,XXXXXXXXX,XXXXXXXXX,1,1322
848,Mary,Smith,XXXXXXXXX,XXXXXXXXX,1,7098
849,Sandra,Barker,XXXXXXXXX,XXXXXXXXX,1,15781
850,Sean,Smith,XXXXXXXXX,XXXXXXXXX,2,3975
851,Mary,Snyder,XXXXXXXXX,XXXXXXXXX,1,8308
852,Deborah,Smith,XXXXXXXXX,XXXXXXXXX,2,9830
853,Mary,Larson,XXXXXXXXX,XXXXXXXXX,1,4108
854,Daniel,Smith,XXXXXXXXX,XXXXXXXXX,1,3065
855,Mary,Davis,XXXXXXXXX,XXXXXXXXX,1,884
856,Dennis,Ramos,XXXXXXXXX,XXXXXXXXX,1,2753
857,Mary,Duran,XXXXXXXXX,XXXXXXXXX,1,6196
858,Robert,Smith,XXXXXXXXX,XXXXXXXXX,3,14551
859,Dorothy,Hawkins,XXXXXXXXX,XXXXXXXXX,3,15531
860,Terry,Smith,XXXXXXXXX,XXXXXXXXX,3,2541
861,Mary,Gentry,XXXXXXXXX,XXXXXXXXX,3,11325
862,Richard,Smith,XXXXXXXXX,XXXXXXXXX,3,6617
863,Katherine,Scott,XXXXXXXXX,XXXXXXXXX,1,7591
864,Raymond,Kidd,XXXXXXXXX,XXXXXXXXX,1,702
865,Mary,Smith,XXXXXXXXX,XXXXXXXXX,1,5351
866,James,Davies,XXXXXXXXX,XXXXXXXXX,1,6258
867,Catherine,Smith,XXXXXXXXX,XXXXXXXXX,1,7621
868,Mary,Contreras,XXXXXXXXX,XXXXXXXXX,1,14010
869,Mary,Smith,XXXXXXXXX,XXXXXXXXX,1,7314
870,Linda,Delacruz,XXXXXXXXX,XXXXXXXXX,1,13206
871,Deborah,Smith,XXXXXXXXX,XXXXXXXXX,1,7812
872,Keith,Barnes,XXXXXXXXX,XXXXXXXXX,3,6711
873,Mary,Smith,XXXXXXXXX,XXXXXXXXX,3,5305
874,Shirley,Alexander,XXXXXXXXX,XXXXXXXXX,1,8373
875,Mary,Brady,XXXXXXXXX,XXXXXXXXX,2,7959
876,Andrea,Smith,XXXXXXXXX,XXXXXXXXX,3,9341
877,Gerald,Adkins,XXXXXXXXX,XXXXXXXXX,2,8957
878,Mary,Smith,XXXXXXXXX,XXXXXXXXX,1,2389
879,Joseph,Thomas,XXXXXXXXX,XXXXXXXXX,1,6781
880,Mary,Guzman,XXXXXXXXX,XXXXXXXXX,1,15514
881,Marilyn,Orozco,XXXXXXXXX,XXXXXXXXX,1,5267
882,Mary,Smith,XXXXXXXXX,XXXXXXXXX,1,2180
883,Margaret,Ayala,XXXXXXXXX,XXXXXXXXX,1,10818
884,Mary,Smith,XXXXXXXXX,XXXXXXXXX,1,13131
885,Donna,Powell,XXXXXXXXX,XXXXXXXXX,2,9388
886,Mary,Henderson,XXXXXXXXX,XXXXXXXXX,3,6399
887,Brian,Landry,XXXXXXXXX,XXXXXXXXX,3,11292
888,Mary,Smith,XXXXXXXXX,XXXXXXXXX,3,14334
889,James,Sanders,XXXXXXXXX,XXXXXXXXX,3,6446
890,Danielle,Smith,XXXXXXXXX,XXXXXXXXX,3,10812
891,Mary,Manning,XXXXXXXXX,XXXXXXXXX,1,596
892,Laura,Smith,XXXXXXXXX,XXXXXXXXX,3,4761
893,Dennis,Mcbride,XXXXXXXXX,XXXXXXXXX,1,15103
894,Mary,Sawyer,XXXXXXXXX,XXXXXXXXX,1,14568
895,Dorothy,Villegas,XXXXXXXXX,XXXXXXXXX,1,1035
896,Mary,Smith,XXXXXXXXX,XXXXXXXXX,1,10365
897,Anthony,Schultz,XXXXXXXXX,XXXXXXXXX,1,5015
898,Cheryl,Smith,XXXXXXXXX,XXXXXXXXX,1,2800
899,Mary,Webster,XXXXXXXXX,XXXXXXXXX,1,1396
900,George,Smith,XXXXXXXXX,XXXXXXXXX,1,2101
901,Mary,Gillespie,XXXXXXXXX,XXXXXXXXX,1,6772
902,Virginia,Smith,XXXXXXXXX,XXXXXXXXX,1,638
903,Mary,Ramirez,XXXXXXXXX,XXXXXXXXX,2,12793
904,Elizabeth,Gonzales,XXXXXXXXX,XXXXXXXXX,2,8708
905,Virginia,Smith,XXXXXXXXX,XXXXXXXXX,2,13796
907,Samantha,Kline,XXXXXXXXX,XXXXXXXXX,2,10124
908,Mary,Smith,XXXXXXXXX,XXXXXXXXX,2,12610
909,Laura,Ford,XXXXXXXXX,XXXXXXXXX,1,1091
910,Mary,Smith,XXXXXXXXX,XXXXXXXXX,1,6757
911,Peter,Garcia,XXXXXXXXX,XXXXXXXXX,2,15509
912,Mary,Roy,XXXXXXXXX,XXXXXXXXX,2,10965
913,William,Smith,XXXXXXXXX,XXXXXXXXX,1,7936
914,Jacob,Martinez,XXXXXXXXX,XXXXXXXXX,1,2016
915,Sean,Burton,XXXXXXXXX,XXXXXXXXX,1,14752
916,Mary,Smith,XXXXXXXXX,XXXXXXXXX,2,9883
917,Andrew,Glenn,XXXXXXXXX,XXXXXXXXX,2,5502
918,Nathan,Smith,XXXXXXXXX,XXXXXXXXX,2,15824
920,Megan,Schmidt,XXXXXXXXX,XXXXXXXXX,1,14050
921,Mary,Smith,XXXXXXXXX,XXXXXXXXX,3,10266
922,Stephanie,Willis,XXXXXXXXX,XXXXXXXXX,1,7727
923,Mary,Smith,XXXXXXXXX,XXXXXXXXX,1,16319
924,Willie,Klein,XXXXXXXXX,XXXXXXXXX,1,8414
925,Mary,Smith,XXXXXXXXX,XXXXXXXXX,1,11411
926,Ashley,Browning,XXXXXXXXX,XXXXXXXXX,1,14933
927,Diana,Smith,XXXXXXXXX,XXXXXXXXX,1,14853
928,Mary,Wilson,XXXXXXXXX,XXXXXXXXX,1,14909
929,Alan,Smith,XXXXXXXXX,XXXXXXXXX,2,1695
930,Mary,Franco,XXXXXXXXX,XXXXXXXXX,1,1161
931,Robert,Smith,XXXXXXXXX,XXXXXXXXX,3,2270
932,Virginia,Sandoval,XXXXXXXXX,XXXXXXXXX,2,12069
933,Mary,Smith,XXXXXXXXX,XXXXXXXXX,2,9988
934,James,Santiago,XXXXXXXXX,XXXXXXXXX,2,11143
935,Melissa,Sharp,XXXXXXXXX,XXXXXXXXX,2,240
936,Mary,Smith,XXXXXXXXX,XXXXXXXXX,1,15921
937,Daniel,Cole,XXXXXXXXX,XXXXXXXXX,1,5894
938,Cheryl,Smith,XXXXXXXXX,XXXXXXXXX,1,9696
939,Mary,Todd,XXXXXXXXX,XXXXXXXXX,1,13348
940,Steven,Smith,XXXXXXXXX,XXXXXXXXX,2,10364
941,Jeremy,Rowe,XXXXXXXXX,XXXXXXXXX,1,8130
942,Mary,Smith,XXXXXXXXX,XXXXXXXXX,1,10898
943,John,Cummings,XXXXXXXXX,XXXXXXXXX,2,7117
944,Stephanie,Smith,XXXXXXXXX,XXXXXXXXX,2,14672
945,Carl,Reynolds,XXXXXXXXX,XXXXXXXXX,2,1603
946,Mary,Smith,XXXXXXXXX,XXXXXXXXX,2,11684
947,Mary,Henry,XXXXXXXXX,XXXXXXXXX,2,6142
948,Michelle,Smith,XXXXXXXXX,XXXXXXXXX,2,2648
949,Mary,Sawyer,XXXXXXXXX,XXXXXXXXX,1,15059
950,Jordan,Smith,XXXXXXXXX,XXXXXXXXX,3,6678
951,Mary,Young,XXXXXXXXX,XXXXXXXXX,1,7938
952,Jack,Smith,XXXXXXXXX,XXXXXXXXX,1,7554
953,Mary,Mills,XXXXXXXXX,XXXXXXXXX,1,9248
954,Brandon,Fitzgerald,XXXXXXXXX,XXXXXXXXX,3,11003
955,Mary,Marks,XXXXXXXXX,XXXXXXXXX,3,8341
956,Karen,Smith,XXXXXXXXX,XXXXXXXXX,2,8301
957,Eric,Jones,XXXXXXXXX,XXXXXXXXX,2,16324
958,Peter,Acosta,XXXXXXXXX,XXXXXXXXX,2,1386
959,Mary,Smith,XXXXXXXXX,XXXXXXXXX,1,3238
960,Michael,Mcdonald,XXXXXXXXX,XXXXXXXXX,1,11156
961,David,Smith,XXXXXXXXX,XXXXXXXXX,1,12562
962,Mary,Bowers,XXXXXXXXX,XXXXXXXXX,1,908
963,Eugene,Smith,XXXXXXXXX,XXXXXXXXX,2,8245
964,Mary,Frazier,XXXXXXXXX,XXXXXXXXX,2,11985
965,Sean,Smith,XXXXXXXXX,XXXXXXXXX,1,5023
966,Mary,Buchanan,XXXXXXXXX,XXXXXXXXX,1,9999
967,Madison,Smith,XXXXXXXXX,XXXXXXXXX,1,14199
968,Mary,Larson,XXXXXXXXX,XXXXXXXXX,1,9918
969,Rose,Smith,XXXXXXXXX,XXXXXXXXX,1,7128
970,Mary,Alvarez,XXXXXXXXX,XXXXXXXXX,1,11047
971,Jacqueline,Krueger,XXXXXXXXX,XXXXXXXXX,1,6218
972,Mary,Smith,XXXXXXXXX,XXXXXXXXX,1,2385
973,Linda,Hart,XXXXXXXXX,XXXXXXXXX,1,8047
974,George,Smith,XXXXXXXXX,XXXXXXXXX,1,11235
975,Mary,Willis,XXXXXXXXX,XXXXXXXXX,1,12918
976,Shirley,Henson,XXXXXXXXX,XXXXXXXXX,1,7073
977,Virginia,Smith,XXXXXXXXX,XXXXXXXXX,1,11580
978,Nicholas,Peters,XXXXXXXXX,XXXXXXXXX,1,1281
979,Mary,Smith,XXXXXXXXX,XXXXXXXXX,1,16547
980,James,Harper,XXXXXXXXX,XXXXXXXXX,1,12444
981,Christine,Schwartz,XXXXXXXXX,XXXXXXXXX,1,4017
982,Mary,Robbins,XXXXXXXXX,XXXXXXXXX,1,7334
983,Michael,Richmond,XXXXXXXXX,XXXXXXXXX,2,8728
984,Amy,Smith,XXXXXXXXX,XXXXXXXXX,1,6871
985,Mary,Martinez,XXXXXXXXX,XXXXXXXXX,1,12570
986,Catherine,Hawkins,XXXXXXXXX,XXXXXXXXX,3,4768
987,Cheryl,Smith,XXXXXXXXX,XXXXXXXXX,1,15784
988,Mary,Brady,XXXXXXXXX,XXXXXXXXX,1,15429
989,Helen,Smith,XXXXXXXXX,XXXXXXXXX,2,1778
990,Mary,Ellison,XXXXXXXXX,XXXXXXXXX,2,6009
991,John,Smith,XXXXXXXXX,XXXXXXXXX,3,12489
992,Randy,Brown,XXXXXXXXX,XXXXXXXXX,3,6956
993,Mary,Davis,XXXXXXXXX,XXXXXXXXX,3,442
994,Lisa,Massey,XXXXXXXXX,XXXXXXXXX,3,1806
995,Helen,Hinton,XXXXXXXXX,XXXXXXXXX,3,7456
996,Amanda,Smith,XXXXXXXXX,XXXXXXXXX,1,11177
997,Mary,Price,XXXXXXXXX,XXXXXXXXX,1,2870
998,Steven,Salinas,XXXXXXXXX,XXXXXXXXX,1,9544
999,Mary,Stephenson,XXXXXXXXX,XXXXXXXXX,1,15714
1000,James,Smith,XXXXXXXXX,XXXXXXXXX,2,4734
1001,Jane,Thomas,XXXXXXXXX,XXXXXXXXX,2,13689
1002,Mary,Lowe,XXXXXXXXX,XXXXXXXXX,2,15535
1003,Tyler,Smith,XXXXXXXXX,XXXXXXXXX,1,16155
1004,Mary,Evans,XXXXXXXXX,XXXXXXXXX,2,5957
1005,Maria,Peterson,XXXXXXXXX,XXXXXXXXX,3,648
1006,Mary,Little,XXXXXXXXX,XXXXXXXXX,3,6760
1007,Gary,Sutton,XXXXXXXXX,XXXXXXXXX,2,9274
1008,Mary,Smith,XXXXXXXXX,XXXXXXXXX,3,10277
1009,John,Jones,XXXXXXXXX,XXXXXXXXX,3,6311
1010,Carolyn,Moss,XXXXXXXXX,XXXXXXXXX,1,9659
1011,Mary,Smith,XXXXXXXXX,XXXXXXXXX,2,13122
1012,Mark,Watts,XXXXXXXXX,XXXXXXXXX,2,2264
1013,Frances,Smith,XXXXXXXXX,XXXXXXXXX,1,7976
1014,Mary,Maxwell,XXXXXXXXX,XXXXXXXXX,1,3019
1015,Jordan,Smith,XXXXXXXXX,XXXXXXXXX,1,8657
1016,Mary,Wilson,XXXXXXXXX,XXXXXXXXX,2,5773
1017,Lawrence,Bryan,XXXXXXXXX,XXXXXXXXX,2,7692
1018,Mary,Smith,XXXXXXXXX,XXXXXXXXX,1,15924
1019,Benjamin,Smith,XXXXXXXXX,XXXXXXXXX,1,1815
1020,Mary,Vargas,XXXXXXXXX,XXXXXXXXX,1,2034
1021,Hannah,Hensley,XXXXXXXXX,XXXXXXXXX,1,14278
1022,Mary,Smith,XXXXXXXXX,XXXXXXXXX,1,694
1023,William,Morgan,XXXXXXXXX,XXXXXXXXX,2,4750
1024,Paul,Alvarado,XXXXXXXXX,XXXXXXXXX,1,6693
1025,Megan,Todd,XXXXXXXXX,XXXXXXXXX,3,742
1026,Mary,Smith,XXXXXXXXX,XXXXXXXXX,3,15552
1027,Betty,Evans,XXXXXXXXX,XXXXXXXXX,3,14215
1028,Virginia,Sanders,XXXXXXXXX,XXXXXXXXX,2,1504
1030,Mary,Burnett,XXXXXXXXX,XXXXXXXXX,2,12098
1031,Alexander,Smith,XXXXXXXXX,XXXXXXXXX,2,10345
1032,Mary,Jones,XXXXXXXXX,XXXXXXXXX,2,12104
1033,Sarah,Chapman,XXXXXXXXX,XXXXXXXXX,2,2375
1034,Mary,Smith,XXXXXXXXX,XXXXXXXXX,1,13555
1035,Nancy,Blair,XXXXXXXXX,XXXXXXXXX,1,5820
1036,Mary,Kramer,XXXXXXXXX,XXXXXXXXX,1,5341
1037,John,Smith,XXXXXXXXX,XXXXXXXXX,1,4431
1038,Christine,Briggs,XXXXXXXXX,XXXXXXXXX,2,11387
1039,Mary,Smith,XXXXXXXXX,XXXXXXXXX,2,9627
1040,Richard,Flores,XXXXXXXXX,XXXXXXXXX,2,2480
1041,Karen,Coleman,XXXXXXXXX,XXXXXXXXX,2,12520
1042,Frances,Townsend,XXXXXXXXX,XXXXXXXXX,1,1027
1043,Mary,Smith,XXXXXXXXX,XXXXXXXXX,1,5986
1044,Linda,Pope,XXXXXXXXX,XXXXXXXXX,1,7759
1045,Ronald,Rivas,XXXXXXXXX,XXXXXXXXX,1,6131
1046,Mary,Smith,XXXXXXXXX,XXXXXXXXX,1,13082
1047,Carolyn,Clark,XXXXXXXXX,XXXXXXXXX,1,7218
1048,Frances,Terrell,XXXXXXXXX,XXXXXXXXX,1,9339
1049,Mary,Smith,XXXXXXXXX,XXXXXXXXX,1,9003
1050,Gloria,Marshall,XXXXXXXXX,XXXXXXXXX,1,2922
1051,Mary,Rich,XXXXXXXXX,XXXXXXXXX,3,13669
1052,Daniel,Smith,XXXXXXXXX,XXXXXXXXX,1,2802
1053,Mary,Martinez,XXXXXXXXX,XXXXXXXXX,1,16391
1054,Barbara,Cooley,XXXXXXXXX,XXXXXXXXX,1,14113
1055,Mary,Smith,XXXXXXXXX,XXXXXXXXX,3,2928
1056,James,Dean,XXXXXXXXX,XXXXXXXXX,3,13020
1057,Richard,Haynes,XXXXXXXXX,XXXXXXXXX,3,1882
1058,Martha,Smith,XXXXXXXXX,XXXXXXXXX,3,11735
1059,Mary,Walsh,XXXXXXXXX,XXXXXXXXX,3,3143
1060,Julia,Smith,XXXXXXXXX,XXXXXXXXX,2,10096
1061,Mary,Liu,XXXXXXXXX,XXXXXXXXX,2,2204
1062,Philip,Smith,XXXXXXXXX,XXXXXXXXX,2,5245
1063,Mary,Friedman,XXXXXXXXX,XXXXXXXXX,1,869
1064,Aaron,Cordova,XXXXXXXXX,XXXXXXXXX,2,13769
1066,Virginia,Clark,XXXXXXXXX,XXXXXXXXX,1,2444
1067,Mary,Hansen,XXXXXXXXX,XXXXXXXXX,2,5958
1068,Phillip,Smith,XXXXXXXXX,XXXXXXXXX,3,1167
1069,Mary,Daniel,XXXXXXXXX,XXXXXXXXX,3,5471
1070,Shawn,Huffman,XXXXXXXXX,XXXXXXXXX,3,4201
1071,Mary,Roach,XXXXXXXXX,XXXXXXXXX,1,8874
1072,James,Smith,XXXXXXXXX,XXXXXXXXX,1,8394
1073,Rachel,Holt,XXXXXXXXX,XXXXXXXXX,1,1097
1074,Mary,Proctor,XXXXXXXXX,XXXXXXXXX,1,3858
1075,Michelle,Smith,XXXXXXXXX,XXXXXXXXX,1,11220
1076,Tyler,Thompson,XXXXXXXXX,XXXXXXXXX,1,12713
1077,Mary,Williamson,XXXXXXXXX,XXXXXXXXX,1,2615
1078,Nancy,Smith,XXXXXXXXX,XXXXXXXXX,1,6455
1079,Carolyn,Galvan,XXXXXXXXX,XXXXXXXXX,2,2214
1080,Raymond,Smith,XXXXXXXXX,XXXXXXXXX,2,9948
1081,Mary,Martin,XXXXXXXXX,XXXXXXXXX,2,2825
1082,Angela,Contreras,XXXXXXXXX,XXXXXXXXX,2,5147
1083,Mary,Herman,XXXXXXXXX,XXXXXXXXX,2,6952
1084,Gary,Smith,XXXXXXXXX,XXXXXXXXX,1,1323
1085,Evelyn,Brady,XXXXXXXXX,XXXXXXXXX,1,6506
1086,Mary,Smith,XXXXXXXXX,XXXXXXXXX,3,1787
1087,Heather,Romero,XXXXXXXXX,XXXXXXXXX,3,15348
1088,Zachary,Smith,XXXXXXXXX,XXXXXXXXX,3,2885
1089,Mary,Hamilton,XXXXXXXXX,XXXXXXXXX,3,2835
1090,Katherine,Massey,XXXXXXXXX,XXXXXXXXX,1,15398
1091,Mary,Smith,XXXXXXXXX,XXXXXXXXX,1,15720
1092,George,Garcia,XXXXXXXXX,XXXXXXXXX,2,12038
1093,Julia,Bowers,XXXXXXXXX,XXXXXXXXX,2,1416
1094,Sean,Smith,XXXXXXXXX,XXXXXXXXX,1,13540
1095,Mary,Owens,XXXXXXXXX,XXXXXXXXX,1,15247
1096,David,Smith,XXXXXXXXX,XXXXXXXXX,1,15054
1097,Larry,Morris,XXXXXXXXX,XXXXXXXXX,1,10798
1098,Mary,Cunningham,XXXXXXXXX,XXXXXXXXX,2,8597
1099,Maria,Smith,XXXXXXXXX,XXXXXXXXX,1,1185
1100,Megan,Moyer,XXXXXXXXX,XXXXXXXXX,1,9244
1101,Mary,Smith,XXXXXXXXX,XXXXXXXXX,2,16198
1102,Lisa,Hensley,XXXXXXXXX,XXXXXXXXX,2,1440
1103,Mary,Smith,XXXXXXXXX,XXXXXXXXX,2,9059
1104,Linda,Morales,XXXXXXXXX,XXXXXXXXX,3,7539
1105,Mary,Booker,XXXXXXXXX,XXXXXXXXX,1,9295
1106,Daniel,Smith,XXXXXXXXX,XXXXXXXXX,1,5520
1107,Nicole,Miller,XXXXXXXXX,XXXXXXXXX,1,1555
1108,Walter,Rollins,XXXXXXXXX,XXXXXXXXX,2,3612
1109,Mary,Smith,XXXXXXXXX,XXXXXXXXX,1,5374
1110,Kimberly,Buchanan,XXXXXXXXX,XXXXXXXXX,1,2963
1111,Mary,Smith,XXXXXXXXX,XXXXXXXXX,1,2704
1112,Robert,Weiss,XXXXXXXXX,XXXXXXXXX,2,11952
1113,Mary,Smith,XXXXXXXXX,XXXXXXXXX,1,16535
1114,James,Martin,XXXXXXXXX,XXXXXXXXX,2,11365
1115,Henry,Smith,XXXXXXXXX,XXXXXXXXX,1,15777
1116,Mary,Henderson,XXXXXXXXX,XXXXXXXXX,1,13633
1117,Arthur,Maddox,XXXXXXXXX,XXXXXXXXX,1,10906
1118,Mary,Smith,XXXXXXXXX,XXXXXXXXX,2,12297
1119,Bryan,Ramos,XXXXXXXXX,XXXXXXXXX,2,13482
1120,Mary,Grant,XXXXXXXXX,XXXXXXXXX,2,15037
1121,Kathleen,Smith,XXXXXXXXX,XXXXXXXXX,2,13067
1122,Joan,Alexander,XXXXXXXXX,XXXXXXXXX,2,1265
1123,Mary,Smith,XXXXXXXXX,XXXXXXXXX,2,9674
1124,Katherine,Cain,XXXXXXXXX,XXXXXXXXX,1,7910
1125,Doris,Smith,XXXXXXXXX,XXXXXXXXX,1,9377
1126,Mary,Thompson,XXXXXXXXX,XXXXXXXXX,1,4145
1127,Bobby,Pope,XXXXXXXXX,XXXXXXXXX,2,384
1128,Mary,Chung,XXXXXXXXX,XXXXXXXXX,2,9951
1129,Charles,Smith,XXXXXXXXX,XXXXXXXXX,3,2067
1130,Mary,Johnson,XXXXXXXXX,XXXXXXXXX,2,1311
1131,Sharon,Henderson,XXXXXXXXX,XXXXXXXXX,2,11918
1132,Samantha,Smith,XXXXXXXXX,XXXXXXXXX,2,12811
1133,Tiffany,Ryan,XXXXXXXXX,XXXXXXXXX,2,14471
1134,Mary,Smith,XXXXXXXXX,XXXXXXXXX,2,15415
1135,Bryan,Underwood,XXXXXXXXX,XXXXXXXXX,2,13939
1136,Mary,Smith,XXXXXXXXX,XXXXXXXXX,2,2572
1137,Frank,Brown,XXXXXXXXX,XXXXXXXXX,1,1783
1138,Mary,Robinson,XXXXXXXXX,XXXXXXXXX,1,1883
1139,Benjamin,Smith,XXXXXXXXX,XXXXXXXXX,1,12225
1140,Amber,Nguyen,XXXXXXXXX,XXXXXXXXX,2,14870
1141,Mary,Koch,XXXXXXXXX,XXXXXXXXX,2,14476
1142,Albert,Smith,XXXXXXXXX,XXXXXXXXX,2,4036
1143,Mary,Woods,XXXXXXXXX,XXXXXXXXX,2,15131
1144,Roger,Jensen,XXXXXXXXX,XXXXXXXXX,2,208
1145,Mary,Smith,XXXXXXXXX,XXXXXXXXX,1,2792
1146,Alice,Evans,XXXXXXXXX,XXXXXXXXX,1,3199
1147,Judy,Smith,XXXXXXXXX,XXXXXXXXX,1,7900
1148,Mary,Anderson,XXXXXXXXX,XXXXXXXXX,1,11503
1149,Cynthia,Harper,XXXXXXXXX,XXXXXXXXX,1,7310
1150,Judith,Sandoval,XXXXXXXXX,XXXXXXXXX,1,15350
1151,Mary,Griffith,XXXXXXXXX,XXXXXXXXX,1,15733
1152,Maria,Smith,XXXXXXXXX,XXXXXXXXX,1,3943
1153,Mary,Sanford,XXXXXXXXX,XXXXXXXXX,1,8816
1154,Sarah,Smith,XXXXXXXXX,XXXXXXXXX,1,11284
1155,Virginia,Miller,XXXXXXXXX,XXXXXXXXX,1,14189
1156,Mary,Terrell,XXXXXXXXX,XXXXXXXXX,2,2977
1157,Anthony,Smith,XXXXXXXXX,XXXXXXXXX,1,15822
1158,Emily,Price,XXXXXXXXX,XXXXXXXXX,1,7873
1159,Mary,Morrison,XXXXXXXXX,XXXXXXXXX,3,12527
1160,Mary,Randolph,XXXXXXXXX,XXXXXXXXX,3,2285
1161,Justin,Smith,XXXXXXXXX,XXXXXXXXX,3,6534
1162,Mary,Copeland,XXXXXXXXX,XXXXXXXXX,1,16181
1163,Timothy,Smith,XXXXXXXXX,XXXXXXXXX,2,3759
1164,Mary,Hahn,XXXXXXXXX,XXXXXXXXX,2,11231
1165,Edward,Smith,XXXXXXXXX,XXXXXXXXX,1,3541
1166,Tammy,Blake,XXXXXXXXX,XXXXXXXXX,2,10175
1167,Mary,Bentley,XXXXXXXXX,XXXXXXXXX,2,8787
1168,Elizabeth,Mccann,XXXXXXXXX,XXXXXXXXX,2,15604
1169,Mary,Smith,XXXXXXXXX,XXXXXXXXX,2,119
1170,Daniel,Villarreal,XXXXXXXXX,XXXXXXXXX,2,115
1171,Mary,Smith,XXXXXXXXX,XXXXXXXXX,3,8513
1172,Marie,Morales,XXXXXXXXX,XXXXXXXXX,3,670
1173,Mary,Silva,XXXXXXXXX,XXXXXXXXX,1,12623
1174,Douglas,Smith,XXXXXXXXX,XXXXXXXXX,1,15349
1175,Mary,Gray,XXXXXXXXX,XXXXXXXXX,1,7696
1176,Julia,Smith,XXXXXXXXX,XXXXXXXXX,1,9833
1178,Charles,Gutierrez,XXXXXXXXX,XXXXXXXXX,1,2197
1179,Donald,Smith,XXXXXXXXX,XXXXXXXXX,1,4823
1180,Mary,Martin,XXXXXXXXX,XXXXXXXXX,2,7199
1181,Donald,Haynes,XXXXXXXXX,XXXXXXXXX,2,13478
1182,Mary,Smith,XXXXXXXXX,XXXXXXXXX,2,8219
1183,Philip,King,XXXXXXXXX,XXXXXXXXX,2,11627
1184,Mary,Moran,XXXXXXXXX,XXXXXXXXX,2,15959
1185,Rachel,Smith,XXXXXXXXX,XXXXXXXXX,1,2498
1186,Mary,Soto,XXXXXXXXX,XXXXXXXXX,1,6932
1188,Crystal,Smith,XXXXXXXXX,XXXXXXXXX,2,14569
1189,Mary,Deleon,XXXXXXXXX,XXXXXXXXX,2,8676
1190,Madison,Smith,XXXXXXXXX,XXXXXXXXX,2,9707
1191,Mary,Fitzpatrick,XXXXXXXXX,XXXXXXXXX,1,1033
1192,Edward,Mccann,XXXXXXXXX,XXXXXXXXX,1,14921
1193,Mary,Smith,XXXXXXXXX,XXXXXXXXX,1,15320
1194,Matthew,Zimmerman,XXXXXXXXX,XXXXXXXXX,2,9708
1195,Danielle,Smith,XXXXXXXXX,XXXXXXXXX,2,7051
1196,Mary,Leonard,XXXXXXXXX,XXXXXXXXX,2,6889
1197,Michael,Smith,XXXXXXXXX,XXXXXXXXX,1,10252
1198,Beverly,Tate,XXXXXXXXX,XXXXXXXXX,1,10489
1199,Mary,Smith,XXXXXXXXX,XXXXXXXXX,1,4807
1200,Rebecca,Parker,XXXXXXXXX,XXXXXXXXX,3,10878
1201,Mary,Hughes,XXXXXXXXX,XXXXXXXXX,1,16310
1202,Andrea,Clayton,XXXXXXXXX,XXXXXXXXX,2,9230
1203,Mary,Smith,XXXXXXXXX,XXXXXXXXX,2,8215
1204,Nicole,Anderson,XXXXXXXXX,XXXXXXXXX,3,4165
1205,Mary,Powell,XXXXXXXXX,XXXXXXXXX,2,15263
1206,Tammy,Montgomery,XXXXXXXXX,XXXXXXXXX,1,8103
1207,Mary,Smith,XXXXXXXXX,XXXXXXXXX,1,1560
1208,Lauren,Jackson,XXXXXXXXX,XXXXXXXXX,1,1451
1209,Mary,Webb,XXXXXXXXX,XXXXXXXXX,1,2493
1210,Jeffrey,Gardner,XXXXXXXXX,XXXXXXXXX,1,7185
1211,Mary,Greer,XXXXXXXXX,XXXXXXXXX,1,6776
1212,William,Spears,XXXXXXXXX,XXXXXXXXX,2,4077
1213,Jason,Smith,XXXXXXXXX,XXXXXXXXX,3,7777
1214,Mildred,Morgan,XXXXXXXXX,XXXXXXXXX,3,3069
1215,Joe,Hart,XXXXXXXXX,XXXXXXXXX,1,12771
1216,Mary,Smith,XXXXXXXXX,XXXXXXXXX,1,351
1217,Robert,Compton,XXXXXXXXX,XXXXXXXXX,2,10006
1218,Elizabeth,Smith,XXXXXXXXX,XXXXXXXXX,2,166
1219,Angela,Freeman,XXXXXXXXX,XXXXXXXXX,2,16012
1220,Samantha,Terry,XXXXXXXXX,XXXXXXXXX,2,9635
1221,Mary,Smith,XXXXXXXXX,XXXXXXXXX,2,13431
1222,Michael,Garcia,XXXXXXXXX,XXXXXXXXX,1,14766
1223,Richard,Perry,XXXXXXXXX,XXXXXXXXX,1,1240
1224,Judy,Oconnell,XXXXXXXXX,XXXXXXXXX,1,4233
1225,Mary,Smith,XXXXXXXXX,XXXXXXXXX,2,1740
1226,Dorothy,Soto,XXXXXXXXX,XXXXXXXXX,2,2236
1227,Mary,Fields,XXXXXXXXX,XXXXXXXXX,3,5060
1228,Diana,Smith,XXXXXXXXX,XXXXXXXXX,1,4039
1229,Mary,Brewer,XXXXXXXXX,XXXXXXXXX,1,5977
1230,Edward,Smith,XXXXXXXXX,XXXXXXXXX,1,1169
1231,Mary,Norman,XXXXXXXXX,XXXXXXXXX,1,8425
1232,Betty,Smith,XXXXXXXXX,XXXXXXXXX,1,14253
1233,Mary,Sims,XXXXXXXXX,XXXXXXXXX,1,14091
1234,Steven,Bond,XXXXXXXXX,XXXXXXXXX,1,3210
1235,Mary,Smith,XXXXXXXXX,XXXXXXXXX,3,9251
1236,Virginia,Robertson,XXXXXXXXX,XXXXXXXXX,3,9289
1237,Mary,Todd,XXXXXXXXX,XXXXXXXXX,1,12860
1238,Angela,Massey,XXXXXXXXX,XXXXXXXXX,3,6179
1239,Nicholas,Smith,XXXXXXXXX,XXXXXXXXX,3,15819
1240,Mary,Warner,XXXXXXXXX,XXXXXXXXX,1,2830
1241,Jeffrey,Smith,XXXXXXXXX,XXXXXXXXX,2,5151
1242,Mary,Reeves,XXXXXXXXX,XXXXXXXXX,1,12146
1243,Joan,Rosales,XXXXXXXXX,XXXXXXXXX,1,1411
1244,Mary,Smith,XXXXXXXXX,XXXXXXXXX,2,10487
1245,Gregory,Torres,XXXXXXXXX,XXXXXXXXX,1,10647
1246,Mary,Smith,XXXXXXXXX,XXXXXXXXX,1,889
1247,Robert,Montgomery,XXXXXXXXX,XXXXXXXXX,3,14939
1248,Karen,Smith,XXXXXXXXX,XXXXXXXXX,2,5133
1249,Donald,Odom,XXXXXXXXX,XXXXXXXXX,1,10784
1250,Teresa,Smith,XXXXXXXXX,XXXXXXXXX,1,16014
1251,Mary,Adams,XXXXXXXXX,XXXXXXXXX,1,5745
1252,Thomas,Medina,XXXXXXXXX,XXXXXXXXX,1,14122
1253,Alice,Smith,XXXXXXXXX,XXXXXXXXX,2,15302
1254,Mary,Barker,XXXXXXXXX,XXXXXXXXX,2,13313
1255,Richard,Goodman,XXXXXXXXX,XXXXXXXXX,1,11518
1256,Rebecca,Smith,XXXXXXXXX,XXXXXXXXX,2,14889
1257,Dylan,Perry,XXXXXXXXX,XXXXXXXXX,2,13060
1258,Mary,Dyer,XXXXXXXXX,XXXXXXXXX,2,10701
1259,John,Smith,XXXXXXXXX,XXXXXXXXX,2,2531
1260,Kelly,Calderon,XXXXXXXXX,XXXXXXXXX,1,10449
1261,Victoria,Hancock,XXXXXXXXX,XXXXXXXXX,1,1224
1262,Mary,Smith,XXXXXXXXX,XXXXXXXXX,1,6799
1263,Emily,Gould,XXXXXXXXX,XXXXXXXXX,2,9702
1264,Melissa,Smith,XXXXXXXXX,XXXXXXXXX,2,3949
1265,Albert,Jones,XXXXXXXXX,XXXXXXXXX,2,10522
1266,Mary,Armstrong,XXXXXXXXX,XXXXXXXXX,3,10482
1267,Sharon,Mclaughlin,XXXXXXXXX,XXXXXXXXX,3,14242
1268,Jerry,Smith,XXXXXXXXX,XXXXXXXXX,3,10287
1269,Mary,Young,XXXXXXXXX,XXXXXXXXX,3,12333
1270,Stephen,Lynch,XXXXXXXXX,XXXXXXXXX,2,14747
1271,Carolyn,Shea,XXXXXXXXX,XXXXXXXXX,2,52
1272,Mary,Smith,XXXXXXXXX,XXXXXXXXX,1,15020
1273,Maria,Evans,XXXXXXXXX,XXXXXXXXX,1,9266
1274,Mary,Richmond,XXXXXXXXX,XXXXXXXXX,2,14152
1275,Amanda,Smith,XXXXXXXXX,XXXXXXXXX,1,11459
1276,Mary,Davis,XXXXXXXXX,XXXXXXXXX,1,11241
1277,Patrick,Bishop,XXXXXXXXX,XXXXXXXXX,3,1917
1278,Mary,Smith,XXXXXXXXX,XXXXXXXXX,1,2576
1279,Alexander,Williams,XXXXXXXXX,XXXXXXXXX,3,7237
1280,Mary,Adams,XXXXXXXXX,XXXXXXXXX,3,15134
1281,Johnny,Garrison,XXXXXXXXX,XXXXXXXXX,3,608
1282,Mary,Smith,XXXXXXXXX,XXXXXXXXX,1,7087
1283,Ashley,White,XXXXXXXXX,XXXXXXXXX,1,3969
1284,Mary,Wells,XXXXXXXXX,XXXXXXXXX,1,1986
1285,Ruth,Petersen,XXXXXXXXX,XXXXXXXXX,3,11484
1286,Nathan,Smith,XXXXXXXXX,XXXXXXXXX,3,7255
1287,Mary,Davis,XXXXXXXXX,XXXXXXXXX,3,8858
1288,Evelyn,Thompson,XXXXXXXXX,XXXXXXXXX,3,12845
1289,Mary,Dominguez,XXXXXXXXX,XXXXXXXXX,3,1471
1290,Carolyn,Charles,XXXXXXXXX,XXXXXXXXX,1,12662
1291,Mary,Smith,XXXXXXXXX,XXXXXXXXX,3,5318
1292,Mildred,Stephens,XXXXXXXXX,XXXXXXXXX,1,13272
1293,Mary,Carey,XXXXXXXXX,XXXXXXXXX,2,16102
1294,Elizabeth,Smith,XXXXXXXXX,XXXXXXXXX,3,11309
1295,Theresa,Lopez,XXXXXXXXX,XXXXXXXXX,1,6452
1296,Mary,King,XXXXXXXXX,XXXXXXXXX,1,16309
1297,Christopher,Roberts,XXXXXXXXX,XXXXXXXXX,1,668
1298,Susan,Fuller,XXXXXXXXX,XXXXXXXXX,1,5936
1299,Mary,Smith,XXXXXXXXX,XXXXXXXXX,1,13017
1300,Hannah,Hawkins,XXXXXXXXX,XXXXXXXXX,1,11393
1301,Mary,Smith,XXXXXXXXX,XXXXXXXXX,1,15379
1302,Alice,Edwards,XXXXXXXXX,XXXXXXXXX,1,590
1303,Mary,Contreras,XXXXXXXXX,XXXXXXXXX,2,5460
1304,Frank,Smith,XXXXXXXXX,XXXXXXXXX,2,2381
1305,Mary,Johnson,XXXXXXXXX,XXXXXXXXX,1,6357
1306,Zachary,Taylor,XXXXXXXXX,XXXXXXXXX,1,6741
1307,Austin,Elliott,XXXXXXXXX,XXXXXXXXX,1,569
1308,Mary,Smith,XXXXXXXXX,XXXXXXXXX,1,11771
1309,Mildred,Rios,XXXXXXXXX,XXXXXXXXX,1,11813
1310,Mary,Smith,XXXXXXXXX,XXXXXXXXX,2,1142
1311,Jacob,Wheeler,XXXXXXXXX,XXXXXXXXX,2,12123
1312,Mary,Smith,XXXXXXXXX,XXXXXXXXX,2,4412
1313,Terry,Lawson,XXXXXXXXX,XXXXXXXXX,1,645
1314,Mary,Smith,XXXXXXXXX,XXXXXXXXX,2,12553
1315,Victoria,Edwards,XXXXXXXXX,XXXXXXXXX,1,11824
1316,Mary,Malone,XXXXXXXXX,XXXXXXXXX,2,8830
1317,Robert,Smith,XXXXXXXXX,XXXXXXXXX,1,13614
1318,Mary,Freeman,XXXXXXXXX,XXXXXXXXX,1,7942
1319,Angela,Chapman,XXXXXXXXX,XXXXXXXXX,1,4879
1320,Mary,Bishop,XXXXXXXXX,XXXXXXXXX,1,13012
1321,Shirley,Smith,XXXXXXXXX,XXXXXXXXX,1,15083
1322,Aaron,Williamson,XXXXXXXXX,XXXXXXXXX,1,1961
1323,Mary,Donovan,XXXXXXXXX,XXXXXXXXX,2,11234
1324,Anthony,Smith,XXXXXXXXX,XXXXXXXXX,1,11141
1325,Gregory,Nelson,XXXXXXXXX,XXXXXXXXX,1,13364
1326,Mary,Edwards,XXXXXXXXX,XXXXXXXXX,1,8276
1327,Kelly,Elliott,XXXXXXXXX,XXXXXXXXX,3,11131
1328,Denise,Smith,XXXXXXXXX,XXXXXXXXX,3,14687
1329,Mary,Gardner,XXXXXXXXX,XXXXXXXXX,1,11225
1330,Tiffany,Warner,XXXXXXXXX,XXXXXXXXX,1,4612
1331,Mary,Smith,XXXXXXXXX,XXXXXXXXX,2,11255
1332,Carolyn,Gonzalez,XXXXXXXXX,XXXXXXXXX,2,15759
1333,Mary,Massey,XXXXXXXXX,XXXXXXXXX,1,16315
1334,Roger,Dunlap,XXXXXXXXX,XXXXXXXXX,1,14496
1335,Mary,Smith,XXXXXXXXX,XXXXXXXXX,1,5729
1336,Donald,Rogers,XXXXXXXXX,XXXXXXXXX,3,5899
1337,Mary,Duncan,XXXXXXXXX,XXXXXXXXX,3,9088
1338,Linda,Smith,XXXXXXXXX,XXXXXXXXX,2,4344
1339,Melissa,Mack,XXXXXXXXX,XXXXXXXXX,1,15503
1340,Mary,Smith,XXXXXXXXX,XXXXXXXXX,3,7179
1341,Joseph,Brown,XXXXXXXXX,XXXXXXXXX,3,10303
1342,Laura,Savage,XXXXXXXXX,XXXXXXXXX,2,5606
1343,Julia,Smith,XXXXXXXXX,XXXXXXXXX,2,2654
1344,Mary,Brown,XXXXXXXXX,XXXXXXXXX,2,5132
1345,Adam,Wilson,XXXXXXXXX,XXXXXXXXX,2,3174
1346,Mary,Gutierrez,XXXXXXXXX,XXXXXXXXX,2,7375
1347,Alan,Gillespie,XXXXXXXXX,XXXXXXXXX,2,9597
1348,Mary,Smith,XXXXXXXXX,XXXXXXXXX,2,8535
1349,John,Wood,XXXXXXXXX,XXXXXXXXX,3,9516
1350,Joseph,Patterson,XXXXXXXXX,XXXXXXXXX,1,15496
1351,Mary,Stone,XXXXXXXXX,XXXXXXXXX,2,3869
1352,William,Strickland,XXXXXXXXX,XXXXXXXXX,1,13147
1353,Victoria,Rocha,XXXXXXXXX,XXXXXXXXX,1,9612
1354,Mary,Smith,XXXXXXXXX,XXXXXXXXX,1,8579
1355,Samuel,Johnson,XXXXXXXXX,XXXXXXXXX,1,10968
1356,Albert,Mitchell,XXXXXXXXX,XXXXXXXXX,2,1803
1357,Mary,Smith,XXXXXXXXX,XXXXXXXXX,2,8142
1358,Gloria,Jensen,XXXXXXXXX,XXXXXXXXX,2,873
1359,Brittany,Smith,XXXXXXXXX,XXXXXXXXX,2,9579
1360,Mary,Jones,XXXXXXXXX,XXXXXXXXX,3,16461
1361,Jacob,Harris,XXXXXXXXX,XXXXXXXXX,3,1437
1362,Dennis,Smith,XXXXXXXXX,XXXXXXXXX,3,2398
1363,Kathy,Rios,XXXXXXXXX,XXXXXXXXX,3,2936
1364,Mary,Kirk,XXXXXXXXX,XXXXXXXXX,1,15956
1365,Evelyn,Smith,XXXXXXXXX,XXXXXXXXX,3,2690
1366,Mary,Haas,XXXXXXXXX,XXXXXXXXX,1,6247
1367,Nancy,Smith,XXXXXXXXX,XXXXXXXXX,1,12308
1368,Donna,Wilson,XXXXXXXXX,XXXXXXXXX,1,10598
1369,Mary,Walker,XXXXXXXXX,XXXXXXXXX,1,1068
1370,Frank,Wheeler,XXXXXXXXX,XXXXXXXXX,3,16303
1371,Mary,Smith,XXXXXXXXX,XXXXXXXXX,1,865
1372,Shawn,Pace,XXXXXXXXX,XXXXXXXXX,3,5537
1373,Mary,Smith,XXXXXXXXX,XXXXXXXXX,1,12861
1374,Patricia,Lin,XXXXXXXXX,XXXXXXXXX,1,8506
1375,Linda,Smith,XXXXXXXXX,XXXXXXXXX,2,5371
1376,Mary,Austin,XXXXXXXXX,XXXXXXXXX,2,7163
1377,Sean,Smith,XXXXXXXXX,XXXXXXXXX,2,14782
1378,Mary,Brooks,XXXXXXXXX,XXXXXXXXX,2,9569
1379,Raymond,Harvey,XXXXXXXXX,XXXXXXXXX,2,11294
1380,Mary,Smith,XXXXXXXXX,XXXXXXXXX,1,4600
1381,Doris,Sanchez,XXXXXXXXX,XXXXXXXXX,1,11816
1382,Mary,Aguilar,XXXXXXXXX,XXXXXXXXX,3,7735
1383,Catherine,Smith,XXXXXXXXX,XXXXXXXXX,2,12251
1384,Mary,Mullins,XXXXXXXXX,XXXXXXXXX,2,1773
1385,Catherine,Smith,XXXXXXXXX,XXXXXXXXX,2,1365
1386,Louis,Brock,XXXXXXXXX,XXXXXXXXX,1,10599
1387,Mary,Smith,XXXXXXXXX,XXXXXXXXX,1,10531
1388,William,Bell,XXXXXXXXX,XXXXXXXXX,1,739
1389,Elizabeth,Dominguez,XXXXXXXXX,XXXXXXXXX,2,2858
1390,Justin,Smith,XXXXXXXXX,XXXXXXXXX,1,4257
1391,Philip,Hart,XXXXXXXXX,XXXXXXXXX,1,9108
1392,Mary,Hardy,XXXXXXXXX,XXXXXXXXX,2,15425
1393,Ryan,Hodge,XXXXXXXXX,XXXXXXXXX,2,14317
1394,Amber,Smith,XXXXXXXXX,XXXXXXXXX,2,14865
1395,Lori,Lucero,XXXXXXXXX,XXXXXXXXX,1,13383
1396,Mary,Smith,XXXXXXXXX,XXXXXXXXX,1,5485
1397,Dorothy,Carter,XXXXXXXXX,XXXXXXXXX,1,11300
1398,Cheryl,Huang,XXXXXXXXX,XXXXXXXXX,1,6964
1399,Mary,Smith,XXXXXXXXX,XXXXXXXXX,1,6585
1400,Aaron,Davis,XXXXXXXXX,XXXXXXXXX,1,10296
1401,Mary,Reeves,XXXXXXXXX,XXXXXXXXX,1,4339
1402,Nancy,Mckinney,XXXXXXXXX,XXXXXXXXX,1,2497
1403,Mary,Smith,XXXXXXXXX,XXXXXXXXX,1,11859
1404,Jean,Gonzalez,XXXXXXXXX,XXXXXXXXX,1,5934
1405,Mary,Cowan,XXXXXXXXX,XXXXXXXXX,2,12763
1406,Amy,Smith,XXXXXXXXX,XXXXXXXXX,2,6811
1407,Olivia,White,XXXXXXXXX,XXXXXXXXX,1,6023
1408,Mary,Diaz,XXXXXXXXX,XXXXXXXXX,1,6349
1410,Mary,Smith,XXXXXXXXX,XXXXXXXXX,1,6828
1411,David,Sandoval,XXXXXXXXX,XXXXXXXXX,1,11127
1412,Johnny,Frazier,XXXXXXXXX,XXXXXXXXX,3,9842
1413,Mary,Mcguire,XXXXXXXXX,XXXXXXXXX,3,10911
1414,Rebecca,Smith,XXXXXXXXX,XXXXXXXXX,3,4449
1415,Mary,Peterson,XXXXXXXXX,XXXXXXXXX,2,12227
1416,Edward,Pugh,XXXXXXXXX,XXXXXXXXX,2,12447
1417,Rachel,Smith,XXXXXXXXX,XXXXXXXXX,2,15677
1418,Ann,King,XXXXXXXXX,XXXXXXXXX,2,15790
1419,Mary,Black,XXXXXXXXX,XXXXXXXXX,3,10734
1420,Elizabeth,Smith,XXXXXXXXX,XXXXXXXXX,3,7649
1421,Karen,Farmer,XXXXXXXXX,XXXXXXXXX,1,5394
1422,Edward,Smith,XXXXXXXXX,XXXXXXXXX,1,10669
1423,Mary,Day,XXXXXXXXX,XXXXXXXXX,1,2900
1424,James,Smith,XXXXXXXXX,XXXXXXXXX,1,5616
1425,Christina,Harvey,XXXXXXXXX,XXXXXXXXX,1,4433
1426,Mary,Conner,XXXXXXXXX,XXXXXXXXX,1,10306
1427,Eric,Smith,XXXXXXXXX,XXXXXXXXX,1,15850
1428,Mary,Clark,XXXXXXXXX,XXXXXXXXX,1,6101
1429,Pamela,Murphy,XXXXXXXXX,XXXXXXXXX,3,11133
1430,Henry,Smith,XXXXXXXXX,XXXXXXXXX,3,15403
1431,Mary,Barrera,XXXXXXXXX,XXXXXXXXX,3,3367
1432,Nathan,Smith,XXXXXXXXX,XXXXXXXXX,3,15681
1433,Mary,Turner,XXXXXXXXX,XXXXXXXXX,3,15795
1434,Denise,Smith,XXXXXXXXX,XXXXXXXXX,3,11933
1435,Mary,Wright,XXXXXXXXX,XXXXXXXXX,2,15561
1436,Sarah,Smith,XXXXXXXXX,XXXXXXXXX,1,14046
1437,Mary,Watson,XXXXXXXXX,XXXXXXXXX,1,6288
1438,Jason,Smith,XXXXXXXXX,XXXXXXXXX,1,3645
1439,Mary,Clark,XXXXXXXXX,XXXXXXXXX,1,14834
1440,Kathleen,Watson,XXXXXXXXX,XXXXXXXXX,1,15146
1441,Mary,Chapman,XXXXXXXXX,XXXXXXXXX,2,2582
1442,Anna,Smith,XXXXXXXXX,XXXXXXXXX,2,16034
1443,Denise,Cohen,XXXXXXXXX,XXXXXXXXX,1,13562
1444,Mary,Smith,XXXXXXXXX,XXXXXXXXX,2,2370
1445,Linda,Ortiz,XXXXXXXXX,XXXXXXXXX,1,16104
1446,Carolyn,Alexander,XXXXXXXXX,XXXXXXXXX,1,684
1447,Grace,Smith,XXXXXXXXX,XXXXXXXXX,1,3721
1448,Mary,Murray,XXXXXXXXX,XXXXXXXXX,1,12423
1449,James,Smith,XXXXXXXXX,XXXXXXXXX,1,11774
1450,Russell,Cameron,XXXXXXXXX,XXXXXXXXX,1,3295
1451,Mary,Harding,XXXXXXXXX,XXXXXXXXX,3,7587
1452,Jennifer,Smith,XXXXXXXXX,XXXXXXXXX,3,11547
1453,Deborah,Bauer,XXXXXXXXX,XXXXXXXXX,1,12637
1454,Grace,Smith,XXXXXXXXX,XXXXXXXXX,1,886
1455,Mary,Gutierrez,XXXXXXXXX,XXXXXXXXX,1,1116
1456,Mark,Stein,XXXXXXXXX,XXXXXXXXX,1,15584
1457,Edward,Smith,XXXXXXXXX,XXXXXXXXX,1,2901
1458,Nicholas,Phelps,XXXXXXXXX,XXXXXXXXX,1,14943
1459,Mary,Smith,XXXXXXXXX,XXXXXXXXX,1,6464
1460,George,Williams,XXXXXXXXX,XXXXXXXXX,1,9862
1461,Mary,Webb,XXXXXXXXX,XXXXXXXXX,1,6173
1462,Patricia,Bartlett,XXXXXXXXX,XXXXXXXXX,1,9018
1463,Mark,Smith,XXXXXXXXX,XXXXXXXXX,1,14290
1464,Amber,Dixon,XXXXXXXXX,XXXXXXXXX,1,1081
1465,Mary,Smith,XXXXXXXXX,XXXXXXXXX,1,13819
1466,Stephen,Cole,XXXXXXXXX,XXXXXXXXX,1,8186
1467,Mary,Bradley,XXXXXXXXX,XXXXXXXXX,1,4585
1468,Robert,Smith,XXXXXXXXX,XXXXXXXXX,1,13288
1470,Ann,Smith,XXXXXXXXX,XXXXXXXXX,3,6480
1471,Lori,Riley,XXXXXXXXX,XXXXXXXXX,1,16202
1472,Mary,Smith,XXXXXXXXX,XXXXXXXXX,1,5852
1473,Anthony,Young,XXXXXXXXX,XXXXXXXXX,1,11704
1474,Mark,Fritz,XXXXXXXXX,XXXXXXXXX,1,1556
1475,Mary,Smith,XXXXXXXXX,XXXXXXXXX,2,10069
1476,Eugene,Bray,XXXXXXXXX,XXXXXXXXX,3,12693
1477,Mary,Smith,XXXXXXXXX,XXXXXXXXX,3,8084
1478,Anna,Sanchez,XXXXXXXXX,XXXXXXXXX,2,3897
1479,Mary,Brennan,XXXXXXXXX,XXXXXXXXX,1,497
1480,Jacob,Ayers,XXXXXXXXX,XXXXXXXXX,1,5867
1482,Mary,Greene,XXXXXXXXX,XXXXXXXXX,1,1616
1483,Olivia,Smith,XXXXXXXXX,XXXXXXXXX,1,5802
1484,Mary,Hawkins,XXXXXXXXX,XXXXXXXXX,2,2266
1485,Tiffany,Smith,XXXXXXXXX,XXXXXXXXX,3,6212
1486,Mary,Valentine,XXXXXXXXX,XXXXXXXXX,1,3988
1487,Shawn,Smith,XXXXXXXXX,XXXXXXXXX,1,9744
1488,Mary,Hubbard,XXXXXXXXX,XXXXXXXXX,1,5439
1489,Robert,Smith,XXXXXXXXX,XXXXXXXXX,1,15473
1490,David,Gregory,XXXXXXXXX,XXXXXXXXX,1,3263
1491,Joyce,Smith,XXXXXXXXX,XXXXXXXXX,1,1233
1492,Gerald,Patel,XXXXXXXXX,XXXXXXXXX,1,5061
1493,Mary,Smith,XXXXXXXXX,XXXXXXXXX,1,8292
1494,Rebecca,Ortiz,XXXXXXXXX,XXXXXXXXX,1,4070
1495,Mary,Smith,XXXXXXXXX,XXXXXXXXX,1,1753
1496,Frank,Davis,XXXXXXXXX,XXXXXXXXX,1,6316
1497,Judith,Richards,XXXXXXXXX,XXXXXXXXX,1,14178
1498,Peter,Bray,XXXXXXXXX,XXXXXXXXX,1,6474
1499,Mary,Smith,XXXXXXXXX,XXXXXXXXX,1,6062
1500,Carol,Wilcox,XXXXXXXXX,XXXXXXXXX,1,14511
1501,Mary,Smith,XXXXXXXXX,XXXXXXXXX,1,365
1502,Alan,Santos,XXXXXXXXX,XXXXXXXXX,1,7285
1503,Mary,Garner,XXXXXXXXX,XXXXXXXXX,1,9409
1505,Mary,Smith,XXXXXXXXX,XXXXXXXXX,2,8908
1506,Melissa,Griffith,XXXXXXXXX,XXXXXXXXX,1,9893
1507,Mary,Smith,XXXXXXXXX,XXXXXXXXX,1,6184
1508,David,Lyons,XXXXXXXXX,XXXXXXXXX,1,4477
1509,Patricia,Petersen,XXXXXXXXX,XXXXXXXXX,1,4817
1510,Mary,Smith,XXXXXXXXX,XXXXXXXXX,1,10442
1511,Julia,Stewart,XXXXXXXXX,XXXXXXXXX,1,10893
1512,Mary,Rowe,XXXXXXXXX,XXXXXXXXX,2,3491
1513,Karen,Smith,XXXXXXXXX,XXXXXXXXX,2,4069
1514,Christine,Taylor,XXXXXXXXX,XXXXXXXXX,1,3510
1515,Crystal,Peters,XXXXXXXXX,XXXXXXXXX,1,12781
1516,Mary,Smith,XXXXXXXXX,XXXXXXXXX,1,162
1517,James,Brown,XXXXXXXXX,XXXXXXXXX,1,3149
1518,Jessica,Smith,XXXXXXXXX,XXXXXXXXX,1,15933
1519,Deborah,Sharp,XXXXXXXXX,XXXXXXXXX,1,11919
1520,Mary,Burch,XXXXXXXXX,XXXXXXXXX,1,13855
1521,Christopher,Smith,XXXXXXXXX,XXXXXXXXX,2,192
1522,Mary,Yates,XXXXXXXXX,XXXXXXXXX,2,11353
1523,Daniel,Smith,XXXXXXXXX,XXXXXXXXX,2,12010
1524,Nathan,Walker,XXXXXXXXX,XXXXXXXXX,1,9868
1525,Ralph,Washington,XXXXXXXXX,XXXXXXXXX,2,8193
1526,Mary,Smith,XXXXXXXXX,XXXXXXXXX,1,5836
1527,Mary,Fernandez,XXXXXXXXX,XXXXXXXXX,1,9843
1528,Anthony,Smith,XXXXXXXXX,XXXXXXXXX,1,9695
1529,Mary,Foster,XXXXXXXXX,XXXXXXXXX,1,5385
1530,David,Smith,XXXXXXXXX,XXXXXXXXX,1,1510
1531,Scott,Johnson,XXXXXXXXX,XXXXXXXXX,1,11247
1532,Mary,Bailey,XXXXXXXXX,XXXXXXXXX,1,2626
1533,Linda,Kent,XXXXXXXXX,XXXXXXXXX,3,15641
1534,Ronald,Smith,XXXXXXXXX,XXXXXXXXX,3,3717
1535,Frank,Livingston,XXXXXXXXX,XXXXXXXXX,3,7822
1536,Mary,Smith,XXXXXXXXX,XXXXXXXXX,3,5100
1537,Linda,Murray,XXXXXXXXX,XXXXXXXXX,2,7455
1538,Mary,Smith,XXXXXXXXX,XXXXXXXXX,1,9932
1539,Sarah,Chase,XXXXXXXXX,XXXXXXXXX,2,14631
1540,Mary,Mckee,XXXXXXXXX,XXXXXXXXX,1,1799
1541,Victoria,Smith,XXXXXXXXX,XXXXXXXXX,1,13745
1542,Lori,Mccarthy,XXXXXXXXX,XXXXXXXXX,1,11200
1543,Mary,Smith,XXXXXXXXX,XXXXXXXXX,1,7493
1544,Brittany,Marquez,XXXXXXXXX,XXXXXXXXX,1,7598
1545,Mary,Smith,XXXXXXXXX,XXXXXXXXX,1,4436
1546,Nicole,Carpenter,XXXXXXXXX,XXXXXXXXX,1,8368
1547,Henry,Smith,XXXXXXXXX,XXXXXXXXX,1,10221
1548,Mary,Rodriguez,XXXXXXXXX,XXXXXXXXX,1,16213
1549,Diane,Wiggins,XXXXXXXXX,XXXXXXXXX,2,2865
1550,Mary,Smith,XXXXXXXXX,XXXXXXXXX,2,8996
1551,Eric,Collins,XXXXXXXXX,XXXXXXXXX,2,9993
1552,Mary,Wolfe,XXXXXXXXX,XXXXXXXXX,1,15942
1553,Raymond,Smith,XXXXXXXXX,XXXXXXXXX,1,388
1554,Hannah,Nelson,XXXXXXXXX,XXXXXXXXX,1,10262
1555,Adam,Smith,XXXXXXXXX,XXXXXXXXX,1,5586
1556,Mary,Smith,XXXXXXXXX,XXXXXXXXX,3,7009
1557,Nicole,Bolton,XXXXXXXXX,XXXXXXXXX,3,12760
1558,Mary,Smith,XXXXXXXXX,XXXXXXXXX,3,15388
1559,James,Conrad,XXXXXXXXX,XXXXXXXXX,1,16260
1560,Mary,Smith,XXXXXXXXX,XXXXXXXXX,1,2585
1561,Harold,Johnson,XXXXXXXXX,XXXXXXXXX,2,4301
1562,Mary,Dickerson,XXXXXXXXX,XXXXXXXXX,1,2762
1563,Carolyn,Smith,XXXXXXXXX,XXXXXXXXX,2,975
1564,Mary,Davenport,XXXXXXXXX,XXXXXXXXX,1,15775
1565,Denise,Smith,XXXXXXXXX,XXXXXXXXX,1,13976
1566,Mary,Simon,XXXXXXXXX,XXXXXXXXX,1,12172
1567,Danielle,Smith,XXXXXXXXX,XXXXXXXXX,1,10791
1568,Mary,Larson,XXXXXXXXX,XXXXXXXXX,3,15572
1569,Jesse,Hutchinson,XXXXXXXXX,XXXXXXXXX,3,8525
1570,Mary,Smith,XXXXXXXXX,XXXXXXXXX,1,13877
1571,Betty,Bishop,XXXXXXXXX,XXXXXXXXX,1,8947
1572,Brandon,Smith,XXXXXXXXX,XXXXXXXXX,1,5524
1573,Aaron,Norman,XXXXXXXXX,XXXXXXXXX,1,13437
1574,Mary,Smith,XXXXXXXXX,XXXXXXXXX,1,15032
1575,John,Greene,XXXXXXXXX,XXXXXXXXX,3,4351
1576,Dorothy,Melton,XXXXXXXXX,XXXXXXXXX,1,3034
1577,Mary,Smith,XXXXXXXXX,XXXXXXXXX,3,8016
1578,Lisa,Harper,XXXXXXXXX,XXXXXXXXX,1,10946
1579,Larry,Smith,XXXXXXXXX,XXXXXXXXX,1,9350
1580,Kelly,Simmons,XXXXXXXXX,XXXXXXXXX,1,9013
1581,Mary,Smith,XXXXXXXXX,XXXXXXXXX,1,14784
1582,Carol,Merritt,XXXXXXXXX,XXXXXXXXX,1,14120
1583,Sean,Smith,XXXXXXXXX,XXXXXXXXX,3,2501
1584,Mary,Hickman,XXXXXXXXX,XXXXXXXXX,3,13424
1585,James,Smith,XXXXXXXXX,XXXXXXXXX,1,6884
1586,Nancy,Williams,XXXXXXXXX,XXXXXXXXX,2,11658
1587,Jose,Warner,XXXXXXXXX,XXXXXXXXX,2,13838
1588,Mary,Smith,XXXXXXXXX,XXXXXXXXX,2,13749
1589,Matthew,Brennan,XXXXXXXXX,XXXXXXXXX,2,9420
1590,Mary,Smith,XXXXXXXXX,XXXXXXXXX,2,13774
1591,Charles,Johnson,XXXXXXXXX,XXXXXXXXX,2,8160
1592,Margaret,White,XXXXXXXXX,XXXXXXXXX,1,4347
1593,Nicholas,Summers,XXXXXXXXX,XXXXXXXXX,1,12
1594,Madison,Bernard,XXXXXXXXX,XXXXXXXXX,1,11562
1595,Mary,Smith,XXXXXXXXX,XXXXXXXXX,1,10873
1596,John,Hammond,XXXXXXXXX,XXXXXXXXX,1,11261
1597,Megan,Smith,XXXXXXXXX,XXXXXXXXX,1,7209
1598,Mary,Green,XXXXXXXXX,XXXXXXXXX,1,15968
1599,Andrew,Smith,XXXXXXXXX,XXXXXXXXX,1,7151
1600,Mary,George,XXXXXXXXX,XXXXXXXXX,1,13181
1601,Mark,Padilla,XXXXXXXXX,XXXXXXXXX,3,8921
1602,Stephen,Huang,XXXXXXXXX,XXXXXXXXX,3,16092
1603,Mary,Smith,XXXXXXXXX,XXXXXXXXX,1,3768
1604,Brandon,Joseph,XXXXXXXXX,XXXXXXXXX,3,171
1605,Mary,Horne,XXXXXXXXX,XXXXXXXXX,3,13270
1606,Brandon,Smith,XXXXXXXXX,XXXXXXXXX,2,9630
1607,Mary,Ortiz,XXXXXXXXX,XXXXXXXXX,2,8833
1608,Michael,Smith,XXXXXXXXX,XXXXXXXXX,2,3260
1609,Kathy,Moore,XXXXXXXXX,XXXXXXXXX,2,12294
1610,Mary,Le,XXXXXXXXX,XXXXXXXXX,2,8797
1611,Jennifer,Smith,XXXXXXXXX,XXXXXXXXX,1,3860
1612,Jeffrey,Flores,XXXXXXXXX,XXXXXXXXX,1,12778
1613,Mary,Smith,XXXXXXXXX,XXXXXXXXX,1,4140
1614,Christine,Haley,XXXXXXXXX,XXXXXXXXX,2,861
1615,Mary,Smith,XXXXXXXXX,XXXXXXXXX,2,14331
1616,William,Johnson,XXXXXXXXX,XXXXXXXXX,2,1257
1617,Melissa,Peterson,XXXXXXXXX,XXXXXXXXX,2,15441
1618,Mary,Davidson,XXXXXXXXX,XXXXXXXXX,2,1527
1619,Laura,Smith,XXXXXXXXX,XXXXXXXXX,1,6094
1620,Stephen,Horton,XXXXXXXXX,XXXXXXXXX,1,10639
1621,Grace,Jefferson,XXXXXXXXX,XXXXXXXXX,1,174
1622,Mary,Smith,XXXXXXXXX,XXXXXXXXX,1,210
1623,Christopher,James,XXXXXXXXX,XXXXXXXXX,1,11356
1624,Walter,Huerta,XXXXXXXXX,XXXXXXXXX,1,13103
1625,Mary,Smith,XXXXXXXXX,XXXXXXXXX,1,9110
1626,Wayne,Gomez,XXXXXXXXX,XXXXXXXXX,1,8565
1627,Mary,Gonzales,XXXXXXXXX,XXXXXXXXX,1,11677
1628,Benjamin,Smith,XXXXXXXXX,XXXXXXXXX,1,7819
1629,Mary,Smith,XXXXXXXXX,XXXXXXXXX,1,13091
1630,Jonathan,Cabrera,XXXXXXXXX,XXXXXXXXX,3,1336
1631,Mary,Sweeney,XXXXXXXXX,XXXXXXXXX,1,7031
1632,Deborah,Smith,XXXXXXXXX,XXXXXXXXX,1,13912
1633,Mary,Johnson,XXXXXXXXX,XXXXXXXXX,2,5547
1634,Jason,Riggs,XXXXXXXXX,XXXXXXXXX,1,6644
1635,Catherine,Smith,XXXXXXXXX,XXXXXXXXX,1,155
1636,Julie,Petersen,XXXXXXXXX,XXXXXXXXX,1,15338
1637,Mary,Smith,XXXXXXXXX,XXXXXXXXX,2,14640
1638,William,Reyes,XXXXXXXXX,XXXXXXXXX,2,8157
1639,Walter,Bowman,XXXXXXXXX,XXXXXXXXX,3,16146
1640,Mary,Smith,XXXXXXXXX,XXXXXXXXX,2,3746
1641,Ruth,Cox,XXXXXXXXX,XXXXXXXXX,2,2306
1642,Mary,Smith,XXXXXXXXX,XXXXXXXXX,3,10060
1643,Mary,Carr,XXXXXXXXX,XXXXXXXXX,1,5048
1644,Kimberly,Smith,XXXXXXXXX,XXXXXXXXX,3,9476
1645,Mary,Rivera,XXXXXXXXX,XXXXXXXXX,3,5608
1646,Kenneth,Myers,XXXXXXXXX,XXXXXXXXX,1,8073
1647,Kevin,Sims,XXXXXXXXX,XXXXXXXXX,1,12504
1648,Joan,Ingram,XXXXXXXXX,XXXXXXXXX,2,5162
1649,Amber,Smith,XXXXXXXXX,XXXXXXXXX,1,525
1650,Mary,Bennett,XXXXXXXXX,XXXXXXXXX,2,2606
1651,Stephanie,Smith,XXXXXXXXX,XXXXXXXXX,2,14667
1652,Mary,Hines,XXXXXXXXX,XXXXXXXXX,2,15311
1653,Brian,Gates,XXXXXXXXX,XXXXXXXXX,2,1202
1654,Mary,Smith,XXXXXXXXX,XXXXXXXXX,2,3480
1655,Arthur,Hunter,XXXXXXXXX,XXXXXXXXX,3,11032
1656,Mary,Smith,XXXXXXXXX,XXXXXXXXX,1,14898
1657,Betty,Phillips,XXXXXXXXX,XXXXXXXXX,1,887
1658,Dylan,Conner,XXXXXXXXX,XXXXXXXXX,1,10902
1659,Mary,Smith,XXXXXXXXX,XXXXXXXXX,1,4556
1660,Danielle,Price,XXXXXXXXX,XXXXXXXXX,2,5687
1661,Mary,Austin,XXXXXXXXX,XXXXXXXXX,2,860
1662,George,Smith,XXXXXXXXX,XXXXXXXXX,2,11876
1663,Raymond,Adams,XXXXXXXXX,XXXXXXXXX,1,1823
1664,Mary,Arnold,XXXXXXXXX,XXXXXXXXX,2,11830
1665,Barbara,Smith,XXXXXXXXX,XXXXXXXXX,1,13568
1666,Margaret,Sullivan,XXXXXXXXX,XXXXXXXXX,1,10919
1667,Tammy,Cross,XXXXXXXXX,XXXXXXXXX,1,4821
1668,Mary,Smith,XXXXXXXXX,XXXXXXXXX,1,5480
1669,Martha,Wilkinson,XXXXXXXXX,XXXXXXXXX,1,8136
1670,Keith,Callahan,XXXXXXXXX,XXXXXXXXX,1,3104
1671,Mary,Woodard,XXXXXXXXX,XXXXXXXXX,1,14657
1672,Emily,Haley,XXXXXXXXX,XXXXXXXXX,3,2729
1673,Mary,Smith,XXXXXXXXX,XXXXXXXXX,3,7572
1674,Jennifer,Brown,XXXXXXXXX,XXXXXXXXX,3,12036
1675,Mary,Moore,XXXXXXXXX,XXXXXXXXX,3,13923
1676,Dorothy,Singh,XXXXXXXXX,XXXXXXXXX,3,13615
1677,Virginia,Robles,XXXXXXXXX,XXXXXXXXX,3,4622
1678,Mary,Stephenson,XXXXXXXXX,XXXXXXXXX,3,5938
1679,Maria,Smith,XXXXXXXXX,XXXXXXXXX,1,4848
1680,Mary,Santiago,XXXXXXXXX,XXXXXXXXX,1,176
1681,Cynthia,Smith,XXXXXXXXX,XXXXXXXXX,1,9167
1682,Mary,Hall,XXXXXXXXX,XXXXXXXXX,2,11056
1683,Christopher,Sloan,XXXXXXXXX,XXXXXXXXX,3,1575
1684,Anna,Smith,XXXXXXXXX,XXXXXXXXX,3,16095
1685,Cheryl,Buchanan,XXXXXXXXX,XXXXXXXXX,1,6256
1686,Mary,Smith,XXXXXXXXX,XXXXXXXXX,3,2447
1687,Jerry,Ellis,XXXXXXXXX,XXXXXXXXX,3,16379
1688,Mary,Blake,XXXXXXXXX,XXXXXXXXX,3,11352
1689,Thomas,Smith,XXXXXXXXX,XXXXXXXXX,1,6078
1690,Elizabeth,Holt,XXXXXXXXX,XXXXXXXXX,1,13241
1691,Kimberly,Smith,XXXXXXXXX,XXXXXXXXX,2,1236
1692,Rachel,Haas,XXXXXXXXX,XXXXXXXXX,2,2827
1693,Joe,Smith,XXXXXXXXX,XXXXXXXXX,2,4723
1694,Mary,Thompson,XXXXXXXXX,XXXXXXXXX,2,13373
1695,Amanda,Marquez,XXXXXXXXX,XXXXXXXXX,2,15671
1696,Mary,Smith,XXXXXXXXX,XXXXXXXXX,2,8725
1697,Robert,Stanley,XXXXXXXXX,XXXXXXXXX,2,575
1698,Susan,Smith,XXXXXXXXX,XXXXXXXXX,3,4532
1699,Mary,Webb,XXXXXXXXX,XXXXXXXXX,3,3590
1700,Ronald,Mills,XXXXXXXXX,XXXXXXXXX,2,5858
1701,Aaron,Sharp,XXXXXXXXX,XXXXXXXXX,1,1816
1702,Mary,Smith,XXXXXXXXX,XXXXXXXXX,1,10674
1703,Hannah,White,XXXXXXXXX,XXXXXXXXX,2,4637
1704,Tammy,Sandoval,XXXXXXXXX,XXXXXXXXX,3,681
1705,Mary,Smith,XXXXXXXXX,XXXXXXXXX,1,242
1706,Joyce,Anderson,XXXXXXXXX,XXXXXXXXX,1,6978
1707,Mary,Moore,XXXXXXXXX,XXXXXXXXX,1,2105
1708,Margaret,Booth,XXXXXXXXX,XXXXXXXXX,1,14698
1709,Matthew,Smith,XXXXXXXXX,XXXXXXXXX,2,602
1710,Mary,Kane,XXXXXXXXX,XXXXXXXXX,3,6908
1711,Jason,Smith,XXXXXXXXX,XXXXXXXXX,2,11028
1712,Megan,Brown,XXXXXXXXX,XXXXXXXXX,3,643
1713,Mary,Gardner,XXXXXXXXX,XXXXXXXXX,2,10399
1714,Sara,Smith,XXXXXXXXX,XXXXXXXXX,2,12219
1715,Mary,Henson,XXXXXXXXX,XXXXXXXXX,2,6291
1716,Sandra,Smith,XXXXXXXXX,XXXXXXXXX,3,14794
1717,Kathleen,Frank,XXXXXXXXX,XXXXXXXXX,3,13117
1718,Mary,Smith,XXXXXXXXX,XXXXXXXXX,2,6744
1719,Ruth,Smith,XXXXXXXXX,XXXXXXXXX,2,4024
1720,Mary,Johnson,XXXXXXXXX,XXXXXXXXX,2,253
1721,Jeremy,Hart,XXXXXXXXX,XXXXXXXXX,2,13590
1722,Mary,Smith,XXXXXXXXX,XXXXXXXXX,1,8289
1723,Daniel,Fernandez,XXXXXXXXX,XXXXXXXXX,1,15113
1724,Joyce,Elliott,XXXXXXXXX,XXXXXXXXX,3,10833
1725,Mary,Dyer,XXXXXXXXX,XXXXXXXXX,2,510
1726,Crystal,Smith,XXXXXXXXX,XXXXXXXXX,2,7691
1727,Mary,Villanueva,XXXXXXXXX,XXXXXXXXX,2,11502
1728,Mary,Smith,XXXXXXXXX,XXXXXXXXX,2,15358
1729,Gregory,Navarro,XXXXXXXXX,XXXXXXXXX,1,12206
1730,Mary,Smith,XXXXXXXXX,XXXXXXXXX,2,6262
1731,Michelle,Bennett,XXXXXXXXX,XXXXXXXXX,2,7468
1732,Mary,Gray,XXXXXXXXX,XXXXXXXXX,1,6187
1733,Margaret,Smith,XXXXXXXXX,XXXXXXXXX,1,9161
1734,Bobby,Hardy,XXXXXXXXX,XXXXXXXXX,1,1912
1735,Mary,Gill,XXXXXXXXX,XXXXXXXXX,3,9260
1736,Grace,Smith,XXXXXXXXX,XXXXXXXXX,3,11364
1737,Mary,Smith,XXXXXXXXX,XXXXXXXXX,2,9732
1738,Nicholas,Murray,XXXXXXXXX,XXXXXXXXX,1,1790
1739,Justin,Smith,XXXXXXXXX,XXXXXXXXX,1,7744
1740,Mary,Craig,XXXXXXXXX,XXXXXXXXX,1,2842
1741,Joseph,Smith,XXXXXXXXX,XXXXXXXXX,2,7507
1742,Emma,Ellis,XXXXXXXXX,XXXXXXXXX,2,1831
1743,Mary,Smith,XXXXXXXXX,XXXXXXXXX,1,10437
1744,Anna,Bowers,XXXXXXXXX,XXXXXXXXX,2,10273
1745,Mary,Smith,XXXXXXXXX,XXXXXXXXX,2,11939
1746,Gregory,Blair,XXXXXXXXX,XXXXXXXXX,2,5534
1747,Mary,Booker,XXXXXXXXX,XXXXXXXXX,2,11937
1748,Mark,Smith,XXXXXXXXX,XXXXXXXXX,1,1238
1749,Mary,West,XXXXXXXXX,XXXXXXXXX,1,2684
1750,Christopher,Sanford,XXXXXXXXX,XXXXXXXXX,1,6572
1751,George,Smith,XXXXXXXXX,XXXXXXXXX,1,7401
1752,Mary,Merritt,XXXXXXXXX,XXXXXXXXX,1,10729
1753,Sandra,Smith,XXXXXXXXX,XXXXXXXXX,1,9365
1754,Kevin,Dixon,XXXXXXXXX,XXXXXXXXX,2,7717
1755,Mary,Smith,XXXXXXXXX,XXXXXXXXX,1,2234
1756,Jason,Dixon,XXXXXXXXX,XXXXXXXXX,1,11942
1757,Mary,Smith,XXXXXXXXX,XXXXXXXXX,1,10676
1758,Larry,King,XXXXXXXXX,XXXXXXXXX,1,2781
1759,Mary,Barnett,XXXXXXXXX,XXXXXXXXX,1,86
1760,Rebecca,Smith,XXXXXXXXX,XXXXXXXXX,1,13608
1761,Mary,Harris,XXXXXXXXX,XXXXXXXXX,2,2164
1762,Nicholas,Smith,XXXXXXXXX,XXXXXXXXX,2,2297
1763,Mary,Huffman,XXXXXXXXX,XXXXXXXXX,2,8737
1764,Megan,Davila,XXXXXXXXX,XXXXXXXXX,2,6830
1765,Mary,Smith,XXXXXXXXX,XXXXXXXXX,3,7934
1766,Michael,Myers,XXXXXXXXX,XXXXXXXXX,3,2040
1767,Barbara,Campos,XXXXXXXXX,XXXXXXXXX,3,1433
1768,Arthur,Smith,XXXXXXXXX,XXXXXXXXX,1,6806
1769,Mary,Hale,XXXXXXXXX,XXXXXXXXX,2,8440
1770,John,Avila,XXXXXXXXX,XXXXXXXXX,1,9100
1771,Carol,Smith,XXXXXXXXX,XXXXXXXXX,1,4948
1772,Mary,Barnes,XXXXXXXXX,XXXXXXXXX,2,12880
1773,Joan,Carr,XXXXXXXXX,XXXXXXXXX,3,2358
1774,Mary,Smith,XXXXXXXXX,XXXXXXXXX,1,15400
1775,Sharon,Hernandez,XXXXXXXXX,XXXXXXXXX,1,6685
1776,Mary,Howard,XXXXXXXXX,XXXXXXXXX,2,8536
1777,Kenneth,Snyder,XXXXXXXXX,XXXXXXXXX,2,559
1778,Mary,Bishop,XXXXXXXXX,XXXXXXXXX,1,12968
1779,Sarah,Smith,XXXXXXXXX,XXXXXXXXX,2,4522
1780,Larry,Sharp,XXXXXXXXX,XXXXXXXXX,3,9291
1781,Mary,Raymond,XXXXXXXXX,XXXXXXXXX,1,6986
1782,Robert,Smith,XXXXXXXXX,XXXXXXXXX,2,3540
1783,Mary,Cooper,XXXXXXXXX,XXXXXXXXX,2,15734
1785,Mary,Smith,XXXXXXXXX,XXXXXXXXX,1,2561
1786,Teresa,Salazar,XXXXXXXXX,XXXXXXXXX,1,7397
1787,Mary,Hancock,XXXXXXXXX,XXXXXXXXX,1,2317
1788,Timothy,Smith,XXXXXXXXX,XXXXXXXXX,1,12013
1790,Kimberly,Sherman,XXXXXXXXX,XXXXXXXXX,1,14413
1791,Brian,Smith,XXXXXXXXX,XXXXXXXXX,1,8836
1792,Roy,Rodriguez,XXXXXXXXX,XXXXXXXXX,1,16511
1793,Mary,Burke,XXXXXXXXX,XXXXXXXXX,1,784
1794,Paul,Smith,XXXXXXXXX,XXXXXXXXX,1,7121
1795,Joe,Ramirez,XXXXXXXXX,XXXXXXXXX,1,3124
1796,Mary,Carr,XXXXXXXXX,XXXXXXXXX,1,14871
1797,Carolyn,Smith,XXXXXXXXX,XXXXXXXXX,1,2058
1798,Mary,Kaiser,XXXXXXXXX,XXXXXXXXX,1,14531
1799,John,Smith,XXXXXXXXX,XXXXXXXXX,1,2281
1800,Lori,Acosta,XXXXXXXXX,XXXXXXXXX,1,3504
1801,Mary,Avila,XXXXXXXXX,XXXXXXXXX,2,9157
1802,Cynthia,Smith,XXXXXXXXX,XXXXXXXXX,2,12680
1803,Mary,Jones,XXXXXXXXX,XXXXXXXXX,2,4247
1804,Kathleen,Lee,XXXXXXXXX,XXXXXXXXX,2,721
1805,Mary,Porter,XXXXXXXXX,XXXXXXXXX,2,5668
1806,Roger,Smith,XXXXXXXXX,XXXXXXXXX,2,1546
1807,Mary,Curtis,XXXXXXXXX,XXXXXXXXX,1,12631
1809,Mary,Smith,XXXXXXXXX,XXXXXXXXX,3,2994
1810,James,Miller,XXXXXXXXX,XXXXXXXXX,3,7791
1811,Susan,Castillo,XXXXXXXXX,XXXXXXXXX,3,8933
1812,Mary,Smith,XXXXXXXXX,XXXXXXXXX,3,3672
1813,Carol,Mccarthy,XXXXXXXXX,XXXXXXXXX,1,12671
1814,Mary,Skinner,XXXXXXXXX,XXXXXXXXX,1,7897
1815,Russell,Smith,XXXXXXXXX,XXXXXXXXX,2,1725
1816,Mary,Taylor,XXXXXXXXX,XXXXXXXXX,3,15092
1817,Teresa,Mitchell,XXXXXXXXX,XXXXXXXXX,3,10617
1818,Mary,Fuentes,XXXXXXXXX,XXXXXXXXX,2,7638
1819,Jane,Smith,XXXXXXXXX,XXXXXXXXX,3,10621
1820,Mary,Hill,XXXXXXXXX,XXXXXXXXX,1,13583
1821,Mary,Trevino,XXXXXXXXX,XXXXXXXXX,1,10369
1822,Charles,Smith,XXXXXXXXX,XXXXXXXXX,3,7141
1823,Mary,Lopez,XXXXXXXXX,XXXXXXXXX,3,9313
1824,Julia,Tucker,XXXXXXXXX,XXXXXXXXX,3,14842
1825,Mary,Obrien,XXXXXXXXX,XXXXXXXXX,3,10722
1826,Matthew,Smith,XXXXXXXXX,XXXXXXXXX,2,3801
1827,Mary,Clark,XXXXXXXXX,XXXXXXXXX,3,15601
1828,Doris,Alvarez,XXXXXXXXX,XXXXXXXXX,1,3595
1829,Mary,Cain,XXXXXXXXX,XXXXXXXXX,1,7560
1830,Angela,Smith,XXXXXXXXX,XXXXXXXXX,1,12979
1831,Jacob,Woods,XXXXXXXXX,XXXXXXXXX,1,2776
1832,Mary,Valenzuela,XXXXXXXXX,XXXXXXXXX,1,4280
1833,Ronald,Smith,XXXXXXXXX,XXXXXXXXX,2,14960
1834,Jane,Nichols,XXXXXXXXX,XXXXXXXXX,3,7754
1835,Mary,Smith,XXXXXXXXX,XXXXXXXXX,2,13596
1836,Howard,Lee,XXXXXXXXX,XXXXXXXXX,2,10587
1837,Mary,Vega,XXXXXXXXX,XXXXXXXXX,3,6111
1838,Angela,Smith,XXXXXXXXX,XXXXXXXXX,3,4369
1839,Mary,Soto,XXXXXXXXX,XXXXXXXXX,2,3842
1840,Jerry,Smith,XXXXXXXXX,XXXXXXXXX,1,6020
1841,Douglas,Knight,XXXXXXXXX,XXXXXXXXX,2,6350
1842,Mary,Smith,XXXXXXXXX,XXXXXXXXX,2,1012
1843,Frank,Garcia,XXXXXXXXX,XXXXXXXXX,1,8345
1844,Teresa,Smith,XXXXXXXXX,XXXXXXXXX,2,16167
1845,Mary,Jones,XXXXXXXXX,XXXXXXXXX,2,1254
1846,Andrew,Harper,XXXXXXXXX,XXXXXXXXX,2,4517
1847,Mary,Smith,XXXXXXXXX,XXXXXXXXX,1,1130
1848,Mary,Brown,XXXXXXXXX,XXXXXXXXX,1,14529
1849,John,Bray,XXXXXXXXX,XXXXXXXXX,2,7994
1850,Emily,Riggs,XXXXXXXXX,XXXXXXXXX,2,3277
1851,Mary,Smith,XXXXXXXXX,XXXXXXXXX,1,11601
1852,Thomas,Crawford,XXXXXXXXX,XXXXXXXXX,1,522
1853,Mary,Austin,XXXXXXXXX,XXXXXXXXX,1,5692
1854,Lauren,Mcguire,XXXXXXXXX,XXXXXXXXX,1,15585
1855,Mary,Smith,XXXXXXXXX,XXXXXXXXX,1,14116
1856,Rebecca,Bruce,XXXXXXXXX,XXXXXXXXX,1,2272
1857,Mary,Smith,XXXXXXXXX,XXXXXXXXX,1,11996
1858,William,Greene,XXXXXXXXX,XXXXXXXXX,1,2725
1859,Charles,Smith,XXXXXXXXX,XXXXXXXXX,1,11992
1860,Christopher,Osborn,XXXXXXXXX,XXXXXXXXX,1,12377
1861,Nancy,Smith,XXXXXXXXX,XXXXXXXXX,1,13888
1862,Jerry,Wright,XXXXXXXXX,XXXXXXXXX,1,6746
1863,Mary,Brooks,XXXXXXXXX,XXXXXXXXX,2,7884
1864,Deborah,Smith,XXXXXXXXX,XXXXXXXXX,2,10034
1865,Mary,Romero,XXXXXXXXX,XXXXXXXXX,2,12099
1866,Jessica,Huffman,XXXXXXXXX,XXXXXXXXX,2,1377
1867,Cheryl,Smith,XXXXXXXXX,XXXXXXXXX,2,8521
1868,Mary,Riddle,XXXXXXXXX,XXXXXXXXX,2,4291
1869,Mark,Smith,XXXXXXXXX,XXXXXXXXX,2,5877
1870,Tiffany,Greer,XXXXXXXXX,XXXXXXXXX,2,863
1871,Mary,Mcknight,XXXXXXXXX,XXXXXXXXX,1,10608
1872,Dorothy,Smith,XXXXXXXXX,XXXXXXXXX,1,16402
1873,Ronald,Scott,XXXXXXXXX,XXXXXXXXX,1,6056
1874,Mary,Deleon,XXXXXXXXX,XXXXXXXXX,1,9374
1875,Daniel,Pham,XXXXXXXXX,XXXXXXXXX,1,8865
1876,Austin,Smith,XXXXXXXXX,XXXXXXXXX,1,1914
1877,Mary,Powers,XXXXXXXXX,XXXXXXXXX,1,9872
1878,Amber,Smith,XXXXXXXXX,XXXXXXXXX,2,15234
1879,Mary,Frederick,XXXXXXXXX,XXXXXXXXX,2,13231
1880,Sarah,Smith,XXXXXXXXX,XXXXXXXXX,2,10652
1881,Anna,Wilson,XXXXXXXXX,XXXXXXXXX,3,11374
1882,Jacob,Wood,XXXXXXXXX,XXXXXXXXX,3,5854
1883,Mary,Smith,XXXXXXXXX,XXXXXXXXX,3,11164
1884,Joan,Sanders,XXXXXXXXX,XXXXXXXXX,3,15210
1885,Mary,Norman,XXXXXXXXX,XXXXXXXXX,3,14406
1886,Mark,Smith,XXXXXXXXX,XXXXXXXXX,3,16327
1887,Katherine,Jenkins,XXXXXXXXX,XXXXXXXXX,3,6126
1888,Julia,Smith,XXXXXXXXX,XXXXXXXXX,3,9151
1889,Mary,West,XXXXXXXXX,XXXXXXXXX,3,5694
1890,Margaret,Smith,XXXXXXXXX,XXXXXXXXX,3,8516
1891,Mary,Mora,XXXXXXXXX,XXXXXXXXX,2,1524
1892,Nicholas,Smith,XXXXXXXXX,XXXXXXXXX,1,12412
1893,Mary,Wilson,XXXXXXXXX,XXXXXXXXX,1,1022
1894,Michael,Flores,XXXXXXXXX,XXXXXXXXX,3,666
1895,George,Myers,XXXXXXXXX,XXXXXXXXX,3,8321
1896,Donna,Smith,XXXXXXXXX,XXXXXXXXX,3,2941
1897,Patrick,Baker,XXXXXXXXX,XXXXXXXXX,3,8306
1898,Mary,Hammond,XXXXXXXXX,XXXXXXXXX,1,10961
1899,Susan,Smith,XXXXXXXXX,XXXXXXXXX,2,12449
1900,Paul,Mercer,XXXXXXXXX,XXXXXXXXX,1,11226
1901,Jacob,Smith,XXXXXXXXX,XXXXXXXXX,1,13311
1902,Alice,Murphy,XXXXXXXXX,XXXXXXXXX,1,1292
1903,Mary,Sullivan,XXXXXXXXX,XXXXXXXXX,1,10342
1904,Henry,Smith,XXXXXXXXX,XXXXXXXXX,2,9305
1905,Mary,Hart,XXXXXXXXX,XXXXXXXXX,3,1584
1906,Raymond,Smith,XXXXXXXXX,XXXXXXXXX,1,11242
1907,Mary,Davis,XXXXXXXXX,XXXXXXXXX,1,15337
1908,Beverly,Pugh,XXXXXXXXX,XXXXXXXXX,1,1157
1909,Mary,Smith,XXXXXXXXX,XXXXXXXXX,2,13362
1910,Helen,Price,XXXXXXXXX,XXXXXXXXX,2,11645
1911,Mary,Smith,XXXXXXXXX,XXXXXXXXX,2,6734
1912,Robert,Nunez,XXXXXXXXX,XXXXXXXXX,2,1251
1913,Ethan,Smith,XXXXXXXXX,XXXXXXXXX,1,15651
1914,Mary,Shannon,XXXXXXXXX,XXXXXXXXX,1,3182
1915,David,Smith,XXXXXXXXX,XXXXXXXXX,1,13361
1916,Jason,Robinson,XXXXXXXXX,XXXXXXXXX,1,5325
1917,Mary,Nash,XXXXXXXXX,XXXXXXXXX,2,15115
1918,Ralph,Smith,XXXXXXXXX,XXXXXXXXX,3,9944
1919,Mary,Middleton,XXXXXXXXX,XXXXXXXXX,2,5656
1920,Stephanie,Archer,XXXXXXXXX,XXXXXXXXX,3,3231
1921,Larry,Smith,XXXXXXXXX,XXXXXXXXX,3,4945
1922,Mary,Morris,XXXXXXXXX,XXXXXXXXX,3,10419
1923,Kathryn,Myers,XXXXXXXXX,XXXXXXXXX,3,1043
1924,Mary,Ingram,XXXXXXXXX,XXXXXXXXX,1,13514
1925,Edward,Smith,XXXXXXXXX,XXXXXXXXX,1,14772
1926,Mary,Williams,XXXXXXXXX,XXXXXXXXX,1,1860
1927,Laura,Stevens,XXXXXXXXX,XXXXXXXXX,1,2822
1928,Timothy,Rojas,XXXXXXXXX,XXXXXXXXX,1,1692
1929,Kathryn,Smith,XXXXXXXXX,XXXXXXXXX,1,7429
1930,Mary,Hooper,XXXXXXXXX,XXXXXXXXX,1,13226
1931,John,Smith,XXXXXXXXX,XXXXXXXXX,1,6271
1932,Shirley,Perez,XXXXXXXXX,XXXXXXXXX,1,11908
1933,Eric,Smith,XXXXXXXXX,XXXXXXXXX,1,5504
1934,Christina,James,XXXXXXXXX,XXXXXXXXX,3,10748
1935,Mary,Smith,XXXXXXXXX,XXXXXXXXX,3,770
1936,Jane,Jennings,XXXXXXXXX,XXXXXXXXX,2,9433
1937,Mary,Werner,XXXXXXXXX,XXXXXXXXX,2,8889
1938,Charles,Smith,XXXXXXXXX,XXXXXXXXX,3,9992
1939,Edward,Garcia,XXXXXXXXX,XXXXXXXXX,1,6066
1940,Katherine,Smith,XXXXXXXXX,XXXXXXXXX,2,14149
1941,Mary,Santiago,XXXXXXXXX,XXXXXXXXX,2,11455
1942,Joseph,Moran,XXXXXXXXX,XXXXXXXXX,2,7174
1943,Harry,Schaefer,XXXXXXXXX,XXXXXXXXX,3,6793
1944,Mary,Smith,XXXXXXXXX,XXXXXXXXX,3,16476
1945,Michael,Mullins,XXXXXXXXX,XXXXXXXXX,2,10091
1946,Diane,Smith,XXXXXXXXX,XXXXXXXXX,1,5127
1947,Mary,Rogers,XXXXXXXXX,XXXXXXXXX,1,6883
1948,Peter,Smith,XXXXXXXXX,XXXXXXXXX,1,9287
1949,Sean,Luna,XXXXXXXXX,XXXXXXXXX,1,7751
1950,Mary,Boyer,XXXXXXXXX,XXXXXXXXX,3,15227
1951,Joseph,Hutchinson,XXXXXXXXX,XXXXXXXXX,1,6990
1952,Ashley,Smith,XXXXXXXXX,XXXXXXXXX,1,15291
1953,Maria,Ortiz,XXXXXXXXX,XXXXXXXXX,2,14493
1954,Mary,Smith,XXXXXXXXX,XXXXXXXXX,2,11759
1955,Arthur,West,XXXXXXXXX,XXXXXXXXX,1,7967
1956,Mary,Clay,XXXXXXXXX,XXXXXXXXX,1,8580
1957,Shirley,Smith,XXXXXXXXX,XXXXXXXXX,1,3853
1958,Mary,Ward,XXXXXXXXX,XXXXXXXXX,2,14757
1959,Lauren,Hardy,XXXXXXXXX,XXXXXXXXX,1,11946
1960,Victoria,Smith,XXXXXXXXX,XXXXXXXXX,2,10990
1961,Mary,Holt,XXXXXXXXX,XXXXXXXXX,2,12243
1962,Marie,Smith,XXXXXXXXX,XXXXXXXXX,1,1460
1963,Mary,Wilson,XXXXXXXXX,XXXXXXXXX,1,15597
1964,Sara,Thompson,XXXXXXXXX,XXXXXXXXX,1,8198
1965,Mary,Boyd,XXXXXXXXX,XXXXXXXXX,1,1053
1966,Gregory,Dunn,XXXXXXXXX,XXXXXXXXX,2,3007
1967,Benjamin,Smith,XXXXXXXXX,XXXXXXXXX,2,9884
1968,Mary,Cooper,XXXXXXXXX,XXXXXXXXX,2,13916
1969,Ethan,Alexander,XXXXXXXXX,XXXXXXXXX,2,5829
1970,Mary,Smith,XXXXXXXXX,XXXXXXXXX,2,4737
1971,Richard,Stokes,XXXXXXXXX,XXXXXXXXX,2,3399
1972,Marilyn,Smith,XXXXXXXXX,XXXXXXXXX,1,549
1973,Mary,Jones,XXXXXXXXX,XXXXXXXXX,1,13726
1974,Joe,Moody,XXXXXXXXX,XXXXXXXXX,2,5303
1975,Mary,Smith,XXXXXXXXX,XXXXXXXXX,2,12572
1976,Jacqueline,Salazar,XXXXXXXXX,XXXXXXXXX,2,2138
1977,Sara,Smith,XXXXXXXXX,XXXXXXXXX,2,8755
1978,Mary,White,XXXXXXXXX,XXXXXXXXX,1,16193
1979,Kimberly,Kramer,XXXXXXXXX,XXXXXXXXX,1,4255
1980,Mary,Smith,XXXXXXXXX,XXXXXXXXX,1,3211
1981,Betty,Romero,XXXXXXXXX,XXXXXXXXX,2,12349
1982,Kathryn,Nolan,XXXXXXXXX,XXXXXXXXX,2,4543
1983,Diana,Smith,XXXXXXXXX,XXXXXXXXX,2,1850
1984,Mary,Williams,XXXXXXXXX,XXXXXXXXX,2,12728
1985,Lisa,Hudson,XXXXXXXXX,XXXXXXXXX,2,12366
1986,Mary,Smith,XXXXXXXXX,XXXXXXXXX,2,14654
1987,Brenda,Mccarthy,XXXXXXXXX,XXXXXXXXX,1,14062
1988,Mary,Smith,XXXXXXXXX,XXXXXXXXX,2,4042
1989,Richard,Leach,XXXXXXXXX,XXXXXXXXX,3,15450
1990,Kathryn,Smith,XXXXXXXXX,XXXXXXXXX,3,9979
1991,Lori,Wells,XXXXXXXXX,XXXXXXXXX,1,16377
1992,Mary,Mann,XXXXXXXXX,XXXXXXXXX,1,2485
1993,Diana,Smith,XXXXXXXXX,XXXXXXXXX,1,2854
1994,Mary,Cox,XXXXXXXXX,XXXXXXXXX,1,5788
1995,Janice,James,XXXXXXXXX,XXXXXXXXX,1,6411
1996,Mary,Smith,XXXXXXXXX,XXXXXXXXX,1,2641
1997,Amy,Callahan,XXXXXXXXX,XXXXXXXXX,1,3390
1998,Mary,Smith,XXXXXXXXX,XXXXXXXXX,3,898
1999,Sarah,Richard,XXXXXXXXX,XXXXXXXXX,1,14366
2000,Mary,Vance,XXXXXXXXX,XXXXXXXXX,3,6912
2001,Elizabeth,Smith,XXXXXXXXX,XXXXXXXXX,1,5805
2002,Amy,Perez,XXXXXXXXX,XXXXXXXXX,1,11566
2003,Mary,Brooks,XXXXXXXXX,XXXXXXXXX,1,4286
2004,Jeffrey,Mclaughlin,XXXXXXXXX,XXXXXXXXX,1,170
2005,Mary,Smith,XXXXXXXXX,XXXXXXXXX,1,7196
2006,Richard,Jordan,XXXXXXXXX,XXXXXXXXX,1,9816
2007,Mary,Schroeder,XXXXXXXXX,XXXXXXXXX,1,12272
2008,Alexander,Smith,XXXXXXXXX,XXXXXXXXX,1,13126
2009,Philip,Paul,XXXXXXXXX,XXXXXXXXX,1,13647
2010,Mary,Smith,XXXXXXXXX,XXXXXXXXX,1,3455
2011,Ashley,Stanton,XXXXXXXXX,XXXXXXXXX,1,1175
2012,Ethan,Smith,XXXXXXXXX,XXXXXXXXX,1,12790
2013,Mary,Fletcher,XXXXXXXXX,XXXXXXXXX,2,7055
2014,Nancy,Yates,XXXXXXXXX,XXXXXXXXX,1,10563
2015,Mary,Smith,XXXXXXXXX,XXXXXXXXX,1,2599
2016,Jonathan,Wilson,XXXXXXXXX,XXXXXXXXX,1,7608
2017,Mary,Smith,XXXXXXXXX,XXXXXXXXX,1,3789
2018,Shirley,Bell,XXXXXXXXX,XXXXXXXXX,1,12634
2019,Pamela,Smith,XXXXXXXXX,XXXXXXXXX,2,14803
2020,Mary,Caldwell,XXXXXXXXX,XXXXXXXXX,2,4787
2021,Theresa,Smith,XXXXXXXXX,XXXXXXXXX,2,6406
2022,Beverly,Garcia,XXXXXXXXX,XXXXXXXXX,2,4427
2023,Mary,Fox,XXXXXXXXX,XXXXXXXXX,2,8223
2024,Harold,Bowman,XXXXXXXXX,XXXXXXXXX,2,13123
2025,Mary,Fleming,XXXXXXXXX,XXXXXXXXX,2,10288
2026,Robert,Smith,XXXXXXXXX,XXXXXXXXX,2,5088
2027,Jennifer,Mills,XXXXXXXXX,XXXXXXXXX,2,8688
2028,Cynthia,Smith,XXXXXXXXX,XXXXXXXXX,1,3253
2029,Andrea,Sheppard,XXXXXXXXX,XXXXXXXXX,1,13234
2030,Rose,Smith,XXXXXXXXX,XXXXXXXXX,2,14517
2031,Mary,French,XXXXXXXXX,XXXXXXXXX,3,818
2032,Douglas,Smith,XXXXXXXXX,XXXXXXXXX,3,7509
2033,Mary,Bates,XXXXXXXXX,XXXXXXXXX,3,2036
2034,Ruth,Smith,XXXXXXXXX,XXXXXXXXX,1,7676
2035,Mary,Salas,XXXXXXXXX,XXXXXXXXX,2,12369
2036,Deborah,Smith,XXXXXXXXX,XXXXXXXXX,1,16295
2037,Jacob,Clark,XXXXXXXXX,XXXXXXXXX,1,10597
2038,Tammy,Smith,XXXXXXXXX,XXXXXXXXX,1,10956
2039,Mary,Key,XXXXXXXXX,XXXXXXXXX,1,6724
2040,Susan,Smith,XXXXXXXXX,XXXXXXXXX,1,10388
2041,Paul,Garcia,XXXXXXXXX,XXXXXXXXX,1,158
2042,Sara,Castro,XXXXXXXXX,XXXXXXXXX,1,13806
2043,Mary,Smith,XXXXXXXXX,XXXXXXXXX,1,13601
2044,Cynthia,Smith,XXXXXXXXX,XXXXXXXXX,1,2020
2045,Katherine,Lozano,XXXXXXXXX,XXXXXXXXX,1,10637
2046,Mary,Smith,XXXXXXXXX,XXXXXXXXX,1,7669
2047,Megan,Kelly,XXXXXXXXX,XXXXXXXXX,1,455
2048,Mary,Wolf,XXXXXXXXX,XXXXXXXXX,1,5461
2049,Gary,Smith,XXXXXXXXX,XXXXXXXXX,2,16423
2050,Mary,Jacobs,XXXXXXXXX,XXXXXXXXX,2,13541
2051,Maria,Stanley,XXXXXXXXX,XXXXXXXXX,1,13880
2052,Mary,Anthony,XXXXXXXXX,XXXXXXXXX,1,14304
2053,Ronald,Smith,XXXXXXXXX,XXXXXXXXX,1,66
2054,Olivia,Davis,XXXXXXXXX,XXXXXXXXX,1,16459
2055,Mary,Smith,XXXXXXXXX,XXXXXXXXX,1,7018
2056,Jeffrey,Melton,XXXXXXXXX,XXXXXXXXX,2,845
2057,Kathy,Smith,XXXXXXXXX,XXXXXXXXX,2,8172
2058,Mary,Hernandez,XXXXXXXXX,XXXXXXXXX,1,316
2059,Charles,Riley,XXXXXXXXX,XXXXXXXXX,1,6551
2060,Johnny,Smith,XXXXXXXXX,XXXXXXXXX,1,16237
2061,Mary,Russell,XXXXXXXXX,XXXXXXXXX,1,2132
2062,Sharon,Smith,XXXXXXXXX,XXXXXXXXX,1,8730
2063,Mary,Morris,XXXXXXXXX,XXXXXXXXX,1,6846
2064,David,Garrison,XXXXXXXXX,XXXXXXXXX,1,7304
2065,Wayne,Smith,XXXXXXXXX,XXXXXXXXX,1,4998
2066,Mary,Garcia,XXXXXXXXX,XXXXXXXXX,1,15419
2067,Donald,Mcbride,XXXXXXXXX,XXXXXXXXX,1,15970
2068,Donna,Smith,XXXXXXXXX,XXXXXXXXX,2,1333
2069,Alice,Ellison,XXXXXXXXX,XXXXXXXXX,2,9802
2070,Mary,Smith,XXXXXXXXX,XXXXXXXXX,2,8366
2071,Walter,Howard,XXXXXXXXX,XXXXXXXXX,2,6910
2072,Mary,Fisher,XXXXXXXXX,XXXXXXXXX,2,6427
2074,Mary,Gross,XXXXXXXXX,XXXXXXXXX,2,8488
2075,Sarah,Smith,XXXXXXXXX,XXXXXXXXX,2,5261
2076,George,Brock,XXXXXXXXX,XXXXXXXXX,3,6344
2077,Ann,Smith,XXXXXXXXX,XXXXXXXXX,3,3678
2078,Roger,Morales,XXXXXXXXX,XXXXXXXXX,1,1253
2079,Mary,Hunter,XXXXXXXXX,XXXXXXXXX,3,11413
2080,Alice,Smith,XXXXXXXXX,XXXXXXXXX,1,1303
2081,Mary,Williams,XXXXXXXXX,XXXXXXXXX,1,410
2082,Megan,Holland,XXXXXXXXX,XXXXXXXXX,2,13266
2083,Mary,Smith,XXXXXXXXX,XXXXXXXXX,2,5196
2084,Edward,Wolfe,XXXXXXXXX,XXXXXXXXX,2,2334
2085,Mary,Mahoney,XXXXXXXXX,XXXXXXXXX,1,2007
2086,Ruth,Smith,XXXXXXXXX,XXXXXXXXX,3,10631
2087,Mary,Burton,XXXXXXXXX,XXXXXXXXX,3,16234
2088,Frank,Rhodes,XXXXXXXXX,XXXXXXXXX,3,13884
2089,Mary,Smith,XXXXXXXXX,XXXXXXXXX,3,11358
2090,Cynthia,Rosario,XXXXXXXXX,XXXXXXXXX,1,13574
2091,Doris,Smith,XXXXXXXXX,XXXXXXXXX,1,3712
2092,Mary,Hunter,XXXXXXXXX,XXXXXXXXX,1,16390
2093,Justin,Jennings,XXXXXXXXX,XXXXXXXXX,2,14854
2094,Mary,Smith,XXXXXXXXX,XXXXXXXXX,2,5832
2095,Brenda,Bailey,XXXXXXXXX,XXXXXXXXX,1,15149
2097,Mary,Smith,XXXXXXXXX,XXXXXXXXX,2,5283
2098,Sara,Davis,XXXXXXXXX,XXXXXXXXX,1,3750
2099,Dylan,Preston,XXXXXXXXX,XXXXXXXXX,2,991
2100,Mary,Smith,XXXXXXXXX,XXXXXXXXX,2,1719
2101,Patrick,Lopez,XXXXXXXXX,XXXXXXXXX,2,3388
2102,Mary,Parks,XXXXXXXXX,XXXXXXXXX,2,13905
2103,Megan,Smith,XXXXXXXXX,XXXXXXXXX,1,12413
2104,Mary,Ortega,XXXXXXXXX,XXXXXXXXX,1,5447
2105,George,Smith,XXXXXXXXX,XXXXXXXXX,2,5886
2106,Mary,Grimes,XXXXXXXXX,XXXXXXXXX,1,2445
2107,Paul,Smith,XXXXXXXXX,XXXXXXXXX,1,14701
2108,Rachel,Marshall,XXXXXXXXX,XXXXXXXXX,1,404
2109,Mary,Smith,XXXXXXXXX,XXXXXXXXX,1,11106
2110,Cynthia,Myers,XXXXXXXXX,XXXXXXXXX,1,3000
2111,Joan,Smith,XXXXXXXXX,XXXXXXXXX,3,5557
2112,Mary,Wallace,XXXXXXXXX,XXXXXXXXX,3,3170
2113,David,Smith,XXXXXXXXX,XXXXXXXXX,3,9202
2114,Timothy,Vega,XXXXXXXXX,XXXXXXXXX,1,10998
2115,Mary,Brady,XXXXXXXXX,XXXXXXXXX,1,5045
2116,Daniel,Smith,XXXXXXXXX,XXXXXXXXX,1,8423
2117,Hannah,Wilcox,XXXXXXXXX,XXXXXXXXX,2,8091
2118,Mary,Smith,XXXXXXXXX,XXXXXXXXX,2,11245
2119,Angela,Hale,XXXXXXXXX,XXXXXXXXX,1,10209
2120,Jeremy,Smith,XXXXXXXXX,XXXXXXXXX,1,2423
2121,Mary,Dillon,XXXXXXXXX,XXXXXXXXX,1,6450
2122,Jonathan,Smith,XXXXXXXXX,XXXXXXXXX,1,9785
2123,Mary,Ray,XXXXXXXXX,XXXXXXXXX,1,5659
2124,Matthew,Montgomery,XXXXXXXXX,XXXXXXXXX,3,9522
2125,Mary,Smith,XXXXXXXXX,XXXXXXXXX,3,5262
2126,James,Pollard,XXXXXXXXX,XXXXXXXXX,1,8148
2127,Joshua,Smith,XXXXXXXXX,XXXXXXXXX,1,346
2128,Mary,Weiss,XXXXXXXXX,XXXXXXXXX,1,11100
2129,William,Charles,XXXXXXXXX,XXXXXXXXX,1,10492
2130,Mary,Smith,XXXXXXXXX,XXXXXXXXX,1,10373
2131,Evelyn,Green,XXXXXXXXX,XXXXXXXXX,1,7806
2132,Mary,Smith,XXXXXXXXX,XXXXXXXXX,1,7412
2133,Rebecca,Roberts,XXXXXXXXX,XXXXXXXXX,1,12313
2134,Mary,Gibbs,XXXXXXXXX,XXXXXXXXX,1,15870
2135,Melissa,Smith,XXXXXXXXX,XXXXXXXXX,3,15052
2136,Catherine,Turner,XXXXXXXXX,XXXXXXXXX,1,293
2137,Mary,Page,XXXXXXXXX,XXXXXXXXX,2,5594
2138,Larry,Smith,XXXXXXXXX,XXXXXXXXX,2,11961
2139,Mary,Ayers,XXXXXXXXX,XXXXXXXXX,1,11844
2140,Samuel,Smith,XXXXXXXXX,XXXXXXXXX,1,9049
2141,Mary,Le,XXXXXXXXX,XXXXXXXXX,1,3770
2142,Mary,Smith,XXXXXXXXX,XXXXXXXXX,1,8361
2143,Elizabeth,Herrera,XXXXXXXXX,XXXXXXXXX,1,32
2144,Mary,Trevino,XXXXXXXXX,XXXXXXXXX,1,9281
2145,Ashley,Smith,XXXXXXXXX,XXXXXXXXX,2,6868
2146,Mary,Hall,XXXXXXXXX,XXXXXXXXX,2,5698
2147,Joyce,Smith,XXXXXXXXX,XXXXXXXXX,3,13160
2148,Jean,Mcguire,XXXXXXXXX,XXXXXXXXX,3,13175
2149,Mary,Smith,XXXXXXXXX,XXXXXXXXX,1,3405
2150,Andrea,Lawson,XXXXXXXXX,XXXXXXXXX,2,7763
2151,Mary,Smith,XXXXXXXXX,XXXXXXXXX,2,4091
2152,Marie,Rodriguez,XXXXXXXXX,XXXXXXXXX,1,14363
2153,Nathan,Price,XXXXXXXXX,XXXXXXXXX,2,4845
2154,Mary,Andrews,XXXXXXXXX,XXXXXXXXX,2,3470
2155,Joshua,Mckinney,XXXXXXXXX,XXXXXXXXX,2,3379
2156,Mary,Smith,XXXXXXXXX,XXXXXXXXX,2,13671
2157,Danielle,Holt,XXXXXXXXX,XXXXXXXXX,2,3794
2158,Mary,Smith,XXXXXXXXX,XXXXXXXXX,1,5690
2159,Kimberly,Sweeney,XXXXXXXXX,XXXXXXXXX,2,13724
2160,Stephen,Smith,XXXXXXXXX,XXXXXXXXX,2,1655
2161,Mary,Mercer,XXXXXXXXX,XXXXXXXXX,2,7394
2162,Margaret,Smith,XXXXXXXXX,XXXXXXXXX,2,9839
2163,Nicholas,Wright,XXXXXXXXX,XXXXXXXXX,2,8585
2164,Ethan,Smith,XXXXXXXXX,XXXXXXXXX,3,16522
2165,Mary,Clark,XXXXXXXXX,XXXXXXXXX,1,15152
2166,Rebecca,Smith,XXXXXXXXX,XXXXXXXXX,1,1209
2167,Roger,Williams,XXXXXXXXX,XXXXXXXXX,1,6027
2168,Mary,Reynolds,XXXXXXXXX,XXXXXXXXX,1,7247
2169,Betty,Ayala,XXXXXXXXX,XXXXXXXXX,1,1330
2170,Nicholas,Smith,XXXXXXXXX,XXXXXXXXX,1,8971
2171,Mary,Jones,XXXXXXXXX,XXXXXXXXX,1,14472
2172,Gary,Gonzalez,XXXXXXXXX,XXXXXXXXX,1,9397
2173,Mary,Rogers,XXXXXXXXX,XXXXXXXXX,1,6837
2174,Rachel,Fuentes,XXXXXXXXX,XXXXXXXXX,1,16488
2175,Mary,Smith,XXXXXXXXX,XXXXXXXXX,1,514
2176,Nicholas,Meyers,XXXXXXXXX,XXXXXXXXX,3,10257
2177,Mary,Smith,XXXXXXXXX,XXXXXXXXX,1,8122
2178,Martha,Young,XXXXXXXXX,XXXXXXXXX,3,1476
2179,Mary,Duncan,XXXXXXXXX,XXXXXXXXX,3,12560
2180,Shirley,Smith,XXXXXXXXX,XXXXXXXXX,2,14157
2181,Christina,Smith,XXXXXXXXX,XXXXXXXXX,2,7559
2182,Mary,Cook,XXXXXXXXX,XXXXXXXXX,1,2738
2183,Richard,Smith,XXXXXXXXX,XXXXXXXXX,1,8928
2184,Randy,Johnson,XXXXXXXXX,XXXXXXXXX,2,10822
2185,Mary,Mitchell,XXXXXXXXX,XXXXXXXXX,2,247
2186,Nathan,Griffin,XXXXXXXXX,XXXXXXXXX,1,3919
2187,Mary,Smith,XXXXXXXXX,XXXXXXXXX,2,2813
2188,James,Patel,XXXXXXXXX,XXXXXXXXX,2,10468
2189,Ronald,Smith,XXXXXXXXX,XXXXXXXXX,2,11190
2190,Mary,Reyes,XXXXXXXXX,XXXXXXXXX,2,1686
2191,Ronald,Reynolds,XXXXXXXXX,XXXXXXXXX,1,15258
2192,Mary,Clay,XXXXXXXXX,XXXXXXXXX,1,11999
2193,Catherine,Smith,XXXXXXXXX,XXXXXXXXX,1,1922
2194,Mary,Murillo,XXXXXXXXX,XXXXXXXXX,1,6960
2195,Walter,Smith,XXXXXXXXX,XXXXXXXXX,3,15150
2196,Mary,Jacobs,XXXXXXXXX,XXXXXXXXX,3,15770
2197,Joseph,Smith,XXXXXXXXX,XXXXXXXXX,1,6708
2198,Thomas,Friedman,XXXXXXXXX,XXXXXXXXX,2,5136
2199,Cynthia,Smith,XXXXXXXXX,XXXXXXXXX,2,5157
2200,Evelyn,Wilson,XXXXXXXXX,XXXXXXXXX,2,11808
2201,Benjamin,Ortiz,XXXXXXXXX,XXXXXXXXX,3,12400
2202,Mary,Smith,XXXXXXXXX,XXXXXXXXX,2,8420
2203,Evelyn,Davenport,XXXXXXXXX,XXXXXXXXX,2,16471
2204,Mary,Smith,XXXXXXXXX,XXXXXXXXX,2,6926
2205,Wayne,Rodriguez,XXXXXXXXX,XXXXXXXXX,2,7242
2206,Mary,Peters,XXXXXXXXX,XXXXXXXXX,2,12365
2207,Lori,Wolfe,XXXXXXXXX,XXXXXXXXX,1,3773
2208,Mary,Smith,XXXXXXXXX,XXXXXXXXX,1,6822
2209,Emma,Ramos,XXXXXXXXX,XXXXXXXXX,1,573
2210,Mary,Bryant,XXXXXXXXX,XXXXXXXXX,1,4898
2211,Debra,Harvey,XXXXXXXXX,XXXXXXXXX,1,11536
2212,Mary,Smith,XXXXXXXXX,XXXXXXXXX,1,12744
2213,Henry,Castaneda,XXXXXXXXX,XXXXXXXXX,1,14256
2214,Mary,Smith,XXXXXXXXX,XXXXXXXXX,1,10460
2215,Karen,Ferguson,XXXXXXXXX,XXXXXXXXX,3,6750
2216,Rebecca,Smith,XXXXXXXXX,XXXXXXXXX,3,8511
2217,Mary,Martinez,XXXXXXXXX,XXXXXXXXX,1,9807
2218,Jacqueline,Little,XXXXXXXXX,XXXXXXXXX,1,1134
2219,Mary,Chung,XXXXXXXXX,XXXXXXXXX,2,9819
2220,James,Smith,XXXXXXXXX,XXXXXXXXX,2,1958
2221,Richard,Edwards,XXXXXXXXX,XXXXXXXXX,1,3784
2222,Paul,Cook,XXXXXXXXX,XXXXXXXXX,2,7348
2223,Sharon,Hoffman,XXXXXXXXX,XXXXXXXXX,1,11030
2224,Ann,Mercado,XXXXXXXXX,XXXXXXXXX,2,10084
2225,Mary,Smith,XXXXXXXXX,XXXXXXXXX,3,1296
2226,Jonathan,Nash,XXXXXXXXX,XXXXXXXXX,3,5282
2227,Mary,Smith,XXXXXXXXX,XXXXXXXXX,3,1640
2228,Carolyn,Woods,XXXXXXXXX,XXXXXXXXX,2,1841
2229,Mary,Hunt,XXXXXXXXX,XXXXXXXXX,2,7953
2230,Rebecca,Smith,XXXXXXXXX,XXXXXXXXX,2,11163
2231,Mary,Freeman,XXXXXXXXX,XXXXXXXXX,3,3438
2232,Paul,Berry,XXXXXXXXX,XXXXXXXXX,2,3206
2233,Jack,Duke,XXXXXXXXX,XXXXXXXXX,1,6160
2234,Mary,Smith,XXXXXXXXX,XXXXXXXXX,1,12420
2235,David,Shields,XXXXXXXXX,XXXXXXXXX,1,10886
2236,Jeffrey,Whitney,XXXXXXXXX,XXXXXXXXX,1,5365
2237,Mary,Smith,XXXXXXXXX,XXXXXXXXX,1,3385
2238,Billy,Pittman,XXXXXXXXX,XXXXXXXXX,2,8071
2239,Mary,Smith,XXXXXXXXX,XXXXXXXXX,3,15619
2240,Edward,West,XXXXXXXXX,XXXXXXXXX,3,11636
2241,Katherine,Smith,XXXXXXXXX,XXXXXXXXX,3,16514
2242,Mary,Johnson,XXXXXXXXX,XXXXXXXXX,1,11569
2243,George,Mayer,XXXXXXXXX,XXXXXXXXX,1,2724
2244,Mary,Smith,XXXXXXXXX,XXXXXXXXX,3,14790
2245,Megan,Johnson,XXXXXXXXX,XXXXXXXXX,1,1065
2246,Mary,Lewis,XXXXXXXXX,XXXXXXXXX,2,11057
2247,Alice,Werner,XXXXXXXXX,XXXXXXXXX,3,1093
2248,Mary,Smith,XXXXXXXXX,XXXXXXXXX,3,9534
2249,Dorothy,Rivera,XXXXXXXXX,XXXXXXXXX,2,4746
2250,Amanda,Smith,XXXXXXXXX,XXXXXXXXX,2,11578
2251,Gregory,Manning,XXXXXXXXX,XXXXXXXXX,2,4937
2252,Mary,Smith,XXXXXXXXX,XXXXXXXXX,1,1367
2253,Charles,Jacobs,XXXXXXXXX,XXXXXXXXX,1,2158
2254,Sarah,Smith,XXXXXXXXX,XXXXXXXXX,1,8040
2255,Cheryl,Kline,XXXXXXXXX,XXXXXXXXX,1,9348
2256,Mary,Smith,XXXXXXXXX,XXXXXXXXX,1,14196
2257,Matthew,Burgess,XXXXXXXXX,XXXXXXXXX,3,15570
2258,Dorothy,Parrish,XXXXXXXXX,XXXXXXXXX,3,10859
2259,Mary,Knapp,XXXXXXXXX,XXXXXXXXX,3,13038
2260,Laura,Haas,XXXXXXXXX,XXXXXXXXX,3,7441
2261,Mary,Smith,XXXXXXXXX,XXXXXXXXX,3,1564
2262,Jose,Walsh,XXXXXXXXX,XXXXXXXXX,1,12733
2263,Mary,Smith,XXXXXXXXX,XXXXXXXXX,1,6870
2264,Melissa,Pearson,XXXXXXXXX,XXXXXXXXX,1,4289
2265,Mary,Smith,XXXXXXXXX,XXXXXXXXX,1,13955
2266,Kevin,Garcia,XXXXXXXXX,XXXXXXXXX,1,16056
2267,Rebecca,Tran,XXXXXXXXX,XXXXXXXXX,1,915
2268,Mary,Smith,XXXXXXXXX,XXXXXXXXX,3,7506
2269,Brittany,Garner,XXXXXXXXX,XXXXXXXXX,1,1060
2270,Mary,Smith,XXXXXXXXX,XXXXXXXXX,1,15250
2271,Robert,Lee,XXXXXXXXX,XXXXXXXXX,1,6436
2272,Christopher,Richardson,XXXXXXXXX,XXXXXXXXX,1,11337
2273,Jacob,Smith,XXXXXXXXX,XXXXXXXXX,1,5818
2274,Mary,Reed,XXXXXXXXX,XXXXXXXXX,1,9798
2275,Lisa,Smith,XXXXXXXXX,XXXXXXXXX,1,13799
2276,Mary,Williams,XXXXXXXXX,XXXXXXXXX,1,16217
2277,Ruth,Arnold,XXXXXXXXX,XXXXXXXXX,1,9188
2278,Marie,Smith,XXXXXXXXX,XXXXXXXXX,1,5857
2279,Olivia,Burns,XXXXXXXXX,XXXXXXXXX,3,1844
2280,Mary,Smith,XXXXXXXXX,XXXXXXXXX,3,736
2281,Michael,Estes,XXXXXXXXX,XXXXXXXXX,3,6472
2282,Nancy,Smith,XXXXXXXXX,XXXXXXXXX,3,10988
2283,Doris,Reeves,XXXXXXXXX,XXXXXXXXX,3,490
2284,Mary,Shaffer,XXXXXXXXX,XXXXXXXXX,1,2383
2285,Mildred,Ochoa,XXXXXXXXX,XXXXXXXXX,3,15607
2286,Mary,Smith,XXXXXXXXX,XXXXXXXXX,3,10282
2287,David,Reed,XXXXXXXXX,XXXXXXXXX,3,15212
2288,Kathleen,Griffin,XXXXXXXXX,XXXXXXXXX,3,1496
2289,Kathy,Smith,XXXXXXXXX,XXXXXXXXX,1,15173
2290,Joe,Wright,XXXXXXXXX,XXXXXXXXX,1,5391
2291,Mary,Mcdonald,XXXXXXXXX,XXXXXXXXX,1,2403
2292,Ashley,Smith,XXXXXXXXX,XXXXXXXXX,2,16009
2293,Mary,Collier,XXXXXXXXX,XXXXXXXXX,2,16313
2294,Jacob,Smith,XXXXXXXXX,XXXXXXXXX,2,4704
2295,Mary,Carlson,XXXXXXXXX,XXXXXXXXX,1,12491
2296,Robert,Smith,XXXXXXXXX,XXXXXXXXX,2,14058
2297,Joseph,Mueller,XXXXXXXXX,XXXXXXXXX,2,14769
2298,Elizabeth,Smith,XXXXXXXXX,XXXXXXXXX,2,12292
2299,Dorothy,Miller,XXXXXXXXX,XXXXXXXXX,2,8613
2300,Patrick,Williamson,XXXXXXXXX,XXXXXXXXX,2,59
2301,Mary,Smith,XXXXXXXXX,XXXXXXXXX,1,5714
2302,Elizabeth,Lopez,XXXXXXXXX,XXXXXXXXX,1,3629
2303,Brittany,Smith,XXXXXXXXX,XXXXXXXXX,1,13576
2304,Mary,Oconnell,XXXXXXXXX,XXXXXXXXX,1,7439
2305,Donna,Smith,XXXXXXXXX,XXXXXXXXX,1,11355
2306,Mary,Chen,XXXXXXXXX,XXXXXXXXX,2,14102
2307,Sharon,Smith,XXXXXXXXX,XXXXXXXXX,1,2579
2308,Mary,Morgan,XXXXXXXXX,XXXXXXXXX,1,5042
2309,Evelyn,Gibson,XXXXXXXXX,XXXXXXXXX,2,7329
2310,Mary,Reeves,XXXXXXXXX,XXXXXXXXX,3,9957
2311,Linda,Smith,XXXXXXXXX,XXXXXXXXX,3,4629
2312,Scott,Shah,XXXXXXXXX,XXXXXXXXX,3,14504
2313,Mary,Forbes,XXXXXXXXX,XXXXXXXXX,1,8385
2314,Donald,Smith,XXXXXXXXX,XXXXXXXXX,1,16075
2315,Paul,Shelton,XXXXXXXXX,XXXXXXXXX,1,12643
2316,Heather,Smith,XXXXXXXXX,XXXXXXXXX,1,10169
2317,Mary,Bridges,XXXXXXXXX,XXXXXXXXX,2,3499
2318,Benjamin,Smith,XXXXXXXXX,XXXXXXXXX,2,4008
2319,Mary,Holland,XXXXXXXXX,XXXXXXXXX,2,4699
2320,Katherine,Smith,XXXXXXXXX,XXXXXXXXX,1,3340
2321,Mary,Patel,XXXXXXXXX,XXXXXXXXX,1,1690
2322,Zachary,Smith,XXXXXXXXX,XXXXXXXXX,3,3907
2323,Mary,Nichols,XXXXXXXXX,XXXXXXXXX,3,3534
2324,Zachary,Smith,XXXXXXXXX,XXXXXXXXX,3,15225
2325,Mary,Johnson,XXXXXXXXX,XXXXXXXXX,1,6801
2326,Charles,Jones,XXXXXXXXX,XXXXXXXXX,1,13136
2327,Helen,Martin,XXXXXXXXX,XXXXXXXXX,2,15653
2328,Victoria,Stevens,XXXXXXXXX,XXXXXXXXX,2,6875
2329,Mary,Smith,XXXXXXXXX,XXXXXXXXX,2,11661
2330,Sharon,Sellers,XXXXXXXXX,XXXXXXXXX,1,15685
2331,Mary,Smith,XXXXXXXXX,XXXXXXXXX,1,12810
2332,Christopher,Hart,XXXXXXXXX,XXXXXXXXX,1,12681
2333,Kevin,Smith,XXXXXXXXX,XXXXXXXXX,1,1146
2334,Mary,Morgan,XXXXXXXXX,XXXXXXXXX,1,6206
2335,Harold,Howell,XXXXXXXXX,XXXXXXXXX,2,10533
2336,Kathy,Pratt,XXXXXXXXX,XXXXXXXXX,2,8268
2337,Mary,Smith,XXXXXXXXX,XXXXXXXXX,1,3603
2338,Catherine,Stephenson,XXXXXXXXX,XXXXXXXXX,1,3179
2339,Mary,Smith,XXXXXXXXX,XXXXXXXXX,3,5567
2340,Margaret,Cooley,XXXXXXXXX,XXXXXXXXX,2,8687
2341,Mary,Smith,XXXXXXXXX,XXXXXXXXX,2,14234
2342,Kyle,Welch,XXXXXXXXX,XXXXXXXXX,3,1166
2343,Mary,Smith,XXXXXXXXX,XXXXXXXXX,1,8934
2344,Danielle,Reid,XXXXXXXXX,XXXXXXXXX,1,562
2345,Mary,Smith,XXXXXXXXX,XXXXXXXXX,1,147
2346,Mary,Bishop,XXXXXXXXX,XXXXXXXXX,1,5725
2347,Rose,Smith,XXXXXXXXX,XXXXXXXXX,1,7632
2348,Mary,Welch,XXXXXXXXX,XXXXXXXXX,1,16440
2349,William,Smith,XXXXXXXXX,XXXXXXXXX,1,8262
2350,Brian,Perez,XXXXXXXXX,XXXXXXXXX,1,10993
2351,Mary,Fuller,XXXXXXXXX,XXXXXXXXX,1,13307
2352,Timothy,Waller,XXXXXXXXX,XXXXXXXXX,1,2671
2353,Mary,Smith,XXXXXXXXX,XXXXXXXXX,1,6638
2354,David,Flores,XXXXXXXXX,XXXXXXXXX,3,15659
2355,Ronald,Cole,XXXXXXXXX,XXXXXXXXX,3,1782
2356,Mary,Henry,XXXXXXXXX,XXXXXXXXX,3,3624
2357,Pamela,Mathis,XXXXXXXXX,XXXXXXXXX,1,15016
2358,Mary,Smith,XXXXXXXXX,XXXXXXXXX,3,6824
2359,Emily,Hubbard,XXXXXXXXX,XXXXXXXXX,3,14924
2360,Denise,Smith,XXXXXXXXX,XXXXXXXXX,3,3021
2361,Mary,Richards,XXXXXXXXX,XXXXXXXXX,3,3309
2362,Samantha,Smith,XXXXXXXXX,XXXXXXXXX,1,11376
2363,Mary,Frazier,XXXXXXXXX,XXXXXXXXX,1,8824
2364,Thomas,Whitney,XXXXXXXXX,XXXXXXXXX,1,14824
2365,Sara,Smith,XXXXXXXXX,XXXXXXXXX,1,12904
2366,Mary,Sampson,XXXXXXXXX,XXXXXXXXX,1,1227
2367,Sean,Smith,XXXXXXXXX,XXXXXXXXX,1,1522
2368,Mary,Medina,XXXXXXXXX,XXXXXXXXX,1,15615
2369,Deborah,Reid,XXXXXXXXX,XXXXXXXXX,2,3226
2370,Mary,Hurley,XXXXXXXXX,XXXXXXXXX,2,819
2371,Barbara,Smith,XXXXXXXXX,XXXXXXXXX,2,14751
2372,Melissa,Kemp,XXXXXXXXX,XXXXXXXXX,2,2964
2373,Mary,Smith,XXXXXXXXX,XXXXXXXXX,1,5469
2374,Scott,Rosario,XXXXXXXXX,XXXXXXXXX,1,8526
2375,Mary,Smith,XXXXXXXXX,XXXXXXXXX,1,9355
2376,David,Black,XXXXXXXXX,XXXXXXXXX,3,10657
2377,Sandra,Castro,XXXXXXXXX,XXXXXXXXX,3,6702
2378,Mary,Todd,XXXXXXXXX,XXXXXXXXX,3,519
2379,Angela,Smith,XXXXXXXXX,XXXXXXXXX,3,14180
2380,Mary,Roberts,XXXXXXXXX,XXXXXXXXX,3,2838
2381,Betty,Smith,XXXXXXXXX,XXXXXXXXX,3,4780
2382,Mary,Holloway,XXXXXXXXX,XXXXXXXXX,1,12513
2383,Anthony,Smith,XXXXXXXXX,XXXXXXXXX,2,10329
2384,Mary,Mays,XXXXXXXXX,XXXXXXXXX,2,482
2385,Sharon,Smith,XXXXXXXXX,XXXXXXXXX,2,831
2386,Carl,Mayo,XXXXXXXXX,XXXXXXXXX,2,1201
2387,Mary,Smith,XXXXXXXXX,XXXXXXXXX,1,2072
2388,Teresa,Murphy,XXXXXXXXX,XXXXXXXXX,1,748
2389,Mary,Smith,XXXXXXXXX,XXXXXXXXX,1,11103
2390,Pamela,Smith,XXXXXXXXX,XXXXXXXXX,2,1216
2391,Mary,Taylor,XXXXXXXXX,XXXXXXXXX,2,7958
2392,Susan,Sanders,XXXXXXXXX,XXXXXXXXX,1,445
2393,Dorothy,Cross,XXXXXXXXX,XXXXXXXXX,1,14311
2394,Mary,Smith,XXXXXXXXX,XXXXXXXXX,1,13929
2395,Frances,Johnson,XXXXXXXXX,XXXXXXXXX,2,16243
2396,Mary,Payne,XXXXXXXXX,XXXXXXXXX,2,11042
2397,Maria,Castro,XXXXXXXXX,XXXXXXXXX,2,11515
2398,Mary,Smith,XXXXXXXXX,XXXXXXXXX,1,4248
2399,Juan,Ross,XXXXXXXXX,XXXXXXXXX,3,7415
2400,Mary,Smith,XXXXXXXXX,XXXXXXXXX,1,15010
2401,Grace,Miles,XXXXXXXXX,XXXXXXXXX,1,12823
2402,Mary,Smith,XXXXXXXXX,XXXXXXXXX,1,10778
2403,Christopher,Hall,XXXXXXXXX,XXXXXXXXX,1,10970
2404,Mary,Keller,XXXXXXXXX,XXXXXXXXX,1,14835
2405,Emily,Smith,XXXXXXXXX,XXXXXXXXX,1,5796
2406,Mary,Adams,XXXXXXXXX,XXXXXXXXX,1,4690
2407,Lisa,Smith,XXXXXXXXX,XXXXXXXXX,2,257
2408,Rachel,Alvarez,XXXXXXXXX,XXXXXXXXX,2,10336
2409,Patrick,Smith,XXXXXXXXX,XXXXXXXXX,2,711
2410,Mary,Schwartz,XXXXXXXXX,XXXXXXXXX,2,15023
2411,James,Smith,XXXXXXXXX,XXXXXXXXX,1,3266
2412,Edward,Soto,XXXXXXXXX,XXXXXXXXX,1,6128
2413,Mary,Smith,XXXXXXXXX,XXXXXXXXX,2,4700
2414,Lisa,Velasquez,XXXXXXXXX,XXXXXXXXX,1,12948
2415,Mary,Smith,XXXXXXXXX,XXXXXXXXX,1,4502
2416,Susan,Sullivan,XXXXXXXXX,XXXXXXXXX,1,8804
2417,Mary,Mullins,XXXXXXXXX,XXXXXXXXX,2,4678
2418,Helen,Smith,XXXXXXXXX,XXXXXXXXX,3,15945
2419,Rachel,Horn,XXXXXXXXX,XXXXXXXXX,3,5124
2420,Mary,Smith,XXXXXXXXX,XXXXXXXXX,2,5220
2421,Tyler,Obrien,XXXXXXXXX,XXXXXXXXX,3,15991
2422,Mary,Sawyer,XXXXXXXXX,XXXXXXXXX,1,1623
2423,Dennis,Smith,XXXXXXXXX,XXXXXXXXX,3,14797
2424,Mary,Fernandez,XXXXXXXXX,XXXXXXXXX,1,4210
2425,Donna,Smith,XXXXXXXXX,XXXXXXXXX,1,11982
2426,Mary,Phillips,XXXXXXXXX,XXXXXXXXX,3,200
2427,Susan,Romero,XXXXXXXXX,XXXXXXXXX,3,6721
2428,Andrea,Smith,XXXXXXXXX,XXXXXXXXX,3,11359
2429,Mary,Roberts,XXXXXXXXX,XXXXXXXXX,3,7113
2430,Michelle,Smith,XXXXXXXXX,XXXXXXXXX,3,7445
2431,Olivia,Moore,XXXXXXXXX,XXXXXXXXX,3,12528
2432,Mary,Moyer,XXXXXXXXX,XXXXXXXXX,3,15438
2433,James,Smith,XXXXXXXXX,XXXXXXXXX,3,2805
2434,Betty,Gordon,XXXXXXXXX,XXXXXXXXX,3,2848
2435,Roger,Gaines,XXXXXXXXX,XXXXXXXXX,1,11017
2436,Kevin,Park,XXXXXXXXX,XXXXXXXXX,2,13569
2437,Juan,Smith,XXXXXXXXX,XXXXXXXXX,3,10139
2438,Mary,Ford,XXXXXXXXX,XXXXXXXXX,2,454
2439,Mary,Smith,XXXXXXXXX,XXXXXXXXX,3,11433
2440,Virginia,Davis,XXXXXXXXX,XXXXXXXXX,3,3157
2441,Mary,Smith,XXXXXXXXX,XXXXXXXXX,2,14244
2442,Kathryn,Ferguson,XXXXXXXXX,XXXXXXXXX,1,16510
2443,Mary,Gross,XXXXXXXXX,XXXXXXXXX,1,13794
2444,Kenneth,Smith,XXXXXXXXX,XXXXXXXXX,1,16148
2445,Mary,Parker,XXXXXXXXX,XXXXXXXXX,1,15267
2446,Paul,Hamilton,XXXXXXXXX,XXXXXXXXX,3,13162
2447,Mary,Smith,XXXXXXXXX,XXXXXXXXX,1,2920
2448,Mildred,Lopez,XXXXXXXXX,XXXXXXXXX,3,12819
2449,Mary,Burke,XXXXXXXXX,XXXXXXXXX,1,10944
2451,Joshua,Garcia,XXXXXXXXX,XXXXXXXXX,2,2651
2452,Mary,Mata,XXXXXXXXX,XXXXXXXXX,2,4822
2453,Stephen,Smith,XXXXXXXXX,XXXXXXXXX,2,6204
2454,Kyle,Curtis,XXXXXXXXX,XXXXXXXXX,2,3889
2455,Mary,Love,XXXXXXXXX,XXXXXXXXX,2,2174
2456,Joan,Donaldson,XXXXXXXXX,XXXXXXXXX,2,13465
2457,Carl,Mercer,XXXXXXXXX,XXXXXXXXX,1,16268
2458,Mary,Smith,XXXXXXXXX,XXXXXXXXX,1,1180
2459,Robert,Lyons,XXXXXXXXX,XXXXXXXXX,2,11612
2460,David,Larsen,XXXXXXXXX,XXXXXXXXX,2,11789
2461,Maria,Smith,XXXXXXXXX,XXXXXXXXX,1,11073
2462,Lawrence,Kent,XXXXXXXXX,XXXXXXXXX,1,13639
2463,Mary,Smith,XXXXXXXXX,XXXXXXXXX,1,12714
2464,Teresa,Warner,XXXXXXXXX,XXXXXXXXX,1,10381
2465,Mary,Smith,XXXXXXXXX,XXXXXXXXX,1,4914
2466,Gary,Davis,XXXXXXXXX,XXXXXXXXX,1,11590
2467,Keith,Smith,XXXXXXXXX,XXXXXXXXX,1,3212
2468,Mary,Chapman,XXXXXXXXX,XXXXXXXXX,2,10694
2469,Shawn,Smith,XXXXXXXXX,XXXXXXXXX,1,11951
2470,Mary,Acevedo,XXXXXXXXX,XXXXXXXXX,1,7966
2471,Olivia,Smith,XXXXXXXXX,XXXXXXXXX,3,11790
2472,Alan,Holmes,XXXXXXXXX,XXXXXXXXX,2,13966
2473,Mary,Smith,XXXXXXXXX,XXXXXXXXX,2,2587
2474,James,Hernandez,XXXXXXXXX,XXXXXXXXX,3,12487
2475,Dennis,Hall,XXXXXXXXX,XXXXXXXXX,1,2515
2476,Gerald,Smith,XXXXXXXXX,XXXXXXXXX,1,15342
2477,Mary,Patterson,XXXXXXXXX,XXXXXXXXX,1,7010
2478,Gerald,Smith,XXXXXXXXX,XXXXXXXXX,2,13750
2479,Mary,Miller,XXXXXXXXX,XXXXXXXXX,2,14949
2480,Lori,Chase,XXXXXXXXX,XXXXXXXXX,3,9759
2481,Mary,Clements,XXXXXXXXX,XXXXXXXXX,3,2662
2482,Gerald,Smith,XXXXXXXXX,XXXXXXXXX,3,12006
2483,Mary,Lane,XXXXXXXXX,XXXXXXXXX,3,11053
2484,Sarah,Smith,XXXXXXXXX,XXXXXXXXX,2,13295
2485,Mary,Hernandez,XXXXXXXXX,XXXXXXXXX,1,6011
2486,Anna,Mcdonald,XXXXXXXXX,XXXXXXXXX,1,6221
2487,Nicole,Smith,XXXXXXXXX,XXXXXXXXX,1,751
2488,Mary,Simon,XXXXXXXXX,XXXXXXXXX,1,12053
2489,Amanda,Smith,XXXXXXXXX,XXXXXXXXX,2,11363
2490,Mary,Ward,XXXXXXXXX,XXXXXXXXX,2,7602
2491,Mark,Smith,XXXXXXXXX,XXXXXXXXX,3,4507
2492,Mary,Fischer,XXXXXXXXX,XXXXXXXXX,1,7257
2493,Jeffrey,Smith,XXXXXXXXX,XXXXXXXXX,1,15566
2494,Mary,Griffin,XXXXXXXXX,XXXXXXXXX,1,12045
2495,Lauren,Lutz,XXXXXXXXX,XXXXXXXXX,1,10548
2496,Mary,Smith,XXXXXXXXX,XXXXXXXXX,1,12943
2497,Wayne,Hardy,XXXXXXXXX,XXXXXXXXX,1,5757
2498,Mary,Levine,XXXXXXXXX,XXXXXXXXX,1,13704
2499,Robert,Smith,XXXXXXXXX,XXXXXXXXX,2,16045
2500,Michael,Alvarez,XXXXXXXXX,XXXXXXXXX,3,6036
2501,Sharon,Caldwell,XXXXXXXXX,XXXXXXXXX,1,15806
2502,Mary,Smith,XXXXXXXXX,XXXXXXXXX,2,12143
2503,Ryan,Perkins,XXXXXXXXX,XXXXXXXXX,2,4000
2504,Mary,Smith,XXXXXXXXX,XXXXXXXXX,2,1063
2505,Jessica,Johnson,XXXXXXXXX,XXXXXXXXX,1,1852
2506,Anthony,Wood,XXXXXXXXX,XXXXXXXXX,2,13319
2507,Mary,Yang,XXXXXXXXX,XXXXXXXXX,2,553
2508,Brandon,Adkins,XXXXXXXXX,XXXXXXXXX,1,8689
2509,Grace,Smith,XXXXXXXXX,XXXXXXXXX,1,607
2510,Mary,Gonzalez,XXXXXXXXX,XXXXXXXXX,2,13731
2511,Teresa,Grimes,XXXXXXXXX,XXXXXXXXX,2,470
2512,Mary,Horne,XXXXXXXXX,XXXXXXXXX,1,13934
2513,Cynthia,Smith,XXXXXXXXX,XXXXXXXXX,1,2392
2514,Mary,Luna,XXXXXXXXX,XXXXXXXXX,1,8601
2515,Susan,Smith,XXXXXXXXX,XXXXXXXXX,1,8364
2516,Mary,Graham,XXXXXXXXX,XXXXXXXXX,1,8862
2517,Jose,Kane,XXXXXXXXX,XXXXXXXXX,1,7887
2518,Mary,Smith,XXXXXXXXX,XXXXXXXXX,1,13325
2519,Donna,Preston,XXXXXXXXX,XXXXXXXXX,1,5093
2520,Gregory,Buck,XXXXXXXXX,XXXXXXXXX,1,4510
2521,Mary,Smith,XXXXXXXXX,XXXXXXXXX,1,625
2522,Edward,Dominguez,XXXXXXXXX,XXXXXXXXX,1,256
2523,Emily,Smith,XXXXXXXXX,XXXXXXXXX,1,11981
2524,Mary,Mays,XXXXXXXXX,XXXXXXXXX,1,7925
2525,Nancy,Smith,XXXXXXXXX,XXXXXXXXX,1,6729
2526,Helen,Mcknight,XXXXXXXXX,XXXXXXXXX,2,16320
2527,Heather,Smith,XXXXXXXXX,XXXXXXXXX,2,371
2528,Mary,Acevedo,XXXXXXXXX,XXXXXXXXX,2,5291
2529,Ryan,Sampson,XXXXXXXXX,XXXXXXXXX,1,14083
2530,Walter,Smith,XXXXXXXXX,XXXXXXXXX,1,2407
2531,Mary,Fitzpatrick,XXXXXXXXX,XXXXXXXXX,1,6554
2532,Charles,Smith,XXXXXXXXX,XXXXXXXXX,1,6775
2533,Christina,Barker,XXXXXXXXX,XXXXXXXXX,1,10894
2534,Walter,Smith,XXXXXXXXX,XXXXXXXXX,1,5079
2535,Mary,Hart,XXXXXXXXX,XXXXXXXXX,1,5233
2536,Richard,Pineda,XXXXXXXXX,XXXXXXXXX,1,2186
2537,Mary,Smith,XXXXXXXXX,XXXXXXXXX,3,6486
2538,Kelly,Williams,XXXXXXXXX,XXXXXXXXX,1,6598
2539,Mary,York,XXXXXXXXX,XXXXXXXXX,2,7133
2540,Patricia,Smith,XXXXXXXXX,XXXXXXXXX,2,7662
2541,Daniel,Cardenas,XXXXXXXXX,XXXXXXXXX,2,4115
2542,Ryan,Smith,XXXXXXXXX,XXXXXXXXX,2,4375
2543,Alan,Weber,XXXXXXXXX,XXXXXXXXX,3,11913
2544,Mary,Smith,XXXXXXXXX,XXXXXXXXX,1,3458
2545,Larry,Patel,XXXXXXXXX,XXXXXXXXX,3,1310
2546,Mary,Smith,XXXXXXXXX,XXXXXXXXX,3,6864
2547,Walter,Fuller,XXXXXXXXX,XXXXXXXXX,3,11906
2548,Mary,Curtis,XXXXXXXXX,XXXXXXXXX,1,15433
2549,Stephanie,Smith,XXXXXXXXX,XXXXXXXXX,1,11419
2550,Christian,Castillo,XXXXXXXXX,XXXXXXXXX,1,13961
2551,Mary,Gordon,XXXXXXXXX,XXXXXXXXX,1,15739
2552,Karen,Smith,XXXXXXXXX,XXXXXXXXX,1,3409
2553,Hannah,Ellison,XXXXXXXXX,XXXXXXXXX,1,6957
2554,Zachary,Smith,XXXXXXXXX,XXXXXXXXX,1,15801
2555,Mary,Long,XXXXXXXXX,XXXXXXXXX,1,54
2556,Samuel,Hammond,XXXXXXXXX,XXXXXXXXX,2,1598
2557,Mary,Bradshaw,XXXXXXXXX,XXXXXXXXX,2,13890
2558,George,Smith,XXXXXXXXX,XXXXXXXXX,2,5753
2559,Donna,Hall,XXXXXXXXX,XXXXXXXXX,2,5056
2560,Mary,Gilmore,XXXXXXXXX,XXXXXXXXX,2,10004
2561,Angela,Smith,XXXXXXXXX,XXXXXXXXX,2,6560
2562,Mary,Anderson,XXXXXXXXX,XXXXXXXXX,2,13305
2563,Linda,Robles,XXXXXXXXX,XXXXXXXXX,2,6849
2564,Phillip,Smith,XXXXXXXXX,XXXXXXXXX,2,9491
2565,Mary,Kelly,XXXXXXXXX,XXXXXXXXX,2,3428
2566,Ruth,Smith,XXXXXXXXX,XXXXXXXXX,1,6063
2567,Mary,Mclean,XXXXXXXXX,XXXXXXXXX,1,16442
2568,Maria,Smith,XXXXXXXXX,XXXXXXXXX,1,4544
2569,Mary,Duncan,XXXXXXXXX,XXXXXXXXX,1,6489
2570,Michael,Smith,XXXXXXXXX,XXXXXXXXX,2,8880
2571,Zachary,Beasley,XXXXXXXXX,XXXXXXXXX,2,12162
2572,Mary,Smith,XXXXXXXXX,XXXXXXXXX,1,9308
2573,Anna,Taylor,XXXXXXXXX,XXXXXXXXX,1,7370
2574,Martha,Ward,XXXXXXXXX,XXXXXXXXX,1,9414
2575,Mary,Carroll,XXXXXXXXX,XXXXXXXXX,1,7505
2576,Margaret,Smith,XXXXXXXXX,XXXXXXXXX,2,1446
2578,Mary,Blake,XXXXXXXXX,XXXXXXXXX,2,4284
2579,Kimberly,Smith,XXXXXXXXX,XXXXXXXXX,1,5198
2580,Carolyn,Rowland,XXXXXXXXX,XXXXXXXXX,3,8538
2581,Mary,Smith,XXXXXXXXX,XXXXXXXXX,3,9203
2582,David,Franklin,XXXXXXXXX,XXXXXXXXX,3,6106
2583,Michelle,Smith,XXXXXXXXX,XXXXXXXXX,1,1572
2584,Mary,Williams,XXXXXXXXX,XXXXXXXXX,1,6386
2585,Kyle,Rice,XXXXXXXXX,XXXXXXXXX,1,12752
2586,Mary,Little,XXXXXXXXX,XXXXXXXXX,1,779
2587,Vincent,Vazquez,XXXXXXXXX,XXXXXXXXX,1,7512
2588,Mary,Smith,XXXXXXXXX,XXXXXXXXX,1,937
2589,Nathan,Taylor,XXXXXXXXX,XXXXXXXXX,1,15163
2590,Mary,Andrade,XXXXXXXXX,XXXXXXXXX,1,8201
2591,Patricia,Smith,XXXXXXXXX,XXXXXXXXX,1,11083
2592,Kyle,Edwards,XXXXXXXXX,XXXXXXXXX,2,1041
2593,Mary,Nichols,XXXXXXXXX,XXXXXXXXX,3,3997
2594,David,Cortez,XXXXXXXXX,XXXXXXXXX,1,6468
2595,Amy,Smith,XXXXXXXXX,XXXXXXXXX,1,10731
2596,Mary,Stewart,XXXXXXXXX,XXXXXXXXX,1,13755
2597,Brandon,Smith,XXXXXXXXX,XXXXXXXXX,1,3488
2598,Brittany,Meyer,XXXXXXXXX,XXXXXXXXX,2,12474
2599,Mary,Smith,XXXXXXXXX,XXXXXXXXX,2,8815
2600,Deborah,Smith,XXXXXXXXX,XXXXXXXXX,1,15404
2602,Jacob,Smith,XXXXXXXXX,XXXXXXXXX,3,2755
2603,Mary,Taylor,XXXXXXXXX,XXXXXXXXX,2,15873
2604,Betty,Garrett,XXXXXXXXX,XXXXXXXXX,3,7652
2605,Catherine,Smith,XXXXXXXXX,XXXXXXXXX,1,7475
2606,Grace,Morrow,XXXXXXXXX,XXXXXXXXX,1,3112
2607,Mary,Smith,XXXXXXXXX,XXXXXXXXX,1,7484
2608,Madison,Dunn,XXXXXXXXX,XXXXXXXXX,1,6753
2609,Mary,Smith,XXXXXXXXX,XXXXXXXXX,1,1869
2610,Virginia,Johnson,XXXXXXXXX,XXXXXXXXX,1,3963
2611,Nicholas,Hood,XXXXXXXXX,XXXXXXXXX,1,14558
2612,Lori,Smith,XXXXXXXXX,XXXXXXXXX,2,7054
2613,Mary,Little,XXXXXXXXX,XXXXXXXXX,2,534
2614,William,Rocha,XXXXXXXXX,XXXXXXXXX,1,14458
2615,Carol,Smith,XXXXXXXXX,XXXXXXXXX,1,14884
2616,Scott,Humphrey,XXXXXXXXX,XXXXXXXXX,1,6334
2617,Mary,Smith,XXXXXXXXX,XXXXXXXXX,1,7521
2618,Nicole,Jones,XXXXXXXXX,XXXXXXXXX,1,5833
2619,Danielle,Morales,XXXXXXXXX,XXXXXXXXX,1,9792
2620,Mary,Smith,XXXXXXXXX,XXXXXXXXX,1,10795
2621,Robert,Cameron,XXXXXXXXX,XXXXXXXXX,1,15605
2622,Jennifer,Frost,XXXXXXXXX,XXXXXXXXX,2,466
2623,Olivia,Smith,XXXXXXXXX,XXXXXXXXX,2,13469
2624,Mary,Smith,XXXXXXXXX,XXXXXXXXX,2,5769
2625,Betty,Wyatt,XXXXXXXXX,XXXXXXXXX,1,4953
2626,Laura,Smith,XXXXXXXXX,XXXXXXXXX,1,7119
2627,Mary,King,XXXXXXXXX,XXXXXXXXX,1,1825
2628,Madison,Myers,XXXXXXXXX,XXXXXXXXX,1,10137
2629,Mary,Smith,XXXXXXXXX,XXXXXXXXX,1,12061
2630,Willie,Jones,XXXXXXXXX,XXXXXXXXX,1,16380
2631,Mary,Payne,XXXXXXXXX,XXXXXXXXX,1,5903
2632,John,Smith,XXXXXXXXX,XXXXXXXXX,1,8115
2633,Matthew,Figueroa,XXXXXXXXX,XXXXXXXXX,1,6404
2634,Mary,Smith,XXXXXXXXX,XXXXXXXXX,2,5846
2635,Victoria,Hendricks,XXXXXXXXX,XXXXXXXXX,1,12189
2636,Christian,Smith,XXXXXXXXX,XXXXXXXXX,2,270
2637,Bobby,Shelton,XXXXXXXXX,XXXXXXXXX,3,8690
2638,Mary,Hardy,XXXXXXXXX,XXXXXXXXX,1,11698
2639,Patricia,Smith,XXXXXXXXX,XXXXXXXXX,1,1126
2640,Charles,Wong,XXXXXXXXX,XXXXXXXXX,1,4888
2641,Betty,Spears,XXXXXXXXX,XXXXXXXXX,1,10133
2642,Mary,Gould,XXXXXXXXX,XXXXXXXXX,1,1553
2643,David,Smith,XXXXXXXXX,XXXXXXXXX,1,10454
2644,Zachary,Brown,XXXXXXXXX,XXXXXXXXX,3,10501
2645,Jeremy,Leblanc,XXXXXXXXX,XXXXXXXXX,3,5720
2646,Mary,Daugherty,XXXXXXXXX,XXXXXXXXX,3,12404
2647,Susan,Smith,XXXXXXXXX,XXXXXXXXX,3,495
2648,Mary,Montoya,XXXXXXXXX,XXXXXXXXX,2,8133
2649,Robert,Smith,XXXXXXXXX,XXXXXXXXX,2,15810
2650,David,Nguyen,XXXXXXXXX,XXXXXXXXX,2,12263
2651,Thomas,Howell,XXXXXXXXX,XXXXXXXXX,1,16429
2652,Martha,Santiago,XXXXXXXXX,XXXXXXXXX,1,13496
2653,Mary,Smith,XXXXXXXXX,XXXXXXXXX,2,12277
2654,Donna,Martinez,XXXXXXXXX,XXXXXXXXX,1,8285
2655,Mary,Gates,XXXXXXXXX,XXXXXXXXX,1,1136
2656,Charles,Smith,XXXXXXXXX,XXXXXXXXX,2,3476
2657,Brian,Roberson,XXXXXXXXX,XXXXXXXXX,2,4266
2658,Sara,Cisneros,XXXXXXXXX,XXXXXXXXX,1,3055
2659,Terry,Smith,XXXXXXXXX,XXXXXXXXX,1,14435
2660,Mary,Schwartz,XXXXXXXXX,XXXXXXXXX,1,2176
2662,Cynthia,Smith,XXXXXXXXX,XXXXXXXXX,1,14626
2663,Mary,Foster,XXXXXXXXX,XXXXXXXXX,1,14521
2664,Edward,Klein,XXXXXXXXX,XXXXXXXXX,2,7707
2666,Mary,Singh,XXXXXXXXX,XXXXXXXXX,2,15221
2667,Tammy,Smith,XXXXXXXXX,XXXXXXXXX,2,14577
2668,Mary,Davis,XXXXXXXXX,XXXXXXXXX,2,3945
2669,Dorothy,Buck,XXXXXXXXX,XXXXXXXXX,3,14295
2670,Mary,Smith,XXXXXXXXX,XXXXXXXXX,1,1301
2671,Nancy,Moore,XXXXXXXXX,XXXXXXXXX,1,8229
2672,Kathryn,Jenkins,XXXXXXXXX,XXXXXXXXX,1,428
2673,Mary,Klein,XXXXXXXXX,XXXXXXXXX,1,14839
2674,John,Smith,XXXXXXXXX,XXXXXXXXX,1,16539
2675,Michael,Reynolds,XXXXXXXXX,XXXXXXXXX,1,8834
2676,Jeffrey,Smith,XXXXXXXXX,XXXXXXXXX,2,150
2677,Mary,Davis,XXXXXXXXX,XXXXXXXXX,3,10172
2678,Johnny,Robinson,XXXXXXXXX,XXXXXXXXX,3,7029
2679,Mary,Smith,XXXXXXXXX,XXXXXXXXX,3,12963
2680,Jennifer,Ferguson,XXXXXXXXX,XXXXXXXXX,1,12458
2681,Mary,Smith,XXXXXXXXX,XXXXXXXXX,1,4648
2682,Cynthia,Miller,XXXXXXXXX,XXXXXXXXX,1,8346
2683,Mary,Gallegos,XXXXXXXXX,XXXXXXXXX,1,12616
2684,Mary,Walter,XXXXXXXXX,XXXXXXXXX,1,2113
2685,Denise,Smith,XXXXXXXXX,XXXXXXXXX,1,535
2686,Mary,Coffey,XXXXXXXXX,XXXXXXXXX,1,13825
2687,Kelly,Smith,XXXXXXXXX,XXXXXXXXX,1,5337
2688,Mary,Ross,XXXXXXXXX,XXXXXXXXX,1,9063
2689,Matthew,Smith,XXXXXXXXX,XXXXXXXXX,1,12575
2690,Mary,Gibson,XXXXXXXXX,XXXXXXXXX,1,6798
2691,Donald,Jimenez,XXXXXXXXX,XXXXXXXXX,1,16426
2692,Mary,Smith,XXXXXXXXX,XXXXXXXXX,1,11181
2693,Raymond,Wallace,XXXXXXXXX,XXXXXXXXX,1,11288
2695,Mary,Weeks,XXXXXXXXX,XXXXXXXXX,1,11882
2696,Ashley,Smith,XXXXXXXXX,XXXXXXXXX,1,342
2697,Joyce,Thompson,XXXXXXXXX,XXXXXXXXX,1,13997
2698,Mary,Adams,XXXXXXXXX,XXXXXXXXX,1,5705
2699,Kathleen,Higgins,XXXXXXXXX,XXXXXXXXX,2,9175
2700,Ruth,Le,XXXXXXXXX,XXXXXXXXX,1,5379
2701,Christine,Smith,XXXXXXXXX,XXXXXXXXX,2,2428
2702,Mary,Butler,XXXXXXXXX,XXXXXXXXX,2,10309
2703,Kimberly,Smith,XXXXXXXXX,XXXXXXXXX,2,14300
2704,Aaron,Boyle,XXXXXXXXX,XXXXXXXXX,3,16249
2705,Mary,Smith,XXXXXXXXX,XXXXXXXXX,2,14183
2706,Jonathan,Turner,XXXXXXXXX,XXXXXXXXX,3,4876
2707,Mary,Smith,XXXXXXXXX,XXXXXXXXX,2,14750
2708,Jennifer,Dominguez,XXXXXXXXX,XXXXXXXXX,2,167
2709,Mary,Smith,XXXXXXXXX,XXXXXXXXX,2,6667
2710,Katherine,Brown,XXXXXXXXX,XXXXXXXXX,1,3220
2711,Alice,Rodriguez,XXXXXXXXX,XXXXXXXXX,1,3183
2712,Mary,Castillo,XXXXXXXXX,XXXXXXXXX,1,636
2713,Grace,Mcbride,XXXXXXXXX,XXXXXXXXX,1,5212
2714,Albert,Mayer,XXXXXXXXX,XXXXXXXXX,1,8930
2715,Mary,Smith,XXXXXXXXX,XXXXXXXXX,1,8283
2716,Kathleen,Wilkinson,XXXXXXXXX,XXXXXXXXX,1,513
2717,Mary,Smith,XXXXXXXXX,XXXXXXXXX,1,3998
2718,Henry,Porter,XXXXXXXXX,XXXXXXXXX,1,12976
2719,Mary,Smith,XXXXXXXXX,XXXXXXXXX,1,5347
2720,Michael,Obrien,XXXXXXXXX,XXXXXXXXX,1,5607
2721,Matthew,Smith,XXXXXXXXX,XXXXXXXXX,1,421
2722,Harold,Miller,XXXXXXXXX,XXXXXXXXX,1,5292
2723,Mary,Brady,XXXXXXXXX,XXXXXXXXX,1,11511
2724,Dorothy,Smith,XXXXXXXXX,XXXXXXXXX,1,2643
2725,Mary,Hood,XXXXXXXXX,XXXXXXXXX,1,13898
2726,Barbara,Wu,XXXXXXXXX,XXXXXXXXX,1,2313
2727,Henry,Smith,XXXXXXXXX,XXXXXXXXX,1,416
2728,Mary,Adams,XXXXXXXXX,XXXXXXXXX,1,2720
2729,Kimberly,Smith,XXXXXXXXX,XXXXXXXXX,1,8967
2730,Mary,Baldwin,XXXXXXXXX,XXXXXXXXX,2,1392
2731,Joshua,Smith,XXXXXXXXX,XXXXXXXXX,2,9508
2732,Mary,Macias,XXXXXXXXX,XXXXXXXXX,1,8027
2733,David,Smith,XXXXXXXXX,XXXXXXXXX,1,7408
2734,Louis,Richardson,XXXXXXXXX,XXXXXXXXX,1,13619
2735,Mary,Pena,XXXXXXXXX,XXXXXXXXX,2,7571
2736,Lawrence,Keller,XXXXXXXXX,XXXXXXXXX,2,3398
2737,Mary,Smith,XXXXXXXXX,XXXXXXXXX,1,8340
2738,Amber,Holmes,XXXXXXXXX,XXXXXXXXX,1,14328
2739,Mary,Smith,XXXXXXXXX,XXXXXXXXX,1,4890
2740,Robert,Williams,XXXXXXXXX,XXXXXXXXX,2,7613
2741,Jason,Smith,XXXXXXXXX,XXXXXXXXX,2,14586
2742,Jane,Warren,XXXXXXXXX,XXXXXXXXX,1,671
2743,Mary,Smith,XXXXXXXXX,XXXXXXXXX,3,401
2744,Amanda,Fitzgerald,XXXXXXXXX,XXXXXXXXX,3,5744
2745,Mary,Escobar,XXXXXXXXX,XXXXXXXXX,3,15066
2746,Stephanie,Smith,XXXXXXXXX,XXXXXXXXX,3,9603
2747,Nicholas,Berry,XXXXXXXXX,XXXXXXXXX,2,10985
2748,Nicole,Michael,XXXXXXXXX,XXXXXXXXX,2,10475
2749,Mary,Smith,XXXXXXXXX,XXXXXXXXX,2,6251
2750,George,Mason,XXXXXXXXX,XXXXXXXXX,2,8270
2751,Brenda,Smith,XXXXXXXXX,XXXXXXXXX,2,8936
2752,Mary,Hardin,XXXXXXXXX,XXXXXXXXX,2,3108
2753,Amy,Smith,XXXXXXXXX,XXXXXXXXX,3,15866
2754,Mary,Rich,XXXXXXXXX,XXXXXXXXX,3,11898
2755,Andrew,Smith,XXXXXXXXX,XXXXXXXXX,3,4420
2756,Bryan,Simon,XXXXXXXXX,XXXXXXXXX,2,1163
2757,Mary,Smith,XXXXXXXXX,XXXXXXXXX,1,12537
2758,Kimberly,Perez,XXXXXXXXX,XXXXXXXXX,1,7699
2759,Carolyn,Ritter,XXXXXXXXX,XXXXXXXXX,1,9618
2760,Mary,Smith,XXXXXXXXX,XXXXXXXXX,1,2933
2761,Jennifer,Wright,XXXXXXXXX,XXXXXXXXX,3,11384
2762,Mary,Zamora,XXXXXXXXX,XXXXXXXXX,1,4443
2763,Frances,Smith,XXXXXXXXX,XXXXXXXXX,2,1199
2764,Mary,Ross,XXXXXXXXX,XXXXXXXXX,2,4726
2765,Donald,Osborn,XXXXXXXXX,XXXXXXXXX,2,4293
2766,Mary,Smith,XXXXXXXXX,XXXXXXXXX,2,5185
2767,Matthew,Braun,XXXXXXXXX,XXXXXXXXX,2,9442
2768,Adam,Smith,XXXXXXXXX,XXXXXXXXX,2,4918
2769,Mary,Hendricks,XXXXXXXXX,XXXXXXXXX,2,2224
2770,Brittany,Sheppard,XXXXXXXXX,XXXXXXXXX,2,181
2771,Mary,Smith,XXXXXXXXX,XXXXXXXXX,1,14905
2772,Patricia,Johnson,XXXXXXXXX,XXXXXXXXX,2,15137
2773,Linda,Hale,XXXXXXXXX,XXXXXXXXX,2,2852
2774,Sandra,Smith,XXXXXXXXX,XXXXXXXXX,1,13165
2775,Mary,Hayes,XXXXXXXXX,XXXXXXXXX,1,14139
2776,James,Meadows,XXXXXXXXX,XXXXXXXXX,2,14686
2777,Christina,Smith,XXXXXXXXX,XXXXXXXXX,1,7004
2778,Mary,Cooper,XXXXXXXXX,XXXXXXXXX,2,2456
2779,Andrea,Randall,XXXXXXXXX,XXXXXXXXX,1,8154
2780,Mary,Smith,XXXXXXXXX,XXXXXXXXX,2,8163
2781,Jean,Morton,XXXXXXXXX,XXXXXXXXX,2,5791
2782,Bruce,Smith,XXXXXXXXX,XXXXXXXXX,2,109
2783,Mary,Willis,XXXXXXXXX,XXXXXXXXX,3,9130
2784,Lisa,Smith,XXXXXXXXX,XXXXXXXXX,1,5507
2785,Frances,Lawrence,XXXXXXXXX,XXXXXXXXX,2,9771
2786,Adam,Navarro,XXXXXXXXX,XXXXXXXXX,1,8620
2787,Mary,Smith,XXXXXXXXX,XXXXXXXXX,1,5591
2788,Jane,Nelson,XXXXXXXXX,XXXXXXXXX,1,2198
2789,Howard,Lindsey,XXXXXXXXX,XXXXXXXXX,1,8099
2790,Mary,Nielsen,XXXXXXXXX,XXXXXXXXX,1,4055
2791,Martha,Smith,XXXXXXXXX,XXXXXXXXX,1,11889
2792,Roy,Carey,XXXXXXXXX,XXXXXXXXX,1,6123
2793,Mary,Smith,XXXXXXXXX,XXXXXXXXX,1,5864
2794,Patricia,Allen,XXXXXXXXX,XXXXXXXXX,1,5553
2795,Jack,King,XXXXXXXXX,XXXXXXXXX,2,8701
2796,Mary,Matthews,XXXXXXXXX,XXXXXXXXX,1,4409
2797,David,Smith,XXXXXXXXX,XXXXXXXXX,1,7114
2798,Michelle,Petersen,XXXXXXXXX,XXXXXXXXX,2,8558
2799,Mary,Smith,XXXXXXXXX,XXXXXXXXX,2,10641
2800,Edward,Hernandez,XXXXXXXXX,XXXXXXXXX,3,12168
2801,Mary,Jackson,XXXXXXXXX,XXXXXXXXX,3,15875
2802,Gregory,Smith,XXXXXXXXX,XXXXXXXXX,3,7655
2803,Mary,Spencer,XXXXXXXXX,XXXXXXXXX,1,9570
2804,Matthew,Norman,XXXXXXXXX,XXXXXXXXX,1,14537
2805,Willie,Smith,XXXXXXXXX,XXXXXXXXX,1,10082
2806,Mary,Garcia,XXXXXXXXX,XXXXXXXXX,1,9750
2807,Brittany,Waller,XXXXXXXXX,XXXXXXXXX,1,5444
2808,Mary,Smith,XXXXXXXXX,XXXXXXXXX,1,472
2809,Evelyn,Bailey,XXXXXXXXX,XXXXXXXXX,3,1727
2810,Mary,Ross,XXXXXXXXX,XXXXXXXXX,1,13324
2811,Thomas,Smith,XXXXXXXXX,XXXXXXXXX,1,15285
2812,Mark,Harvey,XXXXXXXXX,XXXXXXXXX,1,3203
2813,Mary,Smith,XXXXXXXXX,XXXXXXXXX,1,2953
2814,Debra,Morales,XXXXXXXXX,XXXXXXXXX,1,16188
2815,Justin,Patterson,XXXXXXXXX,XXXXXXXXX,1,9766
2816,Mary,Cunningham,XXXXXXXXX,XXXXXXXXX,1,6039
2817,Rachel,Choi,XXXXXXXXX,XXXXXXXXX,2,10391
2818,Mary,Smith,XXXXXXXXX,XXXXXXXXX,2,9677
2819,Julie,Lin,XXXXXXXXX,XXXXXXXXX,1,12872
2820,Roy,Smith,XXXXXXXXX,XXXXXXXXX,1,3798
2821,Mary,Williams,XXXXXXXXX,XXXXXXXXX,1,4784
2822,James,Ashley,XXXXXXXXX,XXXXXXXXX,1,12723
2823,Danielle,Smith,XXXXXXXXX,XXXXXXXXX,1,4718
2824,Mary,Bray,XXXXXXXXX,XXXXXXXXX,3,1492
2825,Sarah,Smith,XXXXXXXXX,XXXXXXXXX,1,3827
2826,Lisa,Wallace,XXXXXXXXX,XXXXXXXXX,3,10592
2827,Rachel,Weaver,XXXXXXXXX,XXXXXXXXX,2,6329
2828,Mary,Smith,XXXXXXXXX,XXXXXXXXX,2,4101
2829,Ryan,Miller,XXXXXXXXX,XXXXXXXXX,2,11349
2830,Maria,Baker,XXXXXXXXX,XXXXXXXXX,2,15881
2831,Mary,Padilla,XXXXXXXXX,XXXXXXXXX,2,5065
2832,Angela,Smith,XXXXXXXXX,XXXXXXXXX,2,2744
2833,Eric,Vega,XXXXXXXXX,XXXXXXXXX,2,6227
2834,Mary,Smith,XXXXXXXXX,XXXXXXXXX,2,4111
2835,Bryan,Gould,XXXXXXXXX,XXXXXXXXX,2,2376
2836,Mary,Smith,XXXXXXXXX,XXXXXXXXX,2,11814
2837,Michael,Wilson,XXXXXXXXX,XXXXXXXXX,1,10222
2838,Mary,Carter,XXXXXXXXX,XXXXXXXXX,1,9171
2839,Carol,Smith,XXXXXXXXX,XXXXXXXXX,2,13835
2841,Mary,Smith,XXXXXXXXX,XXXXXXXXX,3,2042
2842,Charles,Johnson,XXXXXXXXX,XXXXXXXXX,3,4478
2843,Mary,Chung,XXXXXXXXX,XXXXXXXXX,1,12966
2844,Robert,Smith,XXXXXXXXX,XXXXXXXXX,2,896
2845,Ryan,Collins,XXXXXXXXX,XXXXXXXXX,1,4481
2846,Mary,Monroe,XXXXXXXXX,XXXXXXXXX,1,5067
2847,Theresa,Mays,XXXXXXXXX,XXXXXXXXX,1,6974
2848,Mary,Smith,XXXXXXXXX,XXXXXXXXX,3,755
2849,Rebecca,Reed,XXXXXXXXX,XXXXXXXXX,3,6863
2850,Dennis,Smith,XXXXXXXXX,XXXXXXXXX,3,7298
2851,Mary,Huffman,XXXXXXXXX,XXXXXXXXX,3,1475
2852,Kathryn,Smith,XXXXXXXXX,XXXXXXXXX,3,1717
2853,Mary,Alvarez,XXXXXXXXX,XXXXXXXXX,3,6890
2854,Lauren,Smith,XXXXXXXXX,XXXXXXXXX,2,6295
2856,Karen,Guzman,XXXXXXXXX,XXXXXXXXX,2,14079
2857,Eric,Smith,XXXXXXXXX,XXXXXXXXX,2,15849
2858,Julie,Carter,XXXXXXXXX,XXXXXXXXX,2,4588
2859,Mary,Pope,XXXXXXXXX,XXXXXXXXX,2,9530
2860,George,Smith,XXXXXXXXX,XXXXXXXXX,2,13991
2861,Mary,Williamson,XXXXXXXXX,XXXXXXXXX,1,11066
2862,Ashley,Castaneda,XXXXXXXXX,XXXXXXXXX,3,4912
2863,Roger,Smith,XXXXXXXXX,XXXXXXXXX,3,1827
2864,Mary,Kelly,XXXXXXXXX,XXXXXXXXX,1,1638
2865,Carol,Ware,XXXXXXXXX,XXXXXXXXX,1,8661
2866,Jerry,Smith,XXXXXXXXX,XXXXXXXXX,1,15979
2867,Wayne,Woods,XXXXXXXXX,XXXXXXXXX,1,3017
2868,Mary,Castillo,XXXXXXXXX,XXXXXXXXX,3,5506
2869,Margaret,Hansen,XXXXXXXXX,XXXXXXXXX,1,14111
2870,Ronald,Smith,XXXXXXXXX,XXXXXXXXX,1,11178
2871,Sharon,Mitchell,XXXXXXXXX,XXXXXXXXX,2,9531
2872,Mary,Ortiz,XXXXXXXXX,XXXXXXXXX,2,16065
2873,Joyce,Padilla,XXXXXXXXX,XXXXXXXXX,1,296
2874,Denise,Smith,XXXXXXXXX,XXXXXXXXX,1,11253
2875,Mary,Roberts,XXXXXXXXX,XXXXXXXXX,1,2252
2876,Maria,Smith,XXXXXXXXX,XXXXXXXXX,3,9182
2877,Mary,Ramirez,XXXXXXXXX,XXXXXXXXX,3,3323
2878,Michael,Smith,XXXXXXXXX,XXXXXXXXX,3,6950
2879,William,Garcia,XXXXXXXXX,XXXXXXXXX,1,5574
2880,Linda,Walters,XXXXXXXXX,XXXXXXXXX,3,400
2881,Phillip,Smith,XXXXXXXXX,XXXXXXXXX,3,3133
2882,Mary,Decker,XXXXXXXXX,XXXXXXXXX,1,10889
2883,Christine,Smith,XXXXXXXXX,XXXXXXXXX,2,4
2884,Mary,Ho,XXXXXXXXX,XXXXXXXXX,2,7492
2885,Mark,Smith,XXXXXXXXX,XXXXXXXXX,2,13556
2887,Elizabeth,Smith,XXXXXXXXX,XXXXXXXXX,1,14930
2888,Lauren,Ibarra,XXXXXXXXX,XXXXXXXXX,1,9849
2889,Tyler,Smith,XXXXXXXXX,XXXXXXXXX,2,13845
2890,Mary,Taylor,XXXXXXXXX,XXXXXXXXX,2,13629
2891,Victoria,Pitts,XXXXXXXXX,XXXXXXXXX,2,13651
2892,Mary,Smith,XXXXXXXXX,XXXXXXXXX,2,10310
2893,Russell,Wyatt,XXXXXXXXX,XXXXXXXXX,2,1707
2894,Mary,Smith,XXXXXXXXX,XXXXXXXXX,2,12938
2895,Dylan,Butler,XXXXXXXXX,XXXXXXXXX,1,15807
2896,Mary,Smith,XXXXXXXXX,XXXXXXXXX,2,2975
2897,Daniel,Mckinney,XXXXXXXXX,XXXXXXXXX,2,10574
2898,Christine,Smith,XXXXXXXXX,XXXXXXXXX,2,131
2899,Albert,Werner,XXXXXXXXX,XXXXXXXXX,1,13893
2900,Mary,Smith,XXXXXXXXX,XXXXXXXXX,1,2696
2901,Emma,Davis,XXXXXXXXX,XXXXXXXXX,1,10907
2902,Megan,Leach,XXXXXXXXX,XXXXXXXXX,1,13686
2903,Mary,Smith,XXXXXXXXX,XXXXXXXXX,3,5007
2904,Lisa,Walton,XXXXXXXXX,XXXXXXXXX,3,480
2905,Kelly,Livingston,XXXXXXXXX,XXXXXXXXX,3,16041
2906,Mary,Smith,XXXXXXXXX,XXXXXXXXX,2,8183
2907,Russell,Maddox,XXXXXXXXX,XXXXXXXXX,1,11015
2908,Mary,Smith,XXXXXXXXX,XXXXXXXXX,1,3187
2909,Sarah,Snyder,XXXXXXXXX,XXXXXXXXX,2,6241
2910,Timothy,Curtis,XXXXXXXXX,XXXXXXXXX,2,9138
2911,Mary,Smith,XXXXXXXXX,XXXXXXXXX,2,15039
2912,William,Chen,XXXXXXXXX,XXXXXXXXX,1,7433
2913,Victoria,Sharp,XXXXXXXXX,XXXXXXXXX,3,13164
2914,Mary,Smith,XXXXXXXXX,XXXXXXXXX,3,2998
2915,Sandra,Green,XXXXXXXXX,XXXXXXXXX,3,12642
2916,Cynthia,Nelson,XXXXXXXXX,XXXXXXXXX,3,3917
2917,Kyle,Smith,XXXXXXXXX,XXXXXXXXX,1,12254
2918,Mary,Myers,XXXXXXXXX,XXXXXXXXX,1,2794
2919,Douglas,Burgess,XXXXXXXXX,XXXXXXXXX,2,7001
2920,Mary,Ayers,XXXXXXXXX,XXXXXXXXX,2,10130
2921,Denise,Smith,XXXXXXXXX,XXXXXXXXX,1,7829
2922,Madison,Russo,XXXXXXXXX,XXXXXXXXX,1,11875
2923,Mary,Smith,XXXXXXXXX,XXXXXXXXX,2,5084
2924,Timothy,Kirby,XXXXXXXXX,XXXXXXXXX,3,13638
2925,Mary,Baird,XXXXXXXXX,XXXXXXXXX,3,12568
2926,Donald,Smith,XXXXXXXXX,XXXXXXXXX,2,1573
2927,Mary,Sanchez,XXXXXXXXX,XXXXXXXXX,3,5455
2928,Sarah,Larsen,XXXXXXXXX,XXXXXXXXX,3,16103
2929,Mary,Smith,XXXXXXXXX,XXXXXXXXX,1,6929
2930,Ronald,Petty,XXXXXXXXX,XXXXXXXXX,2,1117
2931,Carl,Smith,XXXXXXXXX,XXXXXXXXX,1,9017
2932,Mary,Scott,XXXXXXXXX,XXXXXXXXX,1,14001
2933,George,Smith,XXXXXXXXX,XXXXXXXXX,2,1926
2934,Judy,Hale,XXXXXXXXX,XXXXXXXXX,2,431
2935,Mary,Smith,XXXXXXXXX,XXXXXXXXX,1,9363
2936,Edward,Myers,XXXXXXXXX,XXXXXXXXX,2,15143
2937,Mary,Mcclure,XXXXXXXXX,XXXXXXXXX,1,8675
2938,Nicole,Smith,XXXXXXXXX,XXXXXXXXX,1,1880
2939,Kyle,Santiago,XXXXXXXXX,XXXXXXXXX,1,986
2940,Mary,Smith,XXXXXXXXX,XXXXXXXXX,1,14153
2941,Brian,Martinez,XXXXXXXXX,XXXXXXXXX,1,4840
2942,Mary,Taylor,XXXXXXXXX,XXXXXXXXX,1,15296
2943,Crystal,Edwards,XXXXXXXXX,XXXXXXXXX,1,12249
2944,Mary,Kelley,XXXXXXXXX,XXXXXXXXX,2,3184
2945,Jacob,Smith,XXXXXXXXX,XXXXXXXXX,3,9434
2946,Mary,Stanley,XXXXXXXXX,XXXXXXXXX,1,14576
2947,Roy,Smith,XXXXXXXXX,XXXXXXXXX,1,13616
2948,Mary,Brown,XXXXXXXXX,XXXXXXXXX,1,11660
2949,Shawn,Ross,XXXXXXXXX,XXXXXXXXX,1,6201
2950,Mary,Hayes,XXXXXXXXX,XXXXXXXXX,1,9455
2951,Steven,Maddox,XXXXXXXXX,XXXXXXXXX,1,10738
2952,Mary,Smith,XXXXXXXXX,XXXXXXXXX,2,4825
2953,Donna,Jones,XXXXXXXXX,XXXXXXXXX,1,6805
2954,Jordan,Smith,XXXXXXXXX,XXXXXXXXX,3,13485
2955,Mary,Williams,XXXXXXXXX,XXXXXXXXX,1,6341
2956,William,Harris,XXXXXXXXX,XXXXXXXXX,1,6441
2957,Eugene,Leach,XXXXXXXXX,XXXXXXXXX,1,11754
2958,Mary,Oconnell,XXXXXXXXX,XXXXXXXXX,3,12646
2959,Ronald,Smith,XXXXXXXXX,XXXXXXXXX,1,137
2960,Megan,Rogers,XXXXXXXXX,XXXXXXXXX,1,15728
2961,Mary,Diaz,XXXXXXXXX,XXXXXXXXX,1,2891
2962,Amy,Smith,XXXXXXXXX,XXXXXXXXX,1,4044
2963,Martha,Sullivan,XXXXXXXXX,XXXXXXXXX,1,1084
2964,Eugene,Hamilton,XXXXXXXXX,XXXXXXXXX,1,16428
2965,Mary,Romero,XXXXXXXXX,XXXXXXXXX,3,12997
2966,Christina,Ewing,XXXXXXXXX,XXXXXXXXX,1,14444
2967,Mary,Smith,XXXXXXXXX,XXXXXXXXX,1,16501
2968,Julia,Scott,XXXXXXXXX,XXXXXXXXX,1,3690
2969,Mary,Fernandez,XXXXXXXXX,XXXXXXXXX,1,14081
2970,Kenneth,Smith,XXXXXXXXX,XXXXXXXXX,1,2010
2971,Amanda,Mann,XXXXXXXXX,XXXXXXXXX,1,2551
2972,Mary,House,XXXXXXXXX,XXXXXXXXX,1,9767
2974,Mary,Fisher,XXXXXXXXX,XXXXXXXXX,2,12692
2975,Amy,Smith,XXXXXXXXX,XXXXXXXXX,1,13341
2976,Mary,Rivers,XXXXXXXXX,XXXXXXXXX,1,11554
2977,Rose,Smith,XXXXXXXXX,XXXXXXXXX,1,10615
2978,Mary,Le,XXXXXXXXX,XXXXXXXXX,2,13019
2979,Nicole,Smith,XXXXXXXXX,XXXXXXXXX,1,13558
2980,Mildred,Raymond,XXXXXXXXX,XXXXXXXXX,3,8826
2981,Mary,Spence,XXXXXXXXX,XXXXXXXXX,3,7769
2982,Eric,Smith,XXXXXXXXX,XXXXXXXXX,3,289
2983,Joan,Lewis,XXXXXXXXX,XXXXXXXXX,3,43
2984,Mary,Smith,XXXXXXXXX,XXXXXXXXX,2,16123
2985,Donald,Price,XXXXXXXXX,XXXXXXXXX,2,1618
2987,James,Smith,XXXXXXXXX,XXXXXXXXX,2,12324
2988,Amy,Torres,XXXXXXXXX,XXXXXXXXX,2,1641
2989,Mary,Henderson,XXXXXXXXX,XXXXXXXXX,2,3727
2990,Michael,Smith,XXXXXXXXX,XXXXXXXXX,2,11224
2991,Julie,Francis,XXXXXXXXX,XXXXXXXXX,1,15699
2992,Mary,Smith,XXXXXXXXX,XXXXXXXXX,2,14793
2993,Mildred,Clark,XXXXXXXXX,XXXXXXXXX,1,4657
2994,Mary,Lawson,XXXXXXXXX,XXXXXXXXX,2,12773
2995,Paul,Singh,XXXXXXXXX,XXXXXXXXX,2,7740
2996,Lori,Smith,XXXXXXXXX,XXXXXXXXX,1,4271
2997,Mary,Gardner,XXXXXXXXX,XXXXXXXXX,1,12738
2998,Denise,Smith,XXXXXXXXX,XXXXXXXXX,1,9483
2999,Mary,Mcdonald,XXXXXXXXX,XXXXXXXXX,1,12923
3000,Joseph,Smith,XXXXXXXXX,XXXXXXXXX,2,5948
3001,Maria,Adams,XXXXXXXXX,XXXXXXXXX,2,10441
3002,Mary,Carter,XXXXXXXXX,XXXXXXXXX,1,11731
3003,Lawrence,Murphy,XXXXXXXXX,XXXXXXXXX,1,4330
3004,Mary,Holland,XXXXXXXXX,XXXXXXXXX,2,1262
3005,Michael,Delgado,XXXXXXXXX,XXXXXXXXX,2,9199
3006,Barbara,Norris,XXXXXXXXX,XXXXXXXXX,2,9859
3007,Jessica,Shannon,XXXXXXXXX,XXXXXXXXX,2,13941
3008,Mary,Smith,XXXXXXXXX,XXXXXXXXX,2,10591
3009,Katherine,Jackson,XXXXXXXXX,XXXXXXXXX,2,11655
3010,Walter,Hamilton,XXXXXXXXX,XXXXXXXXX,1,4360
3011,Howard,Delgado,XXXXXXXXX,XXXXXXXXX,1,13197
3012,Mary,Smith,XXXXXXXXX,XXXXXXXXX,1,12384
3013,Grace,Taylor,XXXXXXXXX,XXXXXXXXX,1,1891
3014,Mary,Beck,XXXXXXXXX,XXXXXXXXX,1,4324
3015,Alice,Sherman,XXXXXXXXX,XXXXXXXXX,1,4376
3016,Mary,Smith,XXXXXXXXX,XXXXXXXXX,1,11278
3017,Frank,Thompson,XXXXXXXXX,XXXXXXXXX,2,13641
3018,Mary,Smith,XXXXXXXXX,XXXXXXXXX,2,7216
3019,Madison,Atkinson,XXXXXXXXX,XXXXXXXXX,1,9334
3020,Mary,Smith,XXXXXXXXX,XXXXXXXXX,2,9852
3021,Nancy,Alvarado,XXXXXXXXX,XXXXXXXXX,2,11244
3022,Jose,Smith,XXXXXXXXX,XXXXXXXXX,2,6642
3023,Mary,Harris,XXXXXXXXX,XXXXXXXXX,2,5789
3024,Robert,Middleton,XXXXXXXXX,XXXXXXXXX,2,1123
3025,Sarah,Smith,XXXXXXXXX,XXXXXXXXX,2,2505
3026,Diane,Smith,XXXXXXXXX,XXXXXXXXX,1,8151
3027,Mary,Stevens,XXXXXXXXX,XXXXXXXXX,2,9551
3028,Ashley,Walton,XXXXXXXXX,XXXXXXXXX,2,15997
3029,Bryan,Smith,XXXXXXXXX,XXXXXXXXX,2,4653
3030,Mary,Marsh,XXXXXXXXX,XXXXXXXXX,1,4741
3031,Carol,Smith,XXXXXXXXX,XXXXXXXXX,1,5835
3032,Mary,Wilson,XXXXXXXXX,XXXXXXXXX,1,12577
3033,Kevin,Larsen,XXXXXXXXX,XXXXXXXXX,1,14732
3034,Mary,Smith,XXXXXXXXX,XXXXXXXXX,1,14979
3035,Anna,Gutierrez,XXXXXXXXX,XXXXXXXXX,1,1693
3036,Mary,Huerta,XXXXXXXXX,XXXXXXXXX,1,12351
3037,Christopher,Smith,XXXXXXXXX,XXXXXXXXX,3,7898
3038,Mary,Schmidt,XXXXXXXXX,XXXXXXXXX,1,9739
3039,Susan,Smith,XXXXXXXXX,XXXXXXXXX,1,11791
3040,Kathy,Brown,XXXXXXXXX,XXXXXXXXX,2,3075
3041,Mary,Jones,XXXXXXXXX,XXXXXXXXX,1,12850
3042,David,Howell,XXXXXXXXX,XXXXXXXXX,1,14459
3043,Catherine,Smith,XXXXXXXXX,XXXXXXXXX,1,13003
3044,Mary,Hunter,XXXXXXXXX,XXXXXXXXX,1,16462
3045,Lisa,Smith,XXXXXXXXX,XXXXXXXXX,1,13900
3046,Mary,Newman,XXXXXXXXX,XXXXXXXXX,1,8629
3047,Barbara,Smith,XXXXXXXXX,XXXXXXXXX,1,13907
3048,Mary,Brown,XXXXXXXXX,XXXXXXXXX,1,14401
3049,Stephen,Bryant,XXXXXXXXX,XXXXXXXXX,1,9890
3050,Mary,Smith,XXXXXXXXX,XXXXXXXXX,1,12809
3051,John,Johnson,XXXXXXXXX,XXXXXXXXX,3,15695
3052,Mary,Morales,XXXXXXXXX,XXXXXXXXX,3,11007
3053,Jennifer,Harvey,XXXXXXXXX,XXXXXXXXX,3,6413
3054,Gregory,Pope,XXXXXXXXX,XXXXXXXXX,1,94
3055,Mary,Smith,XXXXXXXXX,XXXXXXXXX,1,2877
3056,George,Middleton,XXXXXXXXX,XXXXXXXXX,1,4696
3057,Mary,Smith,XXXXXXXXX,XXXXXXXXX,1,4132
3058,Amy,Davenport,XXXXXXXXX,XXXXXXXXX,2,435
3059,Lori,Hensley,XXXXXXXXX,XXXXXXXXX,2,6354
3060,Mary,Smith,XXXXXXXXX,XXXXXXXXX,1,4403
3061,Crystal,Ford,XXXXXXXXX,XXXXXXXXX,3,9418
3062,Mary,Smith,XXXXXXXXX,XXXXXXXXX,1,12176
3063,John,Roberson,XXXXXXXXX,XXXXXXXXX,1,5922
3064,Sandra,Smith,XXXXXXXXX,XXXXXXXXX,1,5373
3065,Amy,Cummings,XXXXXXXXX,XXXXXXXXX,1,15878
3066,Mary,Smith,XXXXXXXXX,XXXXXXXXX,1,481
3067,Mary,Lee,XXXXXXXXX,XXXXXXXXX,1,16058
3068,Margaret,Smith,XXXXXXXXX,XXXXXXXXX,1,13239
3069,Mary,Perez,XXXXXXXXX,XXXXXXXXX,2,486
3070,Brian,Chavez,XXXXXXXXX,XXXXXXXXX,2,14251
3071,Mary,Meadows,XXXXXXXXX,XXXXXXXXX,1,9095
3072,Brandon,Smith,XXXXXXXXX,XXXXXXXXX,1,4458
3073,Jane,Hogan,XXXXXXXXX,XXXXXXXXX,2,12345
3074,Mary,Smith,XXXXXXXXX,XXXXXXXXX,3,5227
3075,Jonathan,Peterson,XXXXXXXXX,XXXXXXXXX,2,4235
3076,Mary,Smith,XXXXXXXXX,XXXXXXXXX,1,12506
3077,Albert,Rush,XXXXXXXXX,XXXXXXXXX,1,5203
3078,Mary,Smith,XXXXXXXXX,XXXXXXXXX,1,3350
3079,Charles,Diaz,XXXXXXXXX,XXXXXXXXX,1,15724
3080,Mary,Smith,XXXXXXXXX,XXXXXXXXX,3,13979
3081,Bruce,Thornton,XXXXXXXXX,XXXXXXXXX,3,1393
3082,Mary,Smith,XXXXXXXXX,XXXXXXXXX,3,12242
3083,Timothy,Lee,XXXXXXXXX,XXXXXXXXX,2,12769
3084,Mary,Fisher,XXXXXXXXX,XXXXXXXXX,2,7848
3085,Richard,Smith,XXXXXXXXX,XXXXXXXXX,2,5930
3086,Barbara,Harris,XXXXXXXXX,XXXXXXXXX,2,2777
3087,Mary,Hendricks,XXXXXXXXX,XXXXXXXXX,1,1971
3088,Amy,Smith,XXXXXXXXX,XXXXXXXXX,1,4050
3089,Sean,Bolton,XXXXXXXXX,XXXXXXXXX,1,14054
3090,Mary,Smith,XXXXXXXXX,XXXXXXXXX,1,8437
3091,Carolyn,Rodriguez,XXXXXXXXX,XXXXXXXXX,3,16372
3092,Mary,Yoder,XXXXXXXXX,XXXXXXXXX,3,1777
3093,Brian,Smith,XXXXXXXXX,XXXXXXXXX,3,1647
3094,Mary,Jenkins,XXXXXXXXX,XXXXXXXXX,3,425
3095,Patricia,Hayes,XXXXXXXXX,XXXXXXXXX,1,8942
3096,Stephanie,Larson,XXXXXXXXX,XXXXXXXXX,1,3644
3097,Douglas,Hanna,XXXXXXXXX,XXXXXXXXX,1,283
3098,Mary,Smith,XXXXXXXXX,XXXXXXXXX,1,13254
3099,Brittany,Copeland,XXXXXXXXX,XXXXXXXXX,1,8894
3100,Mary,Smith,XXXXXXXXX,XXXXXXXXX,1,8357
3101,George,Reyes,XXXXXXXXX,XXXXXXXXX,1,14219
3102,Ralph,Dixon,XXXXXXXXX,XXXXXXXXX,1,8716
3103,Mary,Wilkins,XXXXXXXXX,XXXXXXXXX,1,458
3104,Megan,Smith,XXXXXXXXX,XXXXXXXXX,3,8072
3105,Mary,Stone,XXXXXXXXX,XXXXXXXXX,2,13849
3106,Samantha,Smith,XXXXXXXXX,XXXXXXXXX,2,4565
3107,Tiffany,Estes,XXXXXXXXX,XXXXXXXXX,2,7843
3108,Mary,Smith,XXXXXXXXX,XXXXXXXXX,3,9007
3109,Jack,James,XXXXXXXXX,XXXXXXXXX,1,9164
3110,Phillip,Smith,XXXXXXXXX,XXXXXXXXX,1,12982
3111,Mary,Brown,XXXXXXXXX,XXXXXXXXX,1,13538
3112,Kimberly,Marsh,XXXXXXXXX,XXXXXXXXX,1,2633
3113,Aaron,Smith,XXXXXXXXX,XXXXXXXXX,1,15665
3114,Mary,Briggs,XXXXXXXXX,XXXXXXXXX,1,8058
3115,Tammy,Leblanc,XXXXXXXXX,XXXXXXXXX,1,6493
3116,Mary,Smith,XXXXXXXXX,XXXXXXXXX,3,9118
3117,Jacob,Murphy,XXXXXXXXX,XXXXXXXXX,1,4408
3118,Mary,Francis,XXXXXXXXX,XXXXXXXXX,2,2857
3119,Shirley,Hinton,XXXXXXXXX,XXXXXXXXX,2,1792
3120,Rose,Smith,XXXXXXXXX,XXXXXXXXX,2,12125
3121,Mary,Murphy,XXXXXXXXX,XXXXXXXXX,2,4970
3122,Joseph,Graves,XXXXXXXXX,XXXXXXXXX,2,14805
3123,Karen,Durham,XXXXXXXXX,XXXXXXXXX,2,4080
3124,Mary,Smith,XXXXXXXXX,XXXXXXXXX,3,4445
3125,Dylan,Walker,XXXXXXXXX,XXXXXXXXX,1,3434
3126,Mary,Keller,XXXXXXXXX,XXXXXXXXX,1,11945
3127,Jessica,Smith,XXXXXXXXX,XXXXXXXXX,1,16048
3128,Karen,Turner,XXXXXXXXX,XXXXXXXXX,1,5531
3129,Mary,Morton,XXXXXXXXX,XXXXXXXXX,2,3140
3130,Dylan,Smith,XXXXXXXXX,XXXXXXXXX,2,16005
3131,Mary,Brown,XXXXXXXXX,XXXXXXXXX,2,4223
3132,Mary,Gutierrez,XXXXXXXXX,XXXXXXXXX,2,4374
3133,Ruth,Becker,XXXXXXXXX,XXXXXXXXX,3,16536
3134,Mary,Smith,XXXXXXXXX,XXXXXXXXX,1,2913
3135,Helen,Ward,XXXXXXXXX,XXXXXXXXX,1,987
3136,Mary,Sharp,XXXXXXXXX,XXXXXXXXX,2,10504
3137,Elizabeth,Smith,XXXXXXXXX,XXXXXXXXX,2,14533
3138,Barbara,Nelson,XXXXXXXXX,XXXXXXXXX,1,10601
3139,Mary,Pope,XXXXXXXXX,XXXXXXXXX,1,14561
3140,Charles,Smith,XXXXXXXXX,XXXXXXXXX,3,15170
3141,Cynthia,Shannon,XXXXXXXXX,XXXXXXXXX,1,4425
3142,Brenda,Smith,XXXXXXXXX,XXXXXXXXX,1,6164
3143,Mary,Jones,XXXXXXXXX,XXXXXXXXX,3,4862
3144,Pamela,Browning,XXXXXXXXX,XXXXXXXXX,3,3330
3145,Rose,Smith,XXXXXXXXX,XXXXXXXXX,1,6380
3146,Mary,Murphy,XXXXXXXXX,XXXXXXXXX,1,5328
3147,Daniel,Diaz,XXXXXXXXX,XXXXXXXXX,2,7075
3148,Mary,Barrett,XXXXXXXXX,XXXXXXXXX,2,1047
3149,Edward,Dennis,XXXXXXXXX,XXXXXXXXX,2,14151
3150,Ruth,Smith,XXXXXXXXX,XXXXXXXXX,3,5775
3151,Mary,Brown,XXXXXXXXX,XXXXXXXXX,3,15190
3152,Emily,Thomas,XXXXXXXXX,XXXXXXXXX,3,10974
3153,Mary,Smith,XXXXXXXXX,XXXXXXXXX,2,565
3154,Terry,Thomas,XXXXXXXXX,XXXXXXXXX,1,11638
3155,Mary,Haas,XXXXXXXXX,XXXXXXXXX,2,12484
3156,Kathleen,Smith,XXXXXXXXX,XXXXXXXXX,2,2837
3157,Mary,Diaz,XXXXXXXXX,XXXXXXXXX,2,10885
3158,Jesse,Smith,XXXXXXXXX,XXXXXXXXX,2,3771
3159,Mary,Hill,XXXXXXXXX,XXXXXXXXX,2,8464
3160,Charles,Jensen,XXXXXXXXX,XXXXXXXXX,2,7904
3161,Barbara,Arias,XXXXXXXXX,XXXXXXXXX,1,8116
3162,Wayne,Smith,XXXXXXXXX,XXXXXXXXX,1,7274
3163,Mary,Carlson,XXXXXXXXX,XXXXXXXXX,1,11630
3164,Karen,Smith,XXXXXXXXX,XXXXXXXXX,1,10053
3165,Nancy,Haynes,XXXXXXXXX,XXXXXXXXX,3,14994
3166,Donald,Smith,XXXXXXXXX,XXXXXXXXX,1,14004
3167,Janice,Ward,XXXXXXXXX,XXXXXXXXX,1,10467
3168,Mary,Smith,XXXXXXXXX,XXXXXXXXX,1,3474
3169,Lawrence,Butler,XXXXXXXXX,XXXXXXXXX,2,10461
3170,Mary,Smith,XXXXXXXXX,XXXXXXXXX,2,12113
3171,Elizabeth,Moss,XXXXXXXXX,XXXXXXXXX,2,69
3172,Karen,Boyle,XXXXXXXXX,XXXXXXXXX,2,4209
3173,Betty,Smith,XXXXXXXXX,XXXXXXXXX,2,8348
3174,Rose,Turner,XXXXXXXXX,XXXXXXXXX,2,15360
3175,Mary,Little,XXXXXXXXX,XXXXXXXXX,2,14692
3176,Donna,Smith,XXXXXXXXX,XXXXXXXXX,2,4358
3177,Mary,Nguyen,XXXXXXXXX,XXXXXXXXX,1,14379
3178,Victoria,Wu,XXXXXXXXX,XXXXXXXXX,1,10305
3179,Mary,Compton,XXXXXXXXX,XXXXXXXXX,1,7839
3180,Raymond,Smith,XXXXXXXXX,XXXXXXXXX,1,13233
3181,Mary,Hopkins,XXXXXXXXX,XXXXXXXXX,1,5647
3182,Frances,Smith,XXXXXXXXX,XXXXXXXXX,3,12547
3183,Mary,Butler,XXXXXXXXX,XXXXXXXXX,1,12288
3184,Tyler,Smith,XXXXXXXXX,XXXXXXXXX,1,4119
3185,Mary,Beard,XXXXXXXXX,XXXXXXXXX,1,1118
3186,Jack,Smith,XXXXXXXXX,XXXXXXXXX,1,2926
3187,Mary,Clark,XXXXXXXXX,XXXXXXXXX,1,5255
3188,Madison,Ray,XXXXXXXXX,XXXXXXXXX,3,15216
3189,Bryan,Smith,XXXXXXXXX,XXXXXXXXX,2,11777
3190,Mary,Leonard,XXXXXXXXX,XXXXXXXXX,2,2188
3191,Kathleen,Tate,XXXXXXXXX,XXXXXXXXX,2,4515
3192,Mary,Lindsey,XXXXXXXXX,XXXXXXXXX,2,4966
3193,Joshua,Smith,XXXXXXXXX,XXXXXXXXX,3,10534
3194,Keith,Gutierrez,XXXXXXXXX,XXXXXXXXX,3,5638
3195,Mary,Smith,XXXXXXXXX,XXXXXXXXX,2,3172
3196,Diane,Ferguson,XXXXXXXXX,XXXXXXXXX,3,15634
3197,Mary,Holloway,XXXXXXXXX,XXXXXXXXX,3,10191
3198,Sarah,Smith,XXXXXXXXX,XXXXXXXXX,1,178
3199,Ashley,Hernandez,XXXXXXXXX,XXXXXXXXX,2,6202
3200,Mary,Barron,XXXXXXXXX,XXXXXXXXX,1,12935
3201,Kathleen,Smith,XXXXXXXXX,XXXXXXXXX,1,14931
3202,Emma,Wilson,XXXXXXXXX,XXXXXXXXX,1,14105
3203,Mary,Bryan,XXXXXXXXX,XXXXXXXXX,1,7369
3204,Edward,Smith,XXXXXXXXX,XXXXXXXXX,1,6076
3205,Julie,Santiago,XXXXXXXXX,XXXXXXXXX,1,4857
3206,Mary,Smith,XXXXXXXXX,XXXXXXXXX,1,4697
3207,Stephen,Smith,XXXXXXXXX,XXXXXXXXX,1,1550
3208,Mildred,Short,XXXXXXXXX,XXXXXXXXX,1,4776
3209,Mary,Smith,XXXXXXXXX,XXXXXXXXX,1,3649
3210,Richard,Welch,XXXXXXXXX,XXXXXXXXX,2,8242
3211,Mary,Smith,XXXXXXXXX,XXXXXXXXX,2,8739
3212,Laura,Griffin,XXXXXXXXX,XXXXXXXXX,2,2099
3213,Mary,Smith,XXXXXXXXX,XXXXXXXXX,1,1743
3214,Kevin,Bowers,XXXXXXXXX,XXXXXXXXX,2,9662
3215,Judith,Smith,XXXXXXXXX,XXXXXXXXX,3,7330
3216,Roy,Watts,XXXXXXXXX,XXXXXXXXX,3,689
3217,Mary,Smith,XXXXXXXXX,XXXXXXXXX,3,224
3218,Steven,Mann,XXXXXXXXX,XXXXXXXXX,3,7115
3219,Mary,French,XXXXXXXXX,XXXXXXXXX,1,7326
3220,Susan,Villanueva,XXXXXXXXX,XXXXXXXXX,1,5482
3221,Scott,Smith,XXXXXXXXX,XXXXXXXXX,1,2068
3222,Mary,Williams,XXXXXXXXX,XXXXXXXXX,1,1442
3223,Thomas,White,XXXXXXXXX,XXXXXXXXX,1,4493
3224,Kevin,Bowers,XXXXXXXXX,XXXXXXXXX,3,14856
3225,Mary,Smith,XXXXXXXXX,XXXXXXXXX,1,4099
3226,Shawn,Schmidt,XXXXXXXXX,XXXXXXXXX,1,8128
3227,Mary,Smith,XXXXXXXXX,XXXXXXXXX,1,8761
3228,Susan,Zhang,XXXXXXXXX,XXXXXXXXX,3,14605
3229,Teresa,Smith,XXXXXXXXX,XXXXXXXXX,3,1406
3230,Mary,Jones,XXXXXXXXX,XXXXXXXXX,1,3656
3231,Melissa,Valdez,XXXXXXXXX,XXXXXXXXX,3,13675
3232,Olivia,Smith,XXXXXXXXX,XXXXXXXXX,2,13656
3233,Mary,West,XXXXXXXXX,XXXXXXXXX,2,92
3234,Jacob,Smith,XXXXXXXXX,XXXXXXXXX,1,6909
3235,Lori,Baker,XXXXXXXXX,XXXXXXXXX,3,2568
3236,Mary,Smith,XXXXXXXXX,XXXXXXXXX,1,3402
3237,James,Gonzalez,XXXXXXXXX,XXXXXXXXX,1,14488
3238,Benjamin,Hoffman,XXXXXXXXX,XXXXXXXXX,1,14726
3239,Mary,Smith,XXXXXXXXX,XXXXXXXXX,1,16545
3240,Kelly,Golden,XXXXXXXXX,XXXXXXXXX,1,996
3241,Willie,Smith,XXXXXXXXX,XXXXXXXXX,1,2079
3242,Mary,Garcia,XXXXXXXXX,XXXXXXXXX,2,7474
3243,Julia,Lewis,XXXXXXXXX,XXXXXXXXX,2,3198
3244,Mary,Garza,XXXXXXXXX,XXXXXXXXX,2,3958
3245,Rebecca,Smith,XXXXXXXXX,XXXXXXXXX,1,7972
3246,Lori,Burns,XXXXXXXXX,XXXXXXXXX,1,7225
3247,Mary,Pierce,XXXXXXXXX,XXXXXXXXX,1,8032
3248,Janet,Ochoa,XXXXXXXXX,XXXXXXXXX,1,2488
3249,Mary,Mcgrath,XXXXXXXXX,XXXXXXXXX,1,5739
3250,Richard,Smith,XXXXXXXXX,XXXXXXXXX,1,15975
3251,Kenneth,Murillo,XXXXXXXXX,XXXXXXXXX,1,552
3252,Mary,Smith,XXXXXXXXX,XXXXXXXXX,1,4499
3253,Kevin,Patel,XXXXXXXXX,XXXXXXXXX,3,15231
3254,Bruce,Meyers,XXXXXXXXX,XXXXXXXXX,3,1132
3255,Mary,Christian,XXXXXXXXX,XXXXXXXXX,2,3216
3256,Michael,Smith,XXXXXXXXX,XXXXXXXXX,1,15200
3257,Julia,Mcconnell,XXXXXXXXX,XXXXXXXXX,1,12534
3258,Mary,Smith,XXXXXXXXX,XXXXXXXXX,1,15468
3259,Mary,Gallegos,XXXXXXXXX,XXXXXXXXX,1,8188
3260,Matthew,Smith,XXXXXXXXX,XXXXXXXXX,3,3239
3261,Wayne,Adams,XXXXXXXXX,XXXXXXXXX,1,6763
3262,Mary,Brewer,XXXXXXXXX,XXXXXXXXX,2,11180
3263,Brian,Smith,XXXXXXXXX,XXXXXXXXX,2,4756
3264,Mary,Cook,XXXXXXXXX,XXXXXXXXX,3,14528
3265,Juan,Pena,XXXXXXXXX,XXXXXXXXX,3,14144
3266,Mary,Salinas,XXXXXXXXX,XXXXXXXXX,2,13253
3267,Teresa,Smith,XXXXXXXXX,XXXXXXXXX,2,2216
3268,Mary,Smith,XXXXXXXXX,XXXXXXXXX,1,10166
3269,Margaret,Wade,XXXXXXXXX,XXXXXXXXX,3,14353
3270,Alexander,Smith,XXXXXXXXX,XXXXXXXXX,1,7778
3271,Mary,Simon,XXXXXXXXX,XXXXXXXXX,1,14247
3272,Julie,Smith,XXXXXXXXX,XXXXXXXXX,1,8925
3273,Mary,Ford,XXXXXXXXX,XXXXXXXXX,3,5738
3274,Mary,Smith,XXXXXXXXX,XXXXXXXXX,2,6742
3275,Steven,Williams,XXXXXXXXX,XXXXXXXXX,2,11793
3276,Mary,Owens,XXXXXXXXX,XXXXXXXXX,2,13159
3277,Jennifer,Smith,XXXXXXXXX,XXXXXXXXX,2,6006
3278,Patrick,Anderson,XXXXXXXXX,XXXXXXXXX,1,8221
3279,Mary,Wells,XXXXXXXXX,XXXXXXXXX,1,7695
3280,Kathleen,Smith,XXXXXXXXX,XXXXXXXXX,1,6813
3281,Teresa,Werner,XXXXXXXXX,XXXXXXXXX,1,9217
3282,Mary,Smith,XXXXXXXXX,XXXXXXXXX,1,14887
3283,Charles,Ramos,XXXXXXXXX,XXXXXXXXX,1,5242
3284,Mary,Smith,XXXXXXXXX,XXXXXXXXX,1,12229
3285,Michelle,Gilbert,XXXXXXXXX,XXXXXXXXX,2,1878
3286,Stephen,Smith,XXXXXXXXX,XXXXXXXXX,2,2461
3287,Mary,Malone,XXXXXXXXX,XXXXXXXXX,2,1903
3288,Stephanie,Smith,XXXXXXXXX,XXXXXXXXX,1,13713
3289,Mary,Adkins,XXXXXXXXX,XXXXXXXXX,1,13618
3290,Linda,Smith,XXXXXXXXX,XXXXXXXXX,3,8640
3291,Mary,Parrish,XXXXXXXXX,XXXXXXXXX,3,16187
3293,Mary,Barker,XXXXXXXXX,XXXXXXXXX,2,9383
3294,Michael,Smith,XXXXXXXXX,XXXXXXXXX,1,5206
3295,Maria,Joseph,XXXXXXXXX,XXXXXXXXX,2,14411
3296,Mary,Smith,XXXXXXXXX,XXXXXXXXX,3,13237
3297,Bryan,Lewis,XXXXXXXXX,XXXXXXXXX,1,2231
3298,Mary,Ray,XXXXXXXXX,XXXXXXXXX,2,11956
3299,Laura,Smith,XXXXXXXXX,XXXXXXXXX,2,13400
3300,Mary,Simpson,XXXXXXXXX,XXXXXXXXX,2,2413
3301,Richard,Davila,XXXXXXXXX,XXXXXXXXX,2,16023
3302,Terry,Smith,XXXXXXXXX,XXXXXXXXX,2,1370
3303,Mary,Robinson,XXXXXXXXX,XXXXXXXXX,2,8386
3304,Amanda,Gibson,XXXXXXXXX,XXXXXXXXX,1,12848
3305,Sara,Smith,XXXXXXXXX,XXXXXXXXX,3,10404
3306,Mary,Woods,XXXXXXXXX,XXXXXXXXX,2,13410
3307,Lauren,Holmes,XXXXXXXXX,XXXXXXXXX,1,9068
3308,Aaron,Smith,XXXXXXXXX,XXXXXXXXX,2,13727
3309,Mary,Williams,XXXXXXXXX,XXXXXXXXX,2,14172
3310,Robert,Porter,XXXXXXXXX,XXXXXXXXX,2,16144
3311,Ryan,Shelton,XXXXXXXXX,XXXXXXXXX,1,13951
3312,Jane,Smith,XXXXXXXXX,XXXXXXXXX,1,9604
3313,Mary,Ortiz,XXXXXXXXX,XXXXXXXXX,1,12655
3314,Charles,Smith,XXXXXXXXX,XXXXXXXXX,1,2815
3315,Andrew,Butler,XXXXXXXXX,XXXXXXXXX,1,13246
3316,Mary,Oconnor,XXXXXXXXX,XXXXXXXXX,1,13388
3317,Betty,Smith,XXXXXXXXX,XXXXXXXXX,1,621
3318,Henry,Tate,XXXXXXXXX,XXXXXXXXX,1,6417
3319,Adam,Prince,XXXXXXXXX,XXXXXXXXX,1,2379
3320,Mary,Smith,XXXXXXXXX,XXXXXXXXX,1,1374
3321,Robert,Medina,XXXXXXXXX,XXXXXXXXX,1,6150
3322,Joyce,Smith,XXXXXXXXX,XXXXXXXXX,1,7710
3323,Megan,Meyers,XXXXXXXXX,XXXXXXXXX,1,8000
3324,Mary,Smith,XXXXXXXXX,XXXXXXXXX,2,2573
3325,Danielle,Rios,XXXXXXXXX,XXXXXXXXX,2,16161
3326,Mary,Smith,XXXXXXXXX,XXXXXXXXX,2,566
3327,Tammy,Robinson,XXXXXXXXX,XXXXXXXXX,1,1621
3328,Mary,Cannon,XXXXXXXXX,XXXXXXXXX,1,12391
3329,Joshua,Smith,XXXXXXXXX,XXXXXXXXX,1,15987
3330,Mary,Johnson,XXXXXXXXX,XXXXXXXXX,1,15912
3331,Diane,Martinez,XXXXXXXXX,XXXXXXXXX,1,1599
3332,Mary,Robinson,XXXXXXXXX,XXXXXXXXX,1,8274
3333,James,Massey,XXXXXXXXX,XXXXXXXXX,1,8065
3334,Amber,Smith,XXXXXXXXX,XXXXXXXXX,1,12656
3335,Mary,Ramirez,XXXXXXXXX,XXXXXXXXX,1,1090
3336,Sandra,Hunter,XXXXXXXXX,XXXXXXXXX,1,10080
3337,Jeffrey,Smith,XXXXXXXXX,XXXXXXXXX,1,14946
3338,Howard,Collins,XXXXXXXXX,XXXXXXXXX,1,13096
3339,Mary,Payne,XXXXXXXXX,XXXXXXXXX,1,5966
3340,Linda,Fletcher,XXXXXXXXX,XXXXXXXXX,1,10283
3341,Carol,Smith,XXXXXXXXX,XXXXXXXXX,1,9191
3342,Mary,Cobb,XXXXXXXXX,XXXXXXXXX,1,727
3343,Vincent,Smith,XXXXXXXXX,XXXXXXXXX,1,1241
3344,Mary,Park,XXXXXXXXX,XXXXXXXXX,1,4025
3345,Christine,Smith,XXXXXXXXX,XXXXXXXXX,1,1094
3346,Walter,Parker,XXXXXXXXX,XXXXXXXXX,2,15557
3347,Mary,Christian,XXXXXXXXX,XXXXXXXXX,3,10250
3348,James,Lynn,XXXXXXXXX,XXXXXXXXX,1,15858
3349,Lauren,Smith,XXXXXXXXX,XXXXXXXXX,1,698
3350,Mary,Mercer,XXXXXXXXX,XXXXXXXXX,1,328
3351,James,Smith,XXXXXXXXX,XXXXXXXXX,1,11840
3352,Gregory,Santiago,XXXXXXXXX,XXXXXXXXX,2,2735
3353,Mary,Smith,XXXXXXXXX,XXXXXXXXX,2,6289
3354,Russell,Flores,XXXXXXXXX,XXXXXXXXX,2,7797
3355,Mary,Morales,XXXXXXXXX,XXXXXXXXX,2,7888
3356,Lori,Mcintosh,XXXXXXXXX,XXXXXXXXX,3,16365
3357,Mary,Smith,XXXXXXXXX,XXXXXXXXX,3,2396
3358,Anthony,Wright,XXXXXXXXX,XXXXXXXXX,3,14643
3359,Michelle,Torres,XXXXXXXXX,XXXXXXXXX,1,12374
3360,Mary,Bailey,XXXXXXXXX,XXXXXXXXX,2,12739
3361,Virginia,Smith,XXXXXXXXX,XXXXXXXXX,2,13088
3362,Mary,Solomon,XXXXXXXXX,XXXXXXXXX,2,13830
3363,Grace,Smith,XXXXXXXXX,XXXXXXXXX,1,7144
3364,Mary,Ramos,XXXXXXXXX,XXXXXXXXX,1,1712
3365,William,Crawford,XXXXXXXXX,XXXXXXXXX,1,11805
3366,Mary,Herring,XXXXXXXXX,XXXXXXXXX,2,6396
3367,Betty,Smith,XXXXXXXXX,XXXXXXXXX,1,1898
3368,Mary,Jackson,XXXXXXXXX,XXXXXXXXX,1,3705
3369,Joseph,Clark,XXXXXXXXX,XXXXXXXXX,1,13078
3370,Mary,Reyes,XXXXXXXXX,XXXXXXXXX,1,8877
3371,David,Dixon,XXXXXXXXX,XXXXXXXXX,1,11274
3372,Virginia,Smith,XXXXXXXXX,XXXXXXXXX,1,3788
3373,Mary,Willis,XXXXXXXXX,XXXXXXXXX,1,16079
3374,Christine,Smith,XXXXXXXXX,XXXXXXXXX,1,42
3375,Mary,Sanchez,XXXXXXXXX,XXXXXXXXX,1,9678
3376,Rose,Cannon,XXXXXXXXX,XXXXXXXXX,1,1801
3377,Ralph,Smith,XXXXXXXXX,XXXXXXXXX,1,6601
3378,Mary,Torres,XXXXXXXXX,XXXXXXXXX,1,1520
3379,Peter,Smith,XXXXXXXXX,XXXXXXXXX,1,14403
3380,Mary,Pitts,XXXXXXXXX,XXXXXXXXX,3,6319
3381,Lisa,Smith,XXXXXXXXX,XXXXXXXXX,3,16017
3382,Donald,Baker,XXXXXXXXX,XXXXXXXXX,3,113
3383,Jose,Casey,XXXXXXXXX,XXXXXXXXX,3,8123
3384,Mary,Smith,XXXXXXXXX,XXXXXXXXX,3,3416
3385,Thomas,Jones,XXXXXXXXX,XXXXXXXXX,3,3446
3386,Justin,Smith,XXXXXXXXX,XXXXXXXXX,1,5215
3387,Grace,Lin,XXXXXXXXX,XXXXXXXXX,1,7190
3388,Mary,Smith,XXXXXXXXX,XXXXXXXXX,1,8951
3389,Mary,Martinez,XXXXXXXXX,XXXXXXXXX,1,4581
3390,Elizabeth,Stephenson,XXXXXXXXX,XXXXXXXXX,2,14414
3391,Rebecca,Smith,XXXXXXXXX,XXXXXXXXX,2,11378
3392,Victoria,Pham,XXXXXXXXX,XXXXXXXXX,3,9794
3393,Nathan,Smith,XXXXXXXXX,XXXXXXXXX,1,5375
3394,Mary,Morales,XXXXXXXXX,XXXXXXXXX,1,6283
3395,Mark,Matthews,XXXXXXXXX,XXXXXXXXX,1,6660
3396,Patrick,Smith,XXXXXXXXX,XXXXXXXXX,2,9641
3397,Mary,Coleman,XXXXXXXXX,XXXXXXXXX,2,9212
3398,James,Hardin,XXXXXXXXX,XXXXXXXXX,2,10776
3399,George,Smith,XXXXXXXXX,XXXXXXXXX,2,10235
3400,Frank,Lewis,XXXXXXXXX,XXXXXXXXX,1,10725
3401,Sara,Ramos,XXXXXXXXX,XXXXXXXXX,1,4990
3402,Mary,Wilkerson,XXXXXXXXX,XXXXXXXXX,1,16330
3403,Evelyn,Smith,XXXXXXXXX,XXXXXXXXX,1,1379
3404,Billy,Thompson,XXXXXXXXX,XXXXXXXXX,1,12628
3405,Bruce,Paul,XXXXXXXXX,XXXXXXXXX,3,14506
3406,Mary,Smith,XXXXXXXXX,XXXXXXXXX,2,14954
3407,Nancy,Myers,XXXXXXXXX,XXXXXXXXX,1,10888
3408,Catherine,Ryan,XXXXXXXXX,XXXXXXXXX,1,8822
3409,Mary,Garner,XXXXXXXXX,XXXXXXXXX,1,11715
3410,Brandon,Smith,XXXXXXXXX,XXXXXXXXX,2,7211
3411,Mary,Lester,XXXXXXXXX,XXXXXXXXX,2,12510
3412,Pamela,Smith,XXXXXXXXX,XXXXXXXXX,3,3952
3413,Mary,Underwood,XXXXXXXXX,XXXXXXXXX,3,12799
3414,Ruth,Smith,XXXXXXXXX,XXXXXXXXX,3,2509
3415,Frances,Gomez,XXXXXXXXX,XXXXXXXXX,3,5434
3416,Mary,Smith,XXXXXXXXX,XXXXXXXXX,3,11857
3417,Daniel,Joseph,XXXXXXXXX,XXXXXXXXX,3,6529
3418,Gerald,Macdonald,XXXXXXXXX,XXXXXXXXX,1,9825
3419,Mary,Smith,XXXXXXXXX,XXXXXXXXX,1,7716
3420,Kenneth,Price,XXXXXXXXX,XXXXXXXXX,1,12436
3421,Kathryn,Norris,XXXXXXXXX,XXXXXXXXX,2,13989
3422,Julia,Woodard,XXXXXXXXX,XXXXXXXXX,2,3036
3423,Mary,Smith,XXXXXXXXX,XXXXXXXXX,2,2912
3424,Patricia,Leblanc,XXXXXXXXX,XXXXXXXXX,2,1344
3425,Andrea,Smith,XXXXXXXXX,XXXXXXXXX,2,10065
3426,Douglas,Davenport,XXXXXXXXX,XXXXXXXXX,2,9382
3427,Mary,Smith,XXXXXXXXX,XXXXXXXXX,2,5252
3428,Madison,Joseph,XXXXXXXXX,XXXXXXXXX,2,13780
3429,Mary,Smith,XXXXXXXXX,XXXXXXXXX,2,14395
3430,Alice,Russo,XXXXXXXXX,XXXXXXXXX,1,7823
3431,Mary,Berger,XXXXXXXXX,XXXXXXXXX,1,9728
3432,John,Smith,XXXXXXXXX,XXXXXXXXX,2,6091
3433,David,James,XXXXXXXXX,XXXXXXXXX,2,6635
3434,Jane,Cruz,XXXXXXXXX,XXXXXXXXX,2,16388
3435,Mary,Smith,XXXXXXXXX,XXXXXXXXX,2,16447
3436,Joshua,Lewis,XXXXXXXXX,XXXXXXXXX,1,4441
3437,Mary,Massey,XXXXXXXXX,XXXXXXXXX,3,11344
3438,James,Richmond,XXXXXXXXX,XXXXXXXXX,1,4236
3439,Pamela,Smith,XXXXXXXXX,XXXXXXXXX,1,12469
3440,Mary,Edwards,XXXXXXXXX,XXXXXXXXX,1,8617
3441,Emma,Russell,XXXXXXXXX,XXXXXXXXX,1,13632
3442,Mary,Henson,XXXXXXXXX,XXXXXXXXX,1,10583
3443,James,Smith,XXXXXXXXX,XXXXXXXXX,1,13294
3444,Karen,Olsen,XXXXXXXXX,XXXXXXXXX,1,1485
3445,Andrew,Smith,XXXXXXXXX,XXXXXXXXX,1,12730
3446,Kathryn,Wright,XXXXXXXXX,XXXXXXXXX,1,4189
3447,Sara,Andersen,XXXXXXXXX,XXXXXXXXX,1,246
3448,Mary,Smith,XXXXXXXXX,XXXXXXXXX,1,1927
3449,Joyce,Gonzalez,XXXXXXXXX,XXXXXXXXX,1,13441
3450,Mary,Fields,XXXXXXXXX,XXXXXXXXX,1,3336
3451,Samantha,Smith,XXXXXXXXX,XXXXXXXXX,1,12224
3452,Mary,Nelson,XXXXXXXXX,XXXXXXXXX,1,5229
3453,Mary,Smith,XXXXXXXXX,XXXXXXXXX,1,6120
3454,Christopher,Bradshaw,XXXXXXXXX,XXXXXXXXX,1,3386
3455,Mary,Smith,XXXXXXXXX,XXXXXXXXX,3,14318
3456,Jeffrey,Ramos,XXXXXXXXX,XXXXXXXXX,2,15709
3457,Mary,Weaver,XXXXXXXXX,XXXXXXXXX,2,1101
3458,Henry,Smith,XXXXXXXXX,XXXXXXXXX,2,8026
3459,Mary,Wright,XXXXXXXXX,XXXXXXXXX,2,12523
3460,Linda,Hinton,XXXXXXXXX,XXXXXXXXX,2,9458
3461,Jose,Smith,XXXXXXXXX,XXXXXXXXX,2,2993
3462,Mary,Martinez,XXXXXXXXX,XXXXXXXXX,1,382
3463,Laura,Adams,XXXXXXXXX,XXXXXXXXX,1,4506
3464,Zachary,Smith,XXXXXXXXX,XXXXXXXXX,3,981
3465,Mary,Gardner,XXXXXXXXX,XXXXXXXXX,3,2199
3466,Evelyn,Smith,XXXXXXXXX,XXXXXXXXX,3,14831
3467,Victoria,Smith,XXXXXXXXX,XXXXXXXXX,1,16231
3468,Mary,Romero,XXXXXXXXX,XXXXXXXXX,1,13648
3469,Rebecca,Harmon,XXXXXXXXX,XXXXXXXXX,3,8562
3470,Carolyn,Petersen,XXXXXXXXX,XXXXXXXXX,3,10951
3471,Mary,Franco,XXXXXXXXX,XXXXXXXXX,1,465
3472,Ethan,Smith,XXXXXXXXX,XXXXXXXXX,1,7202
3473,Mary,Myers,XXXXXXXXX,XXXXXXXXX,2,3122
3474,Jack,Hatfield,XXXXXXXXX,XXXXXXXXX,1,8588
3475,Mary,Smith,XXXXXXXXX,XXXXXXXXX,1,3395
3476,Kathy,Petty,XXXXXXXXX,XXXXXXXXX,1,1247
3477,Mary,Smith,XXXXXXXXX,XXXXXXXXX,2,759
3478,Alan,Obrien,XXXXXXXXX,XXXXXXXXX,1,8626
3479,Mary,Vang,XXXXXXXXX,XXXXXXXXX,1,3731
3480,James,Smith,XXXXXXXXX,XXXXXXXXX,2,2668
3481,Ronald,Obrien,XXXXXXXXX,XXXXXXXXX,1,8056
3482,Mary,Horton,XXXXXXXXX,XXXXXXXXX,2,13687
3483,Michael,Smith,XXXXXXXXX,XXXXXXXXX,1,8012
3484,Rebecca,Hunter,XXXXXXXXX,XXXXXXXXX,2,10675
3485,Mary,Smith,XXXXXXXXX,XXXXXXXXX,2,14492
3486,Carol,Thompson,XXXXXXXXX,XXXXXXXXX,2,11827
3487,Tyler,Smith,XXXXXXXXX,XXXXXXXXX,2,3821
3488,Mary,Mueller,XXXXXXXXX,XXXXXXXXX,2,5300
3489,Larry,Waller,XXXXXXXXX,XXXXXXXXX,2,8195
3490,Mary,Smith,XXXXXXXXX,XXXXXXXXX,1,331
3491,Diane,Barrett,XXXXXXXXX,XXXXXXXXX,1,1087
3492,Mary,Smith,XXXXXXXXX,XXXXXXXXX,1,15013
3493,Joseph,Simmons,XXXXXXXXX,XXXXXXXXX,1,11343
3494,Cheryl,Smith,XXXXXXXXX,XXXXXXXXX,2,8847
3495,Mary,Mcdonald,XXXXXXXXX,XXXXXXXXX,1,7446
3496,Brittany,Holmes,XXXXXXXXX,XXXXXXXXX,1,14736
3497,Mary,Smith,XXXXXXXXX,XXXXXXXXX,1,10202
3498,Elizabeth,Ramos,XXXXXXXXX,XXXXXXXXX,1,11714
3499,Mildred,Cole,XXXXXXXXX,XXXXXXXXX,3,3737
3500,Mary,Mcdonald,XXXXXXXXX,XXXXXXXXX,3,11843
3501,Rachel,Davila,XXXXXXXXX,XXXXXXXXX,3,15831
3502,Mary,Smith,XXXXXXXXX,XXXXXXXXX,3,12153
3503,Kathryn,Davis,XXXXXXXXX,XXXXXXXXX,2,712
3504,Mary,Salinas,XXXXXXXXX,XXXXXXXXX,2,14267
3505,Kevin,Smith,XXXXXXXXX,XXXXXXXXX,2,13625
3506,Samantha,Graham,XXXXXXXXX,XXXXXXXXX,3,1769
3507,Mary,Mathews,XXXXXXXXX,XXXXXXXXX,3,13372
3508,Randy,Smith,XXXXXXXXX,XXXXXXXXX,3,1145
3509,Mary,Perry,XXXXXXXXX,XXXXXXXXX,3,13202
3510,Juan,Smith,XXXXXXXXX,XXXXXXXXX,3,3177
3511,Mary,Orozco,XXXXXXXXX,XXXXXXXXX,2,961
3512,Jennifer,Smith,XXXXXXXXX,XXXXXXXXX,2,9790
3513,Shirley,Boyer,XXXXXXXXX,XXXXXXXXX,2,2221
3514,Walter,Smith,XXXXXXXXX,XXXXXXXXX,2,10224
3515,Mary,Sims,XXXXXXXXX,XXXXXXXXX,2,8915
3516,Elizabeth,Smith,XXXXXXXXX,XXXXXXXXX,3,1417
3517,Mary,Russell,XXXXXXXXX,XXXXXXXXX,1,2544
3518,Daniel,Smith,XXXXXXXXX,XXXXXXXXX,1,11871
3519,Nicholas,Ruiz,XXXXXXXXX,XXXXXXXXX,1,5724
3520,Mary,Smith,XXXXXXXXX,XXXXXXXXX,1,14982
3521,Joyce,Callahan,XXXXXXXXX,XXXXXXXXX,1,5645
3522,Adam,Smith,XXXXXXXXX,XXXXXXXXX,1,6718
3523,Mary,Mcgee,XXXXXXXXX,XXXXXXXXX,1,955
3524,John,Smith,XXXXXXXXX,XXXXXXXXX,1,3029
3525,Joseph,Flores,XXXXXXXXX,XXXXXXXXX,1,138
3526,Kevin,Durham,XXXXXXXXX,XXXXXXXXX,1,7093
3527,Mary,Smith,XXXXXXXXX,XXXXXXXXX,1,7041
3528,Nicole,Brooks,XXXXXXXXX,XXXXXXXXX,1,11659
3529,Victoria,Weaver,XXXXXXXXX,XXXXXXXXX,1,2771
3530,Mary,Smith,XXXXXXXXX,XXXXXXXXX,1,10867
3531,Amanda,Foster,XXXXXXXXX,XXXXXXXXX,1,13416
3532,Carolyn,Henderson,XXXXXXXXX,XXXXXXXXX,1,1901
3533,Mary,Smith,XXXXXXXXX,XXXXXXXXX,1,4866
3534,James,Marshall,XXXXXXXXX,XXXXXXXXX,2,7970
3535,Betty,Rodgers,XXXXXXXXX,XXXXXXXXX,1,1469
3536,Mary,Tanner,XXXXXXXXX,XXXXXXXXX,1,3489
3537,Ralph,Smith,XXXXXXXXX,XXXXXXXXX,1,11188
3538,Mary,Henry,XXXXXXXXX,XXXXXXXXX,1,9804
3539,Richard,Smith,XXXXXXXXX,XXXXXXXXX,1,9652
3540,Nicole,Bishop,XXXXXXXXX,XXXXXXXXX,1,5671
3541,Jeremy,Smith,XXXXXXXXX,XXXXXXXXX,2,13224
3542,Mary,Russell,XXXXXXXXX,XXXXXXXXX,1,5142
3543,Matthew,Rasmussen,XXXXXXXXX,XXXXXXXXX,1,3745
3544,Danielle,Smith,XXXXXXXXX,XXXXXXXXX,1,205
3545,Austin,Guzman,XXXXXXXXX,XXXXXXXXX,3,13157
3546,Mary,Cannon,XXXXXXXXX,XXXXXXXXX,3,3866
3547,Rebecca,Waller,XXXXXXXXX,XXXXXXXXX,1,13649
3548,Mary,Smith,XXXXXXXXX,XXXXXXXXX,3,16493
3549,Adam,Morris,XXXXXXXXX,XXXXXXXXX,1,2328
3550,Mary,Garner,XXXXXXXXX,XXXXXXXXX,1,2006
3551,Richard,Kramer,XXXXXXXXX,XXXXXXXXX,1,12245
3552,Kathleen,Smith,XXXXXXXXX,XXXXXXXXX,2,7454
3553,Mary,Lloyd,XXXXXXXXX,XXXXXXXXX,2,16052
3554,Michael,Smith,XXXXXXXXX,XXXXXXXXX,2,10551
3555,Gregory,Walker,XXXXXXXXX,XXXXXXXXX,2,7024
3556,Mary,Lane,XXXXXXXXX,XXXXXXXXX,1,1513
3557,Benjamin,Clarke,XXXXXXXXX,XXXXXXXXX,1,10750
3558,Mary,Smith,XXXXXXXXX,XXXXXXXXX,1,7672
3559,Susan,Wright,XXXXXXXXX,XXXXXXXXX,1,7933
3560,Dylan,Rhodes,XXXXXXXXX,XXXXXXXXX,1,2918
3561,Mary,Smith,XXXXXXXXX,XXXXXXXXX,1,15187
3562,Beverly,Chase,XXXXXXXXX,XXXXXXXXX,3,61
3563,Mary,Stout,XXXXXXXXX,XXXXXXXXX,3,1428
3564,William,Smith,XXXXXXXXX,XXXXXXXXX,2,1002
3565,Johnny,Johnson,XXXXXXXXX,XXXXXXXXX,2,4706
3566,Mary,Meyer,XXXXXXXXX,XXXXXXXXX,2,6541
3567,Thomas,Schroeder,XXXXXXXXX,XXXXXXXXX,2,12973
3568,Madison,Smith,XXXXXXXXX,XXXXXXXXX,3,5386
3569,Jeremy,Smith,XXXXXXXXX,XXXXXXXXX,1,4511
3570,Mary,Nelson,XXXXXXXXX,XXXXXXXXX,3,5316
3571,Laura,Smith,XXXXXXXXX,XXXXXXXXX,1,8257
3572,Mary,Bennett,XXXXXXXXX,XXXXXXXXX,1,2631
3573,Virginia,Gould,XXXXXXXXX,XXXXXXXXX,1,1873
3574,Mary,Smith,XXXXXXXXX,XXXXXXXXX,3,2361
3575,Hannah,Cooper,XXXXXXXXX,XXXXXXXXX,3,2200
3576,Mary,Smith,XXXXXXXXX,XXXXXXXXX,3,235
3577,Michael,Martin,XXXXXXXXX,XXXXXXXXX,3,4902
3578,Christian,Cameron,XXXXXXXXX,XXXXXXXXX,2,11027
3579,Mary,Smith,XXXXXXXXX,XXXXXXXXX,2,4935
3580,Jessica,Larson,XXXXXXXXX,XXXXXXXXX,1,11563
3581,Mary,Pugh,XXXXXXXXX,XXXXXXXXX,1,5454
3582,Ruth,Smith,XXXXXXXXX,XXXXXXXXX,1,9147
3583,Jacqueline,Allen,XXXXXXXXX,XXXXXXXXX,1,8555
3584,Mary,Washington,XXXXXXXXX,XXXXXXXXX,2,9079
3585,Kimberly,Mullins,XXXXXXXXX,XXXXXXXXX,3,15007
3586,Mary,Smith,XXXXXXXXX,XXXXXXXXX,2,13210
3587,Michelle,Potter,XXXXXXXXX,XXXXXXXXX,2,8209
3588,Sharon,Carson,XXXXXXXXX,XXXXXXXXX,3,15859
3589,Mary,Smith,XXXXXXXXX,XXXXXXXXX,2,13076
3590,Jeffrey,Lewis,XXXXXXXXX,XXXXXXXXX,2,13545
3591,Lori,Farmer,XXXXXXXXX,XXXXXXXXX,2,9494
3592,Mary,Smith,XXXXXXXXX,XXXXXXXXX,2,8572
3593,Christina,Lewis,XXXXXXXXX,XXXXXXXXX,1,5080
3594,Mary,Smith,XXXXXXXXX,XXXXXXXXX,1,13429
3595,Joshua,Lewis,XXXXXXXXX,XXXXXXXXX,1,12748
3596,Mary,Richmond,XXXXXXXXX,XXXXXXXXX,2,2469
3597,Margaret,Smith,XXXXXXXXX,XXXXXXXXX,1,13772
3598,Marilyn,Morris,XXXXXXXXX,XXXXXXXXX,2,298
3599,Mary,Park,XXXXXXXXX,XXXXXXXXX,1,1671
3600,Jennifer,Smith,XXXXXXXXX,XXXXXXXXX,1,13921
3601,Rose,Robertson,XXXXXXXXX,XXXXXXXXX,1,10660
3602,Mary,Warner,XXXXXXXXX,XXXXXXXXX,2,6921
3603,Susan,Smith,XXXXXXXXX,XXXXXXXXX,2,5840
3604,Alexander,Martin,XXXXXXXXX,XXXXXXXXX,3,6483
3605,Mary,Sanders,XXXXXXXXX,XXXXXXXXX,3,14310
3606,Joan,Strickland,XXXXXXXXX,XXXXXXXXX,3,2459
3607,Marie,Smith,XXXXXXXXX,XXXXXXXXX,3,12024
3608,Mary,Rogers,XXXXXXXXX,XXXXXXXXX,3,28
3609,James,Waters,XXXXXXXXX,XXXXXXXXX,2,1742
3610,Jordan,Smith,XXXXXXXXX,XXXXXXXXX,1,2503
3611,Mary,Mitchell,XXXXXXXXX,XXXXXXXXX,2,6732
3612,Gregory,Cox,XXXXXXXXX,XXXXXXXXX,3,8964
3613,Mary,York,XXXXXXXXX,XXXXXXXXX,2,10110
3614,John,Smith,XXXXXXXXX,XXXXXXXXX,2,7928
3615,Jennifer,Cooper,XXXXXXXXX,XXXXXXXXX,3,9375
3616,Jean,Holder,XXXXXXXXX,XXXXXXXXX,2,1757
3617,Mary,Smith,XXXXXXXXX,XXXXXXXXX,3,14156
3618,Linda,Evans,XXXXXXXXX,XXXXXXXXX,1,1538
3619,Samantha,Smith,XXXXXXXXX,XXXXXXXXX,1,14869
3620,Jeremy,Morris,XXXXXXXXX,XXXXXXXXX,2,13962
3621,Mary,West,XXXXXXXXX,XXXXXXXXX,1,7381
3622,Donald,Stanley,XXXXXXXXX,XXXXXXXXX,3,13994
3623,Scott,Smith,XXXXXXXXX,XXXXXXXXX,2,12050
3624,Grace,Shah,XXXXXXXXX,XXXXXXXXX,1,14802
3625,Mary,Smith,XXXXXXXXX,XXXXXXXXX,2,4607
3626,Stephen,Garza,XXXXXXXXX,XXXXXXXXX,2,3283
3627,Mary,Smith,XXXXXXXXX,XXXXXXXXX,2,9071
3628,Alice,Michael,XXXXXXXXX,XXXXXXXXX,2,1820
3629,Mary,Smith,XXXXXXXXX,XXXXXXXXX,2,14636
3630,Barbara,King,XXXXXXXXX,XXXXXXXXX,2,4395
3631,Mary,Smith,XXXXXXXXX,XXXXXXXXX,2,6146
3632,Albert,Flores,XXXXXXXXX,XXXXXXXXX,1,4665
3633,Mary,Burch,XXXXXXXXX,XXXXXXXXX,1,2574
3634,Emily,Smith,XXXXXXXXX,XXXXXXXXX,2,7480
3635,Catherine,Flowers,XXXXXXXXX,XXXXXXXXX,1,12305
3636,Willie,Smith,XXXXXXXXX,XXXXXXXXX,2,12154
3637,Mary,Wu,XXXXXXXXX,XXXXXXXXX,2,11865
3638,Amy,Smith,XXXXXXXXX,XXXXXXXXX,1,3317
3639,Danielle,Edwards,XXXXXXXXX,XXXXXXXXX,2,2295
3640,Mary,Serrano,XXXXXXXXX,XXXXXXXXX,2,10924
3641,Thomas,Smith,XXXXXXXXX,XXXXXXXXX,1,9462
3642,Margaret,Nicholson,XXXXXXXXX,XXXXXXXXX,2,9120
3643,Donald,Smith,XXXXXXXXX,XXXXXXXXX,1,2159
3644,Debra,Ryan,XXXXXXXXX,XXXXXXXXX,2,4574
3645,Martha,Guerra,XXXXXXXXX,XXXXXXXXX,2,15479
3646,Mary,Smith,XXXXXXXXX,XXXXXXXXX,1,15191
3647,Grace,Moore,XXXXXXXXX,XXXXXXXXX,1,5913
3648,Mary,Parker,XXXXXXXXX,XXXXXXXXX,2,11571
3649,Andrew,Nguyen,XXXXXXXXX,XXXXXXXXX,2,8452
3650,Wayne,Smith,XXXXXXXXX,XXXXXXXXX,2,9162
3651,Mary,Sanders,XXXXXXXXX,XXXXXXXXX,2,1082
3652,Ann,Esparza,XXXXXXXXX,XXXXXXXXX,3,10033
3653,Peter,Smith,XXXXXXXXX,XXXXXXXXX,3,3417
3654,Mary,Smith,XXXXXXXXX,XXXXXXXXX,3,8905
3655,Karen,Conway,XXXXXXXXX,XXXXXXXXX,3,2005
3656,Willie,Smith,XXXXXXXXX,XXXXXXXXX,3,11519
3657,Mary,Davis,XXXXXXXXX,XXXXXXXXX,1,1699
3658,Mary,Weiss,XXXXXXXXX,XXXXXXXXX,1,9387
3659,Margaret,Meadows,XXXXXXXXX,XXXXXXXXX,1,1380
3660,Roger,Smith,XXXXXXXXX,XXXXXXXXX,1,14164
3661,Mary,Jones,XXXXXXXXX,XXXXXXXXX,1,9320
3662,Betty,Collier,XXXXXXXXX,XXXXXXXXX,1,13283
3663,Beverly,Strong,XXXXXXXXX,XXXXXXXXX,1,8691
3664,Mary,Smith,XXXXXXXXX,XXXXXXXXX,1,9692
3665,Philip,Wyatt,XXXXXXXXX,XXXXXXXXX,1,11855
3666,Mary,Smith,XXXXXXXXX,XXXXXXXXX,2,262
3667,Andrew,Hinton,XXXXXXXXX,XXXXXXXXX,2,14728
3668,Judy,Smith,XXXXXXXXX,XXXXXXXXX,2,6243
3669,Mary,Soto,XXXXXXXXX,XXXXXXXXX,2,7270
3670,Anna,Smith,XXXXXXXXX,XXXXXXXXX,2,13196
3671,Mary,Johnson,XXXXXXXXX,XXXXXXXXX,2,817
3672,James,Park,XXXXXXXXX,XXXXXXXXX,1,1424
3673,Matthew,Smith,XXXXXXXXX,XXXXXXXXX,1,82
3674,Amy,Torres,XXXXXXXXX,XXXXXXXXX,1,13041
3675,Joyce,Pittman,XXXXXXXXX,XXXXXXXXX,1,13702
3676,Mary,Smith,XXXXXXXXX,XXXXXXXXX,1,5358
3677,Sandra,Edwards,XXXXXXXXX,XXXXXXXXX,1,12472
3678,Alice,Castro,XXXXXXXXX,XXXXXXXXX,1,12448
3679,Mary,Carpenter,XXXXXXXXX,XXXXXXXXX,1,2698
3680,David,Smith,XXXXXXXXX,XXXXXXXXX,1,11140
3681,Edward,Jones,XXXXXXXXX,XXXXXXXXX,2,13289
3682,Emily,Romero,XXXXXXXXX,XXXXXXXXX,1,5604
3683,Mary,Fernandez,XXXXXXXXX,XXXXXXXXX,1,5160
3684,Patrick,Smith,XXXXXXXXX,XXXXXXXXX,3,6497
3685,Mary,Watson,XXXXXXXXX,XXXXXXXXX,1,7241
3686,Jacob,Casey,XXXXXXXXX,XXXXXXXXX,1,4168
3687,Mary,Morrow,XXXXXXXXX,XXXXXXXXX,2,15157
3688,Judy,Smith,XXXXXXXXX,XXXXXXXXX,2,2528
3689,Mary,Wallace,XXXXXXXXX,XXXXXXXXX,2,13048
3690,Brittany,Williamson,XXXXXXXXX,XXXXXXXXX,2,8081
3691,Mary,Campos,XXXXXXXXX,XXXXXXXXX,1,15373
3692,James,Smith,XXXXXXXXX,XXXXXXXXX,1,8621
3693,Megan,Trevino,XXXXXXXXX,XXXXXXXXX,1,1286
3694,Mary,Smith,XXXXXXXXX,XXXXXXXXX,1,12042
3695,Christopher,Bryant,XXXXXXXXX,XXXXXXXXX,2,12695
3696,Martha,Holloway,XXXXXXXXX,XXXXXXXXX,2,15893
3697,Mary,Hobbs,XXXXXXXXX,XXXXXXXXX,2,13267
3698,John,Smith,XXXXXXXXX,XXXXXXXXX,1,4487
3699,Charles,Walker,XXXXXXXXX,XXXXXXXXX,2,7830
3700,Stephen,Bailey,XXXXXXXXX,XXXXXXXXX,2,7271
3701,Bryan,Foster,XXXXXXXXX,XXXXXXXXX,1,8296
3702,Mary,Smith,XXXXXXXXX,XXXXXXXXX,3,12830
3703,Christine,Reynolds,XXXXXXXXX,XXXXXXXXX,2,8956
3704,Mary,Smith,XXXXXXXXX,XXXXXXXXX,1,1244
3705,Lisa,Smith,XXXXXXXXX,XXXXXXXXX,1,16068
3706,Ashley,Fitzgerald,XXXXXXXXX,XXXXXXXXX,2,10510
3707,Mary,Smith,XXXXXXXXX,XXXXXXXXX,3,8839
3708,Judy,Miller,XXXXXXXXX,XXXXXXXXX,1,12521
3709,Mary,Padilla,XXXXXXXXX,XXXXXXXXX,1,6622
3710,Ashley,Smith,XXXXXXXXX,XXXXXXXXX,1,1105
3711,Jordan,Palmer,XXXXXXXXX,XXXXXXXXX,1,4759
3712,Mary,Meza,XXXXXXXXX,XXXXXXXXX,1,2847
3713,Helen,Smith,XXXXXXXXX,XXXXXXXXX,2,7596
3714,Kimberly,Williams,XXXXXXXXX,XXXXXXXXX,1,1761
3715,Debra,Burnett,XXXXXXXXX,XXXXXXXXX,1,16385
3716,Hannah,Jarvis,XXXXXXXXX,XXXXXXXXX,1,10112
3717,Mary,Smith,XXXXXXXXX,XXXXXXXXX,1,11773
3718,Mark,Ward,XXXXXXXXX,XXXXXXXXX,1,11706
3719,Mary,Ortiz,XXXXXXXXX,XXXXXXXXX,1,5620
3720,Mary,Bowman,XXXXXXXXX,XXXXXXXXX,1,15180
3721,Melissa,Powers,XXXXXXXXX,XXXXXXXXX,1,2411
3722,Russell,Smith,XXXXXXXXX,XXXXXXXXX,1,10539
3723,Mary,Jones,XXXXXXXXX,XXXXXXXXX,1,12265
3724,Michelle,Webb,XXXXXXXXX,XXXXXXXXX,1,12164
3725,Mary,Rose,XXXXXXXXX,XXXXXXXXX,1,7504
3726,Robert,Smith,XXXXXXXXX,XXXXXXXXX,1,6102
3727,Janet,Espinoza,XXXXXXXXX,XXXXXXXXX,1,7091
3728,Mary,Smith,XXXXXXXXX,XXXXXXXXX,1,15623
3729,John,Peters,XXXXXXXXX,XXXXXXXXX,2,14818
3730,Eric,Clements,XXXXXXXXX,XXXXXXXXX,2,3442
3731,Beverly,Smith,XXXXXXXXX,XXXXXXXXX,2,9560
3732,Mary,Mejia,XXXXXXXXX,XXXXXXXXX,2,12933
3733,Elizabeth,Mckee,XXXXXXXXX,XXXXXXXXX,2,13680
3734,Katherine,Smith,XXXXXXXXX,XXXXXXXXX,2,2085
3735,Mary,Lewis,XXXXXXXXX,XXXXXXXXX,2,4601
3736,Brian,Munoz,XXXXXXXXX,XXXXXXXXX,2,11117
3737,Kevin,Mcdowell,XXXXXXXXX,XXXXXXXXX,2,4981
3738,Cheryl,Smith,XXXXXXXXX,XXXXXXXXX,3,12908
3739,Terry,Long,XXXXXXXXX,XXXXXXXXX,2,185
3740,Mary,Smith,XXXXXXXXX,XXXXXXXXX,1,7495
3741,Joseph,Johnson,XXXXXXXXX,XXXXXXXXX,3,5144
3742,Samuel,Bailey,XXXXXXXXX,XXXXXXXXX,3,4801
3743,Mary,Buchanan,XXXXXXXXX,XXXXXXXXX,3,9028
3744,Michael,Hancock,XXXXXXXXX,XXXXXXXXX,2,11088
3745,Kimberly,Smith,XXXXXXXXX,XXXXXXXXX,1,7037
3746,Walter,Moore,XXXXXXXXX,XXXXXXXXX,1,16038
3747,Mary,Lloyd,XXXXXXXXX,XXXXXXXXX,1,9446
3748,Brenda,Smith,XXXXXXXXX,XXXXXXXXX,1,11465
3749,Frances,Mills,XXXXXXXXX,XXXXXXXXX,1,5085
3750,Mary,Smith,XXXXXXXXX,XXXXXXXXX,2,3557
3751,Walter,Becker,XXXXXXXXX,XXXXXXXXX,2,9541
3752,Mary,Vega,XXXXXXXXX,XXXXXXXXX,3,12706
3753,Hannah,Smith,XXXXXXXXX,XXXXXXXXX,3,13763
3754,Mary,Sims,XXXXXXXXX,XXXXXXXXX,3,16282
3755,Eugene,Smith,XXXXXXXXX,XXXXXXXXX,2,12103
3756,Mary,Watson,XXXXXXXXX,XXXXXXXXX,2,15299
3757,Matthew,Fuller,XXXXXXXXX,XXXXXXXXX,2,12566
3758,Scott,Smith,XXXXXXXXX,XXXXXXXXX,1,4418
3759,Mary,Taylor,XXXXXXXXX,XXXXXXXXX,3,10527
3760,Christine,Burns,XXXXXXXXX,XXXXXXXXX,1,9699
3761,Mary,Christian,XXXXXXXXX,XXXXXXXXX,1,2119
3762,Juan,Smith,XXXXXXXXX,XXXXXXXXX,1,8494
3763,Mary,Martinez,XXXXXXXXX,XXXXXXXXX,1,6028
3764,Ethan,Smith,XXXXXXXXX,XXXXXXXXX,1,10422
3765,Mary,Smith,XXXXXXXXX,XXXXXXXXX,1,4551
3766,David,Chavez,XXXXXXXXX,XXXXXXXXX,1,4538
3767,Mary,Wagner,XXXXXXXXX,XXXXXXXXX,1,302
3768,David,Zhang,XXXXXXXXX,XXXXXXXXX,3,11456
3769,Amy,Smith,XXXXXXXXX,XXXXXXXXX,2,11620
3770,Mary,Johnson,XXXXXXXXX,XXXXXXXXX,1,2546
3771,David,Phelps,XXXXXXXXX,XXXXXXXXX,2,4362
3772,Mary,Smith,XXXXXXXXX,XXXXXXXXX,1,3334
3773,Brenda,Prince,XXXXXXXXX,XXXXXXXXX,1,15516
3774,Mary,Smith,XXXXXXXXX,XXXXXXXXX,1,858
3775,John,Johnson,XXXXXXXXX,XXXXXXXXX,3,5968
3776,Amber,Faulkner,XXXXXXXXX,XXXXXXXXX,2,8769
3777,Mary,Smith,XXXXXXXXX,XXXXXXXXX,3,8450
3778,Robert,Tate,XXXXXXXXX,XXXXXXXXX,3,8986
3779,Emma,Dougherty,XXXXXXXXX,XXXXXXXXX,3,12256
3780,Mary,Smith,XXXXXXXXX,XXXXXXXXX,3,279
3781,Richard,Lara,XXXXXXXXX,XXXXXXXXX,3,12855
3782,Mary,Serrano,XXXXXXXXX,XXXXXXXXX,3,16439
3783,Albert,Smith,XXXXXXXXX,XXXXXXXXX,1,6460
3784,Mary,Sharp,XXXXXXXXX,XXXXXXXXX,1,15139
3785,Brian,Smith,XXXXXXXXX,XXXXXXXXX,1,8501
3786,Mary,Moody,XXXXXXXXX,XXXXXXXXX,1,14463
3787,Kevin,Vang,XXXXXXXXX,XXXXXXXXX,1,16500
3788,Frances,Smith,XXXXXXXXX,XXXXXXXXX,1,303
3789,Mary,Mason,XXXXXXXXX,XXXXXXXXX,1,7918
3790,Alan,Estes,XXXXXXXXX,XXXXXXXXX,1,15583
3791,Mary,Smith,XXXXXXXXX,XXXXXXXXX,2,12196
3792,Gary,Kelly,XXXXXXXXX,XXXXXXXXX,3,10544
3793,Janet,Best,XXXXXXXXX,XXXXXXXXX,2,3110
3794,Julia,Smith,XXXXXXXXX,XXXXXXXXX,3,5974
3795,Peter,Williams,XXXXXXXXX,XXXXXXXXX,2,4656
3796,Mary,Davis,XXXXXXXXX,XXXXXXXXX,3,2023
3797,David,Gutierrez,XXXXXXXXX,XXXXXXXXX,1,13463
3798,Amber,Armstrong,XXXXXXXXX,XXXXXXXXX,1,10512
3799,Mary,Wade,XXXXXXXXX,XXXXXXXXX,1,12802
3800,Shawn,Smith,XXXXXXXXX,XXXXXXXXX,1,9338
3801,Mary,Hendrix,XXXXXXXXX,XXXXXXXXX,1,12745
3802,Timothy,Smith,XXXXXXXXX,XXXXXXXXX,1,15598
3803,Mary,Salazar,XXXXXXXXX,XXXXXXXXX,1,9190
3804,Andrew,Le,XXXXXXXXX,XXXXXXXXX,1,11883
3805,Melissa,Smith,XXXXXXXXX,XXXXXXXXX,2,8500
3806,Adam,Carson,XXXXXXXXX,XXXXXXXXX,3,5130
3807,Mary,Huang,XXXXXXXXX,XXXXXXXXX,3,3710
3808,Nancy,Smith,XXXXXXXXX,XXXXXXXXX,3,11542
3809,Melissa,Taylor,XXXXXXXXX,XXXXXXXXX,1,593
3810,Rose,Lamb,XXXXXXXXX,XXXXXXXXX,1,4382
3811,Mary,Smith,XXXXXXXXX,XXXXXXXXX,1,4204
3812,Robert,Hayes,XXXXXXXXX,XXXXXXXXX,1,984
3813,Andrew,Smith,XXXXXXXXX,XXXXXXXXX,1,1610
3814,Eric,Salazar,XXXXXXXXX,XXXXXXXXX,1,2122
3815,Mary,Sloan,XXXXXXXXX,XXXXXXXXX,2,2966
3816,Dorothy,Smith,XXXXXXXXX,XXXXXXXXX,2,4894
3817,Gary,Garcia,XXXXXXXXX,XXXXXXXXX,2,14297
3818,Victoria,Stout,XXXXXXXXX,XXXXXXXXX,1,13977
3819,Mary,Smith,XXXXXXXXX,XXXXXXXXX,2,8391
3820,Jessica,Carter,XXXXXXXXX,XXXXXXXXX,2,6604
3821,Martha,Haas,XXXXXXXXX,XXXXXXXXX,2,903
3822,Mary,Smith,XXXXXXXXX,XXXXXXXXX,2,341
3823,Charles,Ortega,XXXXXXXXX,XXXXXXXXX,1,2619
3824,Evelyn,Smith,XXXXXXXXX,XXXXXXXXX,1,5888
3825,Mary,Ward,XXXXXXXXX,XXXXXXXXX,1,959
3826,Patricia,Vincent,XXXXXXXXX,XXXXXXXXX,1,12427
3827,Mary,Smith,XXXXXXXXX,XXXXXXXXX,2,3117
3828,Janice,Carpenter,XXXXXXXXX,XXXXXXXXX,2,10884
3830,William,Smith,XXXXXXXXX,XXXXXXXXX,2,2109
3831,Nicholas,Parker,XXXXXXXXX,XXXXXXXXX,2,895
3832,Mary,Carey,XXXXXXXXX,XXXXXXXXX,2,11623
3833,Robert,Smith,XXXXXXXXX,XXXXXXXXX,1,1919
3834,Denise,Ritter,XXXXXXXXX,XXXXXXXXX,2,13188
3835,Mary,Smith,XXXXXXXXX,XXXXXXXXX,3,3495
3836,Nicholas,Fleming,XXXXXXXXX,XXXXXXXXX,3,9089
3837,Mary,Smith,XXXXXXXXX,XXXXXXXXX,1,9177
3838,Joseph,Jackson,XXXXXXXXX,XXXXXXXXX,1,10078
3839,Adam,Smith,XXXXXXXXX,XXXXXXXXX,1,14821
3840,Mary,York,XXXXXXXXX,XXXXXXXXX,1,11361
3841,Mary,Sawyer,XXXXXXXXX,XXXXXXXXX,1,2902
3842,Susan,Smith,XXXXXXXXX,XXXXXXXXX,1,14022
3843,Ruth,Carter,XXXXXXXXX,XXXXXXXXX,1,14389
3844,Justin,Haynes,XXXXXXXXX,XXXXXXXXX,1,12999
3845,Mary,Smith,XXXXXXXXX,XXXXXXXXX,2,14814
3846,Ronald,Lewis,XXXXXXXXX,XXXXXXXXX,3,2772
3847,Julie,Brewer,XXXXXXXXX,XXXXXXXXX,3,10844
3848,Mary,Smith,XXXXXXXXX,XXXXXXXXX,3,9009
3849,Carol,Thomas,XXXXXXXXX,XXXXXXXXX,2,9269
3850,Christina,Nelson,XXXXXXXXX,XXXXXXXXX,2,5895
3851,Mary,Orozco,XXXXXXXXX,XXXXXXXXX,1,1682
3853,Eugene,Smith,XXXXXXXXX,XXXXXXXXX,2,8104
3854,Mary,Gilbert,XXXXXXXXX,XXXXXXXXX,2,9473
3855,Amy,Smith,XXXXXXXXX,XXXXXXXXX,1,10348
3856,Mary,Long,XXXXXXXXX,XXXXXXXXX,1,7340
3857,Robert,Everett,XXXXXXXXX,XXXXXXXXX,1,1678
3858,Martha,Smith,XXXXXXXXX,XXXXXXXXX,1,8236
3859,Mary,Robinson,XXXXXXXXX,XXXXXXXXX,1,13752
3860,Susan,Walker,XXXXXXXXX,XXXXXXXXX,2,16010
3861,Mary,Smith,XXXXXXXXX,XXXXXXXXX,2,10396
3862,Jordan,Lopez,XXXXXXXXX,XXXXXXXXX,2,6542
3863,Mary,Walker,XXXXXXXXX,XXXXXXXXX,2,16084
3864,David,Smith,XXXXXXXXX,XXXXXXXXX,3,7458
3865,Jessica,Hunter,XXXXXXXXX,XXXXXXXXX,1,2210
3866,Ryan,Smith,XXXXXXXXX,XXXXXXXXX,3,6194
3867,Mary,Frazier,XXXXXXXXX,XXXXXXXXX,1,15842
3868,Rachel,Smith,XXXXXXXXX,XXXXXXXXX,1,290
3869,Mary,Roberts,XXXXXXXXX,XXXXXXXXX,2,758
3870,Willie,Smith,XXXXXXXXX,XXXXXXXXX,1,7434
3871,Mary,Watson,XXXXXXXXX,XXXXXXXXX,1,15988
3872,Lisa,Smith,XXXXXXXXX,XXXXXXXXX,1,62
3873,Stephanie,Hunter,XXXXXXXXX,XXXXXXXXX,1,13249
3874,Mary,Pham,XXXXXXXXX,XXXXXXXXX,1,16424
3875,Frances,Smith,XXXXXXXXX,XXXXXXXXX,1,7535
3876,Mary,Warner,XXXXXXXXX,XXXXXXXXX,1,15222
3877,John,Mcclure,XXXXXXXXX,XXXXXXXXX,2,1057
3878,Barbara,Smith,XXXXXXXXX,XXXXXXXXX,3,143
3879,Melissa,Davis,XXXXXXXXX,XXXXXXXXX,1,9912
3880,Mary,Garcia,XXXXXXXXX,XXXXXXXXX,3,12278
3881,Patricia,Wilson,XXXXXXXXX,XXXXXXXXX,2,2657
3882,Joshua,Campbell,XXXXXXXXX,XXXXXXXXX,2,6802
3883,Marie,Gomez,XXXXXXXXX,XXXXXXXXX,2,3695
3884,Mary,Smith,XXXXXXXXX,XXXXXXXXX,2,8984
3885,Andrew,Compton,XXXXXXXXX,XXXXXXXXX,1,16465
3886,Brian,Smith,XXXXXXXXX,XXXXXXXXX,1,13394
3887,Mary,Berry,XXXXXXXXX,XXXXXXXXX,1,3482
3888,Scott,Robles,XXXXXXXXX,XXXXXXXXX,1,7738
3889,Mary,Smith,XXXXXXXXX,XXXXXXXXX,1,11416
3890,Gregory,Snyder,XXXXXXXXX,XXXXXXXXX,2,4479
3891,Mary,Bowman,XXXXXXXXX,XXXXXXXXX,1,13222
3892,Billy,Smith,XXXXXXXXX,XXXXXXXXX,2,409
3893,Mary,Hart,XXXXXXXXX,XXXXXXXXX,3,14888
3894,Benjamin,Smith,XXXXXXXXX,XXXXXXXXX,3,7290
3895,Mary,Contreras,XXXXXXXXX,XXXXXXXXX,1,2613
3896,Alexander,Smith,XXXXXXXXX,XXXXXXXXX,2,14012
3897,Mary,Carlson,XXXXXXXXX,XXXXXXXXX,1,3835
3898,Michael,Hickman,XXXXXXXXX,XXXXXXXXX,1,6211
3899,Brandon,Smith,XXXXXXXXX,XXXXXXXXX,3,15539
3900,Mary,Mcdonald,XXXXXXXXX,XXXXXXXXX,3,9185
3901,Julia,Hubbard,XXXXXXXXX,XXXXXXXXX,1,13824
3902,Mary,Smith,XXXXXXXXX,XXXXXXXXX,1,13945
3903,Lori,Meyers,XXXXXXXXX,XXXXXXXXX,2,10292
3904,Mary,Brandt,XXXXXXXXX,XXXXXXXXX,1,6169
3905,Denise,Smith,XXXXXXXXX,XXXXXXXXX,2,1895
3906,Mary,Rogers,XXXXXXXXX,XXXXXXXXX,2,13421
3907,Gary,Gomez,XXXXXXXXX,XXXXXXXXX,2,123
3908,Alexander,Smith,XXXXXXXXX,XXXXXXXXX,2,3546
3909,Amber,Walker,XXXXXXXXX,XXXXXXXXX,1,13787
3910,Mary,Diaz,XXXXXXXXX,XXXXXXXXX,1,2038
3911,Margaret,Melton,XXXXXXXXX,XXXXXXXXX,1,102
3912,Mary,Pace,XXXXXXXXX,XXXXXXXXX,1,8686
3913,Dennis,Smith,XXXXXXXXX,XXXXXXXXX,1,13665
3914,Mary,Acosta,XXXXXXXXX,XXXXXXXXX,1,424
3915,Heather,Smith,XXXXXXXXX,XXXXXXXXX,1,11772
3916,Mary,Hensley,XXXXXXXXX,XXXXXXXXX,1,15955
3917,Terry,David,XXXXXXXXX,XXXXXXXXX,2,4518
3918,Mary,Smith,XXXXXXXXX,XXXXXXXXX,2,13623
3919,Charles,Little,XXXXXXXXX,XXXXXXXXX,2,8867
3920,Zachary,Smith,XXXXXXXXX,XXXXXXXXX,1,2519
3921,Mary,Allen,XXXXXXXXX,XXXXXXXXX,1,14680
3922,Elizabeth,Smith,XXXXXXXXX,XXXXXXXXX,1,3484
3923,Mary,King,XXXXXXXXX,XXXXXXXXX,1,6371
3924,Rebecca,Smith,XXXXXXXXX,XXXXXXXXX,1,9407
3925,Mary,Hicks,XXXXXXXXX,XXXXXXXXX,3,14019
3926,Ann,Allison,XXXXXXXXX,XXXXXXXXX,3,7499
3927,Mary,Smith,XXXXXXXXX,XXXXXXXXX,3,4644
3928,Joseph,Jones,XXXXXXXXX,XXXXXXXXX,3,8705
3929,Amanda,Levy,XXXXXXXXX,XXXXXXXXX,3,7149
3930,Mary,Smith,XXXXXXXXX,XXXXXXXXX,1,15998
3931,Linda,Vasquez,XXXXXXXXX,XXXXXXXXX,1,16496
3932,Evelyn,Smith,XXXXXXXXX,XXXXXXXXX,1,8723
3933,Mary,Gomez,XXXXXXXXX,XXXXXXXXX,1,12866
3934,Joseph,Smith,XXXXXXXXX,XXXXXXXXX,1,6754
3935,Harold,Hayes,XXXXXXXXX,XXXXXXXXX,1,4934
3936,Mary,Fernandez,XXXXXXXXX,XXXXXXXXX,1,6900
3937,Nancy,Orozco,XXXXXXXXX,XXXXXXXXX,1,1102
3938,Mary,Smith,XXXXXXXXX,XXXXXXXXX,1,2868
3939,Jane,Kim,XXXXXXXXX,XXXXXXXXX,1,8253
3940,Mary,Smith,XXXXXXXXX,XXXXXXXXX,1,11558
3941,James,Harrell,XXXXXXXXX,XXXXXXXXX,1,679
3942,Stephanie,Smith,XXXXXXXXX,XXXXXXXXX,1,6568
3943,Mary,Butler,XXXXXXXXX,XXXXXXXXX,3,2556
3944,James,Smith,XXXXXXXXX,XXXXXXXXX,3,13338
3945,Lauren,Perez,XXXXXXXXX,XXXXXXXXX,3,12276
3946,Nathan,West,XXXXXXXXX,XXXXXXXXX,2,1745
3947,Mary,Blake,XXXXXXXXX,XXXXXXXXX,1,686
3948,George,Smith,XXXXXXXXX,XXXXXXXXX,1,10758
3949,Mary,Lee,XXXXXXXXX,XXXXXXXXX,1,9301
3950,John,Duffy,XXXXXXXXX,XXXXXXXXX,3,128
3951,Michael,Smith,XXXXXXXXX,XXXXXXXXX,1,950
3952,Shawn,Tucker,XXXXXXXXX,XXXXXXXXX,3,10829
3953,Mary,Smith,XXXXXXXXX,XXXXXXXXX,1,15036
3954,Stephanie,Nguyen,XXXXXXXXX,XXXXXXXXX,1,3863
3955,Bryan,Stanton,XXXXXXXXX,XXXXXXXXX,2,3825
3956,Mary,Dickson,XXXXXXXXX,XXXXXXXXX,3,4424
3957,Thomas,Smith,XXXXXXXXX,XXXXXXXXX,2,264
3958,Ashley,Moreno,XXXXXXXXX,XXXXXXXXX,3,15861
3959,Laura,Shields,XXXXXXXXX,XXXXXXXXX,1,14900
3960,Mary,Smith,XXXXXXXXX,XXXXXXXXX,1,13328
3961,Brian,Riddle,XXXXXXXXX,XXXXXXXXX,1,14609
3962,Kyle,Smith,XXXXXXXXX,XXXXXXXXX,2,5171
3963,Mary,Ross,XXXXXXXXX,XXXXXXXXX,2,11524
3964,Harry,Smith,XXXXXXXXX,XXXXXXXXX,1,2836
3965,Mary,Douglas,XXXXXXXXX,XXXXXXXXX,1,340
3966,Emma,Smith,XXXXXXXXX,XXXXXXXXX,1,5691
3967,Mary,Nichols,XXXXXXXXX,XXXXXXXXX,1,4307
3968,Catherine,Pacheco,XXXXXXXXX,XXXXXXXXX,1,15588
3969,Carl,Smith,XXXXXXXXX,XXXXXXXXX,1,12522
3970,Mary,Rodgers,XXXXXXXXX,XXXXXXXXX,1,5139
3971,John,Smith,XXXXXXXXX,XXXXXXXXX,1,4557
3972,Laura,Bennett,XXXXXXXXX,XXXXXXXXX,1,6532
3973,Sharon,Parsons,XXXXXXXXX,XXXXXXXXX,1,2929
3974,Mary,Smith,XXXXXXXXX,XXXXXXXXX,1,14666
3975,Louis,Meadows,XXXXXXXXX,XXXXXXXXX,1,13861
3976,Johnny,Costa,XXXXXXXXX,XXXXXXXXX,1,9444
3977,Mary,Smith,XXXXXXXXX,XXXXXXXXX,1,13506
3978,Barbara,Simmons,XXXXXXXXX,XXXXXXXXX,1,2243
3979,Mary,Wagner,XXXXXXXXX,XXXXXXXXX,2,14603
3980,Frances,Smith,XXXXXXXXX,XXXXXXXXX,1,16398
3981,Mary,Richards,XXXXXXXXX,XXXXXXXXX,3,10625
3982,Roger,Oliver,XXXXXXXXX,XXXXXXXXX,3,7667
3983,Mary,Smith,XXXXXXXXX,XXXXXXXXX,2,4563
3984,Brenda,Webster,XXXXXXXXX,XXXXXXXXX,2,7775
3985,Debra,Gates,XXXXXXXXX,XXXXXXXXX,2,3221
3986,Mary,Smith,XXXXXXXXX,XXXXXXXXX,2,15686
3987,Alice,Allen,XXXXXXXXX,XXXXXXXXX,1,8941
3988,Mary,Smith,XXXXXXXXX,XXXXXXXXX,1,5680
3989,Margaret,Harrison,XXXXXXXXX,XXXXXXXXX,2,3966
3990,Sandra,Smith,XXXXXXXXX,XXXXXXXXX,1,10307
3991,Kevin,Mitchell,XXXXXXXXX,XXXXXXXXX,2,15492
3992,Grace,Smith,XXXXXXXXX,XXXXXXXXX,2,11425
3993,Mary,Crawford,XXXXXXXXX,XXXXXXXXX,2,2957
3994,Susan,Smith,XXXXXXXXX,XXXXXXXXX,2,6938
3995,Kathryn,Gallegos,XXXXXXXXX,XXXXXXXXX,2,4882
3996,Mary,Smith,XXXXXXXXX,XXXXXXXXX,2,11666
3997,Margaret,Walker,XXXXXXXXX,XXXXXXXXX,2,8887
3998,Matthew,Smith,XXXXXXXXX,XXXXXXXXX,2,5058
3999,Sarah,Coleman,XXXXXXXXX,XXXXXXXXX,2,6922
4000,Mary,Ford,XXXXXXXXX,XXXXXXXXX,1,9745
4001,Maria,Nixon,XXXXXXXXX,XXXXXXXXX,1,2790
4002,Mary,Smith,XXXXXXXXX,XXXXXXXXX,1,6144
4003,Joseph,Harper,XXXXXXXXX,XXXXXXXXX,1,14314
4004,Paul,Erickson,XXXXXXXXX,XXXXXXXXX,2,728
4005,Virginia,Dyer,XXXXXXXXX,XXXXXXXXX,2,13682
4006,Mary,Smith,XXXXXXXXX,XXXXXXXXX,2,966
4007,Amanda,Brady,XXXXXXXXX,XXXXXXXXX,3,8912
4008,Diana,Smith,XXXXXXXXX,XXXXXXXXX,2,4131
4009,Mary,Ayers,XXXXXXXXX,XXXXXXXXX,1,8738
4010,Michael,Smith,XXXXXXXXX,XXXXXXXXX,2,448
4011,Victoria,Gallagher,XXXXXXXXX,XXXXXXXXX,2,11486
4012,Mary,Smith,XXXXXXXXX,XXXXXXXXX,2,1470
4013,Gloria,Thornton,XXXXXXXXX,XXXXXXXXX,1,9184
4014,Mary,Smith,XXXXXXXXX,XXXXXXXXX,1,11877
4015,Sharon,Mcconnell,XXXXXXXXX,XXXXXXXXX,1,14382
4016,Mary,Smith,XXXXXXXXX,XXXXXXXXX,1,3840
4017,James,Goodwin,XXXXXXXXX,XXXXXXXXX,1,10650
4018,Mildred,Smith,XXXXXXXXX,XXXXXXXXX,1,14942
4019,Mary,Parsons,XXXXXXXXX,XXXXXXXXX,1,4576
4020,Angela,Smith,XXXXXXXXX,XXXXXXXXX,1,5981
4021,Catherine,Shelton,XXXXXXXXX,XXXXXXXXX,1,15962
4022,Mary,Harding,XXXXXXXXX,XXXXXXXXX,1,4714
4023,Phillip,Smith,XXXXXXXXX,XXXXXXXXX,1,2435
4024,Mary,Thomas,XXXXXXXXX,XXXXXXXXX,2,14635
4025,Janet,Schmidt,XXXXXXXXX,XXXXXXXXX,2,12986
4026,Mary,Smith,XXXXXXXXX,XXXXXXXXX,2,6238
4027,Robert,Blankenship,XXXXXXXXX,XXXXXXXXX,2,4059
4028,Rose,Smith,XXXXXXXXX,XXXXXXXXX,3,2150
4029,Mary,Roman,XXXXXXXXX,XXXXXXXXX,2,1708
4030,Angela,Smith,XXXXXXXXX,XXXXXXXXX,1,12383
4031,Mary,Wall,XXXXXXXXX,XXXXXXXXX,3,13169
4032,Jennifer,Smith,XXXXXXXXX,XXXXXXXXX,3,15600
4033,George,Simmons,XXXXXXXXX,XXXXXXXXX,1,11061
4034,Pamela,Alvarado,XXXXXXXXX,XXXXXXXXX,1,11477
4035,Mary,Mullen,XXXXXXXXX,XXXXXXXXX,1,16490
4036,David,Smith,XXXXXXXXX,XXXXXXXXX,1,12945
4037,Megan,Kemp,XXXXXXXXX,XXXXXXXXX,1,11327
4038,Mary,Smith,XXXXXXXXX,XXXXXXXXX,1,9324
4039,Virginia,Smith,XXXXXXXXX,XXXXXXXXX,1,9929
4040,Harold,Hart,XXXXXXXXX,XXXXXXXXX,2,9907
4041,Mary,Santiago,XXXXXXXXX,XXXXXXXXX,1,4246
4042,Marilyn,Smith,XXXXXXXXX,XXXXXXXXX,1,3938
4043,Mary,Cabrera,XXXXXXXXX,XXXXXXXXX,3,15380
4044,Stephen,Smith,XXXXXXXXX,XXXXXXXXX,1,10573
4045,Mary,Neal,XXXXXXXXX,XXXXXXXXX,1,14007
4046,Eric,Smith,XXXXXXXXX,XXXXXXXXX,1,13985
4047,Marilyn,Potter,XXXXXXXXX,XXXXXXXXX,1,359
4048,Mary,Smith,XXXXXXXXX,XXXXXXXXX,1,12638
4049,Brian,Doyle,XXXXXXXXX,XXXXXXXXX,1,2098
4050,Stephanie,Smith,XXXXXXXXX,XXXXXXXXX,1,2689
4051,Christine,Barrera,XXXXXXXXX,XXXXXXXXX,2,14274
4052,Mary,Smith,XXXXXXXXX,XXXXXXXXX,2,3046
4053,Rebecca,Turner,XXXXXXXXX,XXXXXXXXX,2,10216
4054,Mary,Smith,XXXXXXXXX,XXXXXXXXX,3,1267
4055,Kevin,Cline,XXXXXXXXX,XXXXXXXXX,3,10320
4056,Mary,Smith,XXXXXXXXX,XXXXXXXXX,3,12992
4057,George,Conner,XXXXXXXXX,XXXXXXXXX,2,11104
4058,Mary,Smith,XXXXXXXXX,XXXXXXXXX,1,5722
4059,Alexander,Torres,XXXXXXXXX,XXXXXXXXX,1,3809
4060,Mary,Smith,XXXXXXXXX,XXXXXXXXX,1,1260
4061,Jeffrey,Houston,XXXXXXXXX,XXXXXXXXX,1,7858
4062,Eugene,Smith,XXXXXXXXX,XXXXXXXXX,2,6751
4063,Mary,Robinson,XXXXXXXXX,XXXXXXXXX,1,8593
4064,Mildred,Smith,XXXXXXXXX,XXXXXXXXX,1,11689
4065,Mary,Mccullough,XXXXXXXXX,XXXXXXXXX,2,11613
4066,Diana,Cordova,XXXXXXXXX,XXXXXXXXX,1,9898
4067,Mary,Smith,XXXXXXXXX,XXXXXXXXX,1,5583
4068,Linda,Hernandez,XXXXXXXXX,XXXXXXXXX,1,9520
4069,Steven,Smith,XXXXXXXXX,XXXXXXXXX,2,9920
4070,Mary,Steele,XXXXXXXXX,XXXXXXXXX,2,8189
4071,William,Smith,XXXXXXXXX,XXXXXXXXX,2,10938
4072,Benjamin,Clark,XXXXXXXXX,XXXXXXXXX,2,4014
4073,Mary,Smith,XXXXXXXXX,XXXXXXXXX,2,11006
4074,Barbara,Smith,XXXXXXXXX,XXXXXXXXX,2,8637
4075,Amanda,Atkins,XXXXXXXXX,XXXXXXXXX,1,13146
4076,Mary,Suarez,XXXXXXXXX,XXXXXXXXX,1,6459
4077,Amy,Smith,XXXXXXXXX,XXXXXXXXX,1,5219
4078,Mary,Gallegos,XXXXXXXXX,XXXXXXXXX,1,6301
4079,Timothy,Faulkner,XXXXXXXXX,XXXXXXXXX,1,16299
4080,Mary,Smith,XXXXXXXXX,XXXXXXXXX,1,153
4081,Shawn,Gordon,XXXXXXXXX,XXXXXXXXX,1,2741
4082,Mary,Lyons,XXXXXXXXX,XXXXXXXXX,2,9031
4083,Betty,Smith,XXXXXXXXX,XXXXXXXXX,2,9581
4084,Brenda,Cook,XXXXXXXXX,XXXXXXXXX,2,2181
4085,Mary,Carr,XXXXXXXXX,XXXXXXXXX,2,14167
4086,James,Smith,XXXXXXXXX,XXXXXXXXX,2,16073
4087,Mary,Williams,XXXXXXXXX,XXXXXXXXX,3,12825
4088,Kathleen,Reynolds,XXXXXXXXX,XXXXXXXXX,3,9024
4089,Samantha,Nunez,XXXXXXXXX,XXXXXXXXX,2,624
4090,Mary,Middleton,XXXXXXXXX,XXXXXXXXX,1,12843
4091,Doris,Smith,XXXXXXXXX,XXXXXXXXX,1,3338
4092,Amber,Williams,XXXXXXXXX,XXXXXXXXX,1,10997
4093,Mary,Pacheco,XXXXXXXXX,XXXXXXXXX,1,14773
4094,Judith,Smith,XXXXXXXXX,XXXXXXXXX,1,11819
4095,Mary,Lewis,XXXXXXXXX,XXXXXXXXX,1,12003
4096,Beverly,Hodge,XXXXXXXXX,XXXXXXXXX,1,7911
4097,Russell,Smith,XXXXXXXXX,XXXXXXXXX,1,7962
4098,Mary,Lang,XXXXXXXXX,XXXXXXXXX,1,5476
4099,Evelyn,Smith,XXXXXXXXX,XXXXXXXXX,3,14393
4100,Mary,Wilson,XXXXXXXXX,XXXXXXXXX,1,16486
4101,Michelle,Collins,XXXXXXXXX,XXXXXXXXX,1,6603
4102,Alexander,Salas,XXXXXXXXX,XXXXXXXXX,1,16432
4103,Mary,Smith,XXXXXXXXX,XXXXXXXXX,3,4863
4104,Debra,Butler,XXXXXXXXX,XXXXXXXXX,1,13954
4105,Mary,Smith,XXXXXXXXX,XXXXXXXXX,1,9937
4106,Angela,Fisher,XXXXXXXXX,XXXXXXXXX,1,8474
4107,Larry,Franklin,XXXXXXXXX,XXXXXXXXX,1,11682
4108,Mary,Smith,XXXXXXXXX,XXXXXXXXX,1,13948
4109,Scott,Shaffer,XXXXXXXXX,XXXXXXXXX,3,8226
4110,Maria,Ho,XXXXXXXXX,XXXXXXXXX,3,15050
4111,Mary,Smith,XXXXXXXXX,XXXXXXXXX,3,15655
4112,Jonathan,Martin,XXXXXXXXX,XXXXXXXXX,1,15464
4113,Frank,Smith,XXXXXXXXX,XXXXXXXXX,1,10198
4114,Mary,Schultz,XXXXXXXXX,XXXXXXXXX,1,10978
4115,Bobby,Mcgee,XXXXXXXXX,XXXXXXXXX,3,6650
4116,Mary,Smith,XXXXXXXXX,XXXXXXXXX,3,2596
4117,Matthew,Harrison,XXXXXXXXX,XXXXXXXXX,2,12027
4118,Mary,Barton,XXXXXXXXX,XXXXXXXXX,2,10856
4119,Peter,Smith,XXXXXXXXX,XXXXXXXXX,2,6759
4120,Mary,Ortiz,XXXXXXXXX,XXXXXXXXX,2,1935
4121,Cynthia,Doyle,XXXXXXXXX,XXXXXXXXX,1,276
4122,Mary,Smith,XXXXXXXXX,XXXXXXXXX,1,6090
4123,Elizabeth,Andrews,XXXXXXXXX,XXXXXXXXX,1,10937
4124,Jerry,Larsen,XXXXXXXXX,XXXXXXXXX,1,15787
4125,Mary,Smith,XXXXXXXXX,XXXXXXXXX,1,9097
4126,John,Stokes,XXXXXXXXX,XXXXXXXXX,1,16456
4127,Christopher,Smith,XXXXXXXXX,XXXXXXXXX,1,40
4128,Mary,Simmons,XXXXXXXXX,XXXXXXXXX,1,15124
4129,Alexander,Chavez,XXXXXXXXX,XXXXXXXXX,1,14449
4130,Amber,Smith,XXXXXXXXX,XXXXXXXXX,3,4847
4131,Mary,Butler,XXXXXXXXX,XXXXXXXXX,1,16093
4132,Thomas,Smith,XXXXXXXXX,XXXXXXXXX,1,9983
4133,Mary,Snyder,XXXXXXXXX,XXXXXXXXX,1,839
4134,Johnny,Smith,XXXXXXXXX,XXXXXXXXX,3,2192
4135,Mary,Kelly,XXXXXXXXX,XXXXXXXXX,1,12075
4136,John,Estrada,XXXXXXXXX,XXXXXXXXX,1,12462
4137,Roy,Hobbs,XXXXXXXXX,XXXXXXXXX,1,10570
4138,Mary,Smith,XXXXXXXXX,XXXXXXXXX,2,12606
4139,Michelle,Cross,XXXXXXXXX,XXXXXXXXX,2,6105
4140,Brandon,Smith,XXXXXXXXX,XXXXXXXXX,2,16173
4141,Mary,Wood,XXXXXXXXX,XXXXXXXXX,3,10228
4142,Matthew,Roth,XXXXXXXXX,XXXXXXXXX,3,4032
4143,Mary,Smith,XXXXXXXXX,XXXXXXXXX,3,15019
4144,David,Collins,XXXXXXXXX,XXXXXXXXX,3,13792
4145,Tyler,Fernandez,XXXXXXXXX,XXXXXXXXX,1,9073
4146,Mary,Brock,XXXXXXXXX,XXXXXXXXX,1,9648
4147,Karen,Gillespie,XXXXXXXXX,XXXXXXXXX,1,3702
4148,Debra,Hendrix,XXXXXXXXX,XXXXXXXXX,1,6099
4149,Mary,Smith,XXXXXXXXX,XXXXXXXXX,1,13699
4150,Jordan,Riley,XXXXXXXXX,XXXXXXXXX,1,9829
4151,Mary,Smith,XXXXXXXXX,XXXXXXXXX,1,5998
4152,Deborah,Martinez,XXXXXXXXX,XXXXXXXXX,1,6771
4153,Kathleen,Torres,XXXXXXXXX,XXXXXXXXX,1,7165
4154,Mary,Smith,XXXXXXXXX,XXXXXXXXX,1,15463
4155,Scott,Camacho,XXXXXXXXX,XXXXXXXXX,3,10430
4156,Mary,Smith,XXXXXXXXX,XXXXXXXXX,2,5804
4157,Sara,Brewer,XXXXXXXXX,XXXXXXXXX,2,9205
4158,Tyler,Smith,XXXXXXXXX,XXXXXXXXX,1,12660
4159,Mary,Castillo,XXXXXXXXX,XXXXXXXXX,1,10916
4160,Amy,Ryan,XXXXXXXXX,XXXXXXXXX,1,16032
4161,Heather,York,XXXXXXXXX,XXXXXXXXX,1,14966
4162,Benjamin,Smith,XXXXXXXXX,XXXXXXXXX,1,7525
4163,Grace,Welch,XXXXXXXXX,XXXXXXXXX,1,6586
4164,Mary,Smith,XXXXXXXXX,XXXXXXXXX,1,16126
4165,Elizabeth,Garcia,XXXXXXXXX,XXXXXXXXX,1,8969
4166,Katherine,Wise,XXXXXXXXX,XXXXXXXXX,1,1029
4167,Mary,Roman,XXXXXXXXX,XXXXXXXXX,1,7603
4168,Zachary,Smith,XXXXXXXXX,XXXXXXXXX,2,16288
4169,Mary,Palmer,XXXXXXXXX,XXXXXXXXX,1,8499
4170,Debra,Smith,XXXXXXXXX,XXXXXXXXX,2,4482
4171,Jordan,White,XXXXXXXXX,XXXXXXXXX,2,9821
4172,Mary,Ochoa,XXXXXXXXX,XXXXXXXXX,2,12302
4173,Helen,Smith,XXXXXXXXX,XXXXXXXXX,1,4242
4174,Mary,Hester,XXXXXXXXX,XXXXXXXXX,1,6300
4175,Julia,Smith,XXXXXXXXX,XXXXXXXXX,1,16272
4176,Mary,Ho,XXXXXXXXX,XXXXXXXXX,1,4560
4177,Linda,Smith,XXXXXXXXX,XXXXXXXXX,2,14696
4178,Edward,Martinez,XXXXXXXXX,XXXXXXXXX,2,14481
4179,Nicole,Sullivan,XXXXXXXXX,XXXXXXXXX,2,8852
4180,Mary,Hicks,XXXXXXXXX,XXXXXXXXX,1,9037
4181,Aaron,Hudson,XXXXXXXXX,XXXXXXXXX,1,12612
4182,Mary,Contreras,XXXXXXXXX,XXXXXXXXX,2,11068
4183,Kathleen,Glover,XXXXXXXXX,XXXXXXXXX,1,9436
4184,Brittany,Smith,XXXXXXXXX,XXXXXXXXX,1,13820
4185,Mary,Hendricks,XXXXXXXXX,XXXXXXXXX,1,1589
4186,Joseph,Smith,XXXXXXXXX,XXXXXXXXX,1,2245
4187,Jesse,Mack,XXXXXXXXX,XXXXXXXXX,1,15928
4188,Mary,Smith,XXXXXXXXX,XXXXXXXXX,3,7643
4189,Heather,Johnson,XXXXXXXXX,XXXXXXXXX,1,5296
4190,Mary,Martinez,XXXXXXXXX,XXXXXXXXX,1,2809
4191,Kimberly,Salazar,XXXXXXXXX,XXXXXXXXX,1,7945
4192,Mary,Figueroa,XXXXXXXXX,XXXXXXXXX,1,5928
4193,Daniel,Haas,XXXXXXXXX,XXXXXXXXX,1,6440
4194,Lisa,Smith,XXXXXXXXX,XXXXXXXXX,1,3929
4195,Katherine,Lawrence,XXXXXXXXX,XXXXXXXXX,1,10720
4196,Mary,Huffman,XXXXXXXXX,XXXXXXXXX,1,11878
4197,George,Smith,XXXXXXXXX,XXXXXXXXX,2,8529
4198,Tammy,Guzman,XXXXXXXXX,XXXXXXXXX,3,14997
4199,Mary,Smith,XXXXXXXXX,XXXXXXXXX,2,6953
4200,Ralph,Campbell,XXXXXXXXX,XXXXXXXXX,2,10427
4201,Mary,Smith,XXXXXXXXX,XXXXXXXXX,2,8379
4202,Kimberly,Griffin,XXXXXXXXX,XXXXXXXXX,2,13503
4203,Eric,Nolan,XXXXXXXXX,XXXXXXXXX,1,9204
4204,Mary,Smith,XXXXXXXXX,XXXXXXXXX,2,14896
4205,Kevin,Williams,XXXXXXXXX,XXXXXXXXX,1,13040
4206,Mary,Ramos,XXXXXXXXX,XXXXXXXXX,1,5222
4207,Linda,Luna,XXXXXXXXX,XXXXXXXXX,1,13809
4208,Samuel,Smith,XXXXXXXXX,XXXXXXXXX,1,2167
4209,Mary,Lara,XXXXXXXXX,XXXXXXXXX,1,1182
4210,Matthew,Roach,XXXXXXXXX,XXXXXXXXX,1,438
4211,Mary,Smith,XXXXXXXXX,XXXXXXXXX,1,11408
4212,Robert,Mendez,XXXXXXXXX,XXXXXXXXX,1,4285
4213,Michael,Townsend,XXXXXXXXX,XXXXXXXXX,1,4959
4214,Olivia,Smith,XXXXXXXXX,XXXXXXXXX,1,997
4215,Mary,Phillips,XXXXXXXXX,XXXXXXXXX,1,1794
4216,Michael,Smith,XXXXXXXXX,XXXXXXXXX,2,3615
4217,Paul,Doyle,XXXXXXXXX,XXXXXXXXX,1,3486
4218,Mary,Rodgers,XXXXXXXXX,XXXXXXXXX,1,7043
4219,Linda,Smith,XXXXXXXXX,XXXXXXXXX,2,12387
4220,Mary,Morgan,XXXXXXXXX,XXXXXXXXX,1,11267
4221,Robert,Smith,XXXXXXXXX,XXXXXXXXX,1,6931
4222,William,Gonzales,XXXXXXXXX,XXXXXXXXX,3,7563
4223,Betty,Rhodes,XXXXXXXXX,XXXXXXXXX,3,44
4224,Mary,Smith,XXXXXXXXX,XXXXXXXXX,2,11640
4225,Amy,Wright,XXXXXXXXX,XXXXXXXXX,2,6861
4226,Katherine,Smith,XXXXXXXXX,XXXXXXXXX,2,14691
4227,Mary,Barnes,XXXXXXXXX,XXXXXXXXX,3,13062
4228,Michael,Jennings,XXXXXXXXX,XXXXXXXXX,1,6403
4229,Barbara,Smith,XXXXXXXXX,XXXXXXXXX,1,3304
4230,Douglas,Allison,XXXXXXXXX,XXXXXXXXX,1,5950
4231,Arthur,Smith,XXXXXXXXX,XXXXXXXXX,3,11497
4232,Mary,Garza,XXXXXXXXX,XXXXXXXXX,3,8175
4233,Matthew,Smith,XXXXXXXXX,XXXXXXXXX,1,10158
4234,Dorothy,Spencer,XXXXXXXXX,XXXXXXXXX,1,4569
4235,Mary,Smith,XXXXXXXXX,XXXXXXXXX,1,15965
4236,Sandra,Monroe,XXXXXXXXX,XXXXXXXXX,1,15982
4237,Mary,Smith,XXXXXXXXX,XXXXXXXXX,1,14082
4238,Bryan,Griffin,XXXXXXXXX,XXXXXXXXX,3,4063
4239,Mary,Smith,XXXXXXXXX,XXXXXXXXX,1,7448
4240,Kenneth,Collins,XXXXXXXXX,XXXXXXXXX,1,3662
4241,Mary,Long,XXXXXXXXX,XXXXXXXXX,2,13758
4242,Benjamin,Arroyo,XXXXXXXXX,XXXXXXXXX,1,8318
4243,Mary,Smith,XXXXXXXXX,XXXXXXXXX,1,4547
4244,Mark,Hooper,XXXXXXXXX,XXXXXXXXX,1,12649
4245,Steven,Smith,XXXXXXXXX,XXXXXXXXX,1,16354
4246,Mary,Cunningham,XXXXXXXXX,XXXXXXXXX,1,16090
4247,Anna,Baldwin,XXXXXXXXX,XXXXXXXXX,1,3407
4248,Jonathan,Smith,XXXXXXXXX,XXXXXXXXX,1,11492
4249,Mary,Butler,XXXXXXXXX,XXXXXXXXX,1,794
4250,Sharon,Smith,XXXXXXXXX,XXXXXXXXX,2,7882
4251,Mary,Serrano,XXXXXXXXX,XXXXXXXXX,2,16002
4252,Susan,Livingston,XXXXXXXXX,XXXXXXXXX,1,9084
4253,Maria,Smith,XXXXXXXXX,XXXXXXXXX,1,1939
4254,Mary,Roberts,XXXXXXXXX,XXXXXXXXX,1,7712
4255,Brittany,Smith,XXXXXXXXX,XXXXXXXXX,1,11826
4256,Mary,Tate,XXXXXXXXX,XXXXXXXXX,1,10728
4257,William,Smith,XXXXXXXXX,XXXXXXXXX,3,3235
4258,Charles,Rogers,XXXXXXXXX,XXXXXXXXX,2,3043
4259,Thomas,Trujillo,XXXXXXXXX,XXXXXXXXX,3,6792
4260,Debra,Smith,XXXXXXXXX,XXXXXXXXX,1,10811
4261,Amber,Nguyen,XXXXXXXXX,XXXXXXXXX,3,4950
4263,Paul,Atkins,XXXXXXXXX,XXXXXXXXX,3,10195
4264,Michelle,Stuart,XXXXXXXXX,XXXXXXXXX,3,5217
4265,Debra,Smith,XXXXXXXXX,XXXXXXXXX,3,8990
4266,Mary,Edwards,XXXXXXXXX,XXXXXXXXX,2,3096
4267,Ashley,Peters,XXXXXXXXX,XXXXXXXXX,3,3261
4268,Ruth,Deleon,XXXXXXXXX,XXXXXXXXX,3,8445
4269,Mary,Calderon,XXXXXXXXX,XXXXXXXXX,2,3078
4270,Charles,Smith,XXXXXXXXX,XXXXXXXXX,2,9683
4271,Andrea,Alexander,XXXXXXXXX,XXXXXXXXX,2,2590
4272,Mary,Brewer,XXXXXXXXX,XXXXXXXXX,3,2239
4273,Walter,Osborne,XXXXXXXXX,XXXXXXXXX,3,7206
4274,Mary,Smith,XXXXXXXXX,XXXXXXXXX,3,7629
4275,Sandra,Allen,XXXXXXXXX,XXXXXXXXX,3,12794
4276,Jacqueline,Page,XXXXXXXXX,XXXXXXXXX,1,14722
4277,Mary,Juarez,XXXXXXXXX,XXXXXXXXX,2,16255
4278,Andrew,Smith,XXXXXXXXX,XXXXXXXXX,1,14591
4279,Jack,Meyer,XXXXXXXXX,XXXXXXXXX,1,9529
4280,Mary,Mccoy,XXXXXXXXX,XXXXXXXXX,1,9909
4281,Kenneth,Phelps,XXXXXXXXX,XXXXXXXXX,2,2866
4282,Mary,Smith,XXXXXXXXX,XXXXXXXXX,1,1998
4283,Eugene,Hardin,XXXXXXXXX,XXXXXXXXX,2,2508
4284,Mary,Smith,XXXXXXXXX,XXXXXXXXX,2,13056
4285,Johnny,Cox,XXXXXXXXX,XXXXXXXXX,2,16061
4286,Mary,Hunter,XXXXXXXXX,XXXXXXXXX,3,1557
4287,Stephen,Smith,XXXXXXXXX,XXXXXXXXX,3,6764
4288,Mary,Avery,XXXXXXXXX,XXXXXXXXX,1,13118
4289,Robert,Smith,XXXXXXXXX,XXXXXXXXX,1,4149
4290,Lori,Davis,XXXXXXXXX,XXXXXXXXX,2,13730
4291,Mary,Finley,XXXXXXXXX,XXXXXXXXX,2,2768
4292,Sean,Smith,XXXXXXXXX,XXXXXXXXX,1,5890
4293,Mary,Stanley,XXXXXXXXX,XXXXXXXXX,1,15940
4294,Christopher,Espinoza,XXXXXXXXX,XXXXXXXXX,1,4928
4295,Jessica,Smith,XXXXXXXXX,XXXXXXXXX,1,4667
4296,Edward,Sanchez,XXXXXXXXX,XXXXXXXXX,1,5200
4297,Mary,Torres,XXXXXXXXX,XXXXXXXXX,1,4451
4298,Walter,Reyes,XXXXXXXXX,XXXXXXXXX,2,9440
4299,Mary,Smith,XXXXXXXXX,XXXXXXXXX,2,12341
4300,Michael,Lucas,XXXXXXXXX,XXXXXXXXX,2,12754
4301,Emily,Smith,XXXXXXXXX,XXXXXXXXX,2,9148
4302,Nicole,Downs,XXXXXXXXX,XXXXXXXXX,1,8358
4303,Mary,Smith,XXXXXXXXX,XXXXXXXXX,1,11409
4304,Joe,Martinez,XXXXXXXXX,XXXXXXXXX,1,2602
4305,Mary,Smith,XXXXXXXXX,XXXXXXXXX,2,3864
4306,Janice,Griffin,XXXXXXXXX,XXXXXXXXX,1,15853
4307,Mary,Mora,XXXXXXXXX,XXXXXXXXX,1,7978
4308,William,Smith,XXXXXXXXX,XXXXXXXXX,1,3790
4309,Elizabeth,Gardner,XXXXXXXXX,XXXXXXXXX,1,6275
4310,Andrew,Smith,XXXXXXXXX,XXXXXXXXX,2,5609
4311,Albert,Collins,XXXXXXXXX,XXXXXXXXX,3,5544
4312,Mary,Smith,XXXXXXXXX,XXXXXXXXX,2,16028
4313,Margaret,Reid,XXXXXXXXX,XXXXXXXXX,2,8881
4314,Catherine,Curry,XXXXXXXXX,XXXXXXXXX,2,14883
4315,Mary,Smith,XXXXXXXXX,XXXXXXXXX,2,6395
4316,Kevin,Tran,XXXXXXXXX,XXXXXXXXX,2,10265
4317,Jean,Sutton,XXXXXXXXX,XXXXXXXXX,2,7566
4318,Mary,Fletcher,XXXXXXXXX,XXXXXXXXX,2,2967
4319,Melissa,Smith,XXXXXXXXX,XXXXXXXXX,1,12177
4320,Jordan,Taylor,XXXXXXXXX,XXXXXXXXX,1,11475
4321,Juan,Tanner,XXXXXXXXX,XXXXXXXXX,1,142
4322,Mary,Rasmussen,XXXXXXXXX,XXXXXXXXX,1,16338
4323,Steven,Smith,XXXXXXXXX,XXXXXXXXX,1,10716
4324,Carolyn,Munoz,XXXXXXXXX,XXXXXXXXX,1,12501
4325,Douglas,Smith,XXXXXXXXX,XXXXXXXXX,1,12076
4326,Mary,Ferguson,XXXXXXXXX,XXXXXXXXX,1,15901
4327,Sarah,Greene,XXXXXXXXX,XXXXXXXXX,1,5995
4328,Doris,Smith,XXXXXXXXX,XXXXXXXXX,2,7061
4329,Mary,Ayala,XXXXXXXXX,XXXXXXXXX,2,6461
4330,Robert,Cantrell,XXXXXXXXX,XXXXXXXXX,3,7109
4331,David,Smith,XXXXXXXXX,XXXXXXXXX,3,10981
4332,Mary,Juarez,XXXXXXXXX,XXXXXXXXX,1,11436
4333,Janet,Smith,XXXXXXXXX,XXXXXXXXX,1,12640
4334,Scott,Parker,XXXXXXXXX,XXXXXXXXX,1,13472
4335,Mary,Smith,XXXXXXXXX,XXXXXXXXX,1,4597
4336,David,Reed,XXXXXXXXX,XXXXXXXXX,1,5137
4337,Brandon,Sullivan,XXXXXXXXX,XXXXXXXXX,1,16053
4338,Mary,Michael,XXXXXXXXX,XXXXXXXXX,2,15897
4339,Ruth,Smith,XXXXXXXXX,XXXXXXXXX,2,3700
4340,Stephen,Beck,XXXXXXXXX,XXXXXXXXX,1,2893
4341,Mary,Smith,XXXXXXXXX,XXXXXXXXX,1,14361
4342,David,Hartman,XXXXXXXXX,XXXXXXXXX,2,1890
4343,Donald,Cuevas,XXXXXXXXX,XXXXXXXXX,3,7548
4344,Justin,Smith,XXXXXXXXX,XXXXXXXXX,1,5340
4345,Mary,Marshall,XXXXXXXXX,XXXXXXXXX,1,6388
4346,James,Smith,XXXXXXXXX,XXXXXXXXX,1,2049
4347,Angela,Merritt,XXXXXXXXX,XXXXXXXXX,1,1993
4348,Mary,Smith,XXXXXXXXX,XXXXXXXXX,2,354
4349,Donna,Williams,XXXXXXXXX,XXXXXXXXX,3,1676
4350,Mary,Turner,XXXXXXXXX,XXXXXXXXX,1,7068
4351,Patricia,Mahoney,XXXXXXXXX,XXXXXXXXX,2,14553
4352,Henry,Smith,XXXXXXXXX,XXXXXXXXX,3,8875
4353,Mary,Sutton,XXXXXXXXX,XXXXXXXXX,1,7786
4354,Lori,Clements,XXXXXXXXX,XXXXXXXXX,3,6017
4355,Mary,Smith,XXXXXXXXX,XXXXXXXXX,2,3699
4356,Anthony,Klein,XXXXXXXXX,XXXXXXXXX,2,14089
4357,Mary,Smith,XXXXXXXXX,XXXXXXXXX,2,8789
4358,Joseph,Pena,XXXXXXXXX,XXXXXXXXX,2,13841
4359,Nathan,Smith,XXXXXXXXX,XXXXXXXXX,1,11674
4360,Mary,Romero,XXXXXXXXX,XXXXXXXXX,1,4505
4361,David,Smith,XXXXXXXXX,XXXXXXXXX,2,10204
4362,Christopher,Clayton,XXXXXXXXX,XXXXXXXXX,1,14616
4363,Mary,Smith,XXXXXXXXX,XXXXXXXXX,1,1711
4364,Samantha,Anderson,XXXXXXXXX,XXXXXXXXX,1,1617
4365,Mary,Young,XXXXXXXXX,XXXXXXXXX,2,1100
4366,Shirley,Riley,XXXXXXXXX,XXXXXXXXX,3,11305
4367,Danielle,Moran,XXXXXXXXX,XXXXXXXXX,3,8353
4369,Joan,Johnson,XXXXXXXXX,XXXXXXXXX,1,4527
4370,Mary,Smith,XXXXXXXXX,XXXXXXXXX,2,16125
4371,Doris,Roberson,XXXXXXXXX,XXXXXXXXX,1,4992
4372,Mary,Smith,XXXXXXXXX,XXXXXXXXX,1,2066
4373,Andrea,Elliott,XXXXXXXXX,XXXXXXXXX,1,6576
4374,Mary,Smith,XXXXXXXXX,XXXXXXXXX,3,5601
4375,Stephanie,Norton,XXXXXXXXX,XXXXXXXXX,3,12372
4376,Scott,Smith,XXXXXXXXX,XXXXXXXXX,3,13398
4377,Mary,Chang,XXXXXXXXX,XXXXXXXXX,1,14096
4378,William,Smith,XXXXXXXXX,XXXXXXXXX,3,6851
4379,George,Smith,XXXXXXXXX,XXXXXXXXX,2,5801
4380,Mary,Lopez,XXXXXXXXX,XXXXXXXXX,2,14236
4381,Jordan,Becker,XXXXXXXXX,XXXXXXXXX,2,14460
4382,Mary,Smith,XXXXXXXXX,XXXXXXXXX,2,7579
4383,Nicholas,Collins,XXXXXXXXX,XXXXXXXXX,2,944
4384,Marie,Park,XXXXXXXXX,XXXXXXXXX,1,11974
4385,Mary,Smith,XXXXXXXXX,XXXXXXXXX,1,16401
4386,Rose,Foster,XXXXXXXXX,XXXXXXXXX,1,3006
4387,Mary,Smith,XXXXXXXXX,XXXXXXXXX,1,10771
4388,Richard,Moore,XXXXXXXXX,XXXXXXXXX,1,11443
4389,Heather,Walker,XXXXXXXXX,XXXXXXXXX,1,7170
4390,Kelly,Mcknight,XXXXXXXXX,XXXXXXXXX,1,11360
4391,Harry,Smith,XXXXXXXXX,XXXXXXXXX,1,10052
4392,Mary,Diaz,XXXXXXXXX,XXXXXXXXX,1,5721
4393,David,Mcgrath,XXXXXXXXX,XXXXXXXXX,1,4313
4394,Christopher,Smith,XXXXXXXXX,XXXXXXXXX,1,4941
4395,Sandra,Gomez,XXXXXXXXX,XXXXXXXXX,1,6503
4396,Mary,Smith,XXXXXXXXX,XXXXXXXXX,1,3160
4397,Diana,Wright,XXXXXXXXX,XXXXXXXXX,1,12430
4398,Mary,Yoder,XXXXXXXXX,XXXXXXXXX,1,21
4399,Richard,Smith,XXXXXXXXX,XXXXXXXXX,1,15827
4400,Madison,Morris,XXXXXXXXX,XXXXXXXXX,2,15371
4401,Mary,Hoover,XXXXXXXXX,XXXXXXXXX,2,11265
4402,Heather,Smith,XXXXXXXXX,XXXXXXXXX,2,157
4403,Mary,Evans,XXXXXXXXX,XXXXXXXXX,2,9290
4404,Helen,Smith,XXXXXXXXX,XXXXXXXXX,2,4148
4405,Anna,Merritt,XXXXXXXXX,XXXXXXXXX,2,2259
4406,Mary,Smith,XXXXXXXXX,XXXXXXXXX,2,15260
4407,Mary,Ward,XXXXXXXXX,XXXXXXXXX,1,13439
4408,Anna,Smith,XXXXXXXXX,XXXXXXXXX,1,5765
4409,Mary,Foster,XXXXXXXXX,XXXXXXXXX,1,16170
4410,Mary,Fitzgerald,XXXXXXXXX,XXXXXXXXX,2,10891
4411,Kathy,Smith,XXXXXXXXX,XXXXXXXXX,2,2991
4412,Mary,Ellison,XXXXXXXXX,XXXXXXXXX,2,6136
4413,James,Smith,XXXXXXXXX,XXXXXXXXX,2,376
4414,Robert,Lopez,XXXXXXXXX,XXXXXXXXX,2,1500
4415,Samuel,Mitchell,XXXXXXXXX,XXXXXXXXX,3,14981
4416,Crystal,Powell,XXXXXXXXX,XXXXXXXXX,3,16355
4417,Arthur,Alvarez,XXXXXXXXX,XXXXXXXXX,3,14131
4418,Mary,Mills,XXXXXXXXX,XXXXXXXXX,3,15993
4419,Elizabeth,Fernandez,XXXXXXXXX,XXXXXXXXX,3,956
4420,Susan,Owen,XXXXXXXXX,XXXXXXXXX,3,13434
4421,Carolyn,Smith,XXXXXXXXX,XXXXXXXXX,2,13477
4422,Mary,Schwartz,XXXXXXXXX,XXXXXXXXX,2,3086
4423,Emma,Smith,XXXXXXXXX,XXXXXXXXX,1,4910
4424,Mary,Jordan,XXXXXXXXX,XXXXXXXXX,1,2869
4425,Robert,Gibson,XXXXXXXXX,XXXXXXXXX,1,11167
4426,Mary,Smith,XXXXXXXXX,XXXXXXXXX,2,411
4427,Edward,Soto,XXXXXXXXX,XXXXXXXXX,2,9599
4428,Mary,Smith,XXXXXXXXX,XXXXXXXXX,2,13428
4429,Sara,Graves,XXXXXXXXX,XXXXXXXXX,2,11461
4430,Grace,Smith,XXXXXXXXX,XXXXXXXXX,2,5344
4431,Mary,Johnson,XXXXXXXXX,XXXXXXXXX,3,9225
4432,Kenneth,Gillespie,XXXXXXXXX,XXXXXXXXX,1,6084
4433,Michelle,Smith,XXXXXXXXX,XXXXXXXXX,1,1111
4434,Mary,Brown,XXXXXXXXX,XXXXXXXXX,3,15964
4435,George,Cross,XXXXXXXXX,XXXXXXXXX,2,5406
4436,Janice,Smith,XXXXXXXXX,XXXXXXXXX,1,13365
4437,Mary,Murphy,XXXXXXXXX,XXXXXXXXX,1,16211
4438,Frank,Jennings,XXXXXXXXX,XXXXXXXXX,1,804
4439,Mary,Smith,XXXXXXXXX,XXXXXXXXX,1,3861
4440,James,Garrett,XXXXXXXXX,XXXXXXXXX,3,191
4441,Donna,Smith,XXXXXXXXX,XXXXXXXXX,3,9763
4442,Joshua,Davis,XXXXXXXXX,XXXXXXXXX,2,4923
4443,Harold,Smith,XXXXXXXXX,XXXXXXXXX,2,11322
4444,Russell,Sullivan,XXXXXXXXX,XXXXXXXXX,2,1347
4445,Mary,Jordan,XXXXXXXXX,XXXXXXXXX,2,7787
4446,Cynthia,Berry,XXXXXXXXX,XXXXXXXXX,2,12555
4447,Mary,Wyatt,XXXXXXXXX,XXXXXXXXX,2,11709
4448,Joseph,Cisneros,XXXXXXXXX,XXXXXXXXX,1,2897
4449,Pamela,Smith,XXXXXXXXX,XXXXXXXXX,2,10168
4450,Mary,Ward,XXXXXXXXX,XXXXXXXXX,2,2821
4451,Joseph,Smith,XXXXXXXXX,XXXXXXXXX,1,622
4452,Joyce,Lopez,XXXXXXXXX,XXXXXXXXX,1,4013
4453,Mary,Summers,XXXXXXXXX,XXXXXXXXX,1,5595
4454,Robert,Smith,XXXXXXXXX,XXXXXXXXX,1,14998
4455,Jessica,Perry,XXXXXXXXX,XXXXXXXXX,2,2032
4456,Evelyn,Spencer,XXXXXXXXX,XXXXXXXXX,1,12173
4457,Roger,Smith,XXXXXXXXX,XXXXXXXXX,1,1734
4458,Mary,Smith,XXXXXXXXX,XXXXXXXXX,1,2153
4459,Betty,Neal,XXXXXXXXX,XXXXXXXXX,3,14162
4460,Mary,Smith,XXXXXXXXX,XXXXXXXXX,1,3914
4461,Jeremy,Miller,XXXXXXXXX,XXXXXXXXX,2,13851
4462,Mary,Dillon,XXXXXXXXX,XXXXXXXXX,2,3091
4463,Samuel,Smith,XXXXXXXXX,XXXXXXXXX,2,12854
4464,Mary,Johnson,XXXXXXXXX,XXXXXXXXX,2,6219
4465,John,Sanchez,XXXXXXXXX,XXXXXXXXX,2,4889
4466,Rachel,Shaw,XXXXXXXXX,XXXXXXXXX,2,9851
4467,Howard,Smith,XXXXXXXXX,XXXXXXXXX,2,6902
4468,Mary,Stuart,XXXXXXXXX,XXXXXXXXX,2,6225
4469,Ruth,Maynard,XXXXXXXXX,XXXXXXXXX,2,3741
4470,Mary,Smith,XXXXXXXXX,XXXXXXXXX,2,15077
4471,Daniel,Green,XXXXXXXXX,XXXXXXXXX,2,6626
4472,Mary,Smith,XXXXXXXXX,XXXXXXXXX,2,2536
4473,Christine,Jordan,XXXXXXXXX,XXXXXXXXX,1,8168
4474,Mary,Smith,XXXXXXXXX,XXXXXXXXX,1,14092
4475,Bobby,Davis,XXXXXXXXX,XXXXXXXXX,1,9428
4476,Mary,Ortiz,XXXXXXXXX,XXXXXXXXX,1,5320
4477,Jonathan,Smith,XXXXXXXXX,XXXXXXXXX,2,8796
4478,Mary,Shah,XXXXXXXXX,XXXXXXXXX,2,16133
4479,Billy,Mooney,XXXXXXXXX,XXXXXXXXX,2,2091
4480,Alan,Smith,XXXXXXXXX,XXXXXXXXX,2,10547
4481,Mary,James,XXXXXXXXX,XXXXXXXXX,1,11736
4482,Randy,Elliott,XXXXXXXXX,XXXXXXXXX,2,8355
4483,Mary,Clarke,XXXXXXXXX,XXXXXXXXX,1,2677
4484,Gloria,Smith,XXXXXXXXX,XXXXXXXXX,1,1748
4485,Mary,Young,XXXXXXXXX,XXXXXXXXX,2,212
4486,Patricia,Carter,XXXXXXXXX,XXXXXXXXX,2,2468
4487,Rebecca,Knight,XXXXXXXXX,XXXXXXXXX,2,9914
4488,Frances,Smith,XXXXXXXXX,XXXXXXXXX,3,12651
4489,Mary,Carter,XXXXXXXXX,XXXXXXXXX,3,4820
4490,Elizabeth,Smith,XXXXXXXXX,XXXXXXXXX,1,10018
4491,Mary,Banks,XXXXXXXXX,XXXXXXXXX,1,4164
4492,Pamela,Hubbard,XXXXXXXXX,XXXXXXXXX,1,10201
4494,Mary,Smith,XXXXXXXXX,XXXXXXXXX,1,10433
4495,Mary,White,XXXXXXXXX,XXXXXXXXX,1,4075
4496,Joseph,Hoffman,XXXXXXXXX,XXXXXXXXX,1,7577
4497,Shirley,Smith,XXXXXXXXX,XXXXXXXXX,3,6945
4498,Mary,Brown,XXXXXXXXX,XXXXXXXXX,1,7818
4499,Cynthia,Price,XXXXXXXXX,XXXXXXXXX,2,9655
4500,Jesse,Fields,XXXXXXXXX,XXXXXXXXX,2,4683
4501,Mary,Miranda,XXXXXXXXX,XXXXXXXXX,3,9465
4502,Ruth,Smith,XXXXXXXXX,XXXXXXXXX,2,6818
4503,Mary,Trujillo,XXXXXXXXX,XXXXXXXXX,1,16489
4504,Betty,Weiss,XXXXXXXXX,XXXXXXXXX,1,15705
4505,Mary,Smith,XXXXXXXXX,XXXXXXXXX,1,9972
4506,Michael,Mccann,XXXXXXXXX,XXXXXXXXX,1,5884
4507,Mary,Smith,XXXXXXXXX,XXXXXXXXX,1,13450
4508,Emma,Calderon,XXXXXXXXX,XXXXXXXXX,1,1681
4509,Mary,Smith,XXXXXXXXX,XXXXXXXXX,1,3529
4510,Rachel,Cochran,XXXXXXXXX,XXXXXXXXX,2,10157
4511,Mary,Smith,XXXXXXXXX,XXXXXXXXX,1,15900
4512,Jane,Anderson,XXXXXXXXX,XXXXXXXXX,1,8697
4513,Mary,Robinson,XXXXXXXXX,XXXXXXXXX,1,15763
4514,Carl,Nicholson,XXXXXXXXX,XXXXXXXXX,1,8381
4515,Mary,Smith,XXXXXXXXX,XXXXXXXXX,1,3932
4516,Harry,Blake,XXXXXXXXX,XXXXXXXXX,2,5581
4517,Mary,Cline,XXXXXXXXX,XXXXXXXXX,2,880
4518,Jennifer,Smith,XXXXXXXXX,XXXXXXXXX,3,12301
4519,Kevin,Russell,XXXXXXXXX,XXXXXXXXX,3,8850
4520,Mary,Chavez,XXXXXXXXX,XXXXXXXXX,3,10315
4521,Gerald,Smith,XXXXXXXXX,XXXXXXXXX,3,12360
4522,Mary,Dennis,XXXXXXXXX,XXXXXXXXX,3,14243
4523,Madison,Smith,XXXXXXXXX,XXXXXXXXX,3,5412
4524,Johnny,Cooper,XXXXXXXXX,XXXXXXXXX,1,13052
4525,Mary,Wong,XXXXXXXXX,XXXXXXXXX,1,13360
4526,Carol,Smith,XXXXXXXXX,XXXXXXXXX,1,5191
4527,Mary,Rush,XXXXXXXXX,XXXXXXXXX,2,14484
4528,Karen,Smith,XXXXXXXXX,XXXXXXXXX,1,13195
4529,Steven,Morgan,XXXXXXXXX,XXXXXXXXX,1,12016
4530,Mary,Smith,XXXXXXXXX,XXXXXXXXX,1,164
4531,Gary,Shaffer,XXXXXXXXX,XXXXXXXXX,1,14875
4532,Alice,Smith,XXXXXXXXX,XXXXXXXXX,3,3073
4533,Walter,Chavez,XXXXXXXXX,XXXXXXXXX,1,16417
4534,Mary,Smith,XXXXXXXXX,XXXXXXXXX,1,15198
4535,Ruth,Brown,XXXXXXXXX,XXXXXXXXX,1,7236
4536,Mary,Griffin,XXXXXXXXX,XXXXXXXXX,1,7122
4537,Michael,Holloway,XXXXXXXXX,XXXXXXXXX,3,12452
4538,Matthew,Smith,XXXXXXXXX,XXXXXXXXX,1,718
4539,Jacqueline,James,XXXXXXXXX,XXXXXXXXX,2,15357
4540,Mary,Santos,XXXXXXXXX,XXXXXXXXX,2,16114
4541,Margaret,Harrington,XXXXXXXXX,XXXXXXXXX,2,6623
4542,Lisa,Barr,XXXXXXXXX,XXXXXXXXX,2,577
4543,Russell,Smith,XXXXXXXXX,XXXXXXXXX,1,9124
4544,Mary,Warren,XXXXXXXXX,XXXXXXXXX,1,13756
4545,Andrea,Smith,XXXXXXXXX,XXXXXXXXX,1,16062
4546,Mary,Garcia,XXXXXXXXX,XXXXXXXXX,1,11984
4547,Mary,Molina,XXXXXXXXX,XXXXXXXXX,1,13694
4548,Ruth,Smith,XXXXXXXXX,XXXXXXXXX,1,13812
4549,Mary,Jones,XXXXXXXXX,XXXXXXXXX,1,6537
4550,Patricia,Smith,XXXXXXXXX,XXXXXXXXX,1,8537
4551,Jonathan,Blackwell,XXXXXXXXX,XXXXXXXXX,1,3548
4552,Janice,Smith,XXXXXXXXX,XXXXXXXXX,1,16381
4553,Mary,Carter,XXXXXXXXX,XXXXXXXXX,1,8534
4554,Brandon,Lang,XXXXXXXXX,XXXXXXXXX,1,9703
4556,Mary,Jackson,XXXXXXXXX,XXXXXXXXX,1,2859
4557,David,Sutton,XXXXXXXXX,XXXXXXXXX,1,8543
4558,Jennifer,Smith,XXXXXXXXX,XXXXXXXXX,1,11979
4559,Margaret,Mcdaniel,XXXXXXXXX,XXXXXXXXX,1,2157
4560,Mary,Smith,XXXXXXXXX,XXXXXXXXX,3,7413
4561,Scott,Stone,XXXXXXXXX,XXXXXXXXX,1,7792
4562,Mary,Smith,XXXXXXXXX,XXXXXXXXX,1,13747
4563,Melissa,Powell,XXXXXXXXX,XXXXXXXXX,1,11641
4564,Mary,Smith,XXXXXXXXX,XXXXXXXXX,1,5655
4565,Marilyn,Stone,XXXXXXXXX,XXXXXXXXX,1,11987
4566,Mary,Walton,XXXXXXXXX,XXXXXXXXX,1,15703
4567,Rose,Smith,XXXXXXXXX,XXXXXXXXX,1,14742
4568,Mary,Hodge,XXXXXXXXX,XXXXXXXXX,1,12304
4569,Charles,Smith,XXXXXXXXX,XXXXXXXXX,1,14276
4570,Karen,Morrison,XXXXXXXXX,XXXXXXXXX,1,507
4571,Catherine,Roman,XXXXXXXXX,XXXXXXXXX,1,3588
4572,Crystal,Lucero,XXXXXXXXX,XXXXXXXXX,1,5816
4573,Mary,Smith,XXXXXXXXX,XXXXXXXXX,2,4819
4574,Margaret,Mitchell,XXXXXXXXX,XXXXXXXXX,2,4316
4575,Ashley,Whitaker,XXXXXXXXX,XXXXXXXXX,3,13620
4576,Deborah,Smith,XXXXXXXXX,XXXXXXXXX,3,7500
4577,Scott,Hudson,XXXXXXXXX,XXXXXXXXX,2,1593
4578,Mary,Smith,XXXXXXXXX,XXXXXXXXX,3,13199
4579,William,Zimmerman,XXXXXXXXX,XXXXXXXXX,1,12701
4580,Charles,Smith,XXXXXXXXX,XXXXXXXXX,1,2757
4581,Jessica,May,XXXXXXXXX,XXXXXXXXX,1,7589
4582,Brian,House,XXXXXXXXX,XXXXXXXXX,1,8169
4583,Terry,Smith,XXXXXXXXX,XXXXXXXXX,1,8310
4584,Mary,Yu,XXXXXXXXX,XXXXXXXXX,2,8485
4585,Lauren,Smith,XXXXXXXXX,XXXXXXXXX,2,15202
4586,Mary,Bryant,XXXXXXXXX,XXXXXXXXX,1,10165
4587,Anthony,Smith,XXXXXXXXX,XXXXXXXXX,1,9254
4588,Melissa,Rosario,XXXXXXXXX,XXXXXXXXX,1,8634
4589,Mary,Smith,XXXXXXXXX,XXXXXXXXX,1,14948
4590,Michael,Raymond,XXXXXXXXX,XXXXXXXXX,1,10516
4591,Eric,Smith,XXXXXXXXX,XXXXXXXXX,1,4658
4592,Mary,Sanchez,XXXXXXXXX,XXXXXXXXX,1,14385
4593,Anthony,Jenkins,XXXXXXXXX,XXXXXXXXX,3,9323
4594,Mary,Caldwell,XXXXXXXXX,XXXXXXXXX,3,13045
4595,Christian,Smith,XXXXXXXXX,XXXXXXXXX,3,9955
4596,Mary,Burns,XXXXXXXXX,XXXXXXXXX,1,15448
4597,Linda,Smith,XXXXXXXXX,XXXXXXXXX,1,8702
4598,Gloria,Castro,XXXXXXXXX,XXXXXXXXX,1,11935
4599,Mary,Smith,XXXXXXXXX,XXXXXXXXX,1,4958
4600,Roger,Barron,XXXXXXXXX,XXXXXXXXX,1,5172
4601,Mary,Huber,XXXXXXXXX,XXXXXXXXX,2,6608
4602,Karen,Smith,XXXXXXXXX,XXXXXXXXX,1,13874
4603,Emily,Coleman,XXXXXXXXX,XXXXXXXXX,2,12054
4604,Mary,Pearson,XXXXXXXXX,XXXXXXXXX,2,15145
4605,Andrew,Horne,XXXXXXXXX,XXXXXXXXX,2,10293
4606,Carol,Smith,XXXXXXXXX,XXXXXXXXX,2,10251
4607,Stephanie,Young,XXXXXXXXX,XXXXXXXXX,2,16008
4608,Mary,Briggs,XXXXXXXXX,XXXXXXXXX,1,12426
4609,Philip,Smith,XXXXXXXXX,XXXXXXXXX,1,3734
4610,Mary,Richards,XXXXXXXXX,XXXXXXXXX,2,743
4611,Dorothy,Smith,XXXXXXXXX,XXXXXXXXX,1,5383
4612,Mary,Wilson,XXXXXXXXX,XXXXXXXXX,1,7686
4613,Ashley,Gordon,XXXXXXXXX,XXXXXXXXX,3,618
4614,Mary,Smith,XXXXXXXXX,XXXXXXXXX,1,5281
4615,Christopher,Barnett,XXXXXXXXX,XXXXXXXXX,1,15481
4616,George,Smith,XXXXXXXXX,XXXXXXXXX,3,9824
4617,Jason,Keller,XXXXXXXXX,XXXXXXXXX,1,2618
4618,Andrea,Smith,XXXXXXXXX,XXXXXXXXX,2,3001
4619,Mary,Nelson,XXXXXXXXX,XXXXXXXXX,1,16542
4620,Carolyn,Bennett,XXXXXXXXX,XXXXXXXXX,1,1369
4621,Doris,Smith,XXXXXXXXX,XXXXXXXXX,1,3365
4622,Mary,Holder,XXXXXXXXX,XXXXXXXXX,1,9496
4623,Jessica,Smith,XXXXXXXXX,XXXXXXXXX,1,2430
4624,Kenneth,Matthews,XXXXXXXXX,XXXXXXXXX,1,1190
4625,Mary,Smith,XXXXXXXXX,XXXXXXXXX,1,12605
4626,Brian,Clark,XXXXXXXXX,XXXXXXXXX,2,1843
4627,Eric,Lang,XXXXXXXXX,XXXXXXXXX,2,10017
4628,Mary,Smith,XXXXXXXXX,XXXXXXXXX,2,16071
4629,Kimberly,Davis,XXXXXXXXX,XXXXXXXXX,1,16064
4630,Mary,Stark,XXXXXXXXX,XXXXXXXXX,3,13423
4631,Carol,Smith,XXXXXXXXX,XXXXXXXXX,3,9360
4632,Brandon,Baldwin,XXXXXXXXX,XXXXXXXXX,3,12990
4633,Mary,Smith,XXXXXXXXX,XXXXXXXXX,3,16131
4634,Peter,Greene,XXXXXXXXX,XXXXXXXXX,3,10936
4635,Mary,Gamble,XXXXXXXXX,XXXXXXXXX,2,16200
4636,Karen,Smith,XXXXXXXXX,XXXXXXXXX,2,9159
4637,Mary,Hamilton,XXXXXXXXX,XXXXXXXXX,2,29
4638,Donald,Hayes,XXXXXXXXX,XXXXXXXXX,2,12058
4639,Kevin,Smith,XXXXXXXXX,XXXXXXXXX,3,5560
4640,Eric,Landry,XXXXXXXXX,XXXXXXXXX,1,7293
4641,Rachel,Smith,XXXXXXXXX,XXXXXXXXX,1,4243
4642,Mary,Nunez,XXXXXXXXX,XXXXXXXXX,2,5368
4643,Louis,Smith,XXXXXXXXX,XXXXXXXXX,1,14741
4644,Mary,Dixon,XXXXXXXXX,XXXXXXXXX,2,16183
4645,Steven,Smith,XXXXXXXXX,XXXXXXXXX,2,5308
4646,Arthur,Ramos,XXXXXXXXX,XXXXXXXXX,3,3313
4647,Mary,Smith,XXXXXXXXX,XXXXXXXXX,1,3
4648,Ryan,Daniel,XXXXXXXXX,XXXXXXXXX,1,15569
4649,Diana,French,XXXXXXXXX,XXXXXXXXX,1,1430
4650,Mary,Smith,XXXXXXXXX,XXXXXXXXX,1,12347
4651,Gerald,Wright,XXXXXXXXX,XXXXXXXXX,2,7137
4652,Mary,Smith,XXXXXXXXX,XXXXXXXXX,1,3327
4653,John,Brady,XXXXXXXXX,XXXXXXXXX,1,14329
4654,Alexander,Smith,XXXXXXXXX,XXXXXXXXX,1,6778
4655,Mary,Harper,XXXXXXXXX,XXXXXXXXX,1,12241
4656,Eric,Smith,XXXXXXXXX,XXXXXXXXX,1,392
4657,Mary,Shaw,XXXXXXXXX,XXXXXXXXX,2,6276
4658,Sarah,Gallegos,XXXXXXXXX,XXXXXXXXX,1,14525
4659,Paul,Smith,XXXXXXXXX,XXXXXXXXX,1,9215
4660,Maria,Higgins,XXXXXXXXX,XXXXXXXXX,1,780
4661,Mildred,Smith,XXXXXXXXX,XXXXXXXXX,1,827
4662,Mary,Zimmerman,XXXXXXXXX,XXXXXXXXX,1,6629
4663,Paul,Smith,XXXXXXXXX,XXXXXXXXX,2,10173
4664,Mary,Cole,XXXXXXXXX,XXXXXXXXX,1,3578
4665,Jessica,York,XXXXXXXXX,XXXXXXXXX,1,5490
4666,Mary,Smith,XXXXXXXXX,XXXXXXXXX,2,4292
4667,Cheryl,Gonzalez,XXXXXXXXX,XXXXXXXXX,2,8231
4668,Mary,Schwartz,XXXXXXXXX,XXXXXXXXX,2,6016
4669,Robert,Smith,XXXXXXXXX,XXXXXXXXX,1,7345
4670,Sharon,Bailey,XXXXXXXXX,XXXXXXXXX,3,5266
4671,Eric,Diaz,XXXXXXXXX,XXXXXXXXX,1,3324
4672,Mary,Smith,XXXXXXXXX,XXXXXXXXX,1,12626
4673,Wayne,Hodges,XXXXXXXXX,XXXXXXXXX,3,11995
4674,Mary,Lynn,XXXXXXXXX,XXXXXXXXX,1,12364
4675,Jessica,Smith,XXXXXXXXX,XXXXXXXXX,3,16177
4676,Donna,Randolph,XXXXXXXXX,XXXXXXXXX,3,5302
4677,Timothy,Smith,XXXXXXXXX,XXXXXXXXX,3,13536
4678,Mary,Jones,XXXXXXXXX,XXXXXXXXX,2,1897
4679,Sarah,Simpson,XXXXXXXXX,XXXXXXXXX,2,9104
4680,Gloria,Wall,XXXXXXXXX,XXXXXXXXX,2,13926
4681,Mary,Smith,XXXXXXXXX,XXXXXXXXX,2,426
4682,Marilyn,Morales,XXXXXXXXX,XXXXXXXXX,2,11258
4683,Mary,Lang,XXXXXXXXX,XXXXXXXXX,2,3913
4684,Ann,Smith,XXXXXXXXX,XXXXXXXXX,2,3359
4685,Tyler,Holt,XXXXXXXXX,XXXXXXXXX,2,15579
4686,Mary,Smith,XXXXXXXXX,XXXXXXXXX,2,5834
4687,Evelyn,Edwards,XXXXXXXXX,XXXXXXXXX,2,4404
4688,Mary,Lam,XXXXXXXXX,XXXXXXXXX,2,4173
4689,Sandra,Smith,XXXXXXXXX,XXXXXXXXX,2,8350
4690,Nicholas,Adams,XXXXXXXXX,XXXXXXXXX,3,13247
4691,Phillip,Petty,XXXXXXXXX,XXXXXXXXX,2,11102
4692,Mary,Smith,XXXXXXXXX,XXXXXXXXX,3,3180
4693,Wayne,Evans,XXXXXXXXX,XXXXXXXXX,2,14545
4694,Mary,Rivera,XXXXXXXXX,XXXXXXXXX,2,14132
4695,Hannah,Guerra,XXXXXXXXX,XXXXXXXXX,1,14923
4696,Mary,Smith,XXXXXXXXX,XXXXXXXXX,2,3039
4697,Kathryn,Singh,XXXXXXXXX,XXXXXXXXX,1,10821
4698,Mary,Collier,XXXXXXXXX,XXXXXXXXX,2,12913
4699,William,Smith,XXXXXXXXX,XXXXXXXXX,2,10538
4700,Mary,Campbell,XXXXXXXXX,XXXXXXXXX,2,15952
4701,Joyce,Barker,XXXXXXXXX,XXXXXXXXX,2,13925
4702,Mary,Smith,XXXXXXXXX,XXXXXXXXX,3,15347
4703,Shirley,Lewis,XXXXXXXXX,XXXXXXXXX,1,9373
4704,Henry,James,XXXXXXXXX,XXXXXXXXX,1,13532
4705,Mary,Smith,XXXXXXXXX,XXXXXXXXX,1,11123
4706,Mary,Neal,XXXXXXXXX,XXXXXXXXX,1,1758
4707,Victoria,Smith,XXXXXXXXX,XXXXXXXXX,2,4684
4708,Mary,Martin,XXXXXXXXX,XXXXXXXXX,2,4317
4709,Jesse,Robinson,XXXXXXXXX,XXXXXXXXX,1,12201
4710,Mary,Briggs,XXXXXXXXX,XXXXXXXXX,2,4747
4711,Ryan,Smith,XXXXXXXXX,XXXXXXXXX,2,10001
4712,Nicholas,Pope,XXXXXXXXX,XXXXXXXXX,1,8153
4713,Jack,Smith,XXXXXXXXX,XXXXXXXXX,2,343
4714,Mary,Finley,XXXXXXXXX,XXXXXXXXX,3,13213
4715,Kenneth,Smith,XXXXXXXXX,XXXXXXXXX,2,16196
4716,Edward,Cooper,XXXXXXXXX,XXXXXXXXX,2,6672
4717,Mary,Sanders,XXXXXXXXX,XXXXXXXXX,1,7339
4718,Stephanie,Wagner,XXXXXXXXX,XXXXXXXXX,1,15343
4719,Mary,Mcintosh,XXXXXXXXX,XXXXXXXXX,1,6646
4720,Carolyn,Smith,XXXXXXXXX,XXXXXXXXX,1,468
4721,Scott,Keith,XXXXXXXXX,XXXXXXXXX,1,11629
4722,Sara,Mclean,XXXXXXXXX,XXXXXXXXX,3,6255
4723,Terry,Smith,XXXXXXXXX,XXXXXXXXX,2,4956
4724,Mary,Nelson,XXXXXXXXX,XXXXXXXXX,2,13622
4725,Gerald,Camacho,XXXXXXXXX,XXXXXXXXX,2,12018
4726,Mary,Smith,XXXXXXXXX,XXXXXXXXX,2,5054
4727,Amanda,Estes,XXXXXXXXX,XXXXXXXXX,1,15189
4728,Mary,Smith,XXXXXXXXX,XXXXXXXXX,1,1398
4729,Robert,Kaufman,XXXXXXXXX,XXXXXXXXX,2,36
4730,Karen,Smith,XXXXXXXXX,XXXXXXXXX,2,5346
4731,Hannah,Thompson,XXXXXXXXX,XXXXXXXXX,2,9846
4732,Mary,Pierce,XXXXXXXXX,XXXXXXXXX,2,10155
4733,Diane,Smith,XXXXXXXXX,XXXXXXXXX,3,3410
4734,Teresa,Wilson,XXXXXXXXX,XXXXXXXXX,1,15673
4735,Mary,Harris,XXXXXXXXX,XXXXXXXXX,2,14512
4736,Zachary,Collins,XXXXXXXXX,XXXXXXXXX,2,11395
4737,Mary,Mendoza,XXXXXXXXX,XXXXXXXXX,2,10108
4738,Thomas,Smith,XXXXXXXXX,XXXXXXXXX,1,9010
4739,Mary,Jimenez,XXXXXXXXX,XXXXXXXXX,3,1109
4740,Willie,Wolfe,XXXXXXXXX,XXXXXXXXX,1,4437
4741,Mary,Smith,XXXXXXXXX,XXXXXXXXX,3,16030
4742,Bobby,Mcknight,XXXXXXXXX,XXXXXXXXX,1,833
4743,Mary,Smith,XXXXXXXXX,XXXXXXXXX,2,11318
4744,Cynthia,Rodriguez,XXXXXXXXX,XXXXXXXXX,2,8888
4745,Mary,Brock,XXXXXXXXX,XXXXXXXXX,1,4467
4746,Jean,Smith,XXXXXXXXX,XXXXXXXXX,2,2523
4747,Janice,Thomas,XXXXXXXXX,XXXXXXXXX,2,14962
4748,Mary,Smith,XXXXXXXXX,XXXXXXXXX,2,13998
4749,Michelle,Terry,XXXXXXXXX,XXXXXXXXX,2,13113
4750,Mary,Smith,XXXXXXXXX,XXXXXXXXX,1,15422
4751,Brandon,Rowland,XXXXXXXXX,XXXXXXXXX,1,6819
4752,Mary,Smith,XXXXXXXXX,XXXXXXXXX,1,15363
4753,Diana,Cooper,XXXXXXXXX,XXXXXXXXX,1,5450
4754,Mary,Santana,XXXXXXXXX,XXXXXXXXX,1,8754
4755,Betty,Smith,XXXXXXXXX,XXXXXXXXX,1,1083
4756,Mary,Stanley,XXXXXXXXX,XXXXXXXXX,2,16166
4757,George,Smith,XXXXXXXXX,XXXXXXXXX,2,5636
4758,Mary,Mendoza,XXXXXXXXX,XXXXXXXXX,2,5969
4759,Charles,Lowe,XXXXXXXXX,XXXXXXXXX,2,5937
4760,Cynthia,Smith,XXXXXXXXX,XXXXXXXXX,3,8783
4761,Mary,Shannon,XXXXXXXXX,XXXXXXXXX,1,13409
4762,Cynthia,Smith,XXXXXXXXX,XXXXXXXXX,1,10706
4763,Mary,Byrd,XXXXXXXXX,XXXXXXXXX,1,10025
4764,Christopher,Smith,XXXXXXXXX,XXXXXXXXX,2,5073
4765,Mary,Sweeney,XXXXXXXXX,XXXXXXXXX,1,12108
4766,Thomas,Smith,XXXXXXXXX,XXXXXXXXX,3,3040
4767,Jennifer,Stephenson,XXXXXXXXX,XXXXXXXXX,3,9275
4768,Amanda,Hays,XXXXXXXXX,XXXXXXXXX,3,11507
4769,Mary,Smith,XXXXXXXXX,XXXXXXXXX,1,10852
4770,Andrea,Malone,XXXXXXXXX,XXXXXXXXX,2,16475
4771,Mary,Smith,XXXXXXXXX,XXXXXXXXX,1,8777
4772,Robert,Gonzalez,XXXXXXXXX,XXXXXXXXX,2,2949
4773,Andrew,Smith,XXXXXXXXX,XXXXXXXXX,2,2882
4774,Mary,Martinez,XXXXXXXXX,XXXXXXXXX,2,4125
4775,Walter,Wright,XXXXXXXXX,XXXXXXXXX,1,12326
4776,Mary,Potter,XXXXXXXXX,XXXXXXXXX,1,13054
4777,David,Smith,XXXXXXXXX,XXXXXXXXX,2,3920
4778,Amy,Campbell,XXXXXXXXX,XXXXXXXXX,1,6843
4779,Theresa,Turner,XXXXXXXXX,XXXXXXXXX,2,13180
4780,Mary,Castillo,XXXXXXXXX,XXXXXXXXX,1,10368
4781,Janet,Smith,XXXXXXXXX,XXXXXXXXX,1,14020
4782,Mary,Powell,XXXXXXXXX,XXXXXXXXX,1,8892
4783,Shirley,Smith,XXXXXXXXX,XXXXXXXXX,1,13497
4784,Mary,Williams,XXXXXXXXX,XXXXXXXXX,1,10063
4785,Rachel,Price,XXXXXXXXX,XXXXXXXXX,2,15896
4786,Mary,Bond,XXXXXXXXX,XXXXXXXXX,1,13098
4787,Brian,Smith,XXXXXXXXX,XXXXXXXXX,1,15454
4788,Mary,Charles,XXXXXXXXX,XXXXXXXXX,1,10746
4789,Kathleen,Richmond,XXXXXXXXX,XXXXXXXXX,1,851
4790,Mildred,Smith,XXXXXXXXX,XXXXXXXXX,1,8435
4791,Mary,Patton,XXXXXXXXX,XXXXXXXXX,1,6877
4792,Dorothy,Montoya,XXXXXXXXX,XXXXXXXXX,1,12317
4793,Cynthia,Macdonald,XXXXXXXXX,XXXXXXXXX,2,8434
4794,Julia,Mosley,XXXXXXXXX,XXXXXXXXX,1,12699
4795,Mary,Smith,XXXXXXXXX,XXXXXXXXX,1,1549
4796,Kelly,Mcbride,XXXXXXXXX,XXXXXXXXX,1,4868
4797,Russell,Branch,XXXXXXXXX,XXXXXXXXX,1,12070
4798,Mary,Smith,XXXXXXXXX,XXXXXXXXX,1,1969
4799,Paul,Jensen,XXXXXXXXX,XXXXXXXXX,1,5294
4800,Mary,Smith,XXXXXXXXX,XXXXXXXXX,1,12735
4802,Mary,Smith,XXXXXXXXX,XXXXXXXXX,1,7368
4803,Kelly,Andrews,XXXXXXXXX,XXXXXXXXX,1,15500
4804,Mary,Smith,XXXXXXXXX,XXXXXXXXX,2,5823
4805,Karen,Rivas,XXXXXXXXX,XXXXXXXXX,2,9908
4806,Mary,Smith,XXXXXXXXX,XXXXXXXXX,2,15142
4807,Raymond,Rodgers,XXXXXXXXX,XXXXXXXXX,2,5041
4808,Mary,Smith,XXXXXXXXX,XXXXXXXXX,2,11447
4809,Elizabeth,Gonzales,XXXXXXXXX,XXXXXXXXX,2,13697
4810,Mary,Smith,XXXXXXXXX,XXXXXXXXX,2,14527
4811,Karen,Dunn,XXXXXXXXX,XXXXXXXXX,2,3169
4812,Nathan,Fritz,XXXXXXXXX,XXXXXXXXX,2,16182
4813,Mary,Smith,XXXXXXXXX,XXXXXXXXX,2,4512
4814,Paul,Suarez,XXXXXXXXX,XXXXXXXXX,2,14703
4815,Jerry,Smith,XXXXXXXXX,XXXXXXXXX,1,7341
4816,Bruce,Short,XXXXXXXXX,XXXXXXXXX,2,11785
4817,Mary,Hurley,XXXXXXXXX,XXXXXXXXX,1,5197
4818,Stephanie,Smith,XXXXXXXXX,XXXXXXXXX,2,4473
4819,Mary,Porter,XXXXXXXXX,XXXXXXXXX,2,10479
4820,Jennifer,Smith,XXXXXXXXX,XXXXXXXXX,2,2342
4821,Brittany,Rangel,XXXXXXXXX,XXXXXXXXX,2,16215
4822,Mary,Smith,XXXXXXXXX,XXXXXXXXX,2,16130
4823,Diana,Thomas,XXXXXXXXX,XXXXXXXXX,2,6193
4824,Mary,Sanchez,XXXXXXXXX,XXXXXXXXX,2,6317
4825,Jack,Boyle,XXXXXXXXX,XXXXXXXXX,2,320
4826,Roy,Smith,XXXXXXXXX,XXXXXXXXX,2,5984
4827,Mary,Day,XXXXXXXXX,XXXXXXXXX,1,14623
4828,Danielle,Leon,XXXXXXXXX,XXXXXXXXX,1,6390
4829,Mary,Smith,XXXXXXXXX,XXXXXXXXX,1,12822
4830,Henry,Jones,XXXXXXXXX,XXXXXXXXX,2,9467
4831,Mary,Smith,XXXXXXXXX,XXXXXXXXX,2,3439
4832,Raymond,Navarro,XXXXXXXXX,XXXXXXXXX,1,13903
4833,Mary,Smith,XXXXXXXXX,XXXXXXXXX,1,15144
4834,Shirley,Miller,XXXXXXXXX,XXXXXXXXX,2,7033
4835,Katherine,Diaz,XXXXXXXXX,XXXXXXXXX,1,15840
4836,Mary,Smith,XXXXXXXXX,XXXXXXXXX,1,13930
4837,Robert,Garcia,XXXXXXXXX,XXXXXXXXX,1,9894
4838,Mark,Frank,XXXXXXXXX,XXXXXXXXX,1,14380
4839,Ashley,Smith,XXXXXXXXX,XXXXXXXXX,1,1994
4840,Mary,Marshall,XXXXXXXXX,XXXXXXXXX,1,11402
4841,John,Warner,XXXXXXXXX,XXXXXXXXX,1,3650
4842,Rachel,Smith,XXXXXXXXX,XXXXXXXXX,1,9532
4843,Mary,Sandoval,XXXXXXXXX,XXXXXXXXX,1,1006
4844,Lauren,Wu,XXXXXXXXX,XXXXXXXXX,3,15185
4845,Douglas,Smith,XXXXXXXXX,XXXXXXXXX,1,5029
4846,Mary,Lambert,XXXXXXXXX,XXXXXXXXX,1,765
4847,Michael,Smith,XXXXXXXXX,XXXXXXXXX,3,16458
4848,Jennifer,Morgan,XXXXXXXXX,XXXXXXXXX,1,1907
4849,Teresa,Baxter,XXXXXXXXX,XXXXXXXXX,1,3599
4850,Mary,Smith,XXXXXXXXX,XXXXXXXXX,1,8893
4851,Kimberly,Mcgrath,XXXXXXXXX,XXXXXXXXX,1,1232
4852,Joshua,Smith,XXXXXXXXX,XXXXXXXXX,1,3729
4853,Mary,Miller,XXXXXXXXX,XXXXXXXXX,1,9404
4854,Laura,Owens,XXXXXXXXX,XXXXXXXXX,1,11632
4855,Tyler,Key,XXXXXXXXX,XXXXXXXXX,1,946
4856,Mary,Smith,XXXXXXXXX,XXXXXXXXX,2,1382
4857,Nancy,Whitaker,XXXXXXXXX,XXXXXXXXX,1,473
4858,Mary,Smith,XXXXXXXXX,XXXXXXXXX,1,9080
4859,Michelle,Martinez,XXXXXXXXX,XXXXXXXXX,2,8766
4860,Mary,Wiggins,XXXXXXXXX,XXXXXXXXX,2,7838
4861,Rebecca,Smith,XXXXXXXXX,XXXXXXXXX,2,11418
4862,Mary,Whitaker,XXXXXXXXX,XXXXXXXXX,2,4537
4863,Elizabeth,Smith,XXXXXXXXX,XXXXXXXXX,2,13918
4864,Crystal,Leon,XXXXXXXXX,XXXXXXXXX,1,11333
4865,Mary,Smith,XXXXXXXXX,XXXXXXXXX,2,6674
4866,Sean,Hoffman,XXXXXXXXX,XXXXXXXXX,2,14321
4867,Mary,Smith,XXXXXXXXX,XXXXXXXXX,1,9939
4868,Andrea,Marks,XXXXXXXXX,XXXXXXXXX,2,7336
4869,Mary,Smith,XXXXXXXXX,XXXXXXXXX,2,456
4870,Pamela,Walker,XXXXXXXXX,XXXXXXXXX,2,7177
4871,Justin,Hall,XXXXXXXXX,XXXXXXXXX,2,6378
4872,Mary,Smith,XXXXXXXXX,XXXXXXXXX,1,12583
4873,Samantha,Wilson,XXXXXXXXX,XXXXXXXXX,1,14307
4874,Mary,Taylor,XXXXXXXXX,XXXXXXXXX,2,15820
4875,Edward,Peters,XXXXXXXXX,XXXXXXXXX,1,10700
4876,Harry,Smith,XXXXXXXXX,XXXXXXXXX,1,8879
4877,Mary,Greene,XXXXXXXXX,XXXXXXXXX,1,13867
4878,Sandra,Smith,XXXXXXXXX,XXXXXXXXX,1,3257
4879,Helen,Webb,XXXXXXXXX,XXXXXXXXX,1,15926
4880,Carol,Banks,XXXXXXXXX,XXXXXXXXX,1,7028
4881,Kelly,Smith,XXXXXXXXX,XXXXXXXXX,1,3158
4882,Mary,Daniels,XXXXXXXXX,XXXXXXXXX,1,4985
4883,Vincent,Smith,XXXXXXXXX,XXXXXXXXX,1,5631
4884,Mary,Wall,XXXXXXXXX,XXXXXXXXX,1,15465
4885,Kenneth,Smith,XXXXXXXXX,XXXXXXXXX,2,5683
4886,Angela,Moore,XXXXXXXXX,XXXXXXXXX,2,7047
4887,Nicholas,Smith,XXXXXXXXX,XXXXXXXXX,2,10415
4888,Mary,Berry,XXXXXXXXX,XXXXXXXXX,2,15314
4889,Carolyn,Smith,XXXXXXXXX,XXXXXXXXX,2,15783
4890,Mary,Harrington,XXXXXXXXX,XXXXXXXXX,1,16042
4891,Richard,Smith,XXXXXXXXX,XXXXXXXXX,1,8080
4892,Mary,Nichols,XXXXXXXXX,XXXXXXXXX,1,9126
4893,William,Smith,XXXXXXXXX,XXXXXXXXX,1,9656
4894,Nancy,Taylor,XXXXXXXXX,XXXXXXXXX,1,15652
4895,Edward,Spencer,XXXXXXXXX,XXXXXXXXX,1,11113
4896,Nicholas,Smith,XXXXXXXXX,XXXXXXXXX,1,12664
4897,Mary,Garcia,XXXXXXXXX,XXXXXXXXX,1,11977
4898,Joseph,Ellis,XXXXXXXXX,XXXXXXXXX,2,13565
4899,Mary,Bauer,XXXXXXXXX,XXXXXXXXX,1,10718
4900,James,Trevino,XXXXXXXXX,XXXXXXXXX,1,10774
4901,Brenda,Smith,XXXXXXXXX,XXXXXXXXX,1,4497
4902,Martha,Garcia,XXXXXXXXX,XXXXXXXXX,2,10414
4903,Mary,Rodriguez,XXXXXXXXX,XXXXXXXXX,3,3044
4904,Bruce,Smith,XXXXXXXXX,XXXXXXXXX,3,4909
4905,Mary,Hunter,XXXXXXXXX,XXXXXXXXX,3,11537
4906,Richard,Smith,XXXXXXXXX,XXXXXXXXX,3,14682
4907,Amanda,Lopez,XXXXXXXXX,XXXXXXXXX,1,7909
4908,Ann,Mccoy,XXXXXXXXX,XXXXXXXXX,1,3337
4909,Mary,Smith,XXXXXXXXX,XXXXXXXXX,1,1168
4910,Raymond,Mcbride,XXXXXXXXX,XXXXXXXXX,1,14969
4911,Mary,Smith,XXXXXXXXX,XXXXXXXXX,2,588
4912,William,Mcgee,XXXXXXXXX,XXXXXXXXX,2,12291
4913,Jerry,Smith,XXXXXXXXX,XXXXXXXXX,2,6930
4914,Mary,Curtis,XXXXXXXXX,XXXXXXXXX,1,14128
4915,Matthew,Juarez,XXXXXXXXX,XXXXXXXXX,2,7546
4916,Larry,Smith,XXXXXXXXX,XXXXXXXXX,1,16494
4917,Lauren,Campbell,XXXXXXXXX,XXXXXXXXX,2,1208
4918,Mary,Gray,XXXXXXXXX,XXXXXXXXX,1,6364
4919,Judith,Smith,XXXXXXXXX,XXXXXXXXX,1,13743
4920,Gloria,Ewing,XXXXXXXXX,XXXXXXXXX,1,47
4921,Mary,Smith,XXXXXXXXX,XXXXXXXXX,1,14494
4922,Robert,Russo,XXXXXXXXX,XXXXXXXXX,1,16257
4923,Crystal,Smith,XXXXXXXXX,XXXXXXXXX,2,8275
4924,Mary,Castillo,XXXXXXXXX,XXXXXXXXX,2,14779
4925,Julia,Zavala,XXXXXXXXX,XXXXXXXXX,2,8654
4926,Mary,Smith,XXXXXXXXX,XXXXXXXXX,2,206
4928,Mary,Adams,XXXXXXXXX,XXXXXXXXX,1,4695
4929,Janet,Harvey,XXXXXXXXX,XXXXXXXXX,1,3123
4930,Mary,Preston,XXXXXXXXX,XXXXXXXXX,1,10217
4931,Arthur,Smith,XXXXXXXXX,XXXXXXXXX,1,4423
4932,Gerald,Burton,XXXXXXXXX,XXXXXXXXX,1,2083
4933,Mary,Smith,XXXXXXXXX,XXXXXXXXX,3,647
4934,Richard,Warner,XXXXXXXXX,XXXXXXXXX,3,10607
4935,Sarah,Nielsen,XXXXXXXXX,XXXXXXXXX,3,4010
4936,Kyle,Smith,XXXXXXXXX,XXXXXXXXX,3,13533
4937,Mary,Rogers,XXXXXXXXX,XXXXXXXXX,1,10578
4938,Donald,Smith,XXXXXXXXX,XXXXXXXXX,1,665
4939,Carol,Jackson,XXXXXXXXX,XXXXXXXXX,1,7449
4940,Marie,Snyder,XXXXXXXXX,XXXXXXXXX,1,10383
4941,Mary,Smith,XXXXXXXXX,XXXXXXXXX,1,15025
4942,David,Gill,XXXXXXXXX,XXXXXXXXX,2,6199
4943,Paul,Sosa,XXXXXXXXX,XXXXXXXXX,1,4185
4944,George,Smith,XXXXXXXXX,XXXXXXXXX,1,6958
4945,Mary,Meza,XXXXXXXXX,XXXXXXXXX,1,9673
4946,Howard,Smith,XXXXXXXXX,XXXXXXXXX,1,3393
4947,Mary,Hobbs,XXXXXXXXX,XXXXXXXXX,1,5736
4948,Emily,Smith,XXXXXXXXX,XXXXXXXXX,1,13143
4949,Mary,Simmons,XXXXXXXXX,XXXXXXXXX,1,523
4950,Brittany,Henry,XXXXXXXXX,XXXXXXXXX,1,947
4951,Mary,Peck,XXXXXXXXX,XXXXXXXXX,1,2507
4952,Elizabeth,Smith,XXXXXXXXX,XXXXXXXXX,1,785
4953,Pamela,Burnett,XXXXXXXXX,XXXXXXXXX,1,8828
4954,Mary,Smith,XXXXXXXXX,XXXXXXXXX,1,5951
4955,Frank,Vaughn,XXXXXXXXX,XXXXXXXXX,1,12890
4956,Mary,Smith,XXXXXXXXX,XXXXXXXXX,1,9216
4957,Lawrence,Kidd,XXXXXXXXX,XXXXXXXXX,1,8801
4958,Mary,Smith,XXXXXXXXX,XXXXXXXXX,1,4614
4959,Laura,Baldwin,XXXXXXXXX,XXXXXXXXX,3,2332
4960,Mary,Smith,XXXXXXXXX,XXXXXXXXX,1,13245
4961,Justin,Kim,XXXXXXXXX,XXXXXXXXX,3,9720
4962,Arthur,Smith,XXXXXXXXX,XXXXXXXXX,3,13166
4963,Mary,Smith,XXXXXXXXX,XXXXXXXXX,1,655
4964,Charles,Martinez,XXXXXXXXX,XXXXXXXXX,1,14610
4965,Mary,Gutierrez,XXXXXXXXX,XXXXXXXXX,1,75
4966,Amber,Bradley,XXXXXXXXX,XXXXXXXXX,1,1945
4967,Mary,Maldonado,XXXXXXXXX,XXXXXXXXX,2,1828
4968,Johnny,Lutz,XXXXXXXXX,XXXXXXXXX,1,12199
4969,Mary,Smith,XXXXXXXXX,XXXXXXXXX,1,9371
4970,Nancy,Mitchell,XXXXXXXXX,XXXXXXXXX,1,14165
4971,Mary,Hogan,XXXXXXXXX,XXXXXXXXX,1,14560
4972,Matthew,Smith,XXXXXXXXX,XXXXXXXXX,2,13645
4973,Alan,Hubbard,XXXXXXXXX,XXXXXXXXX,1,7537
4974,Mary,Smith,XXXXXXXXX,XXXXXXXXX,2,5260
4975,Diane,Flores,XXXXXXXXX,XXXXXXXXX,1,762
4976,Mary,Smith,XXXXXXXXX,XXXXXXXXX,1,15757
4977,Howard,Hayes,XXXXXXXXX,XXXXXXXXX,1,11489
4978,Mary,Small,XXXXXXXXX,XXXXXXXXX,2,12195
4979,Emily,Smith,XXXXXXXXX,XXXXXXXXX,3,914
4980,Mary,Wilson,XXXXXXXXX,XXXXXXXXX,2,11124
4981,Richard,Shepherd,XXXXXXXXX,XXXXXXXXX,3,14191
4982,Cynthia,Smith,XXXXXXXXX,XXXXXXXXX,3,9899
4983,Hannah,Snyder,XXXXXXXXX,XXXXXXXXX,3,561
4984,Mary,Smith,XXXXXXXXX,XXXXXXXXX,3,13865
4985,Deborah,Miller,XXXXXXXXX,XXXXXXXXX,3,15011
4986,Katherine,Cole,XXXXXXXXX,XXXXXXXXX,2,9057
4987,Mary,Smith,XXXXXXXXX,XXXXXXXXX,2,11493
4988,Michelle,Pierce,XXXXXXXXX,XXXXXXXXX,2,6097
4989,Mary,Smith,XXXXXXXXX,XXXXXXXXX,3,12688
4990,Karen,Johnson,XXXXXXXXX,XXXXXXXXX,2,5289
4991,Mary,Krause,XXXXXXXXX,XXXXXXXXX,2,5173
4992,Grace,Smith,XXXXXXXXX,XXXXXXXXX,1,1943
4993,Mary,Wilson,XXXXXXXXX,XXXXXXXXX,1,12949
4994,Anthony,Brooks,XXXXXXXXX,XXXXXXXXX,2,6523
4995,Mary,Smith,XXXXXXXXX,XXXXXXXXX,1,1431
4996,Christine,Zimmerman,XXXXXXXXX,XXXXXXXXX,1,9111
4997,Roy,Todd,XXXXXXXXX,XXXXXXXXX,1,4466
4998,Mary,Smith,XXXXXXXXX,XXXXXXXXX,1,520
4999,Virginia,Green,XXXXXXXXX,XXXXXXXXX,1,11916
5000,Mary,Cannon,XXXXXXXXX,XXXXXXXXX,1,5679
5001,Ann,Waller,XXXXXXXXX,XXXXXXXXX,1,12258
5002,Bryan,Smith,XXXXXXXXX,XXXXXXXXX,3,5416
5003,Mary,Alexander,XXXXXXXXX,XXXXXXXXX,1,13643
5004,Dorothy,Friedman,XXXXXXXXX,XXXXXXXXX,3,10239
5005,Mary,Smith,XXXXXXXXX,XXXXXXXXX,1,4332
5006,Ann,Zimmerman,XXXXXXXXX,XXXXXXXXX,1,4011
5007,Mary,Smith,XXXXXXXXX,XXXXXXXXX,3,2362
5008,Donald,Gibbs,XXXXXXXXX,XXXXXXXXX,3,15209
5009,Aaron,Smith,XXXXXXXXX,XXXXXXXXX,3,11784
5010,Mary,Olsen,XXXXXXXXX,XXXXXXXXX,3,7746
5011,William,Berg,XXXXXXXXX,XXXXXXXXX,1,2558
5012,Karen,Smith,XXXXXXXXX,XXXXXXXXX,1,1497
5013,Mary,Peters,XXXXXXXXX,XXXXXXXXX,1,10577
5014,Peter,Smith,XXXXXXXXX,XXXXXXXXX,1,13277
5015,Mary,Gutierrez,XXXXXXXXX,XXXXXXXXX,2,10736
5016,James,Rangel,XXXXXXXXX,XXXXXXXXX,2,462
5017,Joyce,Smith,XXXXXXXXX,XXXXXXXXX,2,5183
5018,Jerry,Gibson,XXXXXXXXX,XXXXXXXXX,2,928
5019,Mary,Smith,XXXXXXXXX,XXXXXXXXX,2,10072
5020,Lawrence,Weeks,XXXXXXXXX,XXXXXXXXX,2,14134
5021,Mary,Smith,XXXXXXXXX,XXXXXXXXX,1,844
5022,Judy,Baker,XXXXXXXXX,XXXXXXXXX,1,9559
5023,Mary,Smith,XXXXXXXXX,XXXXXXXXX,1,5912
5024,Thomas,Klein,XXXXXXXXX,XXXXXXXXX,2,11488
5025,Paul,Stevenson,XXXXXXXXX,XXXXXXXXX,2,10436
5026,Christian,Smith,XXXXXXXXX,XXXXXXXXX,3,3415
5027,Mary,Collins,XXXXXXXXX,XXXXXXXXX,1,12696
5028,Joseph,Lucero,XXXXXXXXX,XXXXXXXXX,2,284
5029,Kevin,Smith,XXXXXXXXX,XXXXXXXXX,2,1730
5030,Rose,Harper,XXXXXXXXX,XXXXXXXXX,2,4814
5031,Mary,George,XXXXXXXXX,XXXXXXXXX,1,7803
5032,Christopher,Fry,XXXXXXXXX,XXXXXXXXX,2,820
5033,Mary,Smith,XXXXXXXXX,XXXXXXXXX,2,11746
5034,Rose,Williams,XXXXXXXXX,XXXXXXXXX,1,3326
5035,Mary,Drake,XXXXXXXXX,XXXXXXXXX,1,1290
5036,Andrew,Smith,XXXXXXXXX,XXXXXXXXX,1,8848
5037,Amber,Pearson,XXXXXXXXX,XXXXXXXXX,1,1566
5038,Mary,Smith,XXXXXXXXX,XXXXXXXXX,1,10928
5039,Christopher,Perez,XXXXXXXXX,XXXXXXXXX,1,4670
5040,Emily,Nicholson,XXXXXXXXX,XXXXXXXXX,2,6213
5041,Mary,Smith,XXXXXXXXX,XXXXXXXXX,2,4250
5042,Andrew,Garner,XXXXXXXXX,XXXXXXXXX,2,3716
5043,Mary,Smith,XXXXXXXXX,XXXXXXXXX,2,9596
5044,Linda,Sanchez,XXXXXXXXX,XXXXXXXXX,2,5831
5045,Nathan,Stevens,XXXXXXXXX,XXXXXXXXX,2,15776
5046,Mary,Smith,XXXXXXXXX,XXXXXXXXX,1,11470
5047,Shirley,Whitehead,XXXXXXXXX,XXXXXXXXX,2,4732
5048,Johnny,Smith,XXXXXXXXX,XXXXXXXXX,1,4239
5049,Mary,Walton,XXXXXXXXX,XXXXXXXXX,1,12293
5050,Susan,Nicholson,XXXXXXXXX,XXXXXXXXX,2,7890
5051,Brenda,Smith,XXXXXXXXX,XXXXXXXXX,2,12240
5052,Larry,Meyer,XXXXXXXXX,XXXXXXXXX,3,15095
5053,Mary,Smith,XXXXXXXXX,XXXXXXXXX,2,14211
5054,Paul,Thomas,XXXXXXXXX,XXXXXXXXX,2,11044
5055,Emma,Clay,XXXXXXXXX,XXXXXXXXX,3,9082
5056,Mary,Smith,XXXXXXXXX,XXXXXXXXX,3,2765
5057,Angela,Lee,XXXXXXXXX,XXXXXXXXX,2,6439
5058,Mary,Salinas,XXXXXXXXX,XXXXXXXXX,2,16524
5059,Deborah,Smith,XXXXXXXXX,XXXXXXXXX,2,14678
5060,Mary,Kelley,XXXXXXXXX,XXXXXXXXX,2,6148
5061,Charles,Heath,XXXXXXXXX,XXXXXXXXX,3,2663
5062,Donald,Mosley,XXXXXXXXX,XXXXXXXXX,3,11914
5063,Frank,Smith,XXXXXXXXX,XXXXXXXXX,3,10655
5064,Mary,Carney,XXXXXXXXX,XXXXXXXXX,3,2179
5065,Donald,Smith,XXXXXXXXX,XXXXXXXXX,3,9044
5066,Mary,Jones,XXXXXXXXX,XXXXXXXXX,2,14123
5067,Robert,Glass,XXXXXXXXX,XXXXXXXXX,2,13927
5068,Anna,Smith,XXXXXXXXX,XXXXXXXXX,2,11421
5069,Mary,Martin,XXXXXXXXX,XXXXXXXXX,2,3369
5070,Dorothy,Smith,XXXXXXXXX,XXXXXXXXX,2,10428
5071,Andrew,Campos,XXXXXXXXX,XXXXXXXXX,2,7640
5072,Jacob,Smith,XXXXXXXXX,XXXXXXXXX,2,7683
5073,Mary,Frazier,XXXXXXXXX,XXXXXXXXX,2,5742
5074,Karen,Smith,XXXXXXXXX,XXXXXXXXX,1,132
5075,Sharon,Moore,XXXXXXXXX,XXXXXXXXX,1,7842
5076,Mary,Jackson,XXXXXXXXX,XXXXXXXXX,2,7748
5077,Donald,Thompson,XXXXXXXXX,XXXXXXXXX,1,6479
5078,Frances,Sparks,XXXXXXXXX,XXXXXXXXX,2,2015
5079,Gregory,Cameron,XXXXXXXXX,XXXXXXXXX,2,9616
5080,Mary,Smith,XXXXXXXXX,XXXXXXXXX,2,3632
5081,Elizabeth,Kelley,XXXXXXXXX,XXXXXXXXX,3,14360
5082,Susan,Smith,XXXXXXXXX,XXXXXXXXX,2,7875
5083,George,Valentine,XXXXXXXXX,XXXXXXXXX,2,12128
5084,Edward,Smith,XXXXXXXXX,XXXXXXXXX,2,1931
5085,Janet,Jones,XXXXXXXXX,XXXXXXXXX,3,14013
5086,Mary,Parker,XXXXXXXXX,XXXXXXXXX,3,4158
5087,Mark,Figueroa,XXXXXXXXX,XXXXXXXXX,2,6713
5088,Mary,Smith,XXXXXXXXX,XXXXXXXXX,2,11129
5089,James,Holloway,XXXXXXXXX,XXXXXXXXX,1,7471
5090,Margaret,Brandt,XXXXXXXXX,XXXXXXXXX,1,5014
5091,Sarah,Smith,XXXXXXXXX,XXXXXXXXX,1,13810
5092,Mary,Rodriguez,XXXXXXXXX,XXXXXXXXX,1,15799
5093,Sara,Rice,XXXXXXXXX,XXXXXXXXX,1,11523
5094,Mary,Smith,XXXXXXXXX,XXXXXXXXX,2,16541
5095,Louis,York,XXXXXXXXX,XXXXXXXXX,2,8682
5096,Mary,Smith,XXXXXXXXX,XXXXXXXXX,2,10864
5097,Jennifer,Moore,XXXXXXXXX,XXXXXXXXX,2,10726
5098,Janet,Allen,XXXXXXXXX,XXXXXXXXX,2,13518
5099,Mary,Mercer,XXXXXXXXX,XXXXXXXXX,2,13257
5100,Stephen,Smith,XXXXXXXXX,XXXXXXXXX,2,12758
5101,Mary,Ball,XXXXXXXXX,XXXXXXXXX,1,14344
5102,Heather,Smith,XXXXXXXXX,XXXXXXXXX,1,9392
5103,Mary,Davis,XXXXXXXXX,XXXXXXXXX,1,1371
5104,Kevin,Raymond,XXXXXXXXX,XXXXXXXXX,2,12573
5105,Mary,Smith,XXXXXXXXX,XXXXXXXXX,1,2008
5106,Dylan,Rivera,XXXXXXXXX,XXXXXXXXX,3,8225
5107,Mary,Waters,XXXXXXXXX,XXXXXXXXX,1,3822
5108,Victoria,Smith,XXXXXXXXX,XXXXXXXXX,1,16316
5109,Beverly,Kim,XXXXXXXXX,XXXXXXXXX,3,1666
5110,Mary,Smith,XXXXXXXXX,XXXXXXXXX,3,14262
5111,Janice,Reilly,XXXXXXXXX,XXXXXXXXX,3,13591
5112,Mary,Smith,XXXXXXXXX,XXXXXXXXX,2,5879
5113,Judith,Osborne,XXXXXXXXX,XXXXXXXXX,1,14599
5114,Mary,Smith,XXXXXXXXX,XXXXXXXXX,1,6239
5115,Paul,Chang,XXXXXXXXX,XXXXXXXXX,1,10935
5116,Doris,Smith,XXXXXXXXX,XXXXXXXXX,1,1565
5117,Grace,Mosley,XXXXXXXXX,XXXXXXXXX,1,10576
5118,Mary,Smith,XXXXXXXXX,XXXXXXXXX,1,729
5119,Brenda,Miller,XXXXXXXXX,XXXXXXXXX,1,15590
5120,Mary,Smith,XXXXXXXXX,XXXXXXXXX,1,10081
5121,Shawn,Holmes,XXXXXXXXX,XXXXXXXXX,1,6226
5122,Mary,Smith,XXXXXXXXX,XXXXXXXXX,1,8171
5123,Michelle,Bender,XXXXXXXXX,XXXXXXXXX,1,11207
5124,Amber,Smith,XXXXXXXXX,XXXXXXXXX,1,3991
5125,Mary,Miller,XXXXXXXXX,XXXXXXXXX,1,10685
5126,Karen,Roberts,XXXXXXXXX,XXXXXXXXX,1,5707
5127,Mary,Smith,XXXXXXXXX,XXXXXXXXX,1,13936
5128,Angela,Franklin,XXXXXXXXX,XXXXXXXXX,3,228
5129,Dennis,Smith,XXXXXXXXX,XXXXXXXXX,3,15507
5130,Mary,Pope,XXXXXXXXX,XXXXXXXXX,3,9624
5131,Steven,Barr,XXXXXXXXX,XXXXXXXXX,3,3444
5132,Rebecca,Smith,XXXXXXXXX,XXXXXXXXX,1,12147
5133,Grace,Olson,XXXXXXXXX,XXXXXXXXX,2,14065
5134,Mary,Smith,XXXXXXXXX,XXXXXXXXX,2,12390
5135,Harold,Silva,XXXXXXXXX,XXXXXXXXX,1,6203
5136,Mary,Yoder,XXXXXXXXX,XXXXXXXXX,1,14197
5137,James,Smith,XXXXXXXXX,XXXXXXXXX,1,10649
5138,William,Rivera,XXXXXXXXX,XXXXXXXXX,2,4238
5139,Janet,Garner,XXXXXXXXX,XXXXXXXXX,1,7373
5140,Mary,Walton,XXXXXXXXX,XXXXXXXXX,3,4107
5141,Marie,Smith,XXXXXXXXX,XXXXXXXXX,1,4448
5142,Mary,Faulkner,XXXXXXXXX,XXXXXXXXX,1,15963
5143,Mark,Smith,XXXXXXXXX,XXXXXXXXX,1,13177
5144,Mary,Montoya,XXXXXXXXX,XXXXXXXXX,1,14047
5145,James,Smith,XXXXXXXXX,XXXXXXXXX,1,16369
5146,Harry,Graves,XXXXXXXXX,XXXXXXXXX,1,12896
5147,Mary,Hurst,XXXXXXXXX,XXXXXXXXX,1,15211
5148,Grace,Smith,XXXXXXXXX,XXXXXXXXX,2,7666
5149,Marilyn,Davis,XXXXXXXXX,XXXXXXXXX,2,2062
5150,Mary,Smith,XXXXXXXXX,XXXXXXXXX,3,12298
5151,Sarah,Alexander,XXXXXXXXX,XXXXXXXXX,1,11794
5152,Mary,Andrews,XXXXXXXXX,XXXXXXXXX,1,6181
5153,Evelyn,Smith,XXXXXXXXX,XXXXXXXXX,1,7575
5154,Teresa,Willis,XXXXXXXXX,XXXXXXXXX,1,8800
5155,Mary,Rosario,XXXXXXXXX,XXXXXXXXX,2,2154
5156,Stephen,Smith,XXXXXXXXX,XXXXXXXXX,2,12697
5157,Mary,Tyler,XXXXXXXXX,XXXXXXXXX,2,2737
5158,Ashley,Smith,XXXXXXXXX,XXXXXXXXX,1,5062
5159,Mary,Thompson,XXXXXXXXX,XXXXXXXXX,1,521
5160,Steven,White,XXXXXXXXX,XXXXXXXXX,1,15105
5161,Mary,Zavala,XXXXXXXXX,XXXXXXXXX,1,9607
5162,Mary,Smith,XXXXXXXXX,XXXXXXXXX,3,11681
5163,Patricia,Freeman,XXXXXXXXX,XXXXXXXXX,1,15746
5164,Teresa,Vazquez,XXXXXXXXX,XXXXXXXXX,3,5117
5165,Mary,Smith,XXXXXXXXX,XXXXXXXXX,2,14879
5166,James,Thomas,XXXXXXXXX,XXXXXXXXX,2,8649
5167,Louis,Salinas,XXXXXXXXX,XXXXXXXXX,1,16515
5168,Mary,Smith,XXXXXXXXX,XXXXXXXXX,1,1561
5169,Tiffany,Berger,XXXXXXXXX,XXXXXXXXX,1,10605
5170,Mary,Smith,XXXXXXXXX,XXXXXXXXX,1,6188
5171,Joan,Thompson,XXXXXXXXX,XXXXXXXXX,1,9322
5172,Ann,Underwood,XXXXXXXXX,XXXXXXXXX,1,1625
5173,Mary,Smith,XXXXXXXXX,XXXXXXXXX,3,3432
5174,Helen,Miller,XXXXXXXXX,XXXXXXXXX,1,14332
5175,Mary,Sullivan,XXXXXXXXX,XXXXXXXXX,2,15914
5176,Jessica,Smith,XXXXXXXXX,XXXXXXXXX,1,1536
5177,Tiffany,Hughes,XXXXXXXXX,XXXXXXXXX,3,11922
5178,Mary,Willis,XXXXXXXXX,XXXXXXXXX,1,1760
5179,Robert,Smith,XXXXXXXXX,XXXXXXXXX,1,5116
5180,Raymond,Gordon,XXXXXXXXX,XXXXXXXXX,2,3264
5181,Mary,Smith,XXXXXXXXX,XXXXXXXXX,2,1153
5182,Thomas,Morgan,XXXXXXXXX,XXXXXXXXX,2,8370
5183,Mary,Schroeder,XXXXXXXXX,XXXXXXXXX,2,5699
5184,Christopher,Villarreal,XXXXXXXXX,XXXXXXXXX,2,5676
5185,Mary,Smith,XXXXXXXXX,XXXXXXXXX,2,14018
5186,Jason,Robinson,XXXXXXXXX,XXXXXXXXX,2,1834
5187,Mary,Smith,XXXXXXXXX,XXXXXXXXX,3,3891
5188,Margaret,Grant,XXXXXXXXX,XXXXXXXXX,3,4429
5189,Frank,Elliott,XXXXXXXXX,XXXXXXXXX,3,11837
5190,Mary,Smith,XXXXXXXXX,XXXXXXXXX,3,11584
5191,Elizabeth,Wells,XXXXXXXXX,XXXXXXXXX,3,2892
5192,Susan,Smith,XXXXXXXXX,XXXXXXXXX,3,263
5193,Amanda,Stokes,XXXXXXXXX,XXXXXXXXX,1,6999
5194,Mary,Smith,XXXXXXXXX,XXXXXXXXX,1,15126
5195,Steven,Daniel,XXXXXXXXX,XXXXXXXXX,1,3720
5196,Mary,Smith,XXXXXXXXX,XXXXXXXXX,1,16222
5197,Brenda,Jordan,XXXXXXXXX,XXXXXXXXX,3,6858
5198,Mary,Smith,XXXXXXXXX,XXXXXXXXX,2,8374
5199,Patricia,Martinez,XXXXXXXXX,XXXXXXXXX,1,4929
5200,Jennifer,Little,XXXXXXXXX,XXXXXXXXX,2,1173
5201,Michelle,Keith,XXXXXXXXX,XXXXXXXXX,2,13227
5202,Mary,Smith,XXXXXXXXX,XXXXXXXXX,2,4533
5203,Mary,Chandler,XXXXXXXXX,XXXXXXXXX,2,14877
5204,Andrew,Smith,XXXXXXXXX,XXXXXXXXX,2,4405
5205,Diane,Adams,XXXXXXXXX,XXXXXXXXX,2,5590
5206,Mary,Palmer,XXXXXXXXX,XXXXXXXXX,1,5954
5207,Catherine,Erickson,XXXXXXXXX,XXXXXXXXX,2,9109
5208,Megan,Clarke,XXXXXXXXX,XXXXXXXXX,2,9253
5209,Mary,Smith,XXXXXXXXX,XXXXXXXXX,1,2163
5210,Thomas,Kelly,XXXXXXXXX,XXXXXXXXX,2,14847
5211,Brian,Compton,XXXXXXXXX,XXXXXXXXX,2,1884
5212,Mary,Smith,XXXXXXXXX,XXXXXXXXX,2,14427
5213,Betty,Moore,XXXXXXXXX,XXXXXXXXX,2,15743
5214,Mary,Poole,XXXXXXXXX,XXXXXXXXX,2,4406
5215,Amber,Smith,XXXXXXXXX,XXXXXXXXX,3,3665
5216,Mary,Pitts,XXXXXXXXX,XXXXXXXXX,2,2714
5217,David,Smith,XXXXXXXXX,XXXXXXXXX,3,11041
5218,Timothy,George,XXXXXXXXX,XXXXXXXXX,1,10478
5219,Patrick,Smith,XXXXXXXXX,XXXXXXXXX,2,2644
5220,Mary,Evans,XXXXXXXXX,XXXXXXXXX,2,4516
5221,Amanda,Smith,XXXXXXXXX,XXXXXXXXX,2,11340
5222,Evelyn,Vincent,XXXXXXXXX,XXXXXXXXX,2,6383
5223,Mary,Smith,XXXXXXXXX,XXXXXXXXX,2,6700
5224,Jane,Green,XXXXXXXXX,XXXXXXXXX,1,5044
5225,Mary,Smith,XXXXXXXXX,XXXXXXXXX,1,14160
5226,Martha,Cook,XXXXXXXXX,XXXXXXXXX,2,3178
5227,Madison,Mcfarland,XXXXXXXXX,XXXXXXXXX,1,2229
5228,Mary,Smith,XXXXXXXXX,XXXXXXXXX,1,12629
5229,Thomas,Butler,XXXXXXXXX,XXXXXXXXX,2,5589
5230,Jason,Smith,XXXXXXXXX,XXXXXXXXX,1,6963
5231,Mary,Reynolds,XXXXXXXXX,XXXXXXXXX,1,7172
5232,Zachary,Gonzales,XXXXXXXXX,XXXXXXXXX,1,1562
5233,Mary,Sandoval,XXXXXXXXX,XXXXXXXXX,1,15949
5234,Shirley,Humphrey,XXXXXXXXX,XXXXXXXXX,1,414
5235,Mary,Smith,XXXXXXXXX,XXXXXXXXX,1,2254
5236,Jessica,Roberts,XXXXXXXXX,XXXXXXXXX,1,722
5237,Mary,Gilbert,XXXXXXXXX,XXXXXXXXX,1,9021
5238,Frank,Smith,XXXXXXXXX,XXXXXXXXX,1,14563
5239,Johnny,Brown,XXXXXXXXX,XXXXXXXXX,1,1877
5241,Emily,Jacobs,XXXXXXXXX,XXXXXXXXX,1,4872
5242,Cheryl,Wang,XXXXXXXXX,XXXXXXXXX,1,11448
5243,Mary,Smith,XXXXXXXXX,XXXXXXXXX,1,2557
5244,Alexander,Meyer,XXXXXXXXX,XXXXXXXXX,2,13588
5245,Mary,Montgomery,XXXXXXXXX,XXXXXXXXX,1,12666
5246,Emily,Smith,XXXXXXXXX,XXXXXXXXX,1,5423
5247,Mary,Hunter,XXXXXXXXX,XXXXXXXXX,1,2849
5248,James,Smith,XXXXXXXXX,XXXXXXXXX,1,9850
5249,Robert,Huffman,XXXXXXXXX,XXXXXXXXX,1,5605
5250,Donald,Smith,XXXXXXXXX,XXXXXXXXX,1,4731
5251,Stephen,Potts,XXXXXXXXX,XXXXXXXXX,1,277
5252,Mary,Smith,XXXXXXXXX,XXXXXXXXX,1,15096
5253,Susan,Watkins,XXXXXXXXX,XXXXXXXXX,1,4744
5254,Victoria,Francis,XXXXXXXXX,XXXXXXXXX,1,4047
5255,Mary,Marks,XXXXXXXXX,XXXXXXXXX,3,8082
5256,Cheryl,Smith,XXXXXXXXX,XXXXXXXXX,3,9775
5257,Denise,Boyd,XXXXXXXXX,XXXXXXXXX,1,9525
5258,Mary,Hoffman,XXXXXXXXX,XXXXXXXXX,1,10384
5259,Dennis,Smith,XXXXXXXXX,XXXXXXXXX,2,12582
5260,Mary,Hartman,XXXXXXXXX,XXXXXXXXX,1,4745
5261,Jennifer,Suarez,XXXXXXXXX,XXXXXXXXX,1,15756
5262,Eric,Smith,XXXXXXXXX,XXXXXXXXX,2,11252
5263,Benjamin,Taylor,XXXXXXXXX,XXXXXXXXX,2,10927
5264,Mary,Smith,XXXXXXXXX,XXXXXXXXX,3,5153
5265,Sarah,Rogers,XXXXXXXXX,XXXXXXXXX,1,5362
5266,Adam,Pratt,XXXXXXXXX,XXXXXXXXX,2,3909
5267,Mary,Smith,XXXXXXXXX,XXXXXXXXX,2,12343
5268,Stephen,Blair,XXXXXXXXX,XXXXXXXXX,1,10022
5269,Mary,Smith,XXXXXXXXX,XXXXXXXXX,1,8646
5270,Andrea,Johnson,XXXXXXXXX,XXXXXXXXX,2,15741
5271,Mary,Hall,XXXXXXXXX,XXXXXXXXX,2,16314
5272,Jean,Fuentes,XXXXXXXXX,XXXXXXXXX,1,10917
5274,Michael,Beard,XXXXXXXXX,XXXXXXXXX,1,1543
5275,Alan,Smith,XXXXXXXXX,XXXXXXXXX,1,11126
5276,Mary,Martin,XXXXXXXXX,XXXXXXXXX,1,709
5277,James,Morgan,XXXXXXXXX,XXXXXXXXX,1,12395
5278,Raymond,Kennedy,XXXXXXXXX,XXXXXXXXX,2,13138
5279,Kathryn,Smith,XXXXXXXXX,XXXXXXXXX,1,9027
5280,Mary,Day,XXXXXXXXX,XXXXXXXXX,1,7756
5281,James,Smith,XXXXXXXXX,XXXXXXXXX,3,4460
5282,Gary,Johnson,XXXXXXXXX,XXXXXXXXX,2,15543
5283,Jacob,Guerrero,XXXXXXXXX,XXXXXXXXX,1,4144
5284,Mary,Smith,XXXXXXXXX,XXXXXXXXX,1,3406
5285,Heather,Bentley,XXXXXXXXX,XXXXXXXXX,1,14041
5286,Mary,Smith,XXXXXXXXX,XXXXXXXXX,1,1363
5287,Margaret,Wu,XXXXXXXXX,XXXXXXXXX,1,10356
5288,Timothy,Smith,XXXXXXXXX,XXXXXXXXX,1,13777
5289,Jacob,Russo,XXXXXXXXX,XXXXXXXXX,1,8143
5290,Mary,Smith,XXXXXXXXX,XXXXXXXXX,1,12330
5291,Carolyn,Johnson,XXXXXXXXX,XXXXXXXXX,1,471
5292,Mary,Torres,XXXXXXXXX,XXXXXXXXX,1,13871
5293,Michelle,Callahan,XXXXXXXXX,XXXXXXXXX,1,644
5294,Nicholas,Smith,XXXXXXXXX,XXXXXXXXX,1,3242
5295,Mary,Williams,XXXXXXXXX,XXXXXXXXX,2,2045
5296,Evelyn,Jefferson,XXXXXXXXX,XXXXXXXXX,2,6997
5297,Mary,Smith,XXXXXXXXX,XXXXXXXXX,1,14288
5298,Lisa,Moore,XXXXXXXXX,XXXXXXXXX,1,1274
5299,Mary,Randall,XXXXXXXXX,XXXXXXXXX,1,2988
5300,Joseph,Smith,XXXXXXXXX,XXXXXXXXX,1,10613
5301,Mary,Ward,XXXXXXXXX,XXXXXXXXX,1,14452
5302,Betty,Smith,XXXXXXXXX,XXXXXXXXX,1,2391
5303,Diana,Shepherd,XXXXXXXXX,XXXXXXXXX,2,3785
5304,Mary,Smith,XXXXXXXXX,XXXXXXXXX,3,1259
5305,Kathleen,Bailey,XXXXXXXXX,XXXXXXXXX,3,1992
5306,Mary,Conley,XXXXXXXXX,XXXXXXXXX,3,9513
5307,Nicholas,Herman,XXXXXXXXX,XXXXXXXXX,3,13456
5308,Mary,Smith,XXXXXXXXX,XXXXXXXXX,3,7556
5309,Jessica,Johnston,XXXXXXXXX,XXXXXXXXX,3,8412
5310,Ryan,Baird,XXXXXXXXX,XXXXXXXXX,2,10223
5311,Mary,Smith,XXXXXXXXX,XXXXXXXXX,2,7881
5312,Nancy,Flores,XXXXXXXXX,XXXXXXXXX,3,14461
5313,Mary,Webb,XXXXXXXXX,XXXXXXXXX,3,14142
5314,Karen,Smith,XXXXXXXXX,XXXXXXXXX,1,5735
5315,Tammy,Thomas,XXXXXXXXX,XXXXXXXXX,3,9042
5316,Mary,Harris,XXXXXXXXX,XXXXXXXXX,2,14475
5317,Mary,Bender,XXXXXXXXX,XXXXXXXXX,2,15808
5318,Jessica,Smith,XXXXXXXXX,XXXXXXXXX,3,5979
5319,Melissa,Harrison,XXXXXXXXX,XXXXXXXXX,1,10178
5320,Mary,Garza,XXXXXXXXX,XXXXXXXXX,1,16411
5321,Robert,Rowe,XXXXXXXXX,XXXXXXXXX,2,2337
5322,Christine,Smith,XXXXXXXXX,XXXXXXXXX,2,3552
5323,Julia,James,XXXXXXXXX,XXXXXXXXX,2,7409
5324,Mary,Patterson,XXXXXXXXX,XXXXXXXXX,1,13971
5325,Diana,Smith,XXXXXXXXX,XXXXXXXXX,1,6228
5326,Sean,Spencer,XXXXXXXXX,XXXXXXXXX,1,10074
5327,Mary,Mcbride,XXXXXXXXX,XXXXXXXXX,2,2331
5328,William,Smith,XXXXXXXXX,XXXXXXXXX,1,11024
5329,Jack,Townsend,XXXXXXXXX,XXXXXXXXX,1,6163
5330,Mary,Smith,XXXXXXXXX,XXXXXXXXX,1,14383
5331,Victoria,Hines,XXXXXXXXX,XXXXXXXXX,1,13191
5332,Mary,Smith,XXXXXXXXX,XXXXXXXXX,2,1040
5333,James,Santiago,XXXXXXXXX,XXXXXXXXX,2,14937
5334,Michael,Smith,XXXXXXXXX,XXXXXXXXX,2,2632
5335,Phillip,Paul,XXXXXXXXX,XXXXXXXXX,2,13759
5336,Mary,Smith,XXXXXXXXX,XXXXXXXXX,2,10238
5337,Samuel,Stephenson,XXXXXXXXX,XXXXXXXXX,3,1307
5338,Amber,Smith,XXXXXXXXX,XXXXXXXXX,3,2283
5339,Mary,Moore,XXXXXXXXX,XXXXXXXXX,1,8798
5340,Nicole,Lewis,XXXXXXXXX,XXXXXXXXX,3,10744
5341,Mary,West,XXXXXXXXX,XXXXXXXXX,3,8483
5342,Willie,Flynn,XXXXXXXXX,XXXXXXXXX,3,12184
5343,Mary,Smith,XXXXXXXXX,XXXXXXXXX,3,12894
5344,Jacqueline,Smith,XXXXXXXXX,XXXXXXXXX,3,1226
5345,Mary,Martinez,XXXXXXXXX,XXXXXXXXX,3,16043
5346,John,Carlson,XXXXXXXXX,XXXXXXXXX,2,1219
5347,Madison,Smith,XXXXXXXXX,XXXXXXXXX,1,12719
5348,Mary,Wilson,XXXXXXXXX,XXXXXXXXX,2,641
5349,Kenneth,Martin,XXXXXXXXX,XXXXXXXXX,3,5919
5350,Timothy,Solomon,XXXXXXXXX,XXXXXXXXX,3,14148
5351,Mary,Smith,XXXXXXXXX,XXXXXXXXX,3,10496
5352,Emma,Richards,XXXXXXXXX,XXXXXXXXX,3,822
5353,Mary,Smith,XXXXXXXXX,XXXXXXXXX,3,15718
5354,William,King,XXXXXXXXX,XXXXXXXXX,3,9780
5355,Andrea,Reese,XXXXXXXXX,XXXXXXXXX,1,13876
5356,Mary,Rasmussen,XXXXXXXXX,XXXXXXXXX,2,3524
5357,Jean,Smith,XXXXXXXXX,XXXXXXXXX,1,14588
5358,Mary,Smith,XXXXXXXXX,XXXXXXXXX,1,13788
5359,Raymond,Wu,XXXXXXXXX,XXXXXXXXX,1,5270
5360,Mary,Smith,XXXXXXXXX,XXXXXXXXX,1,14615
5361,John,Molina,XXXXXXXXX,XXXXXXXXX,1,11435
5362,Brenda,Hendricks,XXXXXXXXX,XXXXXXXXX,2,8495
5363,Mary,Smith,XXXXXXXXX,XXXXXXXXX,1,11087
5364,Thomas,Colon,XXXXXXXXX,XXXXXXXXX,1,2887
5365,Mary,Smith,XXXXXXXXX,XXXXXXXXX,1,9719
5366,Lawrence,Brooks,XXXXXXXXX,XXXXXXXXX,3,14874
5367,Mary,Mccormick,XXXXXXXXX,XXXXXXXXX,3,2241
5368,Gerald,Smith,XXXXXXXXX,XXXXXXXXX,3,10311
5369,Mary,Short,XXXXXXXXX,XXXXXXXXX,1,6566
5370,Andrew,Smith,XXXXXXXXX,XXXXXXXXX,1,5825
5371,Emma,Robinson,XXXXXXXXX,XXXXXXXXX,2,15219
5372,Mary,Smith,XXXXXXXXX,XXXXXXXXX,3,11833
5373,Patricia,Serrano,XXXXXXXXX,XXXXXXXXX,2,6361
5374,Brandon,Smith,XXXXXXXXX,XXXXXXXXX,2,2495
5375,Jeremy,Holmes,XXXXXXXXX,XXXXXXXXX,2,1567
5376,Mary,Smith,XXXXXXXXX,XXXXXXXXX,3,6983
5377,Crystal,Jones,XXXXXXXXX,XXXXXXXXX,1,10687
5378,Mary,Frye,XXXXXXXXX,XXXXXXXXX,1,12409
5379,Ralph,Smith,XXXXXXXXX,XXXXXXXXX,1,5105
5380,Mary,Cole,XXXXXXXXX,XXXXXXXXX,1,669
5381,Marilyn,Curry,XXXXXXXXX,XXXXXXXXX,3,6267
5382,Mary,Smith,XXXXXXXXX,XXXXXXXXX,3,9564
5383,Mary,Frye,XXXXXXXXX,XXXXXXXXX,1,13517
5384,Christopher,Smith,XXXXXXXXX,XXXXXXXXX,2,8758
5385,Lisa,Pope,XXXXXXXXX,XXXXXXXXX,2,2356
5386,Brenda,Smith,XXXXXXXXX,XXXXXXXXX,2,3684
5387,Mary,Riley,XXXXXXXXX,XXXXXXXXX,2,10121
5388,David,Ashley,XXXXXXXXX,XXXXXXXXX,2,1435
5389,Mary,Smith,XXXXXXXXX,XXXXXXXXX,2,14714
5390,Kimberly,Padilla,XXXXXXXXX,XXXXXXXXX,2,4810
5391,Mary,Smith,XXXXXXXXX,XXXXXXXXX,3,14409
5392,Ann,James,XXXXXXXXX,XXXXXXXXX,3,12107
5393,Mary,Zimmerman,XXXXXXXXX,XXXXXXXXX,3,9119
5395,Mary,Bell,XXXXXXXXX,XXXXXXXXX,3,10354
5396,Cheryl,Smith,XXXXXXXXX,XXXXXXXXX,3,8180
5397,Mary,Nelson,XXXXXXXXX,XXXXXXXXX,3,10002
5398,James,Rogers,XXXXXXXXX,XXXXXXXXX,1,8496
5399,Jean,Smith,XXXXXXXXX,XXXXXXXXX,1,15470
5400,Mary,Torres,XXXXXXXXX,XXXXXXXXX,2,6574
5401,Amber,Smith,XXXXXXXXX,XXXXXXXXX,1,14999
5402,Crystal,Ryan,XXXXXXXXX,XXXXXXXXX,1,13894
5403,Mary,Smith,XXXXXXXXX,XXXXXXXXX,1,14723
5404,Sara,Castillo,XXXXXXXXX,XXXXXXXXX,1,5978
5405,Hannah,Deleon,XXXXXXXXX,XXXXXXXXX,1,3463
5406,Mary,Whitehead,XXXXXXXXX,XXXXXXXXX,3,3637
5407,Joshua,Smith,XXXXXXXXX,XXXXXXXXX,3,13501
5408,Rebecca,Zamora,XXXXXXXXX,XXXXXXXXX,1,11285
5409,Ethan,Smith,XXXXXXXXX,XXXXXXXXX,1,3596
5410,Mary,Davis,XXXXXXXXX,XXXXXXXXX,1,15411
5411,Robert,Crane,XXXXXXXXX,XXXXXXXXX,1,12405
5412,Roger,Smith,XXXXXXXXX,XXXXXXXXX,3,13705
5413,Mary,Smith,XXXXXXXXX,XXXXXXXXX,3,10016
5414,Helen,Christensen,XXXXXXXXX,XXXXXXXXX,2,120
5415,Mary,Smith,XXXXXXXXX,XXXXXXXXX,3,12093
5416,Justin,Garcia,XXXXXXXXX,XXXXXXXXX,3,600
5417,Dennis,Meyer,XXXXXXXXX,XXXXXXXXX,3,11713
5418,Mary,Roy,XXXXXXXXX,XXXXXXXXX,1,9943
5419,Jennifer,Smith,XXXXXXXXX,XXXXXXXXX,2,15004
5420,Dylan,Hicks,XXXXXXXXX,XXXXXXXXX,2,11479
5421,Mary,Carlson,XXXXXXXXX,XXXXXXXXX,1,1062
5422,Michael,Smith,XXXXXXXXX,XXXXXXXXX,1,3625
5423,Ruth,Brown,XXXXXXXXX,XXXXXXXXX,1,11183
5424,Mary,Howard,XXXXXXXXX,XXXXXXXXX,3,15974
5425,Mary,Aguirre,XXXXXXXXX,XXXXXXXXX,3,6109
5426,Mary,Smith,XXXXXXXXX,XXXXXXXXX,3,9956
5427,Betty,Lester,XXXXXXXXX,XXXXXXXXX,3,10272
5428,Mary,Smith,XXXXXXXXX,XXXXXXXXX,2,6887
5429,Betty,Villegas,XXXXXXXXX,XXXXXXXXX,2,3604
5430,Emma,Smith,XXXXXXXXX,XXXXXXXXX,2,603
5431,Judith,Peck,XXXXXXXXX,XXXXXXXXX,2,2971
5432,Denise,Smith,XXXXXXXXX,XXXXXXXXX,2,3047
5433,Mary,Flores,XXXXXXXXX,XXXXXXXXX,2,1826
5434,Maria,Melendez,XXXXXXXXX,XXXXXXXXX,2,9327
5435,Mary,Smith,XXXXXXXXX,XXXXXXXXX,2,7016
5436,Mary,Jones,XXXXXXXXX,XXXXXXXXX,3,9642
5437,Austin,Estes,XXXXXXXXX,XXXXXXXXX,3,11434
5438,Mary,Smith,XXXXXXXXX,XXXXXXXXX,3,4682
5439,Samuel,Jones,XXXXXXXXX,XXXXXXXXX,2,3193
5440,Mary,Malone,XXXXXXXXX,XXXXXXXXX,1,7269
5441,Sharon,Smith,XXXXXXXXX,XXXXXXXXX,1,8240
5442,Judy,Mccarthy,XXXXXXXXX,XXXXXXXXX,3,2232
5443,Mary,Smith,XXXXXXXXX,XXXXXXXXX,1,12514
5444,Amy,Stevenson,XXXXXXXXX,XXXXXXXXX,1,7616
5445,Alexander,Pugh,XXXXXXXXX,XXXXXXXXX,1,10068
5446,Mary,Smith,XXXXXXXXX,XXXXXXXXX,2,4001
5447,James,Watkins,XXXXXXXXX,XXXXXXXXX,3,3563
5448,Kelly,English,XXXXXXXXX,XXXXXXXXX,3,3333
5449,Mary,Smith,XXXXXXXXX,XXXXXXXXX,3,14282
5450,John,Harris,XXXXXXXXX,XXXXXXXXX,3,9946
5451,Wayne,Torres,XXXXXXXXX,XXXXXXXXX,3,9022
5452,Mary,Olson,XXXXXXXXX,XXXXXXXXX,3,5205
5453,Grace,English,XXXXXXXXX,XXXXXXXXX,1,11570
5454,Mary,Smith,XXXXXXXXX,XXXXXXXXX,3,11173
5455,Emily,Simmons,XXXXXXXXX,XXXXXXXXX,3,13708
5456,Johnny,Smith,XXXXXXXXX,XXXXXXXXX,3,10047
5457,Mary,Conrad,XXXXXXXXX,XXXXXXXXX,1,7780
5458,Harold,Smith,XXXXXXXXX,XXXXXXXXX,1,1571
5459,Mary,Chambers,XXXXXXXXX,XXXXXXXXX,1,4172
5460,Lori,Smith,XXXXXXXXX,XXXXXXXXX,3,13128
5461,Mary,Daniels,XXXXXXXXX,XXXXXXXXX,1,587
5462,James,Greene,XXXXXXXXX,XXXXXXXXX,1,12967
5463,Mary,Schultz,XXXXXXXXX,XXXXXXXXX,2,2623
5464,Peter,Smith,XXXXXXXXX,XXXXXXXXX,1,6060
5465,Mary,Jones,XXXXXXXXX,XXXXXXXXX,2,12287
5466,Carl,Torres,XXXXXXXXX,XXXXXXXXX,2,11769
5467,Mary,Page,XXXXXXXXX,XXXXXXXXX,2,5250
5468,Katherine,Smith,XXXXXXXXX,XXXXXXXXX,2,11229
5469,Mary,Bradley,XXXXXXXXX,XXXXXXXXX,1,9306
5470,Robert,Sawyer,XXXXXXXXX,XXXXXXXXX,1,4701
5471,Donald,Smith,XXXXXXXXX,XXXXXXXXX,2,6405
5472,Joyce,Vance,XXXXXXXXX,XXXXXXXXX,1,4150
5473,Randy,Smith,XXXXXXXXX,XXXXXXXXX,1,15068
5474,Mary,Sanchez,XXXXXXXXX,XXXXXXXXX,1,3448
5475,Debra,Smith,XXXXXXXXX,XXXXXXXXX,2,4097
5476,Lauren,Phillips,XXXXXXXXX,XXXXXXXXX,2,5152
5477,Mary,Smith,XXXXXXXXX,XXXXXXXXX,1,11202
5478,Megan,Bailey,XXXXXXXXX,XXXXXXXXX,1,14026
5479,Mary,Smith,XXXXXXXXX,XXXXXXXXX,1,11149
5480,Matthew,Jones,XXXXXXXXX,XXXXXXXXX,1,12032
5481,Mary,Hall,XXXXXXXXX,XXXXXXXXX,1,13502
5482,Anthony,Morrison,XXXXXXXXX,XXXXXXXXX,3,13873
5483,Mary,Smith,XXXXXXXXX,XXXXXXXXX,1,7390
5484,Stephanie,Clark,XXXXXXXXX,XXXXXXXXX,3,8618
5485,Kathy,Bishop,XXXXXXXXX,XXXXXXXXX,1,9140
5486,Mary,Smith,XXXXXXXXX,XXXXXXXXX,3,7299
5487,Eugene,Rogers,XXXXXXXXX,XXXXXXXXX,1,12798
5488,Mary,Cisneros,XXXXXXXXX,XXXXXXXXX,2,16345
5489,Teresa,Smith,XXXXXXXXX,XXXXXXXXX,1,8322
5490,Mary,Richardson,XXXXXXXXX,XXXXXXXXX,1,15466
5491,Sharon,Smith,XXXXXXXXX,XXXXXXXXX,3,7795
5492,Frank,Delgado,XXXXXXXXX,XXXXXXXXX,1,5860
5493,Mary,Cochran,XXXXXXXXX,XXXXXXXXX,3,15293
5494,Rose,Smith,XXXXXXXXX,XXXXXXXXX,1,12191
5495,Mary,Flores,XXXXXXXXX,XXXXXXXXX,3,12266
5496,Kevin,Acosta,XXXXXXXXX,XXXXXXXXX,3,4217
5497,Katherine,Skinner,XXXXXXXXX,XXXXXXXXX,2,6563
5498,Mary,Smith,XXXXXXXXX,XXXXXXXXX,2,11758
5499,Karen,Santiago,XXXXXXXXX,XXXXXXXXX,1,9671
5501,Samuel,White,XXXXXXXXX,XXXXXXXXX,1,4182
5502,Mary,Fritz,XXXXXXXXX,XXXXXXXXX,1,3403
5503,Tiffany,Smith,XXXXXXXXX,XXXXXXXXX,1,5921
5504,Mary,Brown,XXXXXXXXX,XXXXXXXXX,1,13815
5505,Joseph,Matthews,XXXXXXXXX,XXXXXXXXX,1,3635
5506,Gregory,Smith,XXXXXXXXX,XXXXXXXXX,1,319
5507,Carl,Thomas,XXXXXXXXX,XXXXXXXXX,2,13795
5508,Mary,Marquez,XXXXXXXXX,XXXXXXXXX,2,12480
5509,Diana,Smith,XXXXXXXXX,XXXXXXXXX,2,6432
5510,Mary,Bush,XXXXXXXXX,XXXXXXXXX,2,7366
5511,Linda,Smith,XXXXXXXXX,XXXXXXXXX,2,15906
5512,Timothy,Mccormick,XXXXXXXXX,XXXXXXXXX,2,6743
5513,Mary,Smith,XXXXXXXXX,XXXXXXXXX,2,13766
5514,Linda,Collins,XXXXXXXXX,XXXXXXXXX,1,14173
5515,Mary,Smith,XXXXXXXXX,XXXXXXXXX,3,8776
5516,Marilyn,Woods,XXXXXXXXX,XXXXXXXXX,3,2709
5517,Mary,Wagner,XXXXXXXXX,XXXXXXXXX,3,11303
5518,Patricia,Smith,XXXXXXXXX,XXXXXXXXX,1,8859
5519,Deborah,Archer,XXXXXXXXX,XXXXXXXXX,2,15000
5520,Virginia,Smith,XXXXXXXXX,XXXXXXXXX,2,11858
5521,Mary,Williamson,XXXXXXXXX,XXXXXXXXX,3,1864
5522,Rebecca,Smith,XXXXXXXXX,XXXXXXXXX,1,4795
5523,Mary,Krueger,XXXXXXXXX,XXXXXXXXX,2,12635
5524,Mark,Gamble,XXXXXXXXX,XXXXXXXXX,2,3107
5525,Kevin,Smith,XXXXXXXXX,XXXXXXXXX,2,14695
5526,Mary,Reid,XXXXXXXXX,XXXXXXXXX,2,13031
5527,Joshua,Smith,XXXXXXXXX,XXXXXXXXX,2,15867
5528,Nathan,Kent,XXXXXXXXX,XXXXXXXXX,2,1230
5529,Mary,Smith,XXXXXXXXX,XXXXXXXXX,1,868
5530,Donald,Anderson,XXXXXXXXX,XXXXXXXXX,2,9051
5531,Philip,Bowman,XXXXXXXXX,XXXXXXXXX,2,2472
5532,Mary,Smith,XXXXXXXXX,XXXXXXXXX,3,7342
5533,Mary,Harrison,XXXXXXXXX,XXXXXXXXX,1,13868
5534,Elizabeth,Smith,XXXXXXXXX,XXXXXXXXX,2,180
5535,Andrea,Cowan,XXXXXXXXX,XXXXXXXXX,2,12669
5536,Mary,Smith,XXXXXXXXX,XXXXXXXXX,2,12192
5537,James,Bryan,XXXXXXXXX,XXXXXXXXX,1,16091
5538,Lisa,Smith,XXXXXXXXX,XXXXXXXXX,2,12434
5539,Mary,Lopez,XXXXXXXXX,XXXXXXXXX,1,3052
5540,Deborah,Smith,XXXXXXXXX,XXXXXXXXX,2,3048
5541,Johnny,Clements,XXXXXXXXX,XXXXXXXXX,3,10295
5542,Mary,Smith,XXXXXXXXX,XXXXXXXXX,1,12127
5543,Patricia,Perez,XXXXXXXXX,XXXXXXXXX,2,10094
5544,Mary,Welch,XXXXXXXXX,XXXXXXXXX,2,2160
5546,Jeremy,Smith,XXXXXXXXX,XXXXXXXXX,2,10194
5547,Mary,Perry,XXXXXXXXX,XXXXXXXXX,2,5031
5548,Michael,Crawford,XXXXXXXXX,XXXXXXXXX,2,7428
5549,Kathryn,Smith,XXXXXXXXX,XXXXXXXXX,2,674
5550,Mary,Lee,XXXXXXXXX,XXXXXXXXX,2,10371
5551,Diane,Lambert,XXXXXXXXX,XXXXXXXXX,3,12689
5552,Mary,Smith,XXXXXXXXX,XXXXXXXXX,1,13454
5553,Patricia,Lewis,XXXXXXXXX,XXXXXXXXX,1,7125
5554,Hannah,Ferguson,XXXXXXXXX,XXXXXXXXX,1,15135
5555,Mary,Smith,XXXXXXXXX,XXXXXXXXX,1,9563
5556,Richard,Burns,XXXXXXXXX,XXXXXXXXX,1,2575
5557,Ann,Smith,XXXXXXXXX,XXXXXXXXX,3,3292
5558,Mary,Randall,XXXXXXXXX,XXXXXXXXX,2,13333
5559,Alice,Smith,XXXXXXXXX,XXXXXXXXX,2,2004
5560,Mary,Rodriguez,XXXXXXXXX,XXXXXXXXX,2,6831
5561,Jerry,Garner,XXXXXXXXX,XXXXXXXXX,2,15088
5562,Mary,Smith,XXXXXXXXX,XXXXXXXXX,2,723
5563,Paul,Trevino,XXXXXXXXX,XXXXXXXXX,2,8774
5564,Mary,Smith,XXXXXXXXX,XXXXXXXXX,3,4100
5565,Laura,Orr,XXXXXXXXX,XXXXXXXXX,1,7372
5566,Theresa,Smith,XXXXXXXXX,XXXXXXXXX,1,5654
5567,Mary,Garza,XXXXXXXXX,XXXXXXXXX,1,1668
5568,Eric,Smith,XXXXXXXXX,XXXXXXXXX,3,12898
5569,Katherine,Austin,XXXXXXXXX,XXXXXXXXX,3,11076
5570,Mary,Smith,XXXXXXXXX,XXXXXXXXX,2,13864
5571,David,Murphy,XXXXXXXXX,XXXXXXXXX,2,306
5572,Richard,Smith,XXXXXXXXX,XXXXXXXXX,2,8028
5573,Jordan,Ortiz,XXXXXXXXX,XXXXXXXXX,2,15094
5574,Mary,Castillo,XXXXXXXXX,XXXXXXXXX,1,385
5575,Richard,Smith,XXXXXXXXX,XXXXXXXXX,3,12720
5576,Alice,Meyer,XXXXXXXXX,XXXXXXXXX,3,7489
5577,Mary,Smith,XXXXXXXXX,XXXXXXXXX,3,6562
5578,Sarah,Becker,XXXXXXXXX,XXXXXXXXX,3,6498
5579,Mary,Hurley,XXXXXXXXX,XXXXXXXXX,3,10123
5580,Kathryn,Smith,XXXXXXXXX,XXXXXXXXX,3,900
5581,Mary,Miller,XXXXXXXXX,XXXXXXXXX,2,16480
5582,Gloria,Larson,XXXXXXXXX,XXXXXXXXX,2,2807
5583,Mary,Skinner,XXXXXXXXX,XXXXXXXXX,1,3569
5584,Ruth,Smith,XXXXXXXXX,XXXXXXXXX,1,13417
5585,Mary,Wilson,XXXXXXXXX,XXXXXXXXX,1,9577
5586,Catherine,Smith,XXXXXXXXX,XXXXXXXXX,1,124
5587,Brandon,Williams,XXXXXXXXX,XXXXXXXXX,1,14040
5588,Jane,Hopkins,XXXXXXXXX,XXXXXXXXX,1,3411
5589,Mary,Smith,XXXXXXXXX,XXXXXXXXX,1,12274
5590,Frank,Williams,XXXXXXXXX,XXXXXXXXX,3,2371
5591,Emma,Schwartz,XXXXXXXXX,XXXXXXXXX,3,8438
5592,Mary,Bush,XXXXXXXXX,XXXXXXXXX,3,10943
5593,Jacqueline,Smith,XXXXXXXXX,XXXXXXXXX,3,9460
5594,Mary,Davidson,XXXXXXXXX,XXXXXXXXX,3,11460
5595,Samuel,Santos,XXXXXXXXX,XXXXXXXXX,2,14285
5596,Mary,Smith,XXXXXXXXX,XXXXXXXXX,2,825
5597,Robert,Irwin,XXXXXXXXX,XXXXXXXXX,2,2071
5598,Sharon,Smith,XXXXXXXXX,XXXXXXXXX,2,12212
5599,Mary,Galvan,XXXXXXXXX,XXXXXXXXX,2,16132
5600,Helen,Smith,XXXXXXXXX,XXXXXXXXX,2,3190
5601,Deborah,Roberts,XXXXXXXXX,XXXXXXXXX,2,10233
5602,Mary,Parrish,XXXXXXXXX,XXXXXXXXX,2,1468
5603,David,Smith,XXXXXXXXX,XXXXXXXXX,2,9174
5604,Frances,Randall,XXXXXXXXX,XXXXXXXXX,1,393
5605,Mary,Smith,XXXXXXXXX,XXXXXXXXX,1,1038
5606,Teresa,White,XXXXXXXXX,XXXXXXXXX,1,5997
5607,Mary,Heath,XXXXXXXXX,XXXXXXXXX,1,10870
5608,James,Smith,XXXXXXXXX,XXXXXXXXX,1,10316
5609,Michael,Bailey,XXXXXXXXX,XXXXXXXXX,1,11281
5610,Mary,Wheeler,XXXXXXXXX,XXXXXXXXX,1,5543
5611,Michael,Williamson,XXXXXXXXX,XXXXXXXXX,1,7562
5612,Mary,Huang,XXXXXXXXX,XXXXXXXXX,2,11812
5613,Michael,Smith,XXXXXXXXX,XXXXXXXXX,2,13515
5614,Carolyn,Adams,XXXXXXXXX,XXXXXXXXX,2,10232
5615,Albert,Smith,XXXXXXXXX,XXXXXXXXX,2,10327
5616,Mary,Dudley,XXXXXXXXX,XXXXXXXXX,1,8476
5617,Barbara,Smith,XXXXXXXXX,XXXXXXXXX,1,5109
5618,Victoria,Morales,XXXXXXXXX,XXXXXXXXX,2,2303
5619,Mary,Smith,XXXXXXXXX,XXXXXXXXX,2,9514
5620,Randy,Watts,XXXXXXXXX,XXXXXXXXX,1,1849
5621,Mary,Smith,XXXXXXXXX,XXXXXXXXX,1,6462
5622,Ronald,Hall,XXXXXXXXX,XXXXXXXXX,3,4856
5623,Jose,Haley,XXXXXXXXX,XXXXXXXXX,1,1627
5624,Mary,Mata,XXXXXXXXX,XXXXXXXXX,1,11729
5625,Thomas,Smith,XXXXXXXXX,XXXXXXXXX,1,10945
5626,Frank,Morgan,XXXXXXXXX,XXXXXXXXX,1,11595
5627,Judith,Ferguson,XXXXXXXXX,XXXXXXXXX,1,13386
5628,Zachary,Holt,XXXXXXXXX,XXXXXXXXX,2,7025
5629,Mary,Carey,XXXXXXXXX,XXXXXXXXX,2,7908
5630,Raymond,Smith,XXXXXXXXX,XXXXXXXXX,2,11690
5631,Gloria,Goodman,XXXXXXXXX,XXXXXXXXX,2,5449
5632,Douglas,Mcbride,XXXXXXXXX,XXXXXXXXX,3,14097
5633,Mary,Smith,XXXXXXXXX,XXXXXXXXX,3,14423
5634,Carl,Sullivan,XXXXXXXXX,XXXXXXXXX,3,12402
5635,Mary,Chavez,XXXXXXXXX,XXXXXXXXX,2,9221
5636,Hannah,Smith,XXXXXXXXX,XXXXXXXXX,2,10067
5637,Mary,Wong,XXXXXXXXX,XXXXXXXXX,2,10200
5638,Tyler,Smith,XXXXXXXXX,XXXXXXXXX,2,377
5639,Mary,Foster,XXXXXXXXX,XXXXXXXXX,2,15399
5640,Matthew,Smith,XXXXXXXXX,XXXXXXXXX,1,314
5641,Eric,Cohen,XXXXXXXXX,XXXXXXXXX,1,766
5642,Mary,Smith,XXXXXXXXX,XXXXXXXXX,1,6524
5643,Tiffany,Caldwell,XXXXXXXXX,XXXXXXXXX,1,4751
5644,Carl,Horn,XXXXXXXXX,XXXXXXXXX,1,812
5645,Mary,Villegas,XXXXXXXXX,XXXXXXXXX,1,11783
5646,Christine,Smith,XXXXXXXXX,XXXXXXXXX,1,12906
5647,Mary,Phelps,XXXXXXXXX,XXXXXXXXX,2,4767
5648,Joshua,Smith,XXXXXXXXX,XXXXXXXXX,2,14076
5649,Mary,Nguyen,XXXXXXXXX,XXXXXXXXX,1,10372
5650,Joseph,Hutchinson,XXXXXXXXX,XXXXXXXXX,1,13344
5651,Michelle,Smith,XXXXXXXXX,XXXXXXXXX,1,5216
5652,Mary,Garcia,XXXXXXXXX,XXXXXXXXX,3,16526
5653,Jean,Schultz,XXXXXXXXX,XXXXXXXXX,3,20
5654,Jerry,Smith,XXXXXXXXX,XXXXXXXXX,3,15230
5655,Mary,Bryant,XXXXXXXXX,XXXXXXXXX,3,4020
5656,Marilyn,Smith,XXXXXXXXX,XXXXXXXXX,1,13218
5657,Mary,James,XXXXXXXXX,XXXXXXXXX,1,733
5658,Michael,Wiley,XXXXXXXXX,XXXXXXXXX,1,12335
5659,Betty,Smith,XXXXXXXXX,XXXXXXXXX,1,2304
5660,Mary,Maldonado,XXXXXXXXX,XXXXXXXXX,2,14684
5661,Christopher,Smith,XXXXXXXXX,XXXXXXXXX,1,4626
5662,Mary,Figueroa,XXXXXXXXX,XXXXXXXXX,1,14776
5663,Jennifer,Smith,XXXXXXXXX,XXXXXXXXX,1,4645
5664,Teresa,Allen,XXXXXXXXX,XXXXXXXXX,1,14868
5665,Mary,Smith,XXXXXXXXX,XXXXXXXXX,1,7273
5666,Katherine,Martin,XXXXXXXXX,XXXXXXXXX,1,6229
5667,Mary,Smith,XXXXXXXXX,XXXXXXXXX,1,8855
5668,Christina,Hawkins,XXXXXXXXX,XXXXXXXXX,1,16472
5669,Mary,Smith,XXXXXXXXX,XXXXXXXXX,1,8949
5670,Rachel,Bailey,XXXXXXXXX,XXXXXXXXX,1,12529
5671,Jacqueline,Lam,XXXXXXXXX,XXXXXXXXX,1,949
5672,Mary,Smith,XXXXXXXXX,XXXXXXXXX,3,4799
5673,Jean,Dunn,XXXXXXXXX,XXXXXXXXX,2,14467
5674,Ethan,Cross,XXXXXXXXX,XXXXXXXXX,2,14977
5675,Mary,Juarez,XXXXXXXXX,XXXXXXXXX,1,11607
5676,William,Smith,XXXXXXXXX,XXXXXXXXX,1,11270
5677,Paul,Mccullough,XXXXXXXXX,XXXXXXXXX,1,2770
5678,Nathan,Smith,XXXXXXXXX,XXXXXXXXX,1,7332
5679,Mary,Rodriguez,XXXXXXXXX,XXXXXXXXX,3,4869
5680,Laura,Young,XXXXXXXXX,XXXXXXXXX,3,4596
5681,Heather,Green,XXXXXXXXX,XXXXXXXXX,3,13870
5682,Mary,Proctor,XXXXXXXXX,XXXXXXXXX,3,15758
5683,Rachel,Smith,XXXXXXXXX,XXXXXXXXX,3,9237
5684,Mary,Harmon,XXXXXXXXX,XXXXXXXXX,3,10850
5685,Joshua,Smith,XXXXXXXXX,XXXXXXXXX,2,1284
5686,Mary,James,XXXXXXXXX,XXXXXXXXX,1,12379
5687,Mary,Chapman,XXXXXXXXX,XXXXXXXXX,1,813
5688,Robert,Smith,XXXXXXXXX,XXXXXXXXX,2,9137
5689,Thomas,Ramsey,XXXXXXXXX,XXXXXXXXX,2,16013
5690,Mary,Smith,XXXXXXXXX,XXXXXXXXX,2,9276
5691,James,Brown,XXXXXXXXX,XXXXXXXXX,2,4377
5692,Shirley,Harvey,XXXXXXXXX,XXXXXXXXX,2,14415
5693,Amber,Smith,XXXXXXXXX,XXXXXXXXX,1,4834
5694,Mary,Potter,XXXXXXXXX,XXXXXXXXX,2,8584
5695,Jeffrey,Smith,XXXXXXXXX,XXXXXXXXX,2,5404
5696,Mary,Rogers,XXXXXXXXX,XXXXXXXXX,2,9538
5697,Doris,Shields,XXXXXXXXX,XXXXXXXXX,2,3208
5698,Mary,Smith,XXXXXXXXX,XXXXXXXXX,2,13036
5699,Mildred,Murphy,XXXXXXXXX,XXXXXXXXX,2,3452
5700,Mary,Simmons,XXXXXXXXX,XXXXXXXXX,2,10434
5701,Mary,Smith,XXXXXXXXX,XXXXXXXXX,3,9924
5702,Karen,Johnson,XXXXXXXXX,XXXXXXXXX,1,15110
5703,Mary,Chang,XXXXXXXXX,XXXXXXXXX,1,3249
5704,Matthew,Smith,XXXXXXXXX,XXXXXXXXX,2,10500
5705,Joyce,Frazier,XXXXXXXXX,XXXXXXXXX,3,2934
5706,Mary,Chan,XXXXXXXXX,XXXXXXXXX,2,3692
5707,Kathy,Sampson,XXXXXXXXX,XXXXXXXXX,1,2035
5708,Mary,Smith,XXXXXXXXX,XXXXXXXXX,3,3730
5709,Shirley,Johnson,XXXXXXXXX,XXXXXXXXX,1,10971
5710,Mary,Garcia,XXXXXXXXX,XXXXXXXXX,2,13599
5711,Nicholas,Patterson,XXXXXXXXX,XXXXXXXXX,1,6198
5712,Mary,Smith,XXXXXXXXX,XXXXXXXXX,1,9229
5713,Michael,Pope,XXXXXXXXX,XXXXXXXXX,1,5012
5714,Christopher,Meza,XXXXXXXXX,XXXXXXXXX,2,16540
5715,Kelly,Smith,XXXXXXXXX,XXXXXXXXX,2,15813
5716,Mary,Hawkins,XXXXXXXXX,XXXXXXXXX,2,10163
5717,Robert,Andrews,XXXXXXXXX,XXXXXXXXX,1,7968
5718,Philip,Nixon,XXXXXXXXX,XXXXXXXXX,1,15522
5719,Mary,Smith,XXXXXXXXX,XXXXXXXXX,1,8903
5720,Peter,Cooper,XXXXXXXXX,XXXXXXXXX,1,6442
5721,Roger,Conner,XXXXXXXXX,XXXXXXXXX,1,13007
5722,Mary,Smith,XXXXXXXXX,XXXXXXXXX,2,3614
5723,Samantha,Howard,XXXXXXXXX,XXXXXXXXX,1,5310
5724,Christian,Doyle,XXXXXXXXX,XXXXXXXXX,1,12477
5725,Mary,Smith,XXXXXXXXX,XXXXXXXXX,1,5240
5726,Terry,Hartman,XXXXXXXXX,XXXXXXXXX,1,347
5727,Mary,Smith,XXXXXXXXX,XXXXXXXXX,2,13781
5728,Sarah,Montoya,XXXXXXXXX,XXXXXXXXX,3,14296
5729,Louis,Smith,XXXXXXXXX,XXXXXXXXX,3,10199
5730,Mary,Ashley,XXXXXXXXX,XXXXXXXXX,3,16180
5731,Jennifer,Smith,XXXXXXXXX,XXXXXXXXX,3,10681
5732,Jacob,Perry,XXXXXXXXX,XXXXXXXXX,2,3982
5733,Randy,Fisher,XXXXXXXXX,XXXXXXXXX,2,988
5734,Mary,Stanley,XXXXXXXXX,XXXXXXXXX,2,7286
5735,Ashley,Aguirre,XXXXXXXXX,XXXXXXXXX,1,4907
5736,Mary,Smith,XXXXXXXXX,XXXXXXXXX,1,13652
5737,Brenda,Miller,XXXXXXXXX,XXXXXXXXX,3,10611
5738,Mildred,Taylor,XXXXXXXXX,XXXXXXXXX,1,15158
5739,Mary,Palmer,XXXXXXXXX,XXXXXXXXX,1,1601
5740,Lawrence,Smith,XXXXXXXXX,XXXXXXXXX,2,9789
5741,Mary,Spencer,XXXXXXXXX,XXXXXXXXX,2,13050
5742,Laura,Smith,XXXXXXXXX,XXXXXXXXX,3,675
5743,Mary,Ball,XXXXXXXXX,XXXXXXXXX,3,412
5744,Walter,Smith,XXXXXXXXX,XXXXXXXXX,2,9968
5745,Mary,Rodriguez,XXXXXXXXX,XXXXXXXXX,2,4839
5746,Julie,Anderson,XXXXXXXXX,XXXXXXXXX,3,6898
5747,Mary,Morrison,XXXXXXXXX,XXXXXXXXX,3,8447
5748,Shawn,Mann,XXXXXXXXX,XXXXXXXXX,3,14679
5749,Mary,Smith,XXXXXXXXX,XXXXXXXXX,1,9471
5750,Willie,Brown,XXXXXXXXX,XXXXXXXXX,1,7921
5751,Mary,Pierce,XXXXXXXXX,XXXXXXXXX,1,15972
5752,Barbara,Smith,XXXXXXXXX,XXXXXXXXX,1,7995
5753,Mary,Arellano,XXXXXXXXX,XXXXXXXXX,1,10319
5754,Carol,Smith,XXXXXXXXX,XXXXXXXXX,1,9165
5755,Marie,Shah,XXXXXXXXX,XXXXXXXXX,1,11705
5756,Mary,Osborn,XXXXXXXXX,XXXXXXXXX,1,12554
5757,Zachary,Smith,XXXXXXXXX,XXXXXXXXX,1,1902
5758,Jordan,Johnson,XXXXXXXXX,XXXXXXXXX,1,10276
5759,Mary,Brown,XXXXXXXXX,XXXXXXXXX,2,13217
5760,Larry,Beltran,XXXXXXXXX,XXXXXXXXX,1,7481
5761,Mary,Smith,XXXXXXXXX,XXXXXXXXX,1,12303
5762,Crystal,Foster,XXXXXXXXX,XXXXXXXXX,3,8448
5763,Mary,Smith,XXXXXXXXX,XXXXXXXXX,3,3250
5764,William,Weiss,XXXXXXXXX,XXXXXXXXX,3,10151
5765,Maria,Smith,XXXXXXXXX,XXXXXXXXX,3,3566
5766,Mary,Melton,XXXXXXXXX,XXXXXXXXX,3,265
5767,John,Smith,XXXXXXXXX,XXXXXXXXX,1,4340
5768,Sandra,Byrd,XXXXXXXXX,XXXXXXXXX,1,8384
5769,Frank,Smith,XXXXXXXXX,XXXXXXXXX,1,7861
5770,Brandon,Johnson,XXXXXXXXX,XXXXXXXXX,1,15944
5771,Mary,Mcmahon,XXXXXXXXX,XXXXXXXXX,1,3666
5772,Andrea,Smith,XXXXXXXXX,XXXXXXXXX,1,6171
5773,Mary,Ellis,XXXXXXXXX,XXXXXXXXX,1,10656
5774,Virginia,Smith,XXXXXXXXX,XXXXXXXXX,2,8105
5775,Joyce,Garcia,XXXXXXXXX,XXXXXXXXX,3,7268
5776,Albert,Martin,XXXXXXXXX,XXXXXXXXX,3,15005
5777,Mary,Terry,XXXXXXXXX,XXXXXXXXX,1,2145
5778,Evelyn,Smith,XXXXXXXXX,XXXXXXXXX,1,12759
5779,Mary,Powell,XXXXXXXXX,XXXXXXXXX,1,13773
5780,Mary,Smith,XXXXXXXXX,XXXXXXXXX,1,11955
5781,Jack,Stanley,XXXXXXXXX,XXXXXXXXX,1,3609
5782,Mary,Hardin,XXXXXXXXX,XXXXXXXXX,1,9236
5783,Daniel,Smith,XXXXXXXXX,XXXXXXXXX,1,7008
5784,Matthew,Wolfe,XXXXXXXXX,XXXXXXXXX,3,5599
5785,Mary,Frost,XXXXXXXXX,XXXXXXXXX,3,8003
5786,Brian,Smith,XXXXXXXXX,XXXXXXXXX,3,7023
5787,Jordan,Medina,XXXXXXXXX,XXXXXXXXX,3,5218
5788,Mary,Barrera,XXXXXXXXX,XXXXXXXXX,3,7926
5789,Katherine,Smith,XXXXXXXXX,XXXXXXXXX,1,761
5790,Mary,Young,XXXXXXXXX,XXXXXXXXX,2,5862
5791,Debra,Lutz,XXXXXXXXX,XXXXXXXXX,1,8505
5792,Mary,Smith,XXXXXXXXX,XXXXXXXXX,1,5483
5793,Margaret,Weeks,XXXXXXXXX,XXXXXXXXX,1,12762
5794,Bruce,Werner,XXXXXXXXX,XXXXXXXXX,1,10567
5795,Mary,Smith,XXXXXXXXX,XXXXXXXXX,3,2980
5796,Crystal,Hamilton,XXXXXXXXX,XXXXXXXXX,3,226
5797,Roy,Smith,XXXXXXXXX,XXXXXXXXX,1,1051
5798,Mary,Butler,XXXXXXXXX,XXXXXXXXX,1,12417
5799,Keith,Singleton,XXXXXXXXX,XXXXXXXXX,2,7964
5800,Mary,Smith,XXXXXXXXX,XXXXXXXXX,3,1179
5801,Theresa,Pearson,XXXXXXXXX,XXXXXXXXX,2,10703
5802,Mary,Smith,XXXXXXXXX,XXXXXXXXX,3,15646
5803,Rebecca,Stewart,XXXXXXXXX,XXXXXXXXX,2,3970
5804,Mary,Burns,XXXXXXXXX,XXXXXXXXX,2,8678
5805,Raymond,Bray,XXXXXXXXX,XXXXXXXXX,2,10770
5806,Mary,Smith,XXXXXXXXX,XXXXXXXXX,2,2642
5807,Edward,Silva,XXXXXXXXX,XXXXXXXXX,2,378
5808,Amanda,Smith,XXXXXXXXX,XXXXXXXXX,3,5756
5809,Mary,Nunez,XXXXXXXXX,XXXXXXXXX,3,11464
5810,Anthony,Smith,XXXXXXXXX,XXXXXXXXX,1,10983
5811,Mary,Edwards,XXXXXXXXX,XXXXXXXXX,2,13932
5812,Angela,Smith,XXXXXXXXX,XXXXXXXXX,2,2474
5813,Mary,Brock,XXXXXXXXX,XXXXXXXXX,3,4809
5814,Debra,Smith,XXXXXXXXX,XXXXXXXXX,2,15687
5815,Mary,Proctor,XXXXXXXXX,XXXXXXXXX,2,13832
5816,Barbara,Smith,XXXXXXXXX,XXXXXXXXX,2,8004
5817,Mary,Diaz,XXXXXXXXX,XXXXXXXXX,2,1472
5818,Brandon,Smith,XXXXXXXXX,XXXXXXXXX,2,12931
5819,Mary,Leon,XXXXXXXXX,XXXXXXXXX,2,3106
5820,Margaret,Smith,XXXXXXXXX,XXXXXXXXX,3,10654
5821,Jessica,Humphrey,XXXXXXXXX,XXXXXXXXX,2,103
5822,Maria,Smith,XXXXXXXXX,XXXXXXXXX,2,3923
5823,Mary,Gardner,XXXXXXXXX,XXXXXXXXX,1,12826
5824,James,Smith,XXXXXXXXX,XXXXXXXXX,2,2323
5825,Roy,Mckay,XXXXXXXXX,XXXXXXXXX,3,11055
5826,Mary,Smith,XXXXXXXXX,XXXXXXXXX,1,6770
5827,Angela,Fox,XXXXXXXXX,XXXXXXXXX,1,3175
5828,Katherine,Oconnell,XXXXXXXXX,XXXXXXXXX,1,2171
5829,Mary,Smith,XXXXXXXXX,XXXXXXXXX,1,423
5830,Mary,Walker,XXXXXXXXX,XXXXXXXXX,1,7588
5831,Patricia,Smith,XXXXXXXXX,XXXXXXXXX,1,6735
5832,Jennifer,Scott,XXXXXXXXX,XXXXXXXXX,1,4300
5833,Jessica,Smith,XXXXXXXXX,XXXXXXXXX,3,4694
5834,Andrew,Fernandez,XXXXXXXXX,XXXXXXXXX,1,10715
5835,Justin,Hoffman,XXXXXXXXX,XXXXXXXXX,1,8375
5836,Mary,Orr,XXXXXXXXX,XXXXXXXXX,1,13803
5837,Denise,Coffey,XXXXXXXXX,XXXXXXXXX,1,13084
5838,Mary,Smith,XXXXXXXXX,XXXXXXXXX,2,4526
5839,David,Williams,XXXXXXXXX,XXXXXXXXX,1,837
5840,Andrea,Nunez,XXXXXXXXX,XXXXXXXXX,3,7289
5841,Mary,Smith,XXXXXXXXX,XXXXXXXXX,1,3703
5842,Lisa,Davis,XXXXXXXXX,XXXXXXXXX,3,1885
5843,Jack,Frost,XXXXXXXXX,XXXXXXXXX,3,37
5844,Mary,Smith,XXXXXXXXX,XXXXXXXXX,3,15423
5845,Daniel,Bruce,XXXXXXXXX,XXXXXXXXX,3,9443
5846,Betty,Smith,XXXXXXXXX,XXXXXXXXX,2,14974
5847,Mary,Torres,XXXXXXXXX,XXXXXXXXX,3,15989
5848,Tammy,Sloan,XXXXXXXXX,XXXXXXXXX,3,4088
5849,Mary,Conrad,XXXXXXXXX,XXXXXXXXX,3,9611
5850,Robert,Maddox,XXXXXXXXX,XXXXXXXXX,1,4385
5851,Raymond,Smith,XXXXXXXXX,XXXXXXXXX,1,7048
5852,Mary,Harris,XXXXXXXXX,XXXXXXXXX,2,8606
5853,Ralph,Hicks,XXXXXXXXX,XXXXXXXXX,2,6047
5854,Mary,Smith,XXXXXXXXX,XXXXXXXXX,1,9056
5855,Daniel,Young,XXXXXXXXX,XXXXXXXXX,1,8458
5856,Melissa,Gomez,XXXXXXXXX,XXXXXXXXX,1,6438
5857,Mary,Gregory,XXXXXXXXX,XXXXXXXXX,1,10448
5858,John,Smith,XXXXXXXXX,XXXXXXXXX,1,16214
5859,Ronald,Wilson,XXXXXXXXX,XXXXXXXXX,2,14702
5860,Alan,Kelly,XXXXXXXXX,XXXXXXXXX,2,9913
5861,Mary,Mann,XXXXXXXXX,XXXXXXXXX,1,15755
5862,David,Cantu,XXXXXXXXX,XXXXXXXXX,2,8598
5863,Amy,Smith,XXXXXXXXX,XXXXXXXXX,2,13211
5864,Mary,Gentry,XXXXXXXXX,XXXXXXXXX,3,14355
5865,David,Middleton,XXXXXXXXX,XXXXXXXXX,1,4103
5866,Daniel,Smith,XXXXXXXXX,XXXXXXXXX,1,12512
5867,Beverly,Jackson,XXXXXXXXX,XXXXXXXXX,1,4049
5868,Mary,Baxter,XXXXXXXXX,XXXXXXXXX,3,6433
5869,Mary,Smith,XXXXXXXXX,XXXXXXXXX,3,10686
5870,John,Hughes,XXXXXXXXX,XXXXXXXXX,3,14718
5871,Cynthia,Jordan,XXXXXXXXX,XXXXXXXXX,3,9231
5872,Mary,Smith,XXXXXXXXX,XXXXXXXXX,3,6509
5873,Jerry,Clark,XXXXXXXXX,XXXXXXXXX,2,14876
5874,Mary,Smith,XXXXXXXXX,XXXXXXXXX,2,5148
5875,Mary,Rodgers,XXXXXXXXX,XXXXXXXXX,2,10398
5876,Kevin,Smith,XXXXXXXXX,XXXXXXXXX,2,16259
5877,Mary,Patel,XXXXXXXXX,XXXXXXXXX,1,14248
5878,Sharon,Smith,XXXXXXXXX,XXXXXXXXX,1,10015
5879,Mary,Martin,XXXXXXXXX,XXXXXXXXX,3,2357
5880,Jennifer,Kerr,XXXXXXXXX,XXXXXXXXX,2,12159
5881,Dorothy,Smith,XXXXXXXXX,XXXXXXXXX,2,2106
5882,Mary,Ruiz,XXXXXXXXX,XXXXXXXXX,1,5585
5883,James,Garner,XXXXXXXXX,XXXXXXXXX,1,9478
5884,Gary,Smith,XXXXXXXXX,XXXXXXXXX,1,5611
5885,Mary,Parker,XXXXXXXXX,XXXXXXXXX,1,7552
5886,Ann,Smith,XXXXXXXXX,XXXXXXXXX,1,9512
5887,Mary,Peters,XXXXXXXXX,XXXXXXXXX,1,15573
5888,Donald,Rowland,XXXXXXXXX,XXXXXXXXX,1,7192
5889,Jonathan,Smith,XXXXXXXXX,XXXXXXXXX,3,14707
5890,Mary,Baldwin,XXXXXXXXX,XXXXXXXXX,3,4227
5891,Margaret,Chang,XXXXXXXXX,XXXXXXXXX,2,8704
5892,Catherine,Smith,XXXXXXXXX,XXXXXXXXX,2,967
5893,Mary,Young,XXXXXXXXX,XXXXXXXXX,1,15418
5894,Lauren,Smith,XXXXXXXXX,XXXXXXXXX,1,15684
5895,Mary,Sullivan,XXXXXXXXX,XXXXXXXXX,1,10519
5896,Wayne,Graham,XXXXXXXXX,XXXXXXXXX,1,502
5897,Mary,Griffin,XXXXXXXXX,XXXXXXXXX,3,14541
5898,Emily,Jacobs,XXXXXXXXX,XXXXXXXXX,1,5486
5899,Mary,Hubbard,XXXXXXXXX,XXXXXXXXX,1,13944
5900,James,Kaiser,XXXXXXXXX,XXXXXXXXX,2,7175
5901,Matthew,Smith,XXXXXXXXX,XXXXXXXXX,1,4634
5902,Mary,Jones,XXXXXXXXX,XXXXXXXXX,2,15848
5903,Virginia,Smith,XXXXXXXXX,XXXXXXXXX,1,3045
5904,Catherine,Peterson,XXXXXXXXX,XXXXXXXXX,1,5103
5905,Denise,Smith,XXXXXXXXX,XXXXXXXXX,1,3708
5906,Austin,Anderson,XXXXXXXXX,XXXXXXXXX,1,4228
5907,Mary,Proctor,XXXXXXXXX,XXXXXXXXX,1,15563
5908,Emily,Smith,XXXXXXXXX,XXXXXXXXX,1,14322
5909,Catherine,Owens,XXXXXXXXX,XXXXXXXXX,2,4975
5910,Mary,Heath,XXXXXXXXX,XXXXXXXXX,1,11468
5911,Andrew,Smith,XXXXXXXXX,XXXXXXXXX,1,14740
5912,Mary,Palmer,XXXXXXXXX,XXXXXXXXX,1,149
5913,Cynthia,Daniel,XXXXXXXXX,XXXXXXXXX,1,1261
5914,Nicholas,Smith,XXXXXXXXX,XXXXXXXXX,1,5304
5915,Mary,Hamilton,XXXXXXXXX,XXXXXXXXX,1,11029
5916,Karen,Hicks,XXXXXXXXX,XXXXXXXXX,1,13137
5917,Ashley,Smith,XXXXXXXXX,XXXXXXXXX,2,6762
5918,Jeffrey,Wright,XXXXXXXXX,XXXXXXXXX,2,12984
5919,Mary,Santiago,XXXXXXXXX,XXXXXXXXX,3,15833
5920,Dorothy,Smith,XXXXXXXXX,XXXXXXXXX,2,3497
5921,Mary,Buchanan,XXXXXXXXX,XXXXXXXXX,2,3074
5922,Sharon,Mercado,XXXXXXXXX,XXXXXXXXX,3,7473
5923,Mary,Smith,XXXXXXXXX,XXXXXXXXX,1,11804
5924,Virginia,Williams,XXXXXXXXX,XXXXXXXXX,1,14809
5925,Megan,Bennett,XXXXXXXXX,XXXXXXXXX,1,6325
5926,Mary,Smith,XXXXXXXXX,XXXXXXXXX,1,9346
5927,Christopher,Cooper,XXXXXXXXX,XXXXXXXXX,1,286
5928,Janice,Chavez,XXXXXXXXX,XXXXXXXXX,1,13552
5929,Mary,Shepherd,XXXXXXXXX,XXXXXXXXX,1,1490
5930,Sara,Smith,XXXXXXXXX,XXXXXXXXX,2,4127
5931,Mary,Herrera,XXXXXXXXX,XXXXXXXXX,2,6670
5932,Charles,Smith,XXXXXXXXX,XXXXXXXXX,1,798
5933,Megan,Reyes,XXXXXXXXX,XXXXXXXXX,1,2810
5934,Mary,Summers,XXXXXXXXX,XXXXXXXXX,2,13265
5935,Mary,Smith,XXXXXXXXX,XXXXXXXXX,2,4442
5936,Michael,Davis,XXXXXXXXX,XXXXXXXXX,2,7996
5937,William,Costa,XXXXXXXXX,XXXXXXXXX,1,5403
5938,Donna,Smith,XXXXXXXXX,XXXXXXXXX,1,10350
5939,Shirley,Moore,XXXXXXXXX,XXXXXXXXX,1,2228
5940,Mary,Hartman,XXXXXXXXX,XXXXXXXXX,2,6632
5941,Douglas,Smith,XXXXXXXXX,XXXXXXXXX,2,1258
5942,Walter,Perez,XXXXXXXXX,XXXXXXXXX,2,15459
5943,Mary,Sherman,XXXXXXXXX,XXXXXXXXX,2,11162
5944,Stephen,Smith,XXXXXXXXX,XXXXXXXXX,2,229
5945,Mary,Young,XXXXXXXXX,XXXXXXXXX,1,5927
5946,Daniel,Smith,XXXXXXXXX,XXXXXXXXX,1,7173
5947,Eric,Moyer,XXXXXXXXX,XXXXXXXXX,1,13661
5948,Mary,Smith,XXXXXXXXX,XXXXXXXXX,1,12509
5949,Ryan,Howell,XXXXXXXXX,XXXXXXXXX,1,9195
5950,Mary,Smith,XXXXXXXXX,XXXXXXXXX,1,3453
5951,Brenda,Oconnell,XXXXXXXXX,XXXXXXXXX,1,848
5952,Jacob,Smith,XXXXXXXXX,XXXXXXXXX,1,3003
5953,Mary,Sparks,XXXXXXXXX,XXXXXXXXX,1,4052
5954,Amy,Smith,XXXXXXXXX,XXXXXXXXX,1,8303
5955,Mildred,Burke,XXXXXXXXX,XXXXXXXXX,2,12269
5956,Mary,Buchanan,XXXXXXXXX,XXXXXXXXX,2,6651
5957,Harold,Smith,XXXXXXXXX,XXXXXXXXX,2,1351
5958,Mary,Brown,XXXXXXXXX,XXXXXXXXX,2,6820
5959,Thomas,Humphrey,XXXXXXXXX,XXXXXXXXX,2,10541
5960,Margaret,Smith,XXXXXXXXX,XXXXXXXXX,2,2028
5961,Kevin,Ruiz,XXXXXXXXX,XXXXXXXXX,3,10589
5962,Jordan,Smith,XXXXXXXXX,XXXXXXXXX,3,12804
5963,Johnny,Smith,XXXXXXXXX,XXXXXXXXX,3,11321
5964,Mary,Brown,XXXXXXXXX,XXXXXXXXX,1,6089
5965,Richard,Parker,XXXXXXXXX,XXXXXXXXX,1,38
5966,Joseph,Stone,XXXXXXXXX,XXXXXXXXX,1,10284
5967,Matthew,Farmer,XXXXXXXXX,XXXXXXXXX,2,6035
5968,Deborah,Smith,XXXXXXXXX,XXXXXXXXX,1,14542
5969,Adam,Hampton,XXXXXXXXX,XXXXXXXXX,1,8508
5970,Mary,Smith,XXXXXXXXX,XXXXXXXXX,1,2751
5971,Philip,Johnson,XXXXXXXXX,XXXXXXXXX,1,14662
5972,Mary,Burton,XXXXXXXXX,XXXXXXXXX,1,15119
5973,Michael,Smith,XXXXXXXXX,XXXXXXXXX,2,13695
5974,Harold,Weiss,XXXXXXXXX,XXXXXXXXX,1,2965
5975,Mary,Smith,XXXXXXXXX,XXXXXXXXX,3,3777
5976,William,Estrada,XXXXXXXXX,XXXXXXXXX,3,2947
5977,Amanda,Shaffer,XXXXXXXXX,XXXXXXXXX,1,10039
5978,Lauren,Smith,XXXXXXXXX,XXXXXXXXX,1,8218
5979,Mary,Kerr,XXXXXXXXX,XXXXXXXXX,1,2240
5980,Betty,Smith,XXXXXXXXX,XXXXXXXXX,1,5077
5981,Ronald,Williamson,XXXXXXXXX,XXXXXXXXX,2,5475
5982,Sharon,Smith,XXXXXXXXX,XXXXXXXXX,2,11228
5983,Mary,Anderson,XXXXXXXXX,XXXXXXXXX,1,3202
5984,Janet,Norton,XXXXXXXXX,XXXXXXXXX,1,14652
5985,Mary,Smith,XXXXXXXXX,XXXXXXXXX,2,14384
5986,Matthew,Rowe,XXXXXXXXX,XXXXXXXXX,1,8712
5987,Mary,Smith,XXXXXXXXX,XXXXXXXXX,1,16192
5988,Melissa,Miller,XXXXXXXXX,XXXXXXXXX,1,8351
5989,Kathleen,Becker,XXXXXXXXX,XXXXXXXXX,1,11527
5990,Mary,Summers,XXXXXXXXX,XXXXXXXXX,1,724
5991,Stephen,Smith,XXXXXXXXX,XXXXXXXXX,1,1235
5992,Mary,Cross,XXXXXXXXX,XXXXXXXXX,1,5095
5993,Austin,Clayton,XXXXXXXXX,XXXXXXXXX,1,10301
5994,Mary,Smith,XXXXXXXXX,XXXXXXXXX,1,13968
5996,Mary,Smith,XXXXXXXXX,XXXXXXXXX,1,6182
5997,Jonathan,Jones,XXXXXXXXX,XXXXXXXXX,2,14357
5998,Mary,Cline,XXXXXXXXX,XXXXXXXXX,2,8432
5999,Randy,Smith,XXXXXXXXX,XXXXXXXXX,2,15049
6000,Mary,Wilkins,XXXXXXXXX,XXXXXXXXX,1,5354
6001,Andrew,Smith,XXXXXXXXX,XXXXXXXXX,3,1908
6002,Nathan,Reyes,XXXXXXXXX,XXXXXXXXX,1,515
6003,Mary,Smith,XXXXXXXXX,XXXXXXXXX,1,13784
6004,Mary,Smith,XXXXXXXXX,XXXXXXXXX,1,8272
6005,Emily,Alexander,XXXXXXXXX,XXXXXXXXX,1,9358
6006,Mary,Smith,XXXXXXXXX,XXXXXXXXX,1,7102
6007,Edward,Mitchell,XXXXXXXXX,XXXXXXXXX,1,12132
6008,Mary,Cervantes,XXXXXXXXX,XXXXXXXXX,1,4900
6009,Mary,Smith,XXXXXXXXX,XXXXXXXXX,1,7277
6010,Nancy,Casey,XXXXXXXXX,XXXXXXXXX,1,15364
6011,Phillip,Smith,XXXXXXXXX,XXXXXXXXX,1,13024
6012,Mary,Mayo,XXXXXXXXX,XXXXXXXXX,2,4974
6013,Peter,Smith,XXXXXXXXX,XXXXXXXXX,2,16011
6014,Mary,Washington,XXXXXXXXX,XXXXXXXXX,3,6326
6015,Emily,Banks,XXXXXXXXX,XXXXXXXXX,3,6096
6016,Mary,Smith,XXXXXXXXX,XXXXXXXXX,3,9178
6017,Juan,Wells,XXXXXXXXX,XXXXXXXXX,3,3722
6018,Mary,Smith,XXXXXXXXX,XXXXXXXXX,1,13887
6019,Martha,Chambers,XXXXXXXXX,XXXXXXXXX,3,15410
6020,Mary,Smith,XXXXXXXXX,XXXXXXXXX,1,9897
6021,Janice,Harrison,XXXXXXXXX,XXXXXXXXX,1,15812
6022,Mary,Smith,XXXXXXXXX,XXXXXXXXX,1,9384
6023,Shirley,Webb,XXXXXXXXX,XXXXXXXXX,2,1309
6024,Jesse,Berry,XXXXXXXXX,XXXXXXXXX,2,10628
6025,Mary,Smith,XXXXXXXXX,XXXXXXXXX,2,14286
6026,Diana,Smith,XXXXXXXXX,XXXXXXXXX,2,6030
6027,Mary,Moore,XXXXXXXXX,XXXXXXXXX,2,15272
6028,Elizabeth,Fritz,XXXXXXXXX,XXXXXXXXX,2,13090
6029,Donald,Smith,XXXXXXXXX,XXXXXXXXX,2,12376
6030,Alexander,Adams,XXXXXXXXX,XXXXXXXXX,1,3100
6031,Mary,Nguyen,XXXXXXXXX,XXXXXXXXX,1,3332
6032,Rose,Smith,XXXXXXXXX,XXXXXXXXX,2,13005
6033,Mary,Pitts,XXXXXXXXX,XXXXXXXXX,1,13029
6034,Cheryl,Smith,XXXXXXXXX,XXXXXXXXX,1,6061
6035,Mary,Craig,XXXXXXXXX,XXXXXXXXX,1,13100
6036,Barbara,Smith,XXXXXXXXX,XXXXXXXXX,1,15344
6037,Dorothy,Carter,XXXXXXXXX,XXXXXXXXX,1,8745
6038,Sharon,Brooks,XXXXXXXXX,XXXXXXXXX,1,15626
6039,Theresa,Mills,XXXXXXXXX,XXXXXXXXX,1,6664
6040,Mary,Smith,XXXXXXXXX,XXXXXXXXX,1,13644
6041,Daniel,Woods,XXXXXXXXX,XXXXXXXXX,2,4980
6042,Mary,Smith,XXXXXXXXX,XXXXXXXXX,2,4616
6043,Amanda,Robinson,XXXXXXXXX,XXXXXXXXX,2,14349
6044,Megan,Fernandez,XXXXXXXXX,XXXXXXXXX,2,7654
6045,Mary,Christensen,XXXXXXXXX,XXXXXXXXX,1,2676
6046,Brandon,Merritt,XXXXXXXXX,XXXXXXXXX,2,4229
6047,Mary,Smith,XXXXXXXXX,XXXXXXXXX,1,9686
6048,Mary,Hanson,XXXXXXXXX,XXXXXXXXX,2,2955
6049,Patricia,Smith,XXXXXXXXX,XXXXXXXXX,1,12138
6050,Rebecca,Arnold,XXXXXXXXX,XXXXXXXXX,1,14358
6051,Gregory,Hoffman,XXXXXXXXX,XXXXXXXXX,2,2597
6052,Mary,Harding,XXXXXXXXX,XXXXXXXXX,2,2703
6053,David,Smith,XXXXXXXXX,XXXXXXXXX,2,12158
6054,Richard,Reilly,XXXXXXXXX,XXXXXXXXX,3,13564
6055,Carol,Smith,XXXXXXXXX,XXXXXXXXX,3,9679
6056,Hannah,Flores,XXXXXXXXX,XXXXXXXXX,1,13216
6057,Mary,Lyons,XXXXXXXXX,XXXXXXXXX,1,11498
6058,Lauren,Smith,XXXXXXXXX,XXXXXXXXX,1,5651
6059,Mary,Diaz,XXXXXXXXX,XXXXXXXXX,1,8317
6060,Michael,Smith,XXXXXXXXX,XXXXXXXXX,1,11574
6061,Mary,Powell,XXXXXXXXX,XXXXXXXXX,2,5918
6062,Thomas,Mejia,XXXXXXXXX,XXXXXXXXX,2,145
6063,Judith,Meadows,XXXXXXXXX,XXXXXXXXX,3,15493
6064,Mary,Smith,XXXXXXXXX,XXXXXXXXX,1,14210
6065,Thomas,Simmons,XXXXXXXXX,XXXXXXXXX,1,892
6066,Mary,Mora,XXXXXXXXX,XXXXXXXXX,1,16147
6067,Mary,Smith,XXXXXXXXX,XXXXXXXXX,2,8950
6068,Michael,Green,XXXXXXXXX,XXXXXXXXX,2,6567
6069,Helen,Smith,XXXXXXXXX,XXXXXXXXX,1,2290
6070,Debra,Espinoza,XXXXXXXXX,XXXXXXXXX,1,4633
6071,Mary,Wu,XXXXXXXXX,XXXXXXXXX,2,5071
6073,Mary,Campos,XXXXXXXXX,XXXXXXXXX,1,41
6074,Danielle,Smith,XXXXXXXXX,XXXXXXXXX,1,14863
6075,Mary,Smith,XXXXXXXXX,XXXXXXXXX,1,6606
6076,Amy,Hurst,XXXXXXXXX,XXXXXXXXX,1,11920
6077,Carolyn,Smith,XXXXXXXXX,XXXXXXXXX,1,1940
6078,Roger,Clark,XXXXXXXXX,XXXXXXXXX,1,12885
6079,Bruce,Perkins,XXXXXXXXX,XXXXXXXXX,1,3765
6080,Mary,Smith,XXXXXXXXX,XXXXXXXXX,1,10543
6081,Lauren,Bennett,XXXXXXXXX,XXXXXXXXX,2,14976
6082,Mary,Smith,XXXXXXXXX,XXXXXXXXX,2,8498
6083,Andrea,Scott,XXXXXXXXX,XXXXXXXXX,2,1721
6084,Mary,Smith,XXXXXXXXX,XXXXXXXXX,3,7633
6085,Roger,Flores,XXXXXXXXX,XXXXXXXXX,3,16143
6086,Mary,Hutchinson,XXXXXXXXX,XXXXXXXXX,1,15273
6087,Evelyn,Smith,XXXXXXXXX,XXXXXXXXX,3,3229
6088,Mary,Brooks,XXXXXXXXX,XXXXXXXXX,3,14249
6089,Laura,Blair,XXXXXXXXX,XXXXXXXXX,3,15099
6090,Mary,Smith,XXXXXXXXX,XXXXXXXXX,3,10190
6091,Alan,Hunt,XXXXXXXXX,XXXXXXXXX,3,11453
6092,Mary,Smith,XXXXXXXXX,XXXXXXXXX,2,1579
6093,Douglas,Jacobs,XXXXXXXXX,XXXXXXXXX,2,10739
6094,Gerald,Dorsey,XXXXXXXXX,XXXXXXXXX,1,10374
6095,Mary,Smith,XXXXXXXXX,XXXXXXXXX,1,10719
6096,Brenda,Boyd,XXXXXXXXX,XXXXXXXXX,1,3103
6097,Heather,Smith,XXXXXXXXX,XXXXXXXXX,1,15223
6098,Mary,Meadows,XXXXXXXXX,XXXXXXXXX,1,2077
6099,Helen,Smith,XXXXXXXXX,XXXXXXXXX,1,297
6100,Joshua,Blake,XXXXXXXXX,XXXXXXXXX,2,8234
6101,Mary,Smith,XXXXXXXXX,XXXXXXXXX,2,5392
6102,Henry,Hamilton,XXXXXXXXX,XXXXXXXXX,2,16394
6103,Mary,Mullen,XXXXXXXXX,XXXXXXXXX,1,1288
6104,Roger,Cordova,XXXXXXXXX,XXXXXXXXX,2,15772
6105,Mary,Smith,XXXXXXXXX,XXXXXXXXX,1,10875
6106,Paul,Moore,XXXXXXXXX,XXXXXXXXX,3,10600
6107,Mary,Schmidt,XXXXXXXXX,XXXXXXXXX,3,1506
6108,Emma,Smith,XXXXXXXXX,XXXXXXXXX,3,4908
6109,Zachary,Tate,XXXXXXXXX,XXXXXXXXX,1,14596
6110,Mary,Smith,XXXXXXXXX,XXXXXXXXX,2,2100
6111,Cynthia,Mcbride,XXXXXXXXX,XXXXXXXXX,3,11978
6112,Peter,Smith,XXXXXXXXX,XXXXXXXXX,3,7094
6113,Mary,Davis,XXXXXXXXX,XXXXXXXXX,2,7661
6114,Sandra,Nguyen,XXXXXXXXX,XXXXXXXXX,3,3653
6115,Mary,Smith,XXXXXXXXX,XXXXXXXXX,3,3559
6116,Kimberly,Tanner,XXXXXXXXX,XXXXXXXXX,3,16499
6117,Gloria,Smith,XXXXXXXXX,XXXXXXXXX,1,7424
6118,Mary,Smith,XXXXXXXXX,XXXXXXXXX,1,3057
6119,Sandra,Leach,XXXXXXXXX,XXXXXXXXX,3,11538
6120,Mary,Smith,XXXXXXXXX,XXXXXXXXX,3,10183
6121,Jack,Mosley,XXXXXXXXX,XXXXXXXXX,3,6127
6122,Johnny,Smith,XXXXXXXXX,XXXXXXXXX,3,871
6123,Mary,Anderson,XXXXXXXXX,XXXXXXXXX,1,15672
6124,William,Walter,XXXXXXXXX,XXXXXXXXX,3,1076
6125,Jeremy,Pennington,XXXXXXXXX,XXXXXXXXX,2,14087
6126,Mary,Smith,XXXXXXXXX,XXXXXXXXX,1,1771
6127,Debra,Turner,XXXXXXXXX,XXXXXXXXX,1,11116
6128,Mary,Larsen,XXXXXXXXX,XXXXXXXXX,1,14376
6129,Elizabeth,Smith,XXXXXXXXX,XXXXXXXXX,3,9637
6130,Donald,Rodriguez,XXXXXXXXX,XXXXXXXXX,3,9595
6131,Mary,Bennett,XXXXXXXXX,XXXXXXXXX,3,14359
6132,Madison,Smith,XXXXXXXXX,XXXXXXXXX,1,4230
6133,Mary,Smith,XXXXXXXXX,XXXXXXXXX,1,11095
6134,James,Reyes,XXXXXXXXX,XXXXXXXXX,3,757
6135,Alexander,Smith,XXXXXXXXX,XXXXXXXXX,1,7085
6136,Mary,Yu,XXXXXXXXX,XXXXXXXXX,1,7835
6137,Eric,Smith,XXXXXXXXX,XXXXXXXXX,1,7949
6138,Theresa,Khan,XXXXXXXXX,XXXXXXXXX,1,3258
6139,Mary,Jarvis,XXXXXXXXX,XXXXXXXXX,1,12686
6140,Willie,Smith,XXXXXXXXX,XXXXXXXXX,1,2560
6141,Mary,Cooley,XXXXXXXXX,XXXXXXXXX,1,5495
6142,Andrew,Smith,XXXXXXXXX,XXXXXXXXX,1,7826
6143,Deborah,Barber,XXXXXXXXX,XXXXXXXXX,1,9242
6144,Mary,Smith,XXXXXXXXX,XXXXXXXXX,1,6996
6145,Tiffany,Wade,XXXXXXXXX,XXXXXXXXX,1,4717
6146,Mary,Rowe,XXXXXXXXX,XXXXXXXXX,1,5276
6147,Danielle,Smith,XXXXXXXXX,XXXXXXXXX,1,14608
6148,Mary,Crawford,XXXXXXXXX,XXXXXXXXX,1,8363
6149,Matthew,Bush,XXXXXXXXX,XXXXXXXXX,1,8899
6150,Willie,Smith,XXXXXXXXX,XXXXXXXXX,1,9200
6151,Mary,Jones,XXXXXXXXX,XXXXXXXXX,1,9144
6152,Joseph,Jordan,XXXXXXXXX,XXXXXXXXX,1,10590
6153,Mary,Smith,XXXXXXXXX,XXXXXXXXX,2,10159
6154,Stephanie,Hodges,XXXXXXXXX,XXXXXXXXX,2,12122
6155,Christine,Smith,XXXXXXXXX,XXXXXXXXX,2,12592
6156,Mary,Hernandez,XXXXXXXXX,XXXXXXXXX,2,9223
6157,Susan,Gomez,XXXXXXXXX,XXXXXXXXX,1,3354
6158,Carl,Hobbs,XXXXXXXXX,XXXXXXXXX,3,604
6159,Mary,Smith,XXXXXXXXX,XXXXXXXXX,1,4833
6160,William,Schroeder,XXXXXXXXX,XXXXXXXXX,1,13814
6161,Benjamin,Smith,XXXXXXXXX,XXXXXXXXX,1,3080
6162,Wayne,Hood,XXXXXXXXX,XXXXXXXXX,1,12478
6163,Mary,Smith,XXXXXXXXX,XXXXXXXXX,3,9452
6164,Juan,Bailey,XXXXXXXXX,XXXXXXXXX,1,6368
6165,Mary,Gardner,XXXXXXXXX,XXXXXXXXX,1,5256
6166,Margaret,Smith,XXXXXXXXX,XXXXXXXXX,3,188
6167,Larry,Ryan,XXXXXXXXX,XXXXXXXXX,1,10023
6168,Arthur,Li,XXXXXXXXX,XXXXXXXXX,1,11586
6169,Mary,Smith,XXXXXXXXX,XXXXXXXXX,3,771
6170,Hannah,Sandoval,XXXXXXXXX,XXXXXXXXX,3,2818
6171,Mary,Mcdowell,XXXXXXXXX,XXXXXXXXX,1,8383
6172,James,Smith,XXXXXXXXX,XXXXXXXXX,2,12687
6173,Amanda,Lewis,XXXXXXXXX,XXXXXXXXX,3,5388
6174,Carl,Bright,XXXXXXXXX,XXXXXXXXX,3,14305
6175,Mary,Smith,XXXXXXXXX,XXXXXXXXX,3,15270
6176,William,Garza,XXXXXXXXX,XXXXXXXXX,3,15835
6177,Olivia,Bradford,XXXXXXXXX,XXXXXXXXX,1,12983
6178,Mary,Smith,XXXXXXXXX,XXXXXXXXX,2,10651
6179,Samuel,Henderson,XXXXXXXXX,XXXXXXXXX,2,7564
6180,Mary,Smith,XXXXXXXXX,XXXXXXXXX,2,11315
6181,David,Lucas,XXXXXXXXX,XXXXXXXXX,1,11136
6182,Pamela,Smith,XXXXXXXXX,XXXXXXXXX,2,15002
6183,Mary,Gray,XXXXXXXXX,XXXXXXXXX,2,8415
6184,James,Potter,XXXXXXXXX,XXXXXXXXX,2,7252
6185,Donald,Smith,XXXXXXXXX,XXXXXXXXX,2,14121
6186,Randy,Figueroa,XXXXXXXXX,XXXXXXXXX,2,8424
6187,Mary,Hess,XXXXXXXXX,XXXXXXXXX,2,5443
6188,Kevin,Davies,XXXXXXXXX,XXXXXXXXX,2,10680
6189,Mary,Smith,XXXXXXXXX,XXXXXXXXX,2,7764
6191,Donna,Smith,XXXXXXXXX,XXXXXXXXX,1,846
6192,Tyler,Singh,XXXXXXXXX,XXXXXXXXX,1,3022
6193,Mary,Li,XXXXXXXXX,XXXXXXXXX,1,7694
6194,Robert,Holloway,XXXXXXXXX,XXXXXXXXX,1,7143
6195,William,Smith,XXXXXXXXX,XXXXXXXXX,3,14451
6196,Jennifer,Stewart,XXXXXXXXX,XXXXXXXXX,1,3121
6197,Dennis,Durham,XXXXXXXXX,XXXXXXXXX,1,6458
6198,Jeremy,Smith,XXXXXXXXX,XXXXXXXXX,1,3598
6199,Mary,Jacobs,XXXXXXXXX,XXXXXXXXX,1,1706
6200,Brenda,Robles,XXXXXXXXX,XXXXXXXXX,1,10497
6201,Judy,Smith,XXXXXXXXX,XXXXXXXXX,1,12130
6202,Mary,Williams,XXXXXXXXX,XXXXXXXXX,1,8155
6203,Jacqueline,Oconnor,XXXXXXXXX,XXXXXXXXX,1,15434
6204,Mary,Clarke,XXXXXXXXX,XXXXXXXXX,1,4721
6205,Jason,Smith,XXXXXXXXX,XXXXXXXXX,3,4082
6206,Mary,Patton,XXXXXXXXX,XXXXXXXXX,1,443
6207,Daniel,Smith,XXXXXXXXX,XXXXXXXXX,1,6167
6208,Emma,Johnson,XXXXXXXXX,XXXXXXXXX,1,6838
6209,Mary,Lopez,XXXXXXXXX,XXXXXXXXX,1,12338
6210,Richard,Smith,XXXXXXXXX,XXXXXXXXX,1,14499
6211,Nicholas,Dyer,XXXXXXXXX,XXXXXXXXX,1,1342
6212,Mary,Smith,XXXXXXXXX,XXXXXXXXX,2,5128
6213,Michael,Richardson,XXXXXXXXX,XXXXXXXXX,2,6814
6214,Melissa,Palmer,XXXXXXXXX,XXXXXXXXX,2,12540
6215,Mary,Rush,XXXXXXXXX,XXXXXXXXX,2,11115
6216,Thomas,Smith,XXXXXXXXX,XXXXXXXXX,2,10136
6217,Roger,Black,XXXXXXXXX,XXXXXXXXX,1,7983
6218,Mary,Smith,XXXXXXXXX,XXXXXXXXX,1,13129
6219,Walter,Simon,XXXXXXXXX,XXXXXXXXX,1,6998
6220,Mary,Smith,XXXXXXXXX,XXXXXXXXX,1,2473
6221,Andrew,Mcgee,XXXXXXXXX,XXXXXXXXX,2,7977
6222,Stephanie,Smith,XXXXXXXXX,XXXXXXXXX,2,15519
6223,Carolyn,Stein,XXXXXXXXX,XXXXXXXXX,2,13895
6224,Scott,Howe,XXXXXXXXX,XXXXXXXXX,3,7431
6225,Mary,Smith,XXXXXXXXX,XXXXXXXXX,2,14660
6226,John,Jones,XXXXXXXXX,XXXXXXXXX,2,1409
6227,David,Weber,XXXXXXXXX,XXXXXXXXX,2,5050
6228,Roger,Davila,XXXXXXXXX,XXXXXXXXX,2,14195
6229,Mary,Smith,XXXXXXXXX,XXXXXXXXX,2,13507
6230,Kenneth,Cameron,XXXXXXXXX,XXXXXXXXX,2,6866
6231,Mary,Smith,XXXXXXXXX,XXXXXXXXX,3,2329
6232,Janet,Webb,XXXXXXXXX,XXXXXXXXX,2,16128
6233,Mary,Elliott,XXXXXXXXX,XXXXXXXXX,3,14715
6234,Mary,Smith,XXXXXXXXX,XXXXXXXXX,3,7058
6235,Stephen,Brown,XXXXXXXXX,XXXXXXXXX,3,13975
6236,Mary,Martinez,XXXXXXXXX,XXXXXXXXX,2,11552
6237,Bobby,Anderson,XXXXXXXXX,XXXXXXXXX,3,8512
6238,Mary,Young,XXXXXXXXX,XXXXXXXXX,3,12839
6239,Karen,Mcdonald,XXXXXXXXX,XXXXXXXXX,2,11513
6240,Virginia,Elliott,XXXXXXXXX,XXXXXXXXX,2,8891
6241,Mary,Clay,XXXXXXXXX,XXXXXXXXX,2,13000
6242,David,Smith,XXXXXXXXX,XXXXXXXXX,2,15051
6243,Virginia,Odom,XXXXXXXXX,XXXXXXXXX,2,5558
6244,Mary,Smith,XXXXXXXXX,XXXXXXXXX,3,6581
6245,Margaret,Taylor,XXXXXXXXX,XXXXXXXXX,1,12059
6246,Melissa,Ramirez,XXXXXXXXX,XXXXXXXXX,1,2719
6247,Mary,Smith,XXXXXXXXX,XXXXXXXXX,1,160
6248,Ronald,Hanson,XXXXXXXXX,XXXXXXXXX,1,7679
6249,Mary,Andrade,XXXXXXXXX,XXXXXXXXX,1,14228
6250,Sarah,Smith,XXXXXXXXX,XXXXXXXXX,1,7713
6251,Mary,Guerra,XXXXXXXXX,XXXXXXXXX,1,13414
6252,Kevin,Smith,XXXXXXXXX,XXXXXXXXX,1,2688
6253,Mary,Peterson,XXXXXXXXX,XXXXXXXXX,1,5463
6254,Charles,Day,XXXXXXXXX,XXXXXXXXX,1,7320
6255,Joshua,Smith,XXXXXXXXX,XXXXXXXXX,1,2291
6256,Mary,Murray,XXXXXXXXX,XXXXXXXXX,3,4832
6257,Alice,Boyd,XXXXXXXXX,XXXXXXXXX,1,7671
6258,Mary,Smith,XXXXXXXXX,XXXXXXXXX,1,9566
6259,Samantha,Morales,XXXXXXXXX,XXXXXXXXX,2,2932
6260,Mary,Randolph,XXXXXXXXX,XXXXXXXXX,2,7742
6261,David,Smith,XXXXXXXXX,XXXXXXXXX,2,13443
6262,Mary,Brennan,XXXXXXXXX,XXXXXXXXX,1,9169
6263,John,Smith,XXXXXXXXX,XXXXXXXXX,1,5453
6264,Thomas,Irwin,XXXXXXXXX,XXXXXXXXX,1,673
6265,Mary,Smith,XXXXXXXXX,XXXXXXXXX,1,8750
6266,Deborah,Hunter,XXXXXXXXX,XXXXXXXXX,1,3545
6267,Juan,Smith,XXXXXXXXX,XXXXXXXXX,3,11856
6268,Mary,Summers,XXXXXXXXX,XXXXXXXXX,3,1172
6269,Charles,Phelps,XXXXXXXXX,XXXXXXXXX,1,9741
6270,Julia,Smith,XXXXXXXXX,XXXXXXXXX,2,130
6271,Mary,Gutierrez,XXXXXXXXX,XXXXXXXXX,2,3424
6272,Charles,Simmons,XXXXXXXXX,XXXXXXXXX,3,15323
6273,Steven,Smith,XXXXXXXXX,XXXXXXXXX,2,5924
6274,Mary,Ramsey,XXXXXXXXX,XXXXXXXXX,2,12096
6275,Jane,Smith,XXXXXXXXX,XXXXXXXXX,3,4798
6276,Mary,Forbes,XXXXXXXXX,XXXXXXXXX,3,9015
6277,Eugene,Smith,XXXXXXXXX,XXXXXXXXX,1,1587
6278,Mary,Brown,XXXXXXXXX,XXXXXXXXX,1,11672
6279,Gary,Lewis,XXXXXXXXX,XXXXXXXXX,1,1667
6280,Mary,Day,XXXXXXXXX,XXXXXXXXX,3,14146
6281,Eugene,Calderon,XXXXXXXXX,XXXXXXXXX,1,10071
6282,Mary,Smith,XXXXXXXXX,XXXXXXXXX,1,4152
6283,Joan,Case,XXXXXXXXX,XXXXXXXXX,1,14052
6284,Mary,Smith,XXXXXXXXX,XXXXXXXXX,1,10704
6285,Mary,Garcia,XXXXXXXXX,XXXXXXXXX,1,14187
6286,Randy,Woodward,XXXXXXXXX,XXXXXXXXX,1,7586
6287,Mary,Smith,XXXXXXXXX,XXXXXXXXX,1,10494
6288,Catherine,Johnson,XXXXXXXXX,XXXXXXXXX,1,9128
6289,Madison,Gould,XXXXXXXXX,XXXXXXXXX,2,13163
6290,Mary,Smith,XXXXXXXXX,XXXXXXXXX,2,5549
6291,Dorothy,Hale,XXXXXXXXX,XXXXXXXXX,1,2458
6292,Marie,Smith,XXXXXXXXX,XXXXXXXXX,1,14713
6293,Mary,Porter,XXXXXXXXX,XXXXXXXXX,2,15745
6294,Thomas,Smith,XXXXXXXXX,XXXXXXXXX,1,5525
6295,Jessica,Parker,XXXXXXXXX,XXXXXXXXX,1,14746
6296,Mary,Smith,XXXXXXXXX,XXXXXXXXX,1,3903
6297,Patricia,Contreras,XXXXXXXXX,XXXXXXXXX,1,8577
6298,Mary,Smith,XXXXXXXXX,XXXXXXXXX,1,1987
6299,Richard,Robinson,XXXXXXXXX,XXXXXXXXX,2,10254
6300,Willie,Russell,XXXXXXXXX,XXXXXXXXX,2,7804
6301,Mary,Weaver,XXXXXXXXX,XXXXXXXXX,2,461
6302,Christina,Tapia,XXXXXXXXX,XXXXXXXXX,2,3704
6303,Mary,Smith,XXXXXXXXX,XXXXXXXXX,2,11512
6304,Justin,Parker,XXXXXXXXX,XXXXXXXXX,2,5883
6305,Mary,Smith,XXXXXXXXX,XXXXXXXXX,2,1143
6306,Donna,Browning,XXXXXXXXX,XXXXXXXXX,1,13931
6307,Gregory,Smith,XXXXXXXXX,XXXXXXXXX,1,7634
6308,Mary,Wu,XXXXXXXXX,XXXXXXXXX,1,3343
6309,Cynthia,Smith,XXXXXXXXX,XXXXXXXXX,1,9278
6310,Jerry,Deleon,XXXXXXXXX,XXXXXXXXX,3,12403
6311,Mary,Lloyd,XXXXXXXXX,XXXXXXXXX,3,5989
6312,Andrew,Smith,XXXXXXXXX,XXXXXXXXX,1,7451
6313,Zachary,Smith,XXXXXXXXX,XXXXXXXXX,1,5830
6314,Vincent,Williams,XXXXXXXXX,XXXXXXXXX,3,14515
6315,Mary,Lee,XXXXXXXXX,XXXXXXXXX,3,13488
6316,Kyle,Smith,XXXXXXXXX,XXXXXXXXX,3,11290
6318,Gerald,Garza,XXXXXXXXX,XXXXXXXXX,1,7594
6319,Mary,Merritt,XXXXXXXXX,XXXXXXXXX,1,361
6320,Ryan,Smith,XXXXXXXXX,XXXXXXXXX,1,6583
6321,Mary,Mcneil,XXXXXXXXX,XXXXXXXXX,1,14592
6322,Richard,Smith,XXXXXXXXX,XXXXXXXXX,1,5470
6323,Gerald,Roberts,XXXXXXXXX,XXXXXXXXX,1,7853
6324,Mary,Barrera,XXXXXXXXX,XXXXXXXXX,1,14804
6325,Victoria,Smith,XXXXXXXXX,XXXXXXXXX,1,9765
6326,Mary,Harris,XXXXXXXXX,XXXXXXXXX,1,13612
6327,Mary,Coleman,XXXXXXXXX,XXXXXXXXX,2,1154
6328,Austin,Walters,XXXXXXXXX,XXXXXXXXX,2,5569
6329,Bruce,Smith,XXXXXXXXX,XXXXXXXXX,2,5747
6330,Mary,Hodges,XXXXXXXXX,XXXXXXXXX,1,13168
6331,Amy,Smith,XXXXXXXXX,XXXXXXXXX,1,2169
6332,Mary,Kelly,XXXXXXXXX,XXXXXXXXX,1,5428
6333,Ralph,Smith,XXXXXXXXX,XXXXXXXXX,1,4793
6334,Dylan,Fleming,XXXXXXXXX,XXXXXXXXX,1,4753
6335,Mary,Smith,XXXXXXXXX,XXXXXXXXX,1,3329
6336,Richard,Maddox,XXXXXXXXX,XXXXXXXXX,1,8187
6337,Mary,Smith,XXXXXXXXX,XXXXXXXXX,1,2990
6338,Sharon,Snyder,XXXXXXXXX,XXXXXXXXX,1,735
6339,Mary,Bush,XXXXXXXXX,XXXXXXXXX,1,9101
6340,Linda,Key,XXXXXXXXX,XXXXXXXXX,1,8870
6341,Daniel,Smith,XXXXXXXXX,XXXXXXXXX,2,6777
6342,Kimberly,Blair,XXXXXXXXX,XXXXXXXXX,2,11442
6343,Nicole,Tanner,XXXXXXXXX,XXXXXXXXX,2,5052
6344,Mary,Smith,XXXXXXXXX,XXXXXXXXX,2,6419
6345,David,Miller,XXXXXXXXX,XXXXXXXXX,2,9399
6346,Mary,Cooley,XXXXXXXXX,XXXXXXXXX,2,16525
6347,Mark,Smith,XXXXXXXXX,XXXXXXXXX,3,259
6348,Mary,Henson,XXXXXXXXX,XXXXXXXXX,3,4171
6349,Aaron,Smith,XXXXXXXXX,XXXXXXXXX,3,4215
6350,Mary,Wilson,XXXXXXXXX,XXXXXXXXX,3,3904
6351,Michael,Atkins,XXXXXXXXX,XXXXXXXXX,3,5030
6352,Madison,Smith,XXXXXXXXX,XXXXXXXXX,3,5842
6353,Mary,Rogers,XXXXXXXXX,XXXXXXXXX,2,15636
6354,Matthew,Jordan,XXXXXXXXX,XXXXXXXXX,2,912
6355,Kelly,Bradley,XXXXXXXXX,XXXXXXXXX,3,12647
6356,Mary,Smith,XXXXXXXXX,XXXXXXXXX,1,15904
6357,Ruth,Moore,XXXXXXXXX,XXXXXXXXX,3,7715
6358,Mary,Ortega,XXXXXXXXX,XXXXXXXXX,3,4181
6359,Jerry,Smith,XXXXXXXXX,XXXXXXXXX,3,9954
6360,Mary,Phillips,XXXXXXXXX,XXXXXXXXX,1,11259
6361,Mary,Mcfarland,XXXXXXXXX,XXXXXXXXX,1,9196
6362,Ethan,Smith,XXXXXXXXX,XXXXXXXXX,1,11481
6363,Mary,Freeman,XXXXXXXXX,XXXXXXXXX,3,6103
6364,Megan,Hudson,XXXXXXXXX,XXXXXXXXX,1,15675
6365,Mary,Smith,XXXXXXXXX,XXXXXXXXX,1,18
6366,John,Stout,XXXXXXXXX,XXXXXXXXX,1,592
6367,Daniel,Smith,XXXXXXXXX,XXXXXXXXX,1,15100
6368,Mary,Morales,XXXXXXXXX,XXXXXXXXX,1,6420
6369,Linda,Gordon,XXXXXXXXX,XXXXXXXXX,2,8703
6370,Andrea,Smith,XXXXXXXXX,XXXXXXXXX,2,13598
6371,Mary,Lloyd,XXXXXXXXX,XXXXXXXXX,3,10104
6372,Henry,Smith,XXXXXXXXX,XXXXXXXXX,1,9445
6373,Mary,Walker,XXXXXXXXX,XXXXXXXXX,2,11262
6374,Rebecca,Briggs,XXXXXXXXX,XXXXXXXXX,2,10792
6375,Mary,Smith,XXXXXXXXX,XXXXXXXXX,2,5265
6376,Crystal,Rodriguez,XXXXXXXXX,XXXXXXXXX,2,1925
6377,Mary,Lee,XXXXXXXXX,XXXXXXXXX,1,12862
6378,Steven,Elliott,XXXXXXXXX,XXXXXXXXX,3,2354
6379,Virginia,Smith,XXXXXXXXX,XXXXXXXXX,3,4472
6380,Mary,Rivers,XXXXXXXXX,XXXXXXXXX,1,16110
6381,George,Smith,XXXXXXXXX,XXXXXXXXX,2,5706
6382,Mary,Morales,XXXXXXXXX,XXXXXXXXX,2,5582
6383,David,Maxwell,XXXXXXXXX,XXXXXXXXX,2,12373
6384,Roy,Smith,XXXXXXXXX,XXXXXXXXX,2,1340
6385,Alan,Jennings,XXXXXXXXX,XXXXXXXXX,2,8203
6386,Mary,Smith,XXXXXXXXX,XXXXXXXXX,2,7417
6387,John,Jacobs,XXXXXXXXX,XXXXXXXXX,1,3558
6388,Emma,Smith,XXXXXXXXX,XXXXXXXXX,1,1214
6389,Mary,King,XXXXXXXXX,XXXXXXXXX,3,10786
6390,Joe,Daniel,XXXXXXXXX,XXXXXXXXX,3,12903
6391,Mary,Smith,XXXXXXXXX,XXXXXXXXX,1,3676
6392,Patricia,Greene,XXXXXXXXX,XXXXXXXXX,2,10087
6393,Mary,Smith,XXXXXXXXX,XXXXXXXXX,1,260
6394,Jacqueline,Carroll,XXXXXXXXX,XXXXXXXXX,1,439
6395,Mary,Page,XXXXXXXXX,XXXXXXXXX,3,7322
6396,Frank,Smith,XXXXXXXXX,XXXXXXXXX,1,708
6397,Mary,Carr,XXXXXXXXX,XXXXXXXXX,1,2380
6398,Tammy,Smith,XXXXXXXXX,XXXXXXXXX,1,11760
6399,Mary,Jones,XXXXXXXXX,XXXXXXXXX,1,14225
6400,Charles,Waller,XXXXXXXXX,XXXXXXXXX,1,2074
6401,Joan,Smith,XXXXXXXXX,XXXXXXXXX,1,4818
6402,Mary,Frazier,XXXXXXXXX,XXXXXXXXX,1,6716
6403,Cheryl,Cochran,XXXXXXXXX,XXXXXXXXX,3,10808
6404,Dylan,Smith,XXXXXXXXX,XXXXXXXXX,3,14972
6405,Mary,Anderson,XXXXXXXXX,XXXXXXXXX,3,15166
6406,Daniel,Clark,XXXXXXXXX,XXXXXXXXX,3,9945
6407,Steven,Smith,XXXXXXXXX,XXXXXXXXX,3,1119
6408,Kevin,Cooper,XXXXXXXXX,XXXXXXXXX,3,7700
6409,Mary,Mclaughlin,XXXXXXXXX,XXXXXXXXX,3,4617
6410,Stephanie,Smith,XXXXXXXXX,XXXXXXXXX,3,14725
6411,Lauren,Boyd,XXXXXXXXX,XXXXXXXXX,3,11543
6412,Mary,Smith,XXXXXXXXX,XXXXXXXXX,3,10532
6413,Michelle,Massey,XXXXXXXXX,XXXXXXXXX,2,3248
6414,Mary,Smith,XXXXXXXXX,XXXXXXXXX,2,14897
6415,Terry,Carpenter,XXXXXXXXX,XXXXXXXXX,1,8472
6416,Mary,Smith,XXXXXXXXX,XXXXXXXXX,3,3475
6417,Helen,Gomez,XXXXXXXXX,XXXXXXXXX,1,16151
6418,Olivia,Owens,XXXXXXXXX,XXXXXXXXX,1,9232
6419,Mary,Smith,XXXXXXXXX,XXXXXXXXX,2,3751
6420,Jacqueline,Mahoney,XXXXXXXXX,XXXXXXXXX,1,2115
6421,Mary,Smith,XXXXXXXXX,XXXXXXXXX,1,2784
6422,Jonathan,Richmond,XXXXXXXXX,XXXXXXXXX,2,3584
6423,Dylan,Smith,XXXXXXXXX,XXXXXXXXX,1,13158
6424,Mary,Juarez,XXXXXXXXX,XXXXXXXXX,2,14822
6425,Ruth,Smith,XXXXXXXXX,XXXXXXXXX,3,127
6426,Mary,Wade,XXXXXXXXX,XXXXXXXXX,3,4203
6427,Nicholas,Strickland,XXXXXXXXX,XXXXXXXXX,3,14445
6428,Mary,Smith,XXXXXXXXX,XXXXXXXXX,1,4587
6429,Brian,Wilson,XXXXXXXXX,XXXXXXXXX,1,14347
6430,Mary,Jackson,XXXXXXXXX,XXXXXXXXX,1,3811
6431,Richard,Smith,XXXXXXXXX,XXXXXXXXX,1,9878
6432,Phillip,Maldonado,XXXXXXXXX,XXXXXXXXX,1,12545
6433,Mary,Smith,XXXXXXXXX,XXXXXXXXX,2,474
6434,Rebecca,Carter,XXXXXXXXX,XXXXXXXXX,1,7965
6435,Judy,Smith,XXXXXXXXX,XXXXXXXXX,1,14638
6436,Mary,Payne,XXXXXXXXX,XXXXXXXXX,2,197
6437,Sara,Duarte,XXXXXXXXX,XXXXXXXXX,2,2678
6438,Peter,Smith,XXXXXXXXX,XXXXXXXXX,1,12601
6439,Mary,Booth,XXXXXXXXX,XXXXXXXXX,2,10102
6440,Jessica,Smith,XXXXXXXXX,XXXXXXXXX,1,10901
6441,Mary,Harris,XXXXXXXXX,XXXXXXXXX,1,4053
6442,Amanda,Kelly,XXXXXXXXX,XXXXXXXXX,1,11556
6443,Mary,Salazar,XXXXXXXXX,XXXXXXXXX,1,6409
6444,John,Smith,XXXXXXXXX,XXXXXXXXX,1,9651
6445,Emma,Tucker,XXXXXXXXX,XXXXXXXXX,3,7883
6446,Mary,Smith,XXXXXXXXX,XXXXXXXXX,2,1021
6447,Helen,Mitchell,XXXXXXXXX,XXXXXXXXX,1,13471
6448,Mary,Lawrence,XXXXXXXXX,XXXXXXXXX,2,7208
6449,Daniel,Padilla,XXXXXXXXX,XXXXXXXXX,1,4730
6450,Mary,Smith,XXXXXXXXX,XXXXXXXXX,1,4304
6451,Martha,Bradley,XXXXXXXXX,XXXXXXXXX,1,5473
6452,Tiffany,Smith,XXXXXXXXX,XXXXXXXXX,1,13878
6453,Mary,Crane,XXXXXXXXX,XXXXXXXXX,2,13089
6454,Kathleen,Smith,XXXXXXXXX,XXXXXXXXX,2,3426
6455,Ethan,Brown,XXXXXXXXX,XXXXXXXXX,1,5551
6456,Mary,Richardson,XXXXXXXXX,XXXXXXXXX,1,11049
6457,Dorothy,Coleman,XXXXXXXXX,XXXXXXXXX,1,2213
6458,Jonathan,Franco,XXXXXXXXX,XXXXXXXXX,1,6223
6459,Vincent,Valenzuela,XXXXXXXXX,XXXXXXXXX,3,13212
6460,Mary,Smith,XXXXXXXXX,XXXXXXXXX,3,11450
6461,Patricia,Delgado,XXXXXXXXX,XXXXXXXXX,1,8284
6462,Ethan,Villanueva,XXXXXXXXX,XXXXXXXXX,1,7388
6463,Mary,Smith,XXXXXXXXX,XXXXXXXXX,1,10672
6464,Wayne,Mahoney,XXXXXXXXX,XXXXXXXXX,1,2783
6465,Mary,Smith,XXXXXXXXX,XXXXXXXXX,1,2850
6466,Susan,Meyer,XXXXXXXXX,XXXXXXXXX,1,4789
6467,Mary,Stokes,XXXXXXXXX,XXXXXXXXX,1,977
6468,William,Smith,XXXXXXXXX,XXXXXXXXX,1,13664
6469,Mary,Luna,XXXXXXXXX,XXXXXXXXX,1,5711
6470,Douglas,Smith,XXXXXXXXX,XXXXXXXXX,1,6520
6471,Mary,Day,XXXXXXXXX,XXXXXXXXX,1,9459
6472,Albert,Smith,XXXXXXXXX,XXXXXXXXX,1,16112
6473,Mary,Castillo,XXXXXXXXX,XXXXXXXXX,1,14212
6474,Madison,Smith,XXXXXXXXX,XXXXXXXXX,2,15081
6475,Mary,Bullock,XXXXXXXXX,XXXXXXXXX,3,15427
6476,Julie,Smith,XXXXXXXXX,XXXXXXXXX,1,13561
6477,Jerry,Booker,XXXXXXXXX,XXXXXXXXX,1,2476
6478,Mary,Smith,XXXXXXXXX,XXXXXXXXX,1,12932
6479,Paul,Jackson,XXXXXXXXX,XXXXXXXXX,1,8352
6480,Ryan,Austin,XXXXXXXXX,XXXXXXXXX,2,10486
6481,Joe,Smith,XXXXXXXXX,XXXXXXXXX,1,10445
6482,Mary,Sellers,XXXXXXXXX,XXXXXXXXX,1,9724
6483,Mary,Smith,XXXXXXXXX,XXXXXXXXX,1,12832
6484,George,Jordan,XXXXXXXXX,XXXXXXXXX,1,14287
6485,Carolyn,Sheppard,XXXXXXXXX,XXXXXXXXX,1,9422
6486,Mary,Smith,XXXXXXXXX,XXXXXXXXX,1,14468
6487,Stephen,Salinas,XXXXXXXXX,XXXXXXXXX,1,3830
6488,Mary,Smith,XXXXXXXXX,XXXXXXXXX,1,2012
6489,Maria,Macdonald,XXXXXXXXX,XXXXXXXXX,3,1747
6490,Ann,Smith,XXXXXXXXX,XXXXXXXXX,3,16483
6491,Bruce,Cruz,XXXXXXXXX,XXXXXXXXX,3,3841
6492,Bryan,Smith,XXXXXXXXX,XXXXXXXXX,2,16543
6493,Mary,Best,XXXXXXXXX,XXXXXXXXX,2,7296
6494,Brittany,Smith,XXXXXXXXX,XXXXXXXXX,2,3586
6495,Mary,Russell,XXXXXXXXX,XXXXXXXXX,2,5644
6496,Rose,Smith,XXXXXXXXX,XXXXXXXXX,3,13018
6497,Mary,Lee,XXXXXXXXX,XXXXXXXXX,3,11792
6498,William,Smith,XXXXXXXXX,XXXXXXXXX,3,2431
6499,Ashley,Peterson,XXXXXXXXX,XXXXXXXXX,3,7288
6500,Joyce,Leblanc,XXXXXXXXX,XXXXXXXXX,1,792
6501,Mary,Smith,XXXXXXXXX,XXXXXXXXX,1,10743
6502,Linda,Trujillo,XXXXXXXXX,XXXXXXXXX,3,1846
6503,Heather,Smith,XXXXXXXXX,XXXXXXXXX,2,5441
6504,Mary,Herman,XXXXXXXXX,XXXXXXXXX,2,7685
6505,Margaret,Smith,XXXXXXXXX,XXXXXXXXX,2,10357
6506,Anna,Bailey,XXXXXXXXX,XXXXXXXXX,1,1407
6507,Nicholas,Snyder,XXXXXXXXX,XXXXXXXXX,1,4040
6508,Philip,Smith,XXXXXXXXX,XXXXXXXXX,2,15417
6509,Mary,Cox,XXXXXXXXX,XXXXXXXXX,2,16258
6510,Karen,Smith,XXXXXXXXX,XXXXXXXXX,2,5356
6511,Nancy,Young,XXXXXXXXX,XXXXXXXXX,2,9152
6512,Rachel,Burke,XXXXXXXXX,XXXXXXXXX,2,9580
6513,Mary,Smith,XXXXXXXXX,XXXXXXXXX,1,10799
6514,Crystal,Contreras,XXXXXXXXX,XXXXXXXXX,1,6389
6515,Mary,Smith,XXXXXXXXX,XXXXXXXXX,2,7714
6516,Angela,Smith,XXXXXXXXX,XXXXXXXXX,1,4170
6517,Amber,Sheppard,XXXXXXXXX,XXXXXXXXX,1,3535
6518,Mary,Smith,XXXXXXXXX,XXXXXXXXX,1,14840
6519,Mary,Myers,XXXXXXXXX,XXXXXXXXX,1,10472
6520,Judy,Foster,XXXXXXXXX,XXXXXXXXX,1,15851
6521,Mary,Hanson,XXXXXXXXX,XXXXXXXXX,1,3028
6523,Mary,Smith,XXXXXXXXX,XXXXXXXXX,1,13115
6524,Megan,Brown,XXXXXXXXX,XXXXXXXXX,1,1144
6525,Mary,Taylor,XXXXXXXXX,XXXXXXXXX,1,12388
6526,Amanda,Campbell,XXXXXXXXX,XXXXXXXXX,1,12253
6527,Andrea,Woods,XXXXXXXXX,XXXXXXXXX,1,14240
6528,Mary,Ho,XXXXXXXXX,XXXXXXXXX,1,10264
6529,Aaron,Smith,XXXXXXXXX,XXXXXXXXX,1,15489
6530,Mary,Elliott,XXXXXXXXX,XXXXXXXXX,1,11846
6531,Sara,Smith,XXXXXXXXX,XXXXXXXXX,1,13297
6532,Mary,Dixon,XXXXXXXXX,XXXXXXXXX,1,6362
6533,Patrick,Morse,XXXXXXXXX,XXXXXXXXX,3,8314
6534,Mary,Smith,XXXXXXXXX,XXXXXXXXX,1,15800
6535,Brittany,Cummings,XXXXXXXXX,XXXXXXXXX,1,9168
6536,Mary,Smith,XXXXXXXXX,XXXXXXXXX,1,3259
6537,Susan,Lopez,XXXXXXXXX,XXXXXXXXX,2,6337
6538,Mark,Edwards,XXXXXXXXX,XXXXXXXXX,2,5410
6539,Mary,Smith,XXXXXXXXX,XXXXXXXXX,1,13358
6540,John,Pruitt,XXXXXXXXX,XXXXXXXXX,1,7984
6541,Susan,Smith,XXXXXXXXX,XXXXXXXXX,1,14
6542,Cynthia,Moran,XXXXXXXXX,XXXXXXXXX,1,15257
6543,Alexander,Smith,XXXXXXXXX,XXXXXXXXX,1,12930
6544,Mary,Joyce,XXXXXXXXX,XXXXXXXXX,1,14928
6545,Jennifer,Smith,XXXXXXXXX,XXXXXXXXX,1,136
6546,Mary,Ward,XXXXXXXXX,XXXXXXXXX,1,6565
6547,Melissa,Smith,XXXXXXXXX,XXXXXXXXX,1,13214
6548,Mary,Parker,XXXXXXXXX,XXXXXXXXX,1,12818
6549,Megan,Perkins,XXXXXXXXX,XXXXXXXXX,1,15545
6550,Tammy,Smith,XXXXXXXXX,XXXXXXXXX,1,7258
6551,Mary,Hayes,XXXXXXXXX,XXXXXXXXX,1,14706
6552,Brenda,Smith,XXXXXXXXX,XXXXXXXXX,1,15936
6553,Larry,House,XXXXXXXXX,XXXXXXXXX,2,9730
6554,Mary,Smith,XXXXXXXXX,XXXXXXXXX,2,5321
6555,Jessica,Baldwin,XXXXXXXXX,XXXXXXXXX,3,16070
6556,Mary,Smith,XXXXXXXXX,XXXXXXXXX,3,14291
6557,Margaret,Hess,XXXXXXXXX,XXXXXXXXX,2,7403
6558,Ethan,Smith,XXXXXXXXX,XXXXXXXXX,2,11533
6559,Mary,Dyer,XXXXXXXXX,XXXXXXXXX,2,15087
6560,Melissa,Smith,XXXXXXXXX,XXXXXXXXX,2,1122
6561,Jane,Day,XXXXXXXXX,XXXXXXXXX,2,9729
6562,Mary,Smith,XXXXXXXXX,XXXXXXXXX,1,2970
6563,Kathy,Thomas,XXXXXXXXX,XXXXXXXXX,1,7427
6564,Mary,Thornton,XXXXXXXXX,XXXXXXXXX,2,6841
6565,James,Smith,XXXXXXXXX,XXXXXXXXX,3,9855
6566,David,Beck,XXXXXXXXX,XXXXXXXXX,2,4942
6567,Jeffrey,Smith,XXXXXXXXX,XXXXXXXXX,1,10143
6568,Mary,Wilson,XXXXXXXXX,XXXXXXXXX,1,11934
6569,Samantha,Allen,XXXXXXXXX,XXXXXXXXX,1,11130
6570,Mary,Smith,XXXXXXXXX,XXXXXXXXX,1,920
6571,Brenda,Gonzalez,XXXXXXXXX,XXXXXXXXX,1,15065
6572,Mary,Barrett,XXXXXXXXX,XXXXXXXXX,1,13476
6573,Joseph,Noble,XXXXXXXXX,XXXXXXXXX,3,8417
6574,Mary,Smith,XXXXXXXXX,XXXXXXXXX,2,6607
6575,Sarah,Sullivan,XXXXXXXXX,XXXXXXXXX,1,10839
6576,Emma,Smith,XXXXXXXXX,XXXXXXXXX,1,2769
6577,Mary,Kaufman,XXXXXXXXX,XXXXXXXXX,1,375
6578,Roger,Smith,XXXXXXXXX,XXXXXXXXX,1,6407
6579,Mary,Long,XXXXXXXXX,XXXXXXXXX,1,10787
6580,Anthony,Dorsey,XXXXXXXXX,XXXXXXXXX,1,1020
6581,Christian,Smith,XXXXXXXXX,XXXXXXXXX,1,13984
6582,Mary,Williams,XXXXXXXXX,XXXXXXXXX,1,9632
6583,Heather,Ibarra,XXXXXXXXX,XXXXXXXXX,1,13754
6584,Mary,Smith,XXXXXXXXX,XXXXXXXXX,1,1023
6585,Andrew,Turner,XXXXXXXXX,XXXXXXXXX,1,9207
6586,Mary,Bell,XXXXXXXXX,XXXXXXXXX,1,11839
6587,Heather,Henson,XXXXXXXXX,XXXXXXXXX,1,10730
6588,Mary,Smith,XXXXXXXXX,XXXXXXXXX,1,299
6589,Crystal,Stewart,XXXXXXXXX,XXXXXXXXX,1,3353
6590,Mary,Henderson,XXXXXXXXX,XXXXXXXXX,1,11911
6591,Lauren,Smith,XXXXXXXXX,XXXXXXXXX,3,9670
6592,Tyler,Austin,XXXXXXXXX,XXXXXXXXX,1,9557
6593,Mary,Smith,XXXXXXXXX,XXXXXXXXX,2,14867
6594,Rebecca,Austin,XXXXXXXXX,XXXXXXXXX,1,14651
6595,Mary,Smith,XXXXXXXXX,XXXXXXXXX,2,2605
6596,Nicole,Lynn,XXXXXXXXX,XXXXXXXXX,2,7167
6597,Albert,Smith,XXXXXXXXX,XXXXXXXXX,2,12668
6598,Mary,Lopez,XXXXXXXXX,XXXXXXXXX,1,15317
6599,Robert,Moreno,XXXXXXXXX,XXXXXXXXX,1,3628
6600,Arthur,Smith,XXXXXXXXX,XXXXXXXXX,1,15622
6601,Mary,Andrade,XXXXXXXXX,XXXXXXXXX,2,8106
6602,Robert,Smith,XXXXXXXXX,XXXXXXXXX,2,14620
6603,Brenda,Gonzalez,XXXXXXXXX,XXXXXXXXX,2,7893
6604,Heather,Smith,XXXXXXXXX,XXXXXXXXX,1,14464
6605,Mary,Branch,XXXXXXXXX,XXXXXXXXX,1,16127
6606,Elizabeth,Smith,XXXXXXXXX,XXXXXXXXX,3,7440
6607,Joan,Cole,XXXXXXXXX,XXXXXXXXX,3,5992
6608,Mary,Higgins,XXXXXXXXX,XXXXXXXXX,3,9573
6609,Betty,Orr,XXXXXXXXX,XXXXXXXXX,1,2277
6610,Mary,Smith,XXXXXXXXX,XXXXXXXXX,1,13723
6611,Dennis,Smith,XXXXXXXXX,XXXXXXXXX,3,4483
6612,Mary,Chaney,XXXXXXXXX,XXXXXXXXX,3,13107
6614,Janet,Glover,XXXXXXXXX,XXXXXXXXX,1,12198
6615,Mary,Meadows,XXXXXXXXX,XXXXXXXXX,1,5972
6616,Shirley,Smith,XXXXXXXXX,XXXXXXXXX,2,3901
6617,Mary,Barnes,XXXXXXXXX,XXXXXXXXX,1,7380
6618,Julie,Hamilton,XXXXXXXXX,XXXXXXXXX,1,2591
6619,Mary,Craig,XXXXXXXXX,XXXXXXXXX,3,16333
6620,Elizabeth,Smith,XXXXXXXXX,XXXXXXXXX,1,5783
6621,Joan,Hayes,XXXXXXXXX,XXXXXXXXX,1,7358
6622,Mary,Smith,XXXXXXXXX,XXXXXXXXX,1,8088
6623,Christian,Turner,XXXXXXXXX,XXXXXXXXX,2,16322
6624,Mary,Todd,XXXXXXXXX,XXXXXXXXX,1,4389
6625,Randy,Smith,XXXXXXXXX,XXXXXXXXX,1,1295
6626,Mary,Franklin,XXXXXXXXX,XXXXXXXXX,1,3823
6627,Christina,Smith,XXXXXXXXX,XXXXXXXXX,2,7952
6628,Billy,Johnson,XXXXXXXXX,XXXXXXXXX,3,14581
6629,Mary,Dean,XXXXXXXXX,XXXXXXXXX,3,16262
6630,Roy,Malone,XXXXXXXXX,XXXXXXXXX,3,4813
6631,Mary,Morrow,XXXXXXXXX,XXXXXXXXX,3,12552
6632,Jessica,Smith,XXXXXXXXX,XXXXXXXXX,1,4343
6633,Roger,Gonzales,XXXXXXXXX,XXXXXXXXX,1,12857
6634,Mary,Smith,XXXXXXXXX,XXXXXXXXX,2,2207
6635,Bryan,Esparza,XXXXXXXXX,XXXXXXXXX,2,11251
6636,Mary,Smith,XXXXXXXXX,XXXXXXXXX,3,7599
6637,Eric,Richardson,XXXXXXXXX,XXXXXXXXX,1,10393
6638,Diane,Burgess,XXXXXXXXX,XXXXXXXXX,2,10849
6639,Mary,Smith,XXXXXXXXX,XXXXXXXXX,2,8913
6640,Patricia,Gonzalez,XXXXXXXXX,XXXXXXXXX,2,13140
6641,Debra,Gonzales,XXXXXXXXX,XXXXXXXXX,1,14138
6642,Mary,Gill,XXXXXXXXX,XXXXXXXXX,1,16172
6643,Nicholas,Smith,XXXXXXXXX,XXXXXXXXX,1,2601
6644,Judith,Phillips,XXXXXXXXX,XXXXXXXXX,1,4874
6645,Zachary,Smith,XXXXXXXXX,XXXXXXXXX,1,2439
6646,Mary,Lopez,XXXXXXXXX,XXXXXXXXX,1,12579
6647,Tyler,Rivera,XXXXXXXXX,XXXXXXXXX,1,11334
6648,Austin,Ho,XXXXXXXXX,XXXXXXXXX,2,12805
6649,Mary,Smith,XXXXXXXXX,XXXXXXXXX,1,2604
6650,Sarah,Gillespie,XXXXXXXXX,XXXXXXXXX,1,12126
6651,Ashley,Smith,XXXXXXXXX,XXXXXXXXX,1,12378
6652,Sharon,Hammond,XXXXXXXXX,XXXXXXXXX,1,9349
6653,Judy,Smith,XXXXXXXXX,XXXXXXXXX,1,13085
6654,Mary,Simmons,XXXXXXXXX,XXXXXXXXX,1,2173
6655,Ashley,Smith,XXXXXXXXX,XXXXXXXXX,2,6720
6656,Ruth,Price,XXXXXXXXX,XXXXXXXXX,2,2031
6657,Alan,Gilbert,XXXXXXXXX,XXXXXXXXX,1,10973
6658,Mary,Smith,XXXXXXXXX,XXXXXXXXX,1,6826
6659,John,Frederick,XXXXXXXXX,XXXXXXXXX,2,14343
6660,Christine,Smith,XXXXXXXXX,XXXXXXXXX,3,8861
6661,Samantha,Floyd,XXXXXXXXX,XXXXXXXXX,3,14778
6662,Mary,Rocha,XXXXXXXXX,XXXXXXXXX,1,4176
6663,Susan,Smith,XXXXXXXXX,XXXXXXXXX,1,14482
6664,Mary,Hall,XXXXXXXXX,XXXXXXXXX,1,7605
6665,Anthony,Smith,XXXXXXXXX,XXXXXXXXX,1,3898
6666,Jean,Austin,XXXXXXXXX,XXXXXXXXX,1,4640
6667,Mary,Smith,XXXXXXXXX,XXXXXXXXX,1,10664
6668,Maria,Carlson,XXXXXXXXX,XXXXXXXXX,1,5518
6669,Mary,Smith,XXXXXXXXX,XXXXXXXXX,2,4864
6670,Betty,Lopez,XXXXXXXXX,XXXXXXXXX,2,7494
6671,Randy,Chambers,XXXXXXXXX,XXXXXXXXX,2,16290
6672,Mary,Conrad,XXXXXXXXX,XXXXXXXXX,2,14658
6673,Nancy,Smith,XXXXXXXXX,XXXXXXXXX,1,11800
6674,Mary,Shaw,XXXXXXXXX,XXXXXXXXX,1,8720
6675,Mary,Smith,XXXXXXXXX,XXXXXXXXX,3,885
6676,Daniel,Rivera,XXXXXXXXX,XXXXXXXXX,1,8333
6677,Patrick,Smith,XXXXXXXXX,XXXXXXXXX,2,323
6678,Mary,Church,XXXXXXXXX,XXXXXXXXX,1,3224
6679,Cynthia,Smith,XXXXXXXXX,XXXXXXXXX,1,13866
6680,Heather,Moore,XXXXXXXXX,XXXXXXXXX,2,3911
6681,Mary,Morton,XXXXXXXXX,XXXXXXXXX,2,942
6682,Samantha,Smith,XXXXXXXXX,XXXXXXXXX,2,5755
6683,Zachary,Reyes,XXXXXXXXX,XXXXXXXXX,3,5689
6684,Mary,Strong,XXXXXXXXX,XXXXXXXXX,3,11594
6685,Lori,Smith,XXXXXXXXX,XXXXXXXXX,1,9617
6686,Mary,Campbell,XXXXXXXXX,XXXXXXXXX,1,6110
6687,Julie,Hamilton,XXXXXXXXX,XXXXXXXXX,1,79
6688,Mary,Smith,XXXXXXXXX,XXXXXXXXX,2,1809
6689,Adam,Wright,XXXXXXXXX,XXXXXXXXX,2,8669
6690,Mary,Gilbert,XXXXXXXXX,XXXXXXXXX,2,16446
6691,John,Smith,XXXXXXXXX,XXXXXXXXX,3,15455
6692,Susan,Jackson,XXXXXXXXX,XXXXXXXXX,3,5399
6693,Mary,Smith,XXXXXXXXX,XXXXXXXXX,3,5550
6694,John,Evans,XXXXXXXXX,XXXXXXXXX,2,3362
6695,Lori,Washington,XXXXXXXXX,XXXXXXXXX,2,3271
6696,Mary,Spencer,XXXXXXXXX,XXXXXXXXX,2,16019
6697,William,Smith,XXXXXXXXX,XXXXXXXXX,3,16240
6698,Kathryn,Barnett,XXXXXXXXX,XXXXXXXXX,3,1887
6699,Mary,Smith,XXXXXXXXX,XXXXXXXXX,1,1548
6700,Virginia,Walker,XXXXXXXXX,XXXXXXXXX,1,11868
6701,Mary,Carter,XXXXXXXXX,XXXXXXXXX,1,13381
6702,Christina,Mckinney,XXXXXXXXX,XXXXXXXXX,1,3989
6703,Mary,Smith,XXXXXXXXX,XXXXXXXXX,1,13104
6704,John,Church,XXXXXXXXX,XXXXXXXXX,1,5301
6705,Mary,Smith,XXXXXXXXX,XXXXXXXXX,1,11174
6706,Carolyn,Harmon,XXXXXXXXX,XXXXXXXXX,1,6423
6707,Grace,Smith,XXXXXXXXX,XXXXXXXXX,2,1892
6708,Mary,Costa,XXXXXXXXX,XXXXXXXXX,2,9666
6709,Pamela,Smith,XXXXXXXXX,XXXXXXXXX,2,9413
6710,Douglas,Moore,XXXXXXXXX,XXXXXXXXX,2,752
6711,Mary,Yang,XXXXXXXXX,XXXXXXXXX,2,11944
6712,Olivia,Smith,XXXXXXXXX,XXXXXXXXX,1,13035
6713,Mary,Banks,XXXXXXXXX,XXXXXXXXX,1,13037
6714,Christina,Smith,XXXXXXXXX,XXXXXXXXX,1,5598
6715,Mary,Edwards,XXXXXXXXX,XXXXXXXXX,1,662
6716,Elizabeth,Dixon,XXXXXXXXX,XXXXXXXXX,1,15218
6717,Stephen,Smith,XXXXXXXXX,XXXXXXXXX,1,10697
6718,Kelly,Simmons,XXXXXXXXX,XXXXXXXXX,2,10568
6719,Mary,Smith,XXXXXXXXX,XXXXXXXXX,2,1871
6720,Olivia,Moran,XXXXXXXXX,XXXXXXXXX,1,12717
6721,Mary,Poole,XXXXXXXXX,XXXXXXXXX,2,13999
6722,Amy,Smith,XXXXXXXXX,XXXXXXXXX,2,7267
6723,Mary,Burns,XXXXXXXXX,XXXXXXXXX,2,7064
6724,Benjamin,Smith,XXXXXXXXX,XXXXXXXXX,2,783
6725,Mary,Alexander,XXXXXXXXX,XXXXXXXXX,2,15074
6726,Edward,Ryan,XXXXXXXXX,XXXXXXXXX,2,2549
6727,Mary,Velasquez,XXXXXXXXX,XXXXXXXXX,2,6232
6728,Dorothy,Smith,XXXXXXXXX,XXXXXXXXX,2,11085
6729,Janice,Russell,XXXXXXXXX,XXXXXXXXX,2,13512
6730,Mary,Gallegos,XXXXXXXXX,XXXXXXXXX,2,10843
6731,Carol,Smith,XXXXXXXXX,XXXXXXXXX,2,610
6732,Mary,Campbell,XXXXXXXXX,XXXXXXXXX,1,2166
6733,Dorothy,Chung,XXXXXXXXX,XXXXXXXXX,1,11351
6734,Mary,Smith,XXXXXXXXX,XXXXXXXXX,3,4421
6735,Barbara,Martin,XXXXXXXXX,XXXXXXXXX,2,14426
6736,Timothy,Guzman,XXXXXXXXX,XXXXXXXXX,2,15927
6737,Joyce,Smith,XXXXXXXXX,XXXXXXXXX,1,10663
6738,Mary,Taylor,XXXXXXXXX,XXXXXXXXX,1,14755
6739,Matthew,Mullins,XXXXXXXXX,XXXXXXXXX,1,10781
6740,Brian,Smith,XXXXXXXXX,XXXXXXXXX,2,611
6741,Mary,Rogers,XXXXXXXXX,XXXXXXXXX,2,11449
6742,David,Richardson,XXXXXXXXX,XXXXXXXXX,2,4530
6743,Doris,West,XXXXXXXXX,XXXXXXXXX,1,2011
6744,Cheryl,Medina,XXXXXXXXX,XXXXXXXXX,2,12565
6745,Mary,Smith,XXXXXXXXX,XXXXXXXXX,2,11730
6746,Anthony,Sanchez,XXXXXXXXX,XXXXXXXXX,3,9451
6747,Kathy,Simpson,XXXXXXXXX,XXXXXXXXX,3,12584
6748,Keith,Smith,XXXXXXXXX,XXXXXXXXX,3,15053
6749,Mary,Brooks,XXXXXXXXX,XXXXXXXXX,3,3144
6750,Alan,Smith,XXXXXXXXX,XXXXXXXXX,1,6561
6751,Mary,Rose,XXXXXXXXX,XXXXXXXXX,1,6628
6752,Daniel,Smith,XXXXXXXXX,XXXXXXXXX,1,16281
6753,Judith,Hester,XXXXXXXXX,XXXXXXXXX,3,11031
6754,Beverly,Smith,XXXXXXXXX,XXXXXXXXX,3,6951
6755,Mary,Callahan,XXXXXXXXX,XXXXXXXXX,3,1582
6756,Jean,Smith,XXXXXXXXX,XXXXXXXXX,3,5345
6757,Mary,Freeman,XXXXXXXXX,XXXXXXXXX,1,1999
6758,John,Chung,XXXXXXXXX,XXXXXXXXX,1,15702
6759,Matthew,Smith,XXXXXXXXX,XXXXXXXXX,1,2052
6760,Kathleen,Collins,XXXXXXXXX,XXXXXXXXX,1,15082
6761,Ethan,Burgess,XXXXXXXXX,XXXXXXXXX,1,2308
6762,Mary,Smith,XXXXXXXXX,XXXXXXXXX,3,10665
6763,William,Salas,XXXXXXXXX,XXXXXXXXX,2,13834
6764,Scott,Smith,XXXXXXXXX,XXXXXXXXX,3,14878
6765,Brittany,Ryan,XXXXXXXXX,XXXXXXXXX,3,4262
6766,Mary,Smith,XXXXXXXXX,XXXXXXXXX,1,9704
6767,Brenda,Carey,XXXXXXXXX,XXXXXXXXX,1,15628
6768,Catherine,Smith,XXXXXXXXX,XXXXXXXXX,1,15508
6769,Katherine,Riley,XXXXXXXXX,XXXXXXXXX,3,2494
6770,Gregory,Smith,XXXXXXXXX,XXXXXXXXX,3,616
6771,Victoria,Moran,XXXXXXXXX,XXXXXXXXX,1,811
6772,Doris,Smith,XXXXXXXXX,XXXXXXXXX,1,11135
6773,Mary,Gonzalez,XXXXXXXXX,XXXXXXXXX,2,14798
6774,Lauren,Shaffer,XXXXXXXXX,XXXXXXXXX,1,15885
6775,Mary,Smith,XXXXXXXXX,XXXXXXXXX,1,6949
6776,Nancy,Mills,XXXXXXXXX,XXXXXXXXX,1,8217
6777,Denise,Osborne,XXXXXXXXX,XXXXXXXXX,1,15495
6778,Mary,Beasley,XXXXXXXXX,XXXXXXXXX,1,15886
6779,Richard,Durham,XXXXXXXXX,XXXXXXXXX,2,9933
6780,Sean,Chung,XXXXXXXXX,XXXXXXXXX,2,11312
6781,Mary,Smith,XXXXXXXXX,XXXXXXXXX,2,5241
6782,Raymond,Vaughn,XXXXXXXXX,XXXXXXXXX,1,3251
6783,Mary,Smith,XXXXXXXXX,XXXXXXXXX,2,7659
6784,Brian,Weber,XXXXXXXXX,XXXXXXXXX,2,5990
6785,Mary,Davila,XXXXXXXXX,XXXXXXXXX,2,15122
6786,Robert,Smith,XXXXXXXXX,XXXXXXXXX,2,10763
6787,Kathy,Martinez,XXXXXXXXX,XXXXXXXXX,2,12772
6788,Mary,Allen,XXXXXXXXX,XXXXXXXXX,2,6088
6789,Jessica,Mcintosh,XXXXXXXXX,XXXXXXXXX,2,15301
6790,Mary,Smith,XXXXXXXXX,XXXXXXXXX,2,9567
6791,Philip,Miles,XXXXXXXXX,XXXXXXXXX,1,7181
6792,Mary,Smith,XXXXXXXXX,XXXXXXXXX,1,8228
6793,Helen,Morgan,XXXXXXXXX,XXXXXXXXX,1,4703
6794,Wayne,Hendricks,XXXXXXXXX,XXXXXXXXX,1,10797
6795,Mary,Hardin,XXXXXXXXX,XXXXXXXXX,1,12971
6796,Jeremy,Smith,XXXXXXXXX,XXXXXXXXX,1,16482
6797,Mary,Thomas,XXXXXXXXX,XXXXXXXXX,1,10903
6798,Maria,Harvey,XXXXXXXXX,XXXXXXXXX,1,14690
6799,Mary,Smith,XXXXXXXXX,XXXXXXXXX,1,9818
6800,Christine,Ford,XXXXXXXXX,XXXXXXXXX,2,4122
6801,Douglas,Smith,XXXXXXXXX,XXXXXXXXX,1,570
6802,Mary,Kim,XXXXXXXXX,XXXXXXXXX,2,4602
6803,Margaret,Smith,XXXXXXXXX,XXXXXXXXX,3,3951
6804,Matthew,Ortega,XXXXXXXXX,XXXXXXXXX,3,5202
6805,Donald,Smith,XXXXXXXXX,XXXXXXXXX,3,3054
6806,Catherine,Guerra,XXXXXXXXX,XXXXXXXXX,3,10678
6807,Gloria,Grimes,XXXXXXXXX,XXXXXXXXX,2,2434
6808,Mary,Smith,XXXXXXXXX,XXXXXXXXX,2,12433
6809,Justin,Noble,XXXXXXXXX,XXXXXXXXX,1,1189
6810,Roger,Smith,XXXXXXXXX,XXXXXXXXX,1,12160
6811,Mary,Cook,XXXXXXXXX,XXXXXXXXX,1,12080
6812,Sharon,Smith,XXXXXXXXX,XXXXXXXXX,1,11040
6813,Jeffrey,Coleman,XXXXXXXXX,XXXXXXXXX,2,10622
6814,Mary,May,XXXXXXXXX,XXXXXXXXX,1,1894
6815,Patricia,Kramer,XXXXXXXXX,XXXXXXXXX,1,3441
6816,Steven,Smith,XXXXXXXXX,XXXXXXXXX,2,9039
6817,Mary,Garrett,XXXXXXXXX,XXXXXXXXX,1,10036
6818,Angela,Daniel,XXXXXXXXX,XXXXXXXXX,3,2273
6819,Mary,Ali,XXXXXXXXX,XXXXXXXXX,3,9233
6820,Kenneth,Smith,XXXXXXXXX,XXXXXXXXX,3,5536
6821,Dennis,Lopez,XXXXXXXXX,XXXXXXXXX,3,8324
6822,Diana,Smith,XXXXXXXXX,XXXXXXXXX,3,13505
6823,Mary,Wright,XXXXXXXXX,XXXXXXXXX,3,13260
6824,Ashley,Moyer,XXXXXXXXX,XXXXXXXXX,3,1905
6825,Mary,Smith,XXXXXXXXX,XXXXXXXXX,3,6749
6826,Jerry,Sandoval,XXXXXXXXX,XXXXXXXXX,3,7919
6827,Mary,Smith,XXXXXXXXX,XXXXXXXXX,3,7101
6828,Steven,Williams,XXXXXXXXX,XXXXXXXXX,3,10268
6829,Mary,Mcdonald,XXXXXXXXX,XXXXXXXXX,1,963
6830,Susan,Ferguson,XXXXXXXXX,XXXXXXXXX,1,12286
6831,Mary,Stephens,XXXXXXXXX,XXXXXXXXX,1,5532
6832,Patricia,Smith,XXXXXXXXX,XXXXXXXXX,1,1353
6833,Matthew,Watkins,XXXXXXXXX,XXXXXXXXX,2,7096
6834,Mary,Smith,XXXXXXXXX,XXXXXXXXX,1,3496
6835,Robert,Singh,XXXXXXXXX,XXXXXXXXX,1,15693
6836,Virginia,Smith,XXXXXXXXX,XXXXXXXXX,1,3060
6837,Mary,Davis,XXXXXXXXX,XXXXXXXXX,2,7681
6838,Lisa,Garcia,XXXXXXXXX,XXXXXXXXX,3,9123
6839,Bobby,Bean,XXXXXXXXX,XXXXXXXXX,2,1042
6840,Mary,Smith,XXXXXXXXX,XXXXXXXXX,2,10397
6841,Linda,Fisher,XXXXXXXXX,XXXXXXXXX,2,3325
6842,Carol,Reese,XXXXXXXXX,XXXXXXXXX,2,2655
6843,Rebecca,Smith,XXXXXXXXX,XXXXXXXXX,1,1996
6844,Mary,Hicks,XXXXXXXXX,XXXXXXXXX,1,11339
6845,Mary,Smith,XXXXXXXXX,XXXXXXXXX,3,2624
6846,Joe,White,XXXXXXXXX,XXXXXXXXX,1,924
6847,Mary,Dixon,XXXXXXXXX,XXXXXXXXX,1,7743
6848,Larry,Maddox,XXXXXXXXX,XXXXXXXXX,1,7734
6849,Mary,Smith,XXXXXXXXX,XXXXXXXXX,1,7628
6850,Russell,Taylor,XXXXXXXXX,XXXXXXXXX,1,8551
6851,Mary,Smith,XXXXXXXXX,XXXXXXXXX,1,10987
6852,Janet,Moon,XXXXXXXXX,XXXXXXXXX,1,9609
6853,Kelly,Smith,XXXXXXXXX,XXXXXXXXX,1,13953
6854,Mary,Wade,XXXXXXXXX,XXXXXXXXX,1,3089
6855,Louis,Callahan,XXXXXXXXX,XXXXXXXXX,2,10640
6856,Mary,Smith,XXXXXXXXX,XXXXXXXXX,2,1928
6857,Scott,Fuller,XXXXXXXXX,XXXXXXXXX,2,479
6858,Diana,Castaneda,XXXXXXXXX,XXXXXXXXX,2,985
6859,Mary,Smith,XXXXXXXXX,XXXXXXXXX,1,4523
6860,Joseph,Shea,XXXXXXXXX,XXXXXXXXX,1,3613
6861,Brenda,Smith,XXXXXXXXX,XXXXXXXXX,1,10424
6862,Mary,Taylor,XXXXXXXXX,XXXXXXXXX,1,14456
6863,Joshua,Smith,XXXXXXXXX,XXXXXXXXX,2,6972
6864,Kathryn,Smith,XXXXXXXXX,XXXXXXXXX,2,8872
6865,Mary,Becker,XXXXXXXXX,XXXXXXXXX,1,12112
6866,Wayne,Smith,XXXXXXXXX,XXXXXXXXX,1,3382
6867,Mary,Johnson,XXXXXXXXX,XXXXXXXXX,1,12178
6868,Johnny,Crosby,XXXXXXXXX,XXXXXXXXX,2,620
6869,Mary,Smith,XXXXXXXXX,XXXXXXXXX,3,764
6870,Jessica,Owens,XXXXXXXXX,XXXXXXXXX,3,15860
6871,Gregory,Bowman,XXXXXXXXX,XXXXXXXXX,3,5748
6872,Mary,Lloyd,XXXXXXXXX,XXXXXXXXX,2,7060
6873,Steven,Smith,XXXXXXXXX,XXXXXXXXX,2,7837
6874,Jordan,Freeman,XXXXXXXXX,XXXXXXXXX,2,15047
6875,Mary,Mcdowell,XXXXXXXXX,XXXXXXXXX,2,14594
6876,Helen,Smith,XXXXXXXXX,XXXXXXXXX,2,2873
6877,Mary,Savage,XXXXXXXXX,XXXXXXXXX,2,6954
6878,Betty,Smith,XXXXXXXXX,XXXXXXXXX,2,1255
6879,Mark,Mcguire,XXXXXXXXX,XXXXXXXXX,1,5209
6880,Brenda,Smith,XXXXXXXXX,XXXXXXXXX,1,5563
6881,Mary,Arnold,XXXXXXXXX,XXXXXXXXX,1,6476
6882,Raymond,George,XXXXXXXXX,XXXXXXXXX,3,10148
6883,Mary,Smith,XXXXXXXXX,XXXXXXXXX,2,8192
6884,Amber,Carr,XXXXXXXXX,XXXXXXXXX,1,4422
6885,Mary,Smith,XXXXXXXXX,XXXXXXXXX,1,12797
6886,Jessica,Peck,XXXXXXXXX,XXXXXXXXX,1,12676
6887,Mary,Smith,XXXXXXXXX,XXXXXXXXX,1,14479
6888,Cynthia,Mendoza,XXXXXXXXX,XXXXXXXXX,2,504
6889,Mary,Sandoval,XXXXXXXXX,XXXXXXXXX,1,16142
6890,Nancy,Smith,XXXXXXXXX,XXXXXXXXX,1,13353
6891,Mary,Gill,XXXXXXXXX,XXXXXXXXX,1,4469
6892,Robert,Kramer,XXXXXXXXX,XXXXXXXXX,1,15093
6893,Deborah,Smith,XXXXXXXXX,XXXXXXXXX,1,3979
6894,Gerald,Nichols,XXXXXXXXX,XXXXXXXXX,2,7347
6895,Mary,Hebert,XXXXXXXXX,XXXXXXXXX,2,12140
6896,Donna,Smith,XXXXXXXXX,XXXXXXXXX,2,3456
6897,Mary,Howard,XXXXXXXXX,XXXXXXXXX,2,6948
6898,Nathan,Butler,XXXXXXXXX,XXXXXXXXX,2,15367
6899,Mary,Smith,XXXXXXXXX,XXXXXXXXX,1,11879
6900,Judith,Pham,XXXXXXXXX,XXXXXXXXX,1,2930
6901,Mary,Kaiser,XXXXXXXXX,XXXXXXXXX,1,847
6902,Melissa,Smith,XXXXXXXXX,XXXXXXXXX,1,12442
6903,Alexander,Moore,XXXXXXXXX,XXXXXXXXX,1,2260
6904,Mary,Smith,XXXXXXXXX,XXXXXXXXX,1,15079
6905,Matthew,Dunn,XXXXXXXXX,XXXXXXXXX,1,10775
6906,Rebecca,Watkins,XXXXXXXXX,XXXXXXXXX,1,2156
6907,Timothy,Smith,XXXXXXXXX,XXXXXXXXX,1,11205
6908,Grace,Wilson,XXXXXXXXX,XXXXXXXXX,1,8162
6909,Mary,Salinas,XXXXXXXXX,XXXXXXXXX,1,12392
6910,Carol,Smith,XXXXXXXXX,XXXXXXXXX,1,12267
6911,Mary,Brewer,XXXXXXXXX,XXXXXXXXX,2,16141
6912,Kathy,Smith,XXXXXXXXX,XXXXXXXXX,2,6022
6913,Jeremy,Zamora,XXXXXXXXX,XXXXXXXXX,3,4641
6914,Mary,Smith,XXXXXXXXX,XXXXXXXXX,2,2187
6915,Robert,Whitney,XXXXXXXXX,XXXXXXXXX,2,6424
6916,Scott,Smith,XXXXXXXXX,XXXXXXXXX,3,16081
6917,Mary,Roberts,XXXXXXXXX,XXXXXXXXX,3,3243
6918,David,Smith,XXXXXXXXX,XXXXXXXXX,3,10768
6919,Tyler,Bradley,XXXXXXXXX,XXXXXXXXX,1,12270
6920,Mary,Smith,XXXXXXXXX,XXXXXXXXX,1,9628
6921,Willie,Stafford,XXXXXXXXX,XXXXXXXXX,1,8165
6922,Mary,Smith,XXXXXXXXX,XXXXXXXXX,1,9978
6923,Mark,Reid,XXXXXXXXX,XXXXXXXXX,2,5758
6924,Mary,Guerra,XXXXXXXXX,XXXXXXXXX,1,11368
6925,Mary,Smith,XXXXXXXXX,XXXXXXXXX,1,6080
6926,Ashley,Powell,XXXXXXXXX,XXXXXXXXX,1,9582
6927,Mary,Cohen,XXXXXXXXX,XXXXXXXXX,1,4828
6928,Heather,Smith,XXXXXXXXX,XXXXXXXXX,1,15393
6929,Mary,Lopez,XXXXXXXXX,XXXXXXXXX,3,8696
6930,Paul,Morton,XXXXXXXXX,XXXXXXXXX,3,5243
6931,Nicole,Smith,XXXXXXXXX,XXXXXXXXX,1,4259
6932,Evelyn,Herring,XXXXXXXXX,XXXXXXXXX,3,14940
6933,Grace,Smith,XXXXXXXXX,XXXXXXXXX,1,1765
6934,Mary,Ellis,XXXXXXXXX,XXXXXXXXX,2,5032
6935,Debra,Preston,XXXXXXXXX,XXXXXXXXX,2,10661
6936,Mary,Smith,XXXXXXXXX,XXXXXXXXX,1,13575
6937,Betty,Wolfe,XXXXXXXXX,XXXXXXXXX,1,14543
6938,Kathleen,Smith,XXXXXXXXX,XXXXXXXXX,1,9283
6939,Amber,Jimenez,XXXXXXXXX,XXXXXXXXX,1,5664
6940,Mary,Smith,XXXXXXXXX,XXXXXXXXX,1,9158
6941,Jeffrey,Palmer,XXXXXXXXX,XXXXXXXXX,3,12877
6942,Jordan,Moran,XXXXXXXXX,XXXXXXXXX,3,3744
6943,Mary,Smith,XXXXXXXXX,XXXXXXXXX,3,6379
6944,Kyle,Robertson,XXXXXXXXX,XXXXXXXXX,3,6157
6945,Mary,Smith,XXXXXXXXX,XXXXXXXXX,3,9594
6946,Richard,Sanchez,XXXXXXXXX,XXXXXXXXX,2,4708
6947,Frances,Boyle,XXXXXXXXX,XXXXXXXXX,1,14693
6948,Mary,Smith,XXXXXXXXX,XXXXXXXXX,1,4698
6949,Charles,Williamson,XXXXXXXXX,XXXXXXXXX,3,1170
6950,Nicholas,Smith,XXXXXXXXX,XXXXXXXXX,2,9426
6951,Mary,Williams,XXXXXXXXX,XXXXXXXXX,2,2999
6952,Michael,Wise,XXXXXXXXX,XXXXXXXXX,1,3597
6953,Benjamin,Smith,XXXXXXXXX,XXXXXXXXX,3,4142
6954,Mary,Morse,XXXXXXXXX,XXXXXXXXX,3,13057
6955,Amber,Smith,XXXXXXXXX,XXXXXXXXX,2,3298
6956,Mary,Anderson,XXXXXXXXX,XXXXXXXXX,2,1449
6957,James,Knight,XXXXXXXXX,XXXXXXXXX,2,3879
6958,Michael,Pham,XXXXXXXXX,XXXXXXXXX,2,15164
6959,Joan,Lin,XXXXXXXXX,XXXXXXXXX,1,3300
6960,Mary,Smith,XXXXXXXXX,XXXXXXXXX,1,7847
6961,James,Mitchell,XXXXXXXXX,XXXXXXXXX,2,8064
6962,Jerry,Sandoval,XXXXXXXXX,XXXXXXXXX,2,3587
6963,Mary,Smith,XXXXXXXXX,XXXXXXXXX,2,8878
6964,Gregory,Dominguez,XXXXXXXXX,XXXXXXXXX,2,3063
6965,Mary,Chang,XXXXXXXXX,XXXXXXXXX,2,2054
6966,Joan,Smith,XXXXXXXXX,XXXXXXXXX,2,6298
6967,Johnny,Rodriguez,XXXXXXXXX,XXXXXXXXX,2,13240
6968,Mary,Sims,XXXXXXXXX,XXXXXXXXX,2,12889
6969,Mary,Smith,XXXXXXXXX,XXXXXXXXX,2,14859
6970,Helen,Long,XXXXXXXXX,XXXXXXXXX,2,15953
6971,Shirley,Smith,XXXXXXXXX,XXXXXXXXX,2,8909
6972,Grace,Black,XXXXXXXXX,XXXXXXXXX,2,11803
6973,Mary,Krause,XXXXXXXXX,XXXXXXXXX,3,4321
6974,Michael,Smith,XXXXXXXXX,XXXXXXXXX,3,1034
6975,Mary,Brown,XXXXXXXXX,XXXXXXXXX,1,547
6976,Debra,Jennings,XXXXXXXXX,XXXXXXXXX,3,496
6977,Mary,Short,XXXXXXXXX,XXXXXXXXX,1,8475
6978,Mary,Whitaker,XXXXXXXXX,XXXXXXXXX,1,16082
6979,Edward,Smith,XXXXXXXXX,XXXXXXXXX,3,2734
6980,Mary,Gilbert,XXXXXXXXX,XXXXXXXXX,3,14203
6981,Mary,Brennan,XXXXXXXXX,XXXXXXXXX,3,15232
6982,Janice,Smith,XXXXXXXXX,XXXXXXXXX,2,4041
6983,Mary,Black,XXXXXXXXX,XXXXXXXXX,1,14649
6984,John,Ewing,XXXXXXXXX,XXXXXXXXX,1,10836
6985,Daniel,Smith,XXXXXXXXX,XXXXXXXXX,1,5003
6986,Judith,Taylor,XXXXXXXXX,XXXXXXXXX,1,10043
6987,Mary,Phillips,XXXXXXXXX,XXXXXXXXX,2,9721
6988,Wayne,Bryant,XXXXXXXXX,XXXXXXXXX,2,11335
6989,Mary,Smith,XXXXXXXXX,XXXXXXXXX,2,11997
6990,Frank,Mathews,XXXXXXXXX,XXXXXXXXX,2,2440
6991,Mary,Smith,XXXXXXXXX,XXXXXXXXX,2,3002
6992,Christopher,Thompson,XXXXXXXXX,XXXXXXXXX,2,15335
6993,Mary,Page,XXXXXXXXX,XXXXXXXXX,3,7416
6994,Kathy,Frost,XXXXXXXXX,XXXXXXXXX,3,9074
6995,Mary,Smith,XXXXXXXXX,XXXXXXXXX,3,8335
6996,Justin,Spence,XXXXXXXXX,XXXXXXXXX,1,10761
6997,Mary,Smith,XXXXXXXXX,XXXXXXXXX,1,7078
6998,Catherine,Jimenez,XXXXXXXXX,XXXXXXXXX,1,5988
6999,Mary,Pitts,XXXXXXXXX,XXXXXXXXX,1,13910
7000,Amber,Smith,XXXXXXXXX,XXXXXXXXX,1,1055
7001,Mary,Weeks,XXXXXXXXX,XXXXXXXXX,1,5357
7002,Anna,Smith,XXXXXXXXX,XXXXXXXXX,1,7426
7003,Harry,Patrick,XXXXXXXXX,XXXXXXXXX,1,8795
7004,Mary,Smith,XXXXXXXXX,XXXXXXXXX,1,13230
7005,James,Carpenter,XXXXXXXXX,XXXXXXXXX,1,13440
7006,George,Smith,XXXXXXXXX,XXXXXXXXX,1,9235
7007,Mary,Mckinney,XXXXXXXXX,XXXXXXXXX,1,13919
7008,Sandra,Rangel,XXXXXXXXX,XXXXXXXXX,2,2219
7009,Mary,Smith,XXXXXXXXX,XXXXXXXXX,1,8052
7010,Jessica,Kelley,XXXXXXXXX,XXXXXXXXX,3,10814
7012,Mary,Allen,XXXXXXXXX,XXXXXXXXX,1,15629
7013,Amber,Smith,XXXXXXXXX,XXXXXXXXX,1,1965
7014,Mary,Carey,XXXXXXXXX,XXXXXXXXX,1,15413
7015,Andrew,Smith,XXXXXXXXX,XXXXXXXXX,2,13775
7016,Jack,Sloan,XXXXXXXXX,XXXXXXXXX,2,2409
7017,Mary,Ewing,XXXXXXXXX,XXXXXXXXX,2,3778
7018,Sarah,Smith,XXXXXXXXX,XXXXXXXXX,1,11593
7019,Kelly,Turner,XXXXXXXXX,XXXXXXXXX,1,13892
7020,Mary,Chase,XXXXXXXXX,XXXXXXXXX,1,15828
7021,Debra,Smith,XXXXXXXXX,XXXXXXXXX,1,7941
7022,Mary,Smith,XXXXXXXXX,XXXXXXXXX,2,6676
7023,Jacqueline,Roberson,XXXXXXXXX,XXXXXXXXX,1,5898
7024,Jerry,Smith,XXXXXXXXX,XXXXXXXXX,1,7810
7025,Mary,Williams,XXXXXXXXX,XXXXXXXXX,2,11311
7026,Ann,Hester,XXXXXXXXX,XXXXXXXXX,2,4207
7027,Mary,Smith,XXXXXXXXX,XXXXXXXXX,1,12525
7028,Elizabeth,Edwards,XXXXXXXXX,XXXXXXXXX,2,3113
7029,Christina,Moreno,XXXXXXXXX,XXXXXXXXX,1,345
7030,Mary,Schaefer,XXXXXXXXX,XXXXXXXXX,1,1205
7031,Virginia,Smith,XXXXXXXXX,XXXXXXXXX,1,6469
7032,Mary,Gonzalez,XXXXXXXXX,XXXXXXXXX,1,4773
7033,Robert,Hayes,XXXXXXXXX,XXXXXXXXX,2,3041
7034,Brenda,Smith,XXXXXXXXX,XXXXXXXXX,2,14886
7035,Mary,Ayers,XXXXXXXXX,XXXXXXXXX,2,13586
7036,Maria,Smith,XXXXXXXXX,XXXXXXXXX,2,16226
7037,Mary,Bauer,XXXXXXXXX,XXXXXXXXX,1,8349
7038,Christopher,Smith,XXXXXXXXX,XXXXXXXXX,1,11832
7039,Samuel,Rodriguez,XXXXXXXXX,XXXXXXXXX,2,457
7040,Mary,Koch,XXXXXXXXX,XXXXXXXXX,1,15080
7041,Nancy,Smith,XXXXXXXXX,XXXXXXXXX,1,929
7042,Mary,Hudson,XXXXXXXXX,XXXXXXXXX,3,14093
7043,Cheryl,Smith,XXXXXXXXX,XXXXXXXXX,1,13027
7044,Mary,Cooke,XXXXXXXXX,XXXXXXXXX,1,11471
7045,Helen,Smith,XXXXXXXXX,XXXXXXXXX,1,15670
7046,Crystal,Davis,XXXXXXXXX,XXXXXXXXX,3,10636
7047,Sean,Burch,XXXXXXXXX,XXXXXXXXX,1,8546
7048,Mary,Smith,XXXXXXXXX,XXXXXXXXX,3,3151
7049,Justin,Graham,XXXXXXXXX,XXXXXXXXX,2,11441
7050,Mary,Holloway,XXXXXXXXX,XXXXXXXXX,1,148
7051,Russell,Smith,XXXXXXXXX,XXXXXXXXX,1,14507
7052,Mary,Faulkner,XXXXXXXXX,XXXXXXXXX,1,890
7053,Donald,Smith,XXXXXXXXX,XXXXXXXXX,1,1951
7054,Maria,Arnold,XXXXXXXXX,XXXXXXXXX,1,12657
7055,Emma,Smith,XXXXXXXXX,XXXXXXXXX,1,11310
7056,Mary,Roman,XXXXXXXXX,XXXXXXXXX,1,6946
7057,Jennifer,Smith,XXXXXXXXX,XXXXXXXXX,1,2112
7058,Megan,Mills,XXXXXXXXX,XXXXXXXXX,1,923
7059,Mary,Smith,XXXXXXXXX,XXXXXXXXX,1,2258
7060,Virginia,Carroll,XXXXXXXXX,XXXXXXXXX,3,9303
7061,Evelyn,Stanley,XXXXXXXXX,XXXXXXXXX,1,15229
7062,Jack,Hines,XXXXXXXXX,XXXXXXXXX,1,4595
7063,Mary,Smith,XXXXXXXXX,XXXXXXXXX,2,6941
7064,Ann,Morris,XXXXXXXXX,XXXXXXXXX,2,15630
7065,Mary,Watson,XXXXXXXXX,XXXXXXXXX,2,14381
7066,Emma,Mcclain,XXXXXXXXX,XXXXXXXXX,1,7720
7067,Mary,Smith,XXXXXXXXX,XXXXXXXXX,2,16301
7068,Gloria,Freeman,XXXXXXXXX,XXXXXXXXX,2,12751
7069,Mary,Garza,XXXXXXXXX,XXXXXXXXX,2,13516
7070,Jean,Smith,XXXXXXXXX,XXXXXXXXX,2,4865
7071,Amber,Anderson,XXXXXXXXX,XXXXXXXXX,3,11208
7072,Mary,Duffy,XXXXXXXXX,XXXXXXXXX,1,3899
7073,Joan,Smith,XXXXXXXXX,XXXXXXXXX,1,1918
7074,Mary,Patton,XXXXXXXXX,XXXXXXXXX,1,11577
7075,Frank,Smith,XXXXXXXXX,XXXXXXXXX,3,15306
7076,Mary,Olson,XXXXXXXXX,XXXXXXXXX,3,524
7077,Katherine,Krueger,XXXXXXXXX,XXXXXXXXX,3,107
7078,Mary,Smith,XXXXXXXXX,XXXXXXXXX,3,6125
7079,Matthew,Thomas,XXXXXXXXX,XXXXXXXXX,3,994
7080,Jean,Hoffman,XXXXXXXXX,XXXXXXXXX,1,10
7081,Mary,Smith,XXXXXXXXX,XXXXXXXXX,1,789
7082,Adam,Blair,XXXXXXXXX,XXXXXXXXX,1,15762
7083,Mary,Shannon,XXXXXXXXX,XXXXXXXXX,3,5039
7084,Jennifer,Smith,XXXXXXXXX,XXXXXXXXX,3,5650
7085,Sean,Thomas,XXXXXXXXX,XXXXXXXXX,2,6897
7086,Mary,Shields,XXXXXXXXX,XXXXXXXXX,2,12897
7087,Donna,Smith,XXXXXXXXX,XXXXXXXXX,1,11279
7088,Mary,Baker,XXXXXXXXX,XXXXXXXXX,2,9261
7089,Grace,Snyder,XXXXXXXXX,XXXXXXXXX,1,8685
7090,Mary,Smith,XXXXXXXXX,XXXXXXXXX,1,3636
7091,Elizabeth,Wells,XXXXXXXXX,XXXXXXXXX,1,13662
7092,Jacob,Smith,XXXXXXXXX,XXXXXXXXX,1,11250
7093,Mary,Ochoa,XXXXXXXXX,XXXXXXXXX,1,4765
7094,Mary,Smith,XXXXXXXXX,XXXXXXXXX,1,2294
7095,Amanda,Hogan,XXXXXXXXX,XXXXXXXXX,1,4774
7096,Mary,Smith,XXXXXXXXX,XXXXXXXXX,1,10788
7097,Hannah,Kim,XXXXXXXXX,XXXXXXXXX,1,13942
7098,Howard,Stark,XXXXXXXXX,XXXXXXXXX,1,13960
7099,Mary,Smith,XXXXXXXXX,XXXXXXXXX,1,3247
7100,Jessica,Mckenzie,XXXXXXXXX,XXXXXXXXX,1,3500
7101,Mary,Smith,XXXXXXXXX,XXXXXXXXX,1,15592
7102,David,Bradley,XXXXXXXXX,XXXXXXXXX,1,9834
7103,Ann,Smith,XXXXXXXXX,XXXXXXXXX,1,9058
7104,Mary,Rangel,XXXXXXXXX,XXXXXXXXX,3,12012
7105,Angela,Smith,XXXXXXXXX,XXXXXXXXX,3,13255
7106,Maria,Turner,XXXXXXXXX,XXXXXXXXX,3,6501
7107,Mary,Caldwell,XXXXXXXXX,XXXXXXXXX,3,15384
7108,Timothy,Smith,XXXXXXXXX,XXXXXXXXX,3,1523
7109,Mary,Torres,XXXXXXXXX,XXXXXXXXX,2,13527
7110,Thomas,Farley,XXXXXXXXX,XXXXXXXXX,1,9240
7111,Sarah,Smith,XXXXXXXXX,XXXXXXXXX,3,8604
7112,Mark,Harris,XXXXXXXXX,XXXXXXXXX,3,2823
7113,Mary,Shepherd,XXXXXXXXX,XXXXXXXXX,2,8709
7114,Deborah,Smith,XXXXXXXXX,XXXXXXXXX,2,7531
7115,Brandon,Willis,XXXXXXXXX,XXXXXXXXX,2,2333
7116,Mary,Smith,XXXXXXXXX,XXXXXXXXX,2,14935
7117,Teresa,Edwards,XXXXXXXXX,XXXXXXXXX,1,13250
7118,Ethan,Watkins,XXXXXXXXX,XXXXXXXXX,1,1923
7119,Russell,Smith,XXXXXXXXX,XXXXXXXXX,1,14855
7120,Mary,Mcintyre,XXXXXXXXX,XXXXXXXXX,1,11112
7121,Jason,Smith,XXXXXXXXX,XXXXXXXXX,1,6570
7122,Teresa,Carlson,XXXXXXXXX,XXXXXXXXX,1,7849
7123,Carl,Smith,XXXXXXXXX,XXXXXXXXX,1,6517
7124,Roger,Baker,XXXXXXXXX,XXXXXXXXX,1,14453
7125,Mary,Kaufman,XXXXXXXXX,XXXXXXXXX,1,16477
7126,James,Smith,XXXXXXXXX,XXXXXXXXX,1,2107
7127,Catherine,Escobar,XXXXXXXXX,XXXXXXXXX,1,5663
7128,Randy,Smith,XXXXXXXXX,XXXXXXXXX,1,5075
7129,Mary,Wyatt,XXXXXXXXX,XXXXXXXXX,2,1974
7130,Alice,Smith,XXXXXXXXX,XXXXXXXXX,2,14498
7131,Mary,Walton,XXXXXXXXX,XXXXXXXXX,2,1528
7132,David,Guerra,XXXXXXXXX,XXXXXXXXX,1,10476
7133,Kathy,Smith,XXXXXXXXX,XXXXXXXXX,1,4202
7135,Benjamin,Davenport,XXXXXXXXX,XXXXXXXXX,1,9186
7136,Mary,Smith,XXXXXXXXX,XXXXXXXXX,1,11423
7137,Thomas,Reyes,XXXXXXXXX,XXXXXXXXX,1,2053
7139,Mary,Smith,XXXXXXXXX,XXXXXXXXX,3,7612
7140,Samantha,Anderson,XXXXXXXXX,XXXXXXXXX,2,10699
7141,Mary,Jackson,XXXXXXXXX,XXXXXXXXX,2,12453
7142,Jacqueline,Rogers,XXXXXXXXX,XXXXXXXXX,3,7793
7143,Mary,Burnett,XXXXXXXXX,XXXXXXXXX,3,2446
7144,Douglas,Haley,XXXXXXXXX,XXXXXXXXX,3,12800
7145,Mary,Smith,XXXXXXXXX,XXXXXXXXX,3,15701
7146,Nancy,Curry,XXXXXXXXX,XXXXXXXXX,1,11148
7147,Kenneth,Smith,XXXXXXXXX,XXXXXXXXX,2,2309
7148,Kyle,Martinez,XXXXXXXXX,XXXXXXXXX,2,8583
7149,Billy,Weeks,XXXXXXXXX,XXXXXXXXX,2,4484
7150,Mary,Smith,XXXXXXXXX,XXXXXXXXX,1,6637
7151,George,Henry,XXXXXXXXX,XXXXXXXXX,1,1797
7152,Mary,Gilbert,XXXXXXXXX,XXXXXXXXX,1,2390
7153,Victoria,Smith,XXXXXXXXX,XXXXXXXXX,1,14593
7154,Mary,Thomas,XXXXXXXXX,XXXXXXXXX,3,3137
7155,Richard,Thompson,XXXXXXXXX,XXXXXXXXX,3,931
7156,Mary,Terrell,XXXXXXXXX,XXXXXXXXX,3,10435
7157,Joseph,Smith,XXXXXXXXX,XXXXXXXXX,2,4639
7158,Mary,Todd,XXXXXXXXX,XXXXXXXXX,1,3698
7159,Frances,Smith,XXXXXXXXX,XXXXXXXXX,1,6428
7160,Mary,Allen,XXXXXXXXX,XXXXXXXXX,2,221
7161,Joseph,Sexton,XXXXXXXXX,XXXXXXXXX,2,15264
7162,Paul,Smith,XXXXXXXXX,XXXXXXXXX,2,9197
7163,Mary,Jones,XXXXXXXXX,XXXXXXXXX,2,10941
7164,Paul,Miller,XXXXXXXXX,XXXXXXXXX,2,13382
7165,Douglas,Watts,XXXXXXXXX,XXXXXXXXX,3,11534
7166,Mary,Smith,XXXXXXXXX,XXXXXXXXX,3,11093
7167,Harold,Medina,XXXXXXXXX,XXXXXXXXX,1,15669
7168,Mary,Schmitt,XXXXXXXXX,XXXXXXXXX,1,3568
7169,Cheryl,Smith,XXXXXXXXX,XXXXXXXXX,1,9241
7170,Bryan,Johnson,XXXXXXXXX,XXXXXXXXX,1,7488
7171,Mary,Evans,XXXXXXXXX,XXXXXXXXX,1,1802
7172,Louis,Smith,XXXXXXXXX,XXXXXXXXX,2,12429
7173,Mary,Glass,XXXXXXXXX,XXXXXXXXX,1,11969
7174,Kenneth,Smith,XXXXXXXXX,XXXXXXXXX,2,14540
7175,Judy,Webb,XXXXXXXXX,XXXXXXXXX,1,3383
7176,Mary,Hudson,XXXXXXXXX,XXXXXXXXX,2,8227
7177,Keith,Wong,XXXXXXXXX,XXXXXXXXX,1,6737
7178,Mary,Smith,XXXXXXXXX,XXXXXXXXX,2,12074
7179,Olivia,Matthews,XXXXXXXXX,XXXXXXXXX,2,16463
7180,Mary,Walton,XXXXXXXXX,XXXXXXXXX,1,974
7181,Jean,Smith,XXXXXXXXX,XXXXXXXXX,1,15791
7182,Mary,Klein,XXXXXXXXX,XXXXXXXXX,1,9489
7183,Anna,Smith,XXXXXXXXX,XXXXXXXXX,1,13032
7184,Mary,Lewis,XXXXXXXXX,XXXXXXXXX,1,14509
7185,Amber,Smith,XXXXXXXXX,XXXXXXXXX,2,5588
7186,Mary,Meadows,XXXXXXXXX,XXXXXXXXX,1,15196
7187,Karen,Smith,XXXXXXXXX,XXXXXXXXX,2,543
7188,Mary,Whitaker,XXXXXXXXX,XXXXXXXXX,2,15951
7189,Pamela,Smith,XXXXXXXXX,XXXXXXXXX,1,8638
7190,Mary,Mckinney,XXXXXXXXX,XXXXXXXXX,1,11424
7191,Cheryl,Smith,XXXXXXXXX,XXXXXXXXX,1,5352
7192,Mary,Bowers,XXXXXXXXX,XXXXXXXXX,1,2249
7193,Jennifer,Smith,XXXXXXXXX,XXXXXXXXX,2,830
7194,Cynthia,Taylor,XXXXXXXXX,XXXXXXXXX,2,7231
7195,Evelyn,Carr,XXXXXXXXX,XXXXXXXXX,1,10683
7196,Megan,Braun,XXXXXXXXX,XXXXXXXXX,2,7239
7197,Denise,Smith,XXXXXXXXX,XXXXXXXXX,1,2951
7198,Mary,Day,XXXXXXXXX,XXXXXXXXX,2,5102
7199,James,Kane,XXXXXXXXX,XXXXXXXXX,1,11035
7200,Katherine,Smith,XXXXXXXXX,XXXXXXXXX,1,5287
7201,Mary,Sanders,XXXXXXXXX,XXXXXXXXX,1,11702
7202,Beverly,Smith,XXXXXXXXX,XXXXXXXXX,1,4509
7203,Mary,King,XXXXXXXXX,XXXXXXXXX,1,15153
7204,Kathleen,Turner,XXXXXXXXX,XXXXXXXXX,1,15428
7205,Maria,Jordan,XXXXXXXXX,XXXXXXXXX,1,10021
7206,Lori,Ellis,XXXXXXXXX,XXXXXXXXX,1,14057
7207,Mary,Wolfe,XXXXXXXXX,XXXXXXXXX,1,15847
7208,Donald,Smith,XXXXXXXXX,XXXXXXXXX,1,1722
7209,Mary,Berry,XXXXXXXXX,XXXXXXXXX,1,4463
7210,Mary,Barry,XXXXXXXXX,XXXXXXXXX,1,13872
7211,Kathleen,Smith,XXXXXXXXX,XXXXXXXXX,2,15109
7212,Mary,Howard,XXXXXXXXX,XXXXXXXXX,2,15156
7213,Daniel,Lowe,XXXXXXXXX,XXXXXXXXX,2,3176
7214,Mary,Smith,XXXXXXXXX,XXXXXXXXX,2,9633
7215,Patricia,Ruiz,XXXXXXXXX,XXXXXXXXX,1,11905
7216,Mary,Hendrix,XXXXXXXXX,XXXXXXXXX,1,10271
7217,Carl,Smith,XXXXXXXXX,XXXXXXXXX,2,2555
7218,Mary,Nguyen,XXXXXXXXX,XXXXXXXXX,1,8829
7219,Theresa,Smith,XXXXXXXXX,XXXXXXXXX,1,8482
7220,Mary,Lyons,XXXXXXXXX,XXXXXXXXX,1,15930
7221,Kelly,Wyatt,XXXXXXXXX,XXXXXXXXX,1,1988
7222,Jesse,Stein,XXXXXXXXX,XXXXXXXXX,1,2289
7223,Mary,Smith,XXXXXXXXX,XXXXXXXXX,1,6377
7224,Margaret,Knight,XXXXXXXXX,XXXXXXXXX,3,15973
7225,Mary,Middleton,XXXXXXXXX,XXXXXXXXX,3,12235
7226,Helen,Smith,XXXXXXXXX,XXXXXXXXX,3,11976
7227,Mary,Hernandez,XXXXXXXXX,XXXXXXXXX,1,4841
7228,Joseph,Ryan,XXXXXXXXX,XXXXXXXXX,1,8532
7229,Mary,Smith,XXXXXXXXX,XXXXXXXXX,2,3941
7230,David,Saunders,XXXXXXXXX,XXXXXXXXX,2,11806
7231,Jack,Smith,XXXXXXXXX,XXXXXXXXX,1,1220
7232,Mary,Garcia,XXXXXXXXX,XXXXXXXXX,2,606
7233,Christine,Potter,XXXXXXXXX,XXXXXXXXX,2,9977
7234,Mary,Bowers,XXXXXXXXX,XXXXXXXXX,1,3270
7235,Brandon,Dillon,XXXXXXXXX,XXXXXXXXX,1,14483
7236,Mary,Smith,XXXXXXXXX,XXXXXXXXX,1,14908
7237,Olivia,Gregory,XXXXXXXXX,XXXXXXXXX,2,3536
7238,Mary,Smith,XXXXXXXXX,XXXXXXXXX,2,2360
7239,Anthony,Osborne,XXXXXXXXX,XXXXXXXXX,2,9380
7240,Mary,Smith,XXXXXXXXX,XXXXXXXXX,2,13498
7241,Virginia,Burns,XXXXXXXXX,XXXXXXXXX,2,2791
7242,Mary,Watkins,XXXXXXXXX,XXXXXXXXX,1,7538
7243,Margaret,Smith,XXXXXXXXX,XXXXXXXXX,1,7517
7244,Jeremy,Washington,XXXXXXXXX,XXXXXXXXX,3,5180
7245,Mary,Peters,XXXXXXXXX,XXXXXXXXX,3,2248
7246,Peter,Alvarado,XXXXXXXXX,XXXXXXXXX,1,3437
7247,Mary,Smith,XXXXXXXXX,XXXXXXXXX,1,10142
7248,Marilyn,Diaz,XXXXXXXXX,XXXXXXXXX,1,15488
7249,Mary,Luna,XXXXXXXXX,XXXXXXXXX,2,2958
7250,Jacob,Smith,XXXXXXXXX,XXXXXXXXX,2,6121
7251,Benjamin,Hamilton,XXXXXXXXX,XXXXXXXXX,1,8337
7252,Mary,Smith,XXXXXXXXX,XXXXXXXXX,1,9001
7253,Joseph,Johnston,XXXXXXXXX,XXXXXXXXX,1,12526
7254,Mary,Smith,XXXXXXXXX,XXXXXXXXX,1,4688
7255,Joe,Richardson,XXXXXXXXX,XXXXXXXXX,1,1177
7256,Mary,Cross,XXXXXXXXX,XXXXXXXXX,2,2137
7257,Jacqueline,Smith,XXXXXXXXX,XXXXXXXXX,1,2778
7258,Mary,Clark,XXXXXXXXX,XXXXXXXXX,1,9114
7259,Jerry,Ingram,XXXXXXXXX,XXXXXXXXX,2,15089
7260,Nathan,Gilmore,XXXXXXXXX,XXXXXXXXX,2,8095
7261,Mary,Smith,XXXXXXXXX,XXXXXXXXX,1,16108
7262,Laura,Lee,XXXXXXXXX,XXXXXXXXX,1,12831
7263,Samuel,Smith,XXXXXXXXX,XXXXXXXXX,1,6745
7264,Mary,Baker,XXXXXXXXX,XXXXXXXXX,3,705
7265,Eric,Smith,XXXXXXXXX,XXXXXXXXX,3,11679
7266,Mary,Carpenter,XXXXXXXXX,XXXXXXXXX,3,653
7267,Benjamin,Smith,XXXXXXXXX,XXXXXXXXX,3,10742
7268,Mary,Reed,XXXXXXXXX,XXXXXXXXX,2,8608
7269,Adam,Hodges,XXXXXXXXX,XXXXXXXXX,1,9060
7270,Mary,Smith,XXXXXXXXX,XXXXXXXXX,1,16
7271,Karen,Barber,XXXXXXXXX,XXXXXXXXX,1,15954
7272,Benjamin,Hurst,XXXXXXXXX,XXXXXXXXX,1,12368
7273,Mary,Smith,XXXXXXXXX,XXXXXXXXX,1,4397
7274,Linda,Allen,XXXXXXXXX,XXXXXXXXX,1,379
7275,Mary,Roach,XXXXXXXXX,XXXXXXXXX,2,5617
7276,Pamela,Smith,XXXXXXXXX,XXXXXXXXX,1,15182
7277,Justin,Moore,XXXXXXXXX,XXXXXXXXX,2,11154
7278,Mary,Liu,XXXXXXXXX,XXXXXXXXX,2,12721
7279,Emily,Smith,XXXXXXXXX,XXXXXXXXX,1,5430
7280,Jane,Strong,XXXXXXXXX,XXXXXXXXX,2,14836
7281,Mary,Smith,XXXXXXXXX,XXXXXXXXX,2,10832
7282,Jennifer,Clark,XXXXXXXXX,XXXXXXXXX,2,9328
7283,Margaret,Carpenter,XXXXXXXXX,XXXXXXXXX,2,13376
7284,Evelyn,Smith,XXXXXXXXX,XXXXXXXXX,1,1075
7285,Kathryn,West,XXXXXXXXX,XXXXXXXXX,1,11915
7286,Mary,Spencer,XXXXXXXXX,XXXXXXXXX,3,4009
7287,Russell,Guzman,XXXXXXXXX,XXXXXXXXX,3,9238
7288,Mary,Lamb,XXXXXXXXX,XXXXXXXXX,1,9149
7289,Kevin,Smith,XXXXXXXXX,XXXXXXXXX,1,9774
7290,Brittany,Gray,XXXXXXXXX,XXXXXXXXX,1,11499
7291,Mary,Smith,XXXXXXXXX,XXXXXXXXX,2,14021
7292,Jonathan,Hernandez,XXXXXXXXX,XXXXXXXXX,1,15754
7293,Mary,Ryan,XXXXXXXXX,XXXXXXXXX,1,7606
7294,Sharon,Ball,XXXXXXXXX,XXXXXXXXX,1,15568
7295,Mary,Smith,XXXXXXXXX,XXXXXXXXX,3,3616
7296,Richard,Randall,XXXXXXXXX,XXXXXXXXX,2,4944
7297,Philip,Smith,XXXXXXXXX,XXXXXXXXX,1,12675
7298,Mary,Barnes,XXXXXXXXX,XXXXXXXXX,1,15334
7299,James,Burns,XXXXXXXXX,XXXXXXXXX,1,2408
7300,Kyle,Rodgers,XXXXXXXXX,XXXXXXXXX,1,7989
7301,Mary,Smith,XXXXXXXXX,XXXXXXXXX,2,12716
7302,Angela,Little,XXXXXXXXX,XXXXXXXXX,2,3301
7303,Mary,Smith,XXXXXXXXX,XXXXXXXXX,2,14356
7304,William,Brooks,XXXXXXXXX,XXXXXXXXX,1,6306
7305,David,Smith,XXXXXXXXX,XXXXXXXXX,2,10934
7306,Ruth,Brooks,XXXXXXXXX,XXXXXXXXX,2,1838
7307,Brandon,Foster,XXXXXXXXX,XXXXXXXXX,2,6065
7308,Teresa,Jensen,XXXXXXXXX,XXXXXXXXX,3,11707
7309,Mary,Smith,XXXXXXXXX,XXXXXXXXX,3,13318
7310,Mary,Maldonado,XXXXXXXXX,XXXXXXXXX,1,685
7311,John,Smith,XXXXXXXXX,XXXXXXXXX,1,4816
7312,Mary,Armstrong,XXXXXXXXX,XXXXXXXXX,1,1554
7313,Shirley,Berry,XXXXXXXXX,XXXXXXXXX,1,6475
7314,Bruce,Mccullough,XXXXXXXXX,XXXXXXXXX,1,8230
7315,Mary,Smith,XXXXXXXXX,XXXXXXXXX,3,11921
7316,Marilyn,Wu,XXXXXXXXX,XXXXXXXXX,2,14562
7317,Mary,Smith,XXXXXXXXX,XXXXXXXXX,1,5684
7318,John,Allen,XXXXXXXXX,XXXXXXXXX,2,1443
7319,Samuel,Parks,XXXXXXXXX,XXXXXXXXX,2,5076
7320,Theresa,Smith,XXXXXXXXX,XXXXXXXXX,2,2215
7321,Mary,Haas,XXXXXXXXX,XXXXXXXXX,2,211
7322,Linda,Smith,XXXXXXXXX,XXXXXXXXX,2,3971
7323,Sarah,Neal,XXXXXXXXX,XXXXXXXXX,2,8140
7324,Jose,Molina,XXXXXXXXX,XXXXXXXXX,1,6662
7325,Mary,Smith,XXXXXXXXX,XXXXXXXXX,1,10727
7326,Susan,Smith,XXXXXXXXX,XXXXXXXXX,1,2117
7327,Tammy,Hood,XXXXXXXXX,XXXXXXXXX,1,8293
7328,Mary,Smith,XXXXXXXXX,XXXXXXXXX,1,11033
7329,Deborah,Mendez,XXXXXXXXX,XXXXXXXXX,1,7283
7330,Mary,Smith,XXXXXXXXX,XXXXXXXXX,1,6917
7331,Pamela,Strong,XXXXXXXXX,XXXXXXXXX,1,2879
7332,Mary,Herman,XXXXXXXXX,XXXXXXXXX,2,2235
7333,Julia,Smith,XXXXXXXXX,XXXXXXXXX,1,6055
7334,Mary,Wilkerson,XXXXXXXXX,XXXXXXXXX,1,7027
7335,Robert,Smith,XXXXXXXXX,XXXXXXXXX,2,7809
7336,Rose,Lyons,XXXXXXXXX,XXXXXXXXX,1,11964
7337,Mary,Smith,XXXXXXXXX,XXXXXXXXX,2,6345
7338,Maria,Fernandez,XXXXXXXXX,XXXXXXXXX,2,12743
7339,Mary,Smith,XXXXXXXXX,XXXXXXXXX,2,9555
7340,Charles,Taylor,XXXXXXXXX,XXXXXXXXX,2,13105
7341,Jennifer,Bennett,XXXXXXXXX,XXXXXXXXX,1,10107
7342,Julia,Hicks,XXXXXXXXX,XXXXXXXXX,1,5891
7343,Mary,Smith,XXXXXXXXX,XXXXXXXXX,1,6484
7344,Jeffrey,Hardin,XXXXXXXXX,XXXXXXXXX,2,1078
7345,Ryan,Smith,XXXXXXXXX,XXXXXXXXX,2,4244
7346,Mary,Hughes,XXXXXXXXX,XXXXXXXXX,3,101
7347,Carolyn,Gallegos,XXXXXXXXX,XXXXXXXXX,2,2063
7348,Mary,Smith,XXXXXXXXX,XXXXXXXXX,2,3580
7349,Cynthia,Walker,XXXXXXXXX,XXXXXXXXX,2,1904
7350,Rose,Smith,XXXXXXXXX,XXXXXXXXX,2,11230
7351,Mary,Mosley,XXXXXXXXX,XXXXXXXXX,1,11147
7352,Debra,Smith,XXXXXXXXX,XXXXXXXXX,1,9608
7353,Mary,Copeland,XXXXXXXXX,XXXXXXXXX,2,3051
7354,Judith,Smith,XXXXXXXXX,XXXXXXXXX,1,9142
7355,Mary,Warren,XXXXXXXXX,XXXXXXXXX,1,6725
7356,Andrew,Robles,XXXXXXXXX,XXXXXXXXX,1,3281
7357,Mary,Smith,XXXXXXXXX,XXXXXXXXX,1,2580
7358,Michael,Simpson,XXXXXXXXX,XXXXXXXXX,1,12406
7359,Alexander,Jacobs,XXXXXXXXX,XXXXXXXXX,1,186
7360,Mary,Smith,XXXXXXXXX,XXXXXXXXX,1,9808
7361,James,Long,XXXXXXXXX,XXXXXXXXX,3,11385
7362,Nicholas,Smith,XXXXXXXXX,XXXXXXXXX,1,2460
7363,Mary,Cole,XXXXXXXXX,XXXXXXXXX,1,1624
7364,Janet,Smith,XXXXXXXXX,XXXXXXXXX,1,7423
7365,Mary,Gray,XXXXXXXXX,XXXXXXXXX,1,8077
7366,William,Ellison,XXXXXXXXX,XXXXXXXXX,1,14198
7367,Joseph,Smith,XXXXXXXXX,XXXXXXXXX,1,10717
7368,Hannah,Morton,XXXXXXXXX,XXXXXXXXX,3,3980
7369,Mary,Smith,XXXXXXXXX,XXXXXXXXX,2,9917
7370,Paul,Hanna,XXXXXXXXX,XXXXXXXXX,2,2363
7371,Mark,Smith,XXXXXXXXX,XXXXXXXXX,2,5213
7372,Kenneth,King,XXXXXXXXX,XXXXXXXXX,2,3706
7373,Angela,Holt,XXXXXXXXX,XXXXXXXXX,2,6079
7374,Brenda,Smith,XXXXXXXXX,XXXXXXXXX,1,3114
7375,Louis,Hayes,XXXXXXXXX,XXXXXXXXX,2,10609
7376,Mary,Smith,XXXXXXXXX,XXXXXXXXX,1,6307
7377,Katherine,Rogers,XXXXXXXXX,XXXXXXXXX,1,12530
7378,Mary,Medina,XXXXXXXXX,XXXXXXXXX,1,4190
7379,David,Mullins,XXXXXXXXX,XXXXXXXXX,1,13899
7380,Michelle,Smith,XXXXXXXXX,XXXXXXXXX,1,5422
7381,Mary,Bell,XXXXXXXXX,XXXXXXXXX,1,14903
7382,Dorothy,Smith,XXXXXXXXX,XXXXXXXXX,1,4454
7383,Catherine,Washington,XXXXXXXXX,XXXXXXXXX,1,16270
7384,Mary,Jacobs,XXXXXXXXX,XXXXXXXXX,1,687
7385,Richard,Arellano,XXXXXXXXX,XXXXXXXXX,3,12031
7386,Joshua,Smith,XXXXXXXXX,XXXXXXXXX,3,5787
7387,Mary,Montgomery,XXXXXXXXX,XXXXXXXXX,3,12709
7388,Judith,Smith,XXXXXXXXX,XXXXXXXXX,3,15442
7389,Mary,Ray,XXXXXXXXX,XXXXXXXXX,1,14386
7390,Benjamin,Smith,XXXXXXXXX,XXXXXXXXX,1,15501
7391,Mary,Garrett,XXXXXXXXX,XXXXXXXXX,1,4582
7392,Benjamin,Trevino,XXXXXXXXX,XXXXXXXXX,3,4971
7393,Mary,Smith,XXXXXXXXX,XXXXXXXXX,3,5953
7394,Kenneth,Stevens,XXXXXXXXX,XXXXXXXXX,3,15582
7395,Ryan,Adkins,XXXXXXXXX,XXXXXXXXX,2,1680
7396,Mary,Madden,XXXXXXXXX,XXXXXXXXX,3,16445
7397,Dorothy,Smith,XXXXXXXXX,XXXXXXXXX,3,13920
7398,Sarah,Franklin,XXXXXXXXX,XXXXXXXXX,3,8418
7399,Mary,Valdez,XXXXXXXXX,XXXXXXXXX,3,10024
7400,Benjamin,Smith,XXXXXXXXX,XXXXXXXXX,3,4206
7401,Mary,Moore,XXXXXXXXX,XXXXXXXXX,2,8279
7402,Joseph,Frye,XXXXXXXXX,XXXXXXXXX,1,4710
7403,Jason,Smith,XXXXXXXXX,XXXXXXXXX,1,12546
7404,Mary,Lynch,XXXXXXXXX,XXXXXXXXX,1,15662
7405,Larry,Bentley,XXXXXXXXX,XXXXXXXXX,1,7065
7406,Mary,Smith,XXXXXXXXX,XXXXXXXXX,1,8248
7407,Diane,Kim,XXXXXXXXX,XXXXXXXXX,1,6836
7408,Mary,Holmes,XXXXXXXXX,XXXXXXXXX,3,4320
7409,Daniel,Bowers,XXXXXXXXX,XXXXXXXXX,1,7131
7410,Mary,Smith,XXXXXXXXX,XXXXXXXXX,1,13738
7411,Stephen,Harrison,XXXXXXXXX,XXXXXXXXX,1,15769
7412,Terry,Smith,XXXXXXXXX,XXXXXXXXX,1,7374
7413,Mary,Jenkins,XXXXXXXXX,XXXXXXXXX,1,10546
7414,Dorothy,Smith,XXXXXXXXX,XXXXXXXXX,1,14208
7415,Mary,Smith,XXXXXXXXX,XXXXXXXXX,1,12784
7416,Lisa,Rivera,XXXXXXXXX,XXXXXXXXX,2,5370
7417,Mary,Soto,XXXXXXXXX,XXXXXXXXX,3,637
7418,Elizabeth,Smith,XXXXXXXXX,XXXXXXXXX,3,5813
7419,Mary,Wilson,XXXXXXXXX,XXXXXXXXX,1,13546
7420,Sharon,Moore,XXXXXXXXX,XXXXXXXXX,1,3807
7421,Mary,Reyes,XXXXXXXXX,XXXXXXXXX,1,5571
7422,Brenda,Patel,XXXXXXXXX,XXXXXXXXX,1,8764
7423,Christina,Smith,XXXXXXXXX,XXXXXXXXX,1,4439
7424,Mary,Parks,XXXXXXXXX,XXXXXXXXX,1,10509
7425,Rebecca,Smith,XXXXXXXXX,XXXXXXXXX,1,13762
7426,Stephen,Nelson,XXXXXXXXX,XXXXXXXXX,3,9038
7427,Russell,Smith,XXXXXXXXX,XXXXXXXXX,3,5104
7428,Mary,Gomez,XXXXXXXXX,XXXXXXXXX,3,15395
7429,Mark,Ayers,XXXXXXXXX,XXXXXXXXX,1,11845
7430,Wayne,Smith,XXXXXXXXX,XXXXXXXXX,1,2874
7431,Mary,Fry,XXXXXXXXX,XXXXXXXXX,1,13896
7432,Betty,Smith,XXXXXXXXX,XXXXXXXXX,1,1064
7433,Gregory,Sutton,XXXXXXXXX,XXXXXXXXX,1,6513
7434,Mary,Holloway,XXXXXXXXX,XXXXXXXXX,1,9867
7435,Susan,Smith,XXXXXXXXX,XXXXXXXXX,1,16179
7436,Megan,Taylor,XXXXXXXXX,XXXXXXXXX,1,1946
7437,Mary,Morrison,XXXXXXXXX,XXXXXXXXX,2,15265
7438,Donald,Smith,XXXXXXXXX,XXXXXXXXX,2,9488
7439,Mary,Flores,XXXXXXXXX,XXXXXXXXX,1,3767
7440,James,French,XXXXXXXXX,XXXXXXXXX,2,12883
7441,Linda,Smith,XXXXXXXXX,XXXXXXXXX,1,12901
7442,Brenda,Evans,XXXXXXXXX,XXXXXXXXX,1,6673
7444,Pamela,Andrade,XXXXXXXXX,XXXXXXXXX,1,8817
7445,Mary,Smith,XXXXXXXXX,XXXXXXXXX,1,11716
7446,Lisa,Williams,XXXXXXXXX,XXXXXXXXX,1,1865
7447,Janet,Dillon,XXXXXXXXX,XXXXXXXXX,1,10508
7448,Lauren,Smith,XXXXXXXXX,XXXXXXXXX,1,1061
7449,Jerry,Jenkins,XXXXXXXXX,XXXXXXXXX,2,12485
7450,Mary,Robertson,XXXXXXXXX,XXXXXXXXX,2,2000
7451,Sharon,Smith,XXXXXXXXX,XXXXXXXXX,2,1731
7452,Mary,Goodman,XXXXXXXXX,XXXXXXXXX,2,14832
7453,John,Smith,XXXXXXXXX,XXXXXXXXX,2,14323
7454,Andrew,Kim,XXXXXXXXX,XXXXXXXXX,2,11264
7455,Ann,Smith,XXXXXXXXX,XXXXXXXXX,2,16162
7456,Mary,Gallegos,XXXXXXXXX,XXXXXXXXX,2,16453
7457,Cheryl,Smith,XXXXXXXXX,XXXXXXXXX,1,3360
7458,Philip,Williams,XXXXXXXXX,XXXXXXXXX,1,13607
7459,Mary,Davidson,XXXXXXXXX,XXXXXXXXX,1,12556
7460,Ethan,Smith,XXXXXXXXX,XXXXXXXXX,1,8564
7461,Mary,Wood,XXXXXXXXX,XXXXXXXXX,1,10953
7462,Carol,Bass,XXXXXXXXX,XXXXXXXXX,1,14342
7463,Mary,Smith,XXXXXXXXX,XXXXXXXXX,1,14514
7464,Mary,Ramirez,XXXXXXXXX,XXXXXXXXX,1,10340
7465,Andrew,Smith,XXXXXXXXX,XXXXXXXXX,1,12422
7466,Mary,Warren,XXXXXXXXX,XXXXXXXXX,1,738
7467,Nancy,Smith,XXXXXXXXX,XXXXXXXXX,3,10218
7468,Mary,Hebert,XXXXXXXXX,XXXXXXXXX,3,533
7469,Ruth,Smith,XXXXXXXXX,XXXXXXXXX,1,8670
7470,Catherine,Hood,XXXXXXXXX,XXXXXXXXX,1,16035
7471,Mary,Smith,XXXXXXXXX,XXXXXXXXX,2,349
7472,William,Howard,XXXXXXXXX,XXXXXXXXX,1,5996
7473,Mary,Smith,XXXXXXXXX,XXXXXXXXX,1,768
7474,Ronald,Levy,XXXXXXXXX,XXXXXXXXX,2,1704
7475,Joan,Smith,XXXXXXXXX,XXXXXXXXX,2,14399
7476,Benjamin,Cole,XXXXXXXXX,XXXXXXXXX,2,14990
7477,Mary,Todd,XXXXXXXXX,XXXXXXXXX,2,6544
7478,Kimberly,Villa,XXXXXXXXX,XXXXXXXXX,2,5448
7479,Emma,Smith,XXXXXXXXX,XXXXXXXXX,2,7136
7480,Mary,Gordon,XXXXXXXXX,XXXXXXXXX,2,5072
7481,Lori,Lawson,XXXXXXXXX,XXXXXXXXX,2,8176
7482,Mary,Smith,XXXXXXXXX,XXXXXXXXX,1,5529
7483,Deborah,Morgan,XXXXXXXXX,XXXXXXXXX,1,3977
7484,Mary,Schmidt,XXXXXXXXX,XXXXXXXXX,1,5674
7485,Tyler,Smith,XXXXXXXXX,XXXXXXXXX,1,8462
7486,Mary,Kent,XXXXXXXXX,XXXXXXXXX,2,897
7487,Angela,Smith,XXXXXXXXX,XXXXXXXXX,1,13790
7488,Mary,Clark,XXXXXXXXX,XXXXXXXXX,2,12371
7489,Teresa,Ritter,XXXXXXXXX,XXXXXXXXX,2,1588
7490,Mary,Smith,XXXXXXXXX,XXXXXXXXX,1,3683
7491,Sharon,Dominguez,XXXXXXXXX,XXXXXXXXX,1,4143
7492,Vincent,Smith,XXXXXXXXX,XXXXXXXXX,1,13273
7493,Mary,Rodriguez,XXXXXXXXX,XXXXXXXXX,1,3617
7494,Rebecca,Moore,XXXXXXXXX,XXXXXXXXX,1,2
7495,Cheryl,Smith,XXXXXXXXX,XXXXXXXXX,1,10765
7496,Mary,Hicks,XXXXXXXXX,XXXXXXXXX,3,15505
7497,Anthony,Spence,XXXXXXXXX,XXXXXXXXX,1,1804
7498,Marie,Smith,XXXXXXXXX,XXXXXXXXX,2,8938
7499,Mary,Powell,XXXXXXXXX,XXXXXXXXX,1,4027
7500,Mary,Smith,XXXXXXXXX,XXXXXXXXX,1,287
7501,Christopher,Lawrence,XXXXXXXXX,XXXXXXXXX,1,4465
7502,Joe,Smith,XXXXXXXXX,XXXXXXXXX,1,12155
7503,Mary,Mathews,XXXXXXXXX,XXXXXXXXX,2,7824
7504,Stephanie,Smith,XXXXXXXXX,XXXXXXXXX,1,6015
7505,Sharon,Juarez,XXXXXXXXX,XXXXXXXXX,1,12755
7506,Tammy,Smith,XXXXXXXXX,XXXXXXXXX,1,3291
7507,Mary,Banks,XXXXXXXXX,XXXXXXXXX,2,14037
7508,Theresa,Atkins,XXXXXXXXX,XXXXXXXXX,2,8294
7509,Mary,Case,XXXXXXXXX,XXXXXXXXX,2,4867
7510,Kathryn,Smith,XXXXXXXXX,XXXXXXXXX,2,10702
7511,Mary,Park,XXXXXXXXX,XXXXXXXXX,1,696
7512,Susan,Smith,XXXXXXXXX,XXXXXXXXX,1,15984
7513,Mary,Myers,XXXXXXXXX,XXXXXXXXX,1,5632
7514,Heather,Clarke,XXXXXXXXX,XXXXXXXXX,3,4668
7515,Mary,Smith,XXXXXXXXX,XXXXXXXXX,3,9521
7516,Deborah,Bennett,XXXXXXXXX,XXXXXXXXX,1,2831
7517,Anna,Sullivan,XXXXXXXXX,XXXXXXXXX,1,605
7518,Mary,Padilla,XXXXXXXXX,XXXXXXXXX,1,16015
7519,Eric,Harrell,XXXXXXXXX,XXXXXXXXX,3,6694
7520,Maria,Smith,XXXXXXXXX,XXXXXXXXX,3,12920
7521,Mary,Ortega,XXXXXXXXX,XXXXXXXXX,1,5906
7522,David,Smith,XXXXXXXXX,XXXXXXXXX,1,13275
7523,Margaret,Villa,XXXXXXXXX,XXXXXXXXX,1,6853
7524,Mary,Smith,XXXXXXXXX,XXXXXXXXX,3,6656
7525,Melissa,Parker,XXXXXXXXX,XXXXXXXXX,1,12282
7526,Mary,Kim,XXXXXXXXX,XXXXXXXXX,2,11037
7527,Pamela,Smith,XXXXXXXXX,XXXXXXXXX,2,14913
7528,Mary,Bishop,XXXXXXXXX,XXXXXXXXX,2,1819
7529,John,Smith,XXXXXXXXX,XXXXXXXXX,2,15499
7530,Emily,Russell,XXXXXXXXX,XXXXXXXXX,2,601
7531,Bobby,Crawford,XXXXXXXXX,XXXXXXXXX,3,5940
7532,Mary,Liu,XXXXXXXXX,XXXXXXXXX,2,6647
7533,Beverly,Cantrell,XXXXXXXXX,XXXXXXXXX,2,571
7534,Mary,Smith,XXXXXXXXX,XXXXXXXXX,2,1929
7535,Sarah,Browning,XXXXXXXXX,XXXXXXXXX,2,11271
7536,Virginia,Smith,XXXXXXXXX,XXXXXXXXX,2,1540
7537,Stephen,Lee,XXXXXXXXX,XXXXXXXXX,1,6842
7538,Mary,Baker,XXXXXXXXX,XXXXXXXXX,1,15771
7539,Jonathan,Burns,XXXXXXXXX,XXXXXXXXX,1,12079
7540,Mary,Snow,XXXXXXXXX,XXXXXXXXX,2,3042
7541,Donna,Smith,XXXXXXXXX,XXXXXXXXX,2,12008
7542,Mary,Moss,XXXXXXXXX,XXXXXXXXX,2,11473
7543,Robert,Roberson,XXXXXXXXX,XXXXXXXXX,1,13677
7544,Barbara,Smith,XXXXXXXXX,XXXXXXXXX,1,12944
7545,Christopher,Roberts,XXXXXXXXX,XXXXXXXXX,1,8119
7546,Gregory,Morris,XXXXXXXXX,XXXXXXXXX,3,3594
7547,Andrea,Ortega,XXXXXXXXX,XXXXXXXXX,1,11125
7548,Mary,Smith,XXXXXXXXX,XXXXXXXXX,1,7870
7549,Timothy,Ellison,XXXXXXXXX,XXXXXXXXX,1,14970
7550,Mary,Smith,XXXXXXXXX,XXXXXXXXX,1,1995
7551,Robert,Richardson,XXXXXXXXX,XXXXXXXXX,1,13571
7553,Mary,Thompson,XXXXXXXXX,XXXXXXXXX,1,14538
7554,Douglas,Keith,XXXXXXXXX,XXXXXXXXX,1,4043
7555,Mary,Smith,XXXXXXXXX,XXXXXXXXX,3,13055
7556,Samantha,Davis,XXXXXXXXX,XXXXXXXXX,2,7805
7557,Mary,Hull,XXXXXXXXX,XXXXXXXXX,2,11369
7558,Lisa,Smith,XXXXXXXXX,XXXXXXXXX,2,12591
7559,Janice,Bishop,XXXXXXXXX,XXXXXXXXX,2,14048
7560,Mary,Faulkner,XXXXXXXXX,XXXXXXXXX,1,1104
7561,Mary,Smith,XXXXXXXXX,XXXXXXXXX,1,11582
7562,Thomas,Hayes,XXXXXXXXX,XXXXXXXXX,1,10596
7563,Elizabeth,Moody,XXXXXXXXX,XXXXXXXXX,3,15174
7564,Christopher,Smith,XXXXXXXXX,XXXXXXXXX,1,11246
7565,Jean,Donovan,XXXXXXXXX,XXXXXXXXX,1,15324
7566,Mary,Smith,XXXXXXXXX,XXXXXXXXX,1,7297
7567,Nicole,Adams,XXXXXXXXX,XXXXXXXXX,1,10806
7568,Justin,Proctor,XXXXXXXXX,XXXXXXXXX,2,2728
7569,Mary,Smith,XXXXXXXXX,XXXXXXXXX,1,5187
7570,Cynthia,Jimenez,XXXXXXXXX,XXXXXXXXX,1,1596
7571,Amber,Booth,XXXXXXXXX,XXXXXXXXX,1,11912
7572,Mary,Smith,XXXXXXXXX,XXXXXXXXX,1,9401
7573,Bobby,Pena,XXXXXXXXX,XXXXXXXXX,1,12464
7574,Mary,Smith,XXXXXXXXX,XXXXXXXXX,1,6923
7575,Mary,Romero,XXXXXXXXX,XXXXXXXXX,3,9497
7576,Frances,Smith,XXXXXXXXX,XXXXXXXXX,3,6244
7577,Mary,Bauer,XXXXXXXXX,XXXXXXXXX,1,2542
7578,Keith,Kirby,XXXXXXXXX,XXXXXXXXX,3,3059
7579,Mary,Smith,XXXXXXXXX,XXXXXXXXX,1,9412
7580,Joseph,Porter,XXXXXXXXX,XXXXXXXXX,1,922
7581,Kevin,Smith,XXXXXXXXX,XXXXXXXXX,1,14864
7582,Aaron,Valdez,XXXXXXXXX,XXXXXXXXX,1,11973
7583,Mary,Pace,XXXXXXXXX,XXXXXXXXX,1,5952
7584,Patricia,Smith,XXXXXXXXX,XXXXXXXXX,1,10484
7585,Angela,Martin,XXXXXXXXX,XXXXXXXXX,1,539
7586,Christina,Sanchez,XXXXXXXXX,XXXXXXXXX,1,2250
7587,Mary,Barnett,XXXXXXXXX,XXXXXXXXX,3,13263
7588,Anthony,Michael,XXXXXXXXX,XXXXXXXXX,3,5785
7589,Mary,Smith,XXXXXXXXX,XXXXXXXXX,3,14587
7590,Robert,Johnson,XXXXXXXXX,XXXXXXXXX,3,15491
7591,Frances,Stanley,XXXXXXXXX,XXXXXXXXX,3,11909
7592,Mary,Smith,XXXXXXXXX,XXXXXXXXX,3,5254
7593,Roger,Bowman,XXXXXXXXX,XXXXXXXXX,3,5138
7594,Mary,Smith,XXXXXXXXX,XXXXXXXXX,3,13161
7595,Mary,Meyer,XXXXXXXXX,XXXXXXXXX,3,13600
7596,Christopher,Mejia,XXXXXXXXX,XXXXXXXXX,2,11401
7597,Catherine,Smith,XXXXXXXXX,XXXXXXXXX,2,12086
7598,Mary,Gonzalez,XXXXXXXXX,XXXXXXXXX,2,11191
7599,Gerald,Smith,XXXXXXXXX,XXXXXXXXX,2,4711
7600,Mary,Tucker,XXXXXXXXX,XXXXXXXXX,1,14174
7601,Mary,Smith,XXXXXXXXX,XXXXXXXXX,2,8166
7602,Brian,Mitchell,XXXXXXXXX,XXXXXXXXX,2,13044
7603,Kevin,Smith,XXXXXXXXX,XXXXXXXXX,3,5712
7604,Jonathan,Hill,XXXXXXXXX,XXXXXXXXX,2,15915
7605,Henry,Roman,XXXXXXXXX,XXXXXXXXX,2,12581
7606,Mary,Khan,XXXXXXXXX,XXXXXXXXX,1,5839
7607,Scott,Smith,XXXXXXXXX,XXXXXXXXX,1,15556
7608,Diana,Moyer,XXXXXXXXX,XXXXXXXXX,2,3342
7609,Mary,Smith,XXXXXXXXX,XXXXXXXXX,1,6559
7610,Andrea,Melton,XXXXXXXXX,XXXXXXXXX,1,531
7611,Mary,Smith,XXXXXXXXX,XXXXXXXXX,2,2637
7612,Mary,Brown,XXXXXXXXX,XXXXXXXXX,1,9723
7613,James,Smith,XXXXXXXXX,XXXXXXXXX,2,1225
7614,Paul,Martin,XXXXXXXXX,XXXXXXXXX,1,10244
7615,Howard,Smith,XXXXXXXXX,XXXXXXXXX,1,2276
7616,Mary,Mason,XXXXXXXXX,XXXXXXXXX,1,4163
7617,David,Smith,XXXXXXXXX,XXXXXXXXX,1,11786
7618,Jerry,Hines,XXXXXXXXX,XXXXXXXXX,3,14647
7619,Mary,Smith,XXXXXXXXX,XXXXXXXXX,1,9533
7620,Marie,Bautista,XXXXXXXXX,XXXXXXXXX,1,4685
7621,Jack,Smith,XXXXXXXXX,XXXXXXXXX,1,2612
7622,Mary,Hodges,XXXXXXXXX,XXXXXXXXX,3,11780
7623,Matthew,Smith,XXXXXXXXX,XXXXXXXXX,1,13531
7624,Anthony,Vazquez,XXXXXXXXX,XXXXXXXXX,1,11907
7625,Frances,Smith,XXXXXXXXX,XXXXXXXXX,1,7498
7626,Mary,Jones,XXXXXXXXX,XXXXXXXXX,1,4802
7627,Bruce,Huff,XXXXXXXXX,XXXXXXXXX,3,3230
7628,Mary,Smith,XXXXXXXXX,XXXXXXXXX,2,14508
7629,Nancy,Pena,XXXXXXXXX,XXXXXXXXX,3,14991
7630,Judith,Smith,XXXXXXXXX,XXXXXXXXX,2,4535
7631,Alexander,Nguyen,XXXXXXXXX,XXXXXXXXX,2,12110
7632,Mary,Ruiz,XXXXXXXXX,XXXXXXXXX,3,4104
7633,Emily,Smith,XXXXXXXXX,XXXXXXXXX,3,11901
7634,Pamela,Ray,XXXXXXXXX,XXXXXXXXX,1,7726
7635,Mary,Bridges,XXXXXXXXX,XXXXXXXXX,1,4709
7636,Elizabeth,Smith,XXXXXXXXX,XXXXXXXXX,1,15233
7637,Douglas,Washington,XXXXXXXXX,XXXXXXXXX,1,12407
7638,Mary,Smith,XXXXXXXXX,XXXXXXXXX,1,13760
7639,Hannah,Wilson,XXXXXXXXX,XXXXXXXXX,1,7576
7640,Mary,Torres,XXXXXXXXX,XXXXXXXXX,1,1482
7641,Stephen,Smith,XXXXXXXXX,XXXXXXXXX,2,1855
7642,Mary,Briggs,XXXXXXXXX,XXXXXXXXX,1,4003
7643,Karen,Smith,XXXXXXXXX,XXXXXXXXX,2,97
7644,Mary,Freeman,XXXXXXXXX,XXXXXXXXX,2,13768
7645,Brandon,Stephens,XXXXXXXXX,XXXXXXXXX,2,10375
7646,Mary,Smith,XXXXXXXXX,XXXXXXXXX,2,6059
7647,Susan,Shannon,XXXXXXXXX,XXXXXXXXX,2,14606
7648,Samantha,Smith,XXXXXXXXX,XXXXXXXXX,1,13513
7649,Mary,Lopez,XXXXXXXXX,XXXXXXXXX,1,2146
7650,Mary,Smith,XXXXXXXXX,XXXXXXXXX,1,11695
7651,Gerald,Little,XXXXXXXXX,XXXXXXXXX,1,222
7652,Mary,Guerrero,XXXXXXXXX,XXXXXXXXX,1,11240
7653,Karen,Smith,XXXXXXXXX,XXXXXXXXX,1,6728
7655,Mary,Smith,XXXXXXXXX,XXXXXXXXX,2,5889
7656,Sharon,Mendoza,XXXXXXXXX,XXXXXXXXX,2,6959
7657,Christian,Vargas,XXXXXXXXX,XXXXXXXXX,2,2628
7658,Mary,Smith,XXXXXXXXX,XXXXXXXXX,2,1113
7659,Rose,Woodard,XXXXXXXXX,XXXXXXXXX,2,15386
7660,Mary,Smith,XXXXXXXXX,XXXXXXXXX,2,13480
7661,Linda,Rojas,XXXXXXXXX,XXXXXXXXX,2,12248
7662,Tiffany,Parsons,XXXXXXXXX,XXXXXXXXX,2,1147
7663,Mary,Smith,XXXXXXXXX,XXXXXXXXX,2,3290
7664,Brandon,Walker,XXXXXXXXX,XXXXXXXXX,2,12049
7665,Mary,Barrett,XXXXXXXXX,XXXXXXXXX,3,894
7666,Cynthia,Smith,XXXXXXXXX,XXXXXXXXX,1,11739
7667,Henry,Maldonado,XXXXXXXXX,XXXXXXXXX,2,15760
7668,Mary,Smith,XXXXXXXXX,XXXXXXXXX,2,6290
7669,Richard,Patton,XXXXXXXXX,XXXXXXXXX,2,13006
7670,Anna,Smith,XXXXXXXXX,XXXXXXXXX,2,11171
7671,Marilyn,Espinoza,XXXXXXXXX,XXXXXXXXX,2,12421
7672,Mary,Smith,XXXXXXXXX,XXXXXXXXX,2,9307
7673,Matthew,Delgado,XXXXXXXXX,XXXXXXXXX,1,418
7674,Mary,Smith,XXXXXXXXX,XXXXXXXXX,1,7193
7675,Brenda,Higgins,XXXXXXXXX,XXXXXXXXX,2,9647
7676,Joyce,Smith,XXXXXXXXX,XXXXXXXXX,1,9958
7677,Mary,Bonilla,XXXXXXXXX,XXXXXXXXX,1,9571
7678,Arthur,Smith,XXXXXXXXX,XXXXXXXXX,1,11313
7679,Mary,Bruce,XXXXXXXXX,XXXXXXXXX,1,10057
7680,Sandra,Heath,XXXXXXXXX,XXXXXXXXX,1,6045
7681,Terry,Mcknight,XXXXXXXXX,XXXXXXXXX,1,6155
7682,Mary,Smith,XXXXXXXXX,XXXXXXXXX,1,3719
7683,Cynthia,Wallace,XXXXXXXXX,XXXXXXXXX,1,10153
7684,Evelyn,Harper,XXXXXXXXX,XXXXXXXXX,1,7002
7685,Mary,Mcdowell,XXXXXXXXX,XXXXXXXXX,1,5040
7686,John,Smith,XXXXXXXXX,XXXXXXXXX,1,10949
7687,Evelyn,Valencia,XXXXXXXXX,XXXXXXXXX,3,15071
7688,Lori,Smith,XXXXXXXXX,XXXXXXXXX,1,6879
7689,Mary,Heath,XXXXXXXXX,XXXXXXXXX,1,4252
7690,James,Smith,XXXXXXXXX,XXXXXXXXX,1,9967
7691,Samuel,Sanchez,XXXXXXXXX,XXXXXXXXX,1,16506
7692,Lawrence,Smith,XXXXXXXXX,XXXXXXXXX,1,15690
7693,Mary,Walsh,XXXXXXXXX,XXXXXXXXX,1,5633
7694,Donald,Smith,XXXXXXXXX,XXXXXXXXX,1,13127
7695,Mary,Brown,XXXXXXXXX,XXXXXXXXX,1,3462
7696,John,Barker,XXXXXXXXX,XXXXXXXXX,2,2945
7697,Hannah,Wilkins,XXXXXXXXX,XXXXXXXXX,2,13521
7698,Mary,Smith,XXXXXXXXX,XXXXXXXXX,2,1171
7699,Judith,Ray,XXXXXXXXX,XXXXXXXXX,1,76
7700,Mary,Smith,XXXXXXXXX,XXXXXXXXX,1,2888
7701,James,Lawson,XXXXXXXXX,XXXXXXXXX,1,1121
7702,Jack,Smith,XXXXXXXXX,XXXXXXXXX,1,11184
7703,Mary,Shannon,XXXXXXXXX,XXXXXXXXX,1,10300
7704,John,Smith,XXXXXXXXX,XXXXXXXXX,2,8427
7705,Julia,Robinson,XXXXXXXXX,XXXXXXXXX,2,4812
7706,Mary,Cook,XXXXXXXXX,XXXXXXXXX,1,9976
7707,Anna,Smith,XXXXXXXXX,XXXXXXXXX,2,8869
7708,Mary,Price,XXXXXXXXX,XXXXXXXXX,2,13248
7709,George,Franklin,XXXXXXXXX,XXXXXXXXX,1,4811
7710,Katherine,Smith,XXXXXXXXX,XXXXXXXXX,2,14820
7711,Mary,Powell,XXXXXXXXX,XXXXXXXXX,1,2139
7712,Hannah,Smith,XXXXXXXXX,XXXXXXXXX,1,6519
7713,Mary,Cruz,XXXXXXXXX,XXXXXXXXX,1,7022
7714,Carolyn,Smith,XXXXXXXXX,XXXXXXXXX,3,1299
7715,Mary,Bennett,XXXXXXXXX,XXXXXXXXX,3,6918
7716,David,Middleton,XXXXXXXXX,XXXXXXXXX,3,11086
7717,Terry,Smith,XXXXXXXXX,XXXXXXXXX,3,8046
7718,Mary,Schmitt,XXXXXXXXX,XXXXXXXXX,3,1013
7719,Dorothy,Smith,XXXXXXXXX,XXXXXXXXX,1,5577
7720,Lisa,Ramirez,XXXXXXXXX,XXXXXXXXX,1,7005
7721,Mary,Jenkins,XXXXXXXXX,XXXXXXXXX,1,5249
7722,Sarah,Freeman,XXXXXXXXX,XXXXXXXXX,1,13327
7723,Mary,Whitney,XXXXXXXXX,XXXXXXXXX,1,5421
7724,Raymond,Smith,XXXXXXXXX,XXXXXXXXX,1,4345
7725,Mary,Reid,XXXXXXXXX,XXXXXXXXX,1,3533
7726,Sarah,Dawson,XXXXXXXXX,XXXXXXXXX,1,6896
7727,Evelyn,Smith,XXXXXXXXX,XXXXXXXXX,1,13198
7728,Mary,Campbell,XXXXXXXXX,XXXXXXXXX,1,11280
7729,Jane,Smith,XXXXXXXXX,XXXXXXXXX,2,209
7730,Mary,Thompson,XXXXXXXXX,XXXXXXXXX,2,9198
7731,Kenneth,Dominguez,XXXXXXXXX,XXXXXXXXX,2,2292
7732,Jerry,Smith,XXXXXXXXX,XXXXXXXXX,2,14039
7733,Mary,Torres,XXXXXXXXX,XXXXXXXXX,2,6987
7734,Carol,Snyder,XXXXXXXXX,XXXXXXXXX,1,10751
7735,Mary,Luna,XXXXXXXXX,XXXXXXXXX,1,13225
7736,Timothy,Smith,XXXXXXXXX,XXXXXXXXX,1,9762
7737,Austin,Lambert,XXXXXXXXX,XXXXXXXXX,1,3996
7738,Mary,Smith,XXXXXXXXX,XXXXXXXXX,2,13334
7739,Kathy,Morris,XXXXXXXXX,XXXXXXXXX,2,5174
7740,Mary,Fowler,XXXXXXXXX,XXXXXXXXX,1,9400
7741,Kathryn,Smith,XXXXXXXXX,XXXXXXXXX,2,5941
7742,Mary,Pittman,XXXXXXXXX,XXXXXXXXX,3,3718
7743,Melissa,Smith,XXXXXXXXX,XXXXXXXXX,1,7981
7744,Kathleen,Kelley,XXXXXXXXX,XXXXXXXXX,1,14424
7745,Mary,Solis,XXXXXXXXX,XXXXXXXXX,1,8305
7746,Howard,Smith,XXXXXXXXX,XXXXXXXXX,1,6265
7747,Mary,Haynes,XXXXXXXXX,XXXXXXXXX,1,1756
7748,Christopher,Smith,XXXXXXXXX,XXXXXXXXX,1,8916
7749,Amy,Gibson,XXXXXXXXX,XXXXXXXXX,1,7350
7750,Howard,Mathews,XXXXXXXXX,XXXXXXXXX,3,12650
7751,Mary,Smith,XXXXXXXXX,XXXXXXXXX,1,5051
7752,Jonathan,Franklin,XXXXXXXXX,XXXXXXXXX,1,13779
7753,Mary,Smith,XXXXXXXXX,XXXXXXXXX,1,9284
7754,Kevin,Horn,XXXXXXXXX,XXXXXXXXX,1,5861
7755,Cheryl,Smith,XXXXXXXXX,XXXXXXXXX,1,13355
7756,Mary,Johnson,XXXXXXXXX,XXXXXXXXX,1,5905
7757,Donna,Davis,XXXXXXXXX,XXXXXXXXX,1,13597
7758,Joyce,Howe,XXXXXXXXX,XXXXXXXXX,1,15181
7759,Jesse,Smith,XXXXXXXXX,XXXXXXXXX,1,2024
7760,Mary,Lynch,XXXXXXXXX,XXXXXXXXX,2,1212
7761,Grace,Smith,XXXXXXXXX,XXXXXXXXX,1,13986
7762,Mary,Roberson,XXXXXXXXX,XXXXXXXXX,1,16404
7763,Philip,Smith,XXXXXXXXX,XXXXXXXXX,1,7991
7764,Mary,Wilson,XXXXXXXXX,XXXXXXXXX,1,9669
7765,Mary,Costa,XXXXXXXXX,XXXXXXXXX,1,7611
7766,Jack,Smith,XXXXXXXXX,XXXXXXXXX,1,13094
7767,Mary,Reynolds,XXXXXXXXX,XXXXXXXXX,1,7854
7768,Howard,Smith,XXXXXXXXX,XXXXXXXXX,2,11371
7769,Mary,Andrade,XXXXXXXXX,XXXXXXXXX,2,10013
7770,Kenneth,Smith,XXXXXXXXX,XXXXXXXXX,2,12020
7771,Janice,Jackson,XXXXXXXXX,XXXXXXXXX,2,71
7772,Mary,Thompson,XXXXXXXXX,XXXXXXXXX,1,5570
7773,Andrea,Diaz,XXXXXXXXX,XXXXXXXXX,2,5932
7774,Mary,Smith,XXXXXXXXX,XXXXXXXXX,3,5046
7775,Amy,Le,XXXXXXXXX,XXXXXXXXX,1,7702
7776,Julie,Smith,XXXXXXXXX,XXXXXXXXX,1,4065
7777,Evelyn,Rogers,XXXXXXXXX,XXXXXXXXX,1,8952
7778,Mary,Cross,XXXXXXXXX,XXXXXXXXX,2,3422
7779,Margaret,Bryan,XXXXXXXXX,XXXXXXXXX,2,9904
7780,Steven,Smith,XXXXXXXXX,XXXXXXXXX,1,3523
7781,Gregory,Hayden,XXXXXXXXX,XXXXXXXXX,1,408
7782,Mary,Smith,XXXXXXXXX,XXXXXXXXX,1,1774
7783,Amy,Kent,XXXXXXXXX,XXXXXXXXX,1,13972
7784,Mary,Smith,XXXXXXXXX,XXXXXXXXX,1,3956
7785,Amy,Williams,XXXXXXXXX,XXXXXXXXX,1,5809
7786,Mary,Price,XXXXXXXXX,XXXXXXXXX,1,15657
7787,Robert,Christensen,XXXXXXXXX,XXXXXXXXX,1,9083
7788,Diana,Smith,XXXXXXXXX,XXXXXXXXX,2,10253
7789,Mary,Sullivan,XXXXXXXXX,XXXXXXXXX,3,14950
7790,Edward,Castaneda,XXXXXXXXX,XXXXXXXXX,2,3743
7791,Andrea,Smith,XXXXXXXXX,XXXXXXXXX,2,1643
7792,Zachary,Huber,XXXXXXXXX,XXXXXXXXX,2,11052
7793,Mary,Smith,XXXXXXXXX,XXXXXXXXX,2,12124
7794,Jennifer,Compton,XXXXXXXXX,XXXXXXXXX,2,4859
7795,Sandra,Smith,XXXXXXXXX,XXXXXXXXX,2,344
7796,Jason,Collins,XXXXXXXXX,XXXXXXXXX,3,1418
7797,Mary,Frank,XXXXXXXXX,XXXXXXXXX,3,3711
7798,James,Smith,XXXXXXXXX,XXXXXXXXX,1,2906
7799,Susan,Olson,XXXXXXXXX,XXXXXXXXX,1,8557
7800,Mary,Sandoval,XXXXXXXXX,XXXXXXXXX,1,1391
7801,Teresa,Smith,XXXXXXXXX,XXXXXXXXX,1,3799
7802,Mary,Acevedo,XXXXXXXXX,XXXXXXXXX,1,11446
7803,Elizabeth,Smith,XXXXXXXXX,XXXXXXXXX,1,989
7804,Mary,Bennett,XXXXXXXXX,XXXXXXXXX,2,3520
7805,Joe,Powers,XXXXXXXXX,XXXXXXXXX,1,1984
7806,Mary,Smith,XXXXXXXXX,XXXXXXXXX,1,8094
7807,Carolyn,Allen,XXXXXXXXX,XXXXXXXXX,1,14787
7808,Mary,Ward,XXXXXXXXX,XXXXXXXXX,3,11775
7809,Kimberly,Kramer,XXXXXXXXX,XXXXXXXXX,1,10341
7810,Henry,Smith,XXXXXXXXX,XXXXXXXXX,1,899
7811,Mary,White,XXXXXXXXX,XXXXXXXXX,1,6859
7812,Madison,Smith,XXXXXXXXX,XXXXXXXXX,1,4256
7813,Mary,Jackson,XXXXXXXXX,XXXXXXXXX,2,8749
7814,Nicole,Powers,XXXXXXXXX,XXXXXXXXX,2,6189
7815,Mary,Bauer,XXXXXXXXX,XXXXXXXXX,1,10370
7816,Emma,Stout,XXXXXXXXX,XXXXXXXXX,2,3370
7817,Mary,Smith,XXXXXXXXX,XXXXXXXXX,1,15041
7818,Matthew,Ellis,XXXXXXXXX,XXXXXXXXX,1,7747
7819,Mary,Dunn,XXXXXXXXX,XXXXXXXXX,1,15107
7820,John,Deleon,XXXXXXXXX,XXXXXXXXX,1,11064
7821,Willie,Smith,XXXXXXXXX,XXXXXXXXX,2,13837
7822,Mary,Ashley,XXXXXXXXX,XXXXXXXXX,3,13411
7823,Amber,Smith,XXXXXXXXX,XXXXXXXXX,3,9980
7824,Mary,Jackson,XXXXXXXXX,XXXXXXXXX,3,15305
7825,Andrea,Baird,XXXXXXXXX,XXXXXXXXX,2,11811
7826,Mary,Smith,XXXXXXXXX,XXXXXXXXX,2,12856
7827,Jerry,Sandoval,XXXXXXXXX,XXXXXXXXX,1,7808
7828,Mary,Baldwin,XXXXXXXXX,XXXXXXXXX,1,10766
7829,Raymond,Smith,XXXXXXXXX,XXXXXXXXX,1,5584
7830,Christina,Carroll,XXXXXXXXX,XXXXXXXXX,2,3299
7831,Mary,Smith,XXXXXXXXX,XXXXXXXXX,1,10185
7832,Stephen,Nguyen,XXXXXXXXX,XXXXXXXXX,2,1331
7833,Patrick,Herrera,XXXXXXXXX,XXXXXXXXX,3,6641
7834,Mary,Clayton,XXXXXXXXX,XXXXXXXXX,3,5110
7835,Michael,Gallegos,XXXXXXXXX,XXXXXXXXX,1,6353
7836,Mary,Herman,XXXXXXXXX,XXXXXXXXX,1,16328
7837,Thomas,Smith,XXXXXXXXX,XXXXXXXXX,1,10558
7838,Margaret,Williams,XXXXXXXXX,XXXXXXXXX,1,10062
7839,Emma,Wells,XXXXXXXXX,XXXXXXXXX,1,3847
7840,Mary,Smith,XXXXXXXXX,XXXXXXXXX,1,3440
7841,Joseph,Mcintyre,XXXXXXXXX,XXXXXXXXX,2,838
7842,Melissa,Smith,XXXXXXXXX,XXXXXXXXX,2,3762
7843,Catherine,Petersen,XXXXXXXXX,XXXXXXXXX,1,15994
7844,Scott,Smith,XXXXXXXXX,XXXXXXXXX,1,3101
7845,Walter,Marshall,XXXXXXXXX,XXXXXXXXX,1,14719
7846,Mary,Sherman,XXXXXXXXX,XXXXXXXXX,2,14607
7847,Christopher,Sosa,XXXXXXXXX,XXXXXXXXX,2,4762
7848,Jessica,Smith,XXXXXXXXX,XXXXXXXXX,2,1133
7849,Kenneth,Rogers,XXXXXXXXX,XXXXXXXXX,1,14860
7850,Mary,Lara,XXXXXXXXX,XXXXXXXXX,1,1656
7851,Douglas,Smith,XXXXXXXXX,XXXXXXXXX,2,13836
7852,Mary,Greene,XXXXXXXXX,XXXXXXXXX,1,8141
7853,Aaron,Smith,XXXXXXXXX,XXXXXXXXX,1,7411
7854,Mary,Allen,XXXXXXXXX,XXXXXXXXX,1,1832
7855,Robert,Calhoun,XXXXXXXXX,XXXXXXXXX,1,12770
7856,Andrew,Smith,XXXXXXXXX,XXXXXXXXX,1,1544
7857,Jean,Bentley,XXXXXXXXX,XXXXXXXXX,1,13524
7858,Mary,Smith,XXXXXXXXX,XXXXXXXXX,1,3906
7859,Patricia,Hopkins,XXXXXXXXX,XXXXXXXXX,3,13970
7860,Mary,Smith,XXXXXXXXX,XXXXXXXXX,3,7026
7861,Susan,Chan,XXXXXXXXX,XXXXXXXXX,3,8544
7862,Mary,Smith,XXXXXXXXX,XXXXXXXXX,3,13646
7863,Elizabeth,Hodges,XXXXXXXXX,XXXXXXXXX,3,6577
7864,Alice,Smith,XXXXXXXXX,XXXXXXXXX,3,6083
7865,Mary,Bryant,XXXXXXXXX,XXXXXXXXX,3,8660
7866,Juan,Smith,XXXXXXXXX,XXXXXXXXX,3,7527
7867,Mary,Glenn,XXXXXXXXX,XXXXXXXXX,1,3466
7868,Michael,Smith,XXXXXXXXX,XXXXXXXXX,3,720
7869,Grace,Gonzales,XXXXXXXXX,XXXXXXXXX,2,7551
7870,Mary,Reilly,XXXXXXXXX,XXXXXXXXX,2,14720
7871,Bobby,Branch,XXXXXXXXX,XXXXXXXXX,3,12820
7872,Mary,Smith,XXXXXXXXX,XXXXXXXXX,3,6496
7874,Zachary,Smith,XXXXXXXXX,XXXXXXXXX,1,2415
7875,Mary,Gonzales,XXXXXXXXX,XXXXXXXXX,2,11948
7876,Emily,Black,XXXXXXXXX,XXXXXXXXX,1,7753
7877,Mary,Smith,XXXXXXXXX,XXXXXXXXX,3,13310
7878,Helen,Lewis,XXXXXXXXX,XXXXXXXXX,1,10616
7879,Michelle,Powell,XXXXXXXXX,XXXXXXXXX,2,3152
7880,Joyce,Padilla,XXXXXXXXX,XXXXXXXXX,2,8856
7881,Kathryn,Ware,XXXXXXXXX,XXXXXXXXX,2,4843
7882,Mary,Smith,XXXXXXXXX,XXXXXXXXX,2,2545
7883,Deborah,Park,XXXXXXXXX,XXXXXXXXX,2,7675
7884,Peter,Smith,XXXXXXXXX,XXXXXXXXX,2,2170
7885,Mary,Shepherd,XXXXXXXXX,XXXXXXXXX,2,10575
7886,Kenneth,Smith,XXXXXXXXX,XXXXXXXXX,2,9856
7887,Mary,Keller,XXXXXXXXX,XXXXXXXXX,2,81
7888,Elizabeth,Smith,XXXXXXXXX,XXXXXXXXX,3,10813
7889,Michelle,Spence,XXXXXXXXX,XXXXXXXXX,3,8328
7890,Mary,Smith,XXXXXXXXX,XXXXXXXXX,3,1480
7891,James,Wilson,XXXXXXXXX,XXXXXXXXX,3,542
7892,Michael,Hayes,XXXXXXXXX,XXXXXXXXX,1,11256
7893,Lisa,Smith,XXXXXXXXX,XXXXXXXXX,1,7205
7894,Emma,Moore,XXXXXXXXX,XXXXXXXXX,1,15902
7895,Mary,Snyder,XXXXXXXXX,XXXXXXXXX,1,1308
7896,Susan,Smith,XXXXXXXXX,XXXXXXXXX,1,1808
7897,Megan,Phillips,XXXXXXXXX,XXXXXXXXX,2,12228
7898,Mary,Smith,XXXXXXXXX,XXXXXXXXX,2,6054
7899,Donald,Tran,XXXXXXXXX,XXXXXXXXX,2,10670
7900,Shirley,Smith,XXXXXXXXX,XXXXXXXXX,3,1003
7901,Jacob,Daniels,XXXXXXXXX,XXXXXXXXX,1,3141
7902,Mary,Smith,XXXXXXXXX,XXXXXXXXX,1,14141
7903,Harold,Jenkins,XXXXXXXXX,XXXXXXXXX,1,7364
7904,Mary,Smith,XXXXXXXXX,XXXXXXXXX,1,7134
7905,Cynthia,Garcia,XXXXXXXXX,XXXXXXXXX,1,12275
7906,Wayne,James,XXXXXXXXX,XXXXXXXXX,1,6543
7907,Mary,Swanson,XXXXXXXXX,XXXXXXXXX,1,13721
7908,Stephanie,Smith,XXXXXXXXX,XXXXXXXXX,2,14885
7909,Aaron,Mann,XXXXXXXXX,XXXXXXXXX,1,12370
7910,Mary,Camacho,XXXXXXXXX,XXXXXXXXX,1,2152
7911,Joshua,Smith,XXXXXXXXX,XXXXXXXXX,1,939
7912,Mary,Johnson,XXXXXXXXX,XXXXXXXXX,1,9419
7913,Randy,Edwards,XXXXXXXXX,XXXXXXXXX,1,6766
7914,Mary,Smith,XXXXXXXXX,XXXXXXXXX,1,15794
7915,Justin,Murphy,XXXXXXXXX,XXXXXXXXX,1,11452
7916,Mary,Richardson,XXXXXXXXX,XXXXXXXXX,1,6696
7917,Ashley,Palmer,XXXXXXXXX,XXXXXXXXX,1,13543
7918,Mary,Kemp,XXXXXXXXX,XXXXXXXXX,2,2060
7919,Brittany,Kent,XXXXXXXXX,XXXXXXXXX,1,8311
7920,Mary,Smith,XXXXXXXXX,XXXXXXXXX,1,356
7921,James,Glass,XXXXXXXXX,XXXXXXXXX,1,10932
7922,Jennifer,Smith,XXXXXXXXX,XXXXXXXXX,3,3335
7923,Sharon,Rivera,XXXXXXXXX,XXXXXXXXX,2,11970
7924,Mary,Arnold,XXXXXXXXX,XXXXXXXXX,1,8304
7925,William,Smith,XXXXXXXXX,XXXXXXXXX,1,5359
7926,Bobby,Castillo,XXXXXXXXX,XXXXXXXXX,1,13813
7927,Mary,Dickson,XXXXXXXXX,XXXXXXXXX,1,15621
7928,Madison,Smith,XXXXXXXXX,XXXXXXXXX,1,12841
7929,Mary,Marquez,XXXXXXXXX,XXXXXXXXX,2,15057
7930,Rebecca,Smith,XXXXXXXXX,XXXXXXXXX,2,4407
7931,Mary,Mcdaniel,XXXXXXXXX,XXXXXXXXX,2,8224
7932,Catherine,Rubio,XXXXXXXXX,XXXXXXXXX,2,14396
7933,Mary,Smith,XXXXXXXXX,XXXXXXXXX,2,9090
7934,Paul,Johnson,XXXXXXXXX,XXXXXXXXX,3,15304
7935,Mary,Williams,XXXXXXXXX,XXXXXXXXX,1,12718
7936,Deborah,Miles,XXXXXXXXX,XXXXXXXXX,1,14224
7937,Mary,Smith,XXXXXXXXX,XXXXXXXXX,1,14086
7938,Joseph,Clark,XXXXXXXXX,XXXXXXXXX,2,6722
7939,Tammy,Smith,XXXXXXXXX,XXXXXXXXX,1,14745
7940,Mary,Mejia,XXXXXXXXX,XXXXXXXXX,1,4924
7941,Ashley,Smith,XXXXXXXXX,XXXXXXXXX,1,11367
7942,Jacob,Gonzalez,XXXXXXXXX,XXXXXXXXX,1,1378
7943,Mary,Ramirez,XXXXXXXXX,XXXXXXXXX,1,15793
7944,Gloria,Mcneil,XXXXXXXXX,XXXXXXXXX,1,1327
7945,Mary,Smith,XXXXXXXXX,XXXXXXXXX,1,16235
7946,Donald,Brooks,XXXXXXXXX,XXXXXXXXX,1,3688
7947,Mary,Andrews,XXXXXXXXX,XXXXXXXXX,1,14614
7948,Ethan,Allison,XXXXXXXXX,XXXXXXXXX,1,1058
7949,Mary,Barrera,XXXXXXXXX,XXXXXXXXX,1,4476
7950,Paul,Smith,XXXXXXXXX,XXXXXXXXX,1,12603
7951,Amy,Salazar,XXXXXXXXX,XXXXXXXXX,1,10229
7952,Jose,Smith,XXXXXXXXX,XXXXXXXXX,1,12060
7953,Mary,Brown,XXXXXXXXX,XXXXXXXXX,1,16271
7954,Danielle,Smith,XXXXXXXXX,XXXXXXXXX,1,7263
7955,Mary,Rios,XXXXXXXXX,XXXXXXXXX,3,15596
7956,Patricia,Maynard,XXXXXXXXX,XXXXXXXXX,1,4231
7957,Christopher,Smith,XXXXXXXXX,XXXXXXXXX,1,14945
7958,Jessica,Cochran,XXXXXXXXX,XXXXXXXXX,1,15443
7959,Mary,Smith,XXXXXXXXX,XXXXXXXXX,1,8456
7960,Ethan,Thomas,XXXXXXXXX,XXXXXXXXX,2,853
7961,Mary,Kerr,XXXXXXXXX,XXXXXXXXX,2,3892
7962,Justin,Smith,XXXXXXXXX,XXXXXXXXX,2,13982
7963,Mary,Fisher,XXXXXXXXX,XXXXXXXXX,2,7066
7964,Stephen,Smith,XXXXXXXXX,XXXXXXXXX,2,12659
7965,Mary,Hunter,XXXXXXXXX,XXXXXXXXX,1,7574
7966,John,Smith,XXXXXXXXX,XXXXXXXXX,2,2002
7967,Samuel,Jones,XXXXXXXXX,XXXXXXXXX,1,11182
7968,Mary,Garcia,XXXXXXXXX,XXXXXXXXX,1,10772
7969,Sean,Kelley,XXXXXXXXX,XXXXXXXXX,1,3293
7970,Mary,Copeland,XXXXXXXXX,XXXXXXXXX,1,3155
7971,William,Smith,XXXXXXXXX,XXXXXXXXX,1,8320
7972,Mary,Hoffman,XXXXXXXXX,XXXXXXXXX,1,8571
7973,Rebecca,Smith,XXXXXXXXX,XXXXXXXXX,1,14826
7974,Mary,Shaw,XXXXXXXXX,XXXXXXXXX,1,2730
7975,Eugene,Davila,XXXXXXXXX,XXXXXXXXX,2,10658
7976,Mary,Smith,XXXXXXXXX,XXXXXXXXX,2,15909
7977,Frank,Lopez,XXXXXXXXX,XXXXXXXXX,1,958
7978,Amber,Santos,XXXXXXXXX,XXXXXXXXX,2,14677
7979,Mary,Smith,XXXXXXXXX,XXXXXXXXX,1,15742
7980,Jennifer,Ortiz,XXXXXXXXX,XXXXXXXXX,1,13761
7981,Mark,Smith,XXXXXXXXX,XXXXXXXXX,2,15480
7982,Ronald,Hall,XXXXXXXXX,XXXXXXXXX,2,12753
7983,Heather,Merritt,XXXXXXXXX,XXXXXXXXX,2,10219
7984,Mary,Cisneros,XXXXXXXXX,XXXXXXXXX,2,1976
7985,Denise,Smith,XXXXXXXXX,XXXXXXXXX,2,1357
7986,Mary,Steele,XXXXXXXXX,XXXXXXXXX,3,12092
7987,Willie,Smith,XXXXXXXXX,XXXXXXXXX,3,2022
7988,Mary,Rice,XXXXXXXXX,XXXXXXXXX,3,3294
7989,Elizabeth,Douglas,XXXXXXXXX,XXXXXXXXX,1,5311
7990,Jason,Cummings,XXXXXXXXX,XXXXXXXXX,1,3487
7991,Mary,Conrad,XXXXXXXXX,XXXXXXXXX,1,843
7992,Harold,Smith,XXXXXXXXX,XXXXXXXXX,1,11070
7993,Lawrence,Joyce,XXXXXXXXX,XXXXXXXXX,2,14845
7994,Ralph,Smith,XXXXXXXXX,XXXXXXXXX,2,1372
7996,Mary,Lindsey,XXXXXXXXX,XXXXXXXXX,2,11637
7997,Kimberly,Jefferson,XXXXXXXXX,XXXXXXXXX,1,1289
7998,Mary,Smith,XXXXXXXXX,XXXXXXXXX,1,3443
7999,Michael,Long,XXXXXXXXX,XXXXXXXXX,2,8898
8000,Edward,Patterson,XXXXXXXXX,XXXXXXXXX,3,4113
8001,Mary,Smith,XXXXXXXXX,XXXXXXXXX,3,15475
8002,Margaret,Martinez,XXXXXXXXX,XXXXXXXXX,1,4318
8003,Diane,Zimmerman,XXXXXXXXX,XXXXXXXXX,1,10835
8004,Mary,Smith,XXXXXXXXX,XXXXXXXXX,1,12541
8005,Robert,Lambert,XXXXXXXXX,XXXXXXXXX,1,1050
8006,Michael,Leon,XXXXXXXXX,XXXXXXXXX,1,703
8007,Nicholas,Garrison,XXXXXXXXX,XXXXXXXXX,1,3366
8008,Mary,Delacruz,XXXXXXXXX,XXXXXXXXX,2,16498
8009,Steven,Dickson,XXXXXXXXX,XXXXXXXXX,2,14781
8010,Kathy,Smith,XXXXXXXXX,XXXXXXXXX,2,11038
8011,Mary,Hill,XXXXXXXXX,XXXXXXXXX,3,9701
8012,Gregory,Smith,XXXXXXXXX,XXXXXXXXX,3,6967
8013,Mary,Adams,XXXXXXXXX,XXXXXXXXX,3,14627
8014,Emily,Powers,XXXXXXXXX,XXXXXXXXX,1,3532
8015,Mary,Blackburn,XXXXXXXXX,XXXXXXXXX,3,12981
8016,Patricia,Smith,XXXXXXXXX,XXXXXXXXX,1,3457
8017,Mary,Rhodes,XXXXXXXXX,XXXXXXXXX,2,12502
8018,Ruth,Shepherd,XXXXXXXXX,XXXXXXXXX,1,6210
8019,Samantha,Smith,XXXXXXXXX,XXXXXXXXX,1,5971
8020,Joan,Davis,XXXXXXXXX,XXXXXXXXX,1,9865
8021,Mary,Bonilla,XXXXXXXXX,XXXXXXXXX,1,5929
8022,Jessica,Smith,XXXXXXXXX,XXXXXXXXX,1,10141
8023,Mary,Pope,XXXXXXXXX,XXXXXXXXX,1,8164
8024,Christopher,Smith,XXXXXXXXX,XXXXXXXXX,1,3591
8025,Frank,Foster,XXXXXXXXX,XXXXXXXXX,1,12542
8026,Mary,Wade,XXXXXXXXX,XXXXXXXXX,2,16225
8027,James,Smith,XXXXXXXXX,XXXXXXXXX,3,15506
8028,Donald,Lawson,XXXXXXXXX,XXXXXXXXX,1,7486
8029,Sandra,Smith,XXXXXXXXX,XXXXXXXXX,2,3431
8030,Mary,Johnston,XXXXXXXXX,XXXXXXXXX,2,3573
8031,Richard,Smith,XXXXXXXXX,XXXXXXXXX,2,10488
8032,Karen,Lopez,XXXXXXXXX,XXXXXXXXX,2,12088
8033,Timothy,Estes,XXXXXXXXX,XXXXXXXXX,2,2697
8035,Mark,Andrews,XXXXXXXXX,XXXXXXXXX,2,15274
8036,Howard,Smith,XXXXXXXXX,XXXXXXXXX,2,16175
8037,Mary,Mclaughlin,XXXXXXXXX,XXXXXXXXX,2,10823
8038,Donald,Smith,XXXXXXXXX,XXXXXXXXX,1,1234
8039,Gerald,Arellano,XXXXXXXXX,XXXXXXXXX,1,8315
8040,Mary,Smith,XXXXXXXXX,XXXXXXXXX,1,6888
8041,Carol,Ball,XXXXXXXXX,XXXXXXXXX,2,16190
8042,Mary,Smith,XXXXXXXXX,XXXXXXXXX,2,12956
8043,Mary,Herrera,XXXXXXXXX,XXXXXXXXX,2,12133
8044,Richard,Smith,XXXXXXXXX,XXXXXXXXX,3,8256
8045,Peter,Daniels,XXXXXXXXX,XXXXXXXXX,3,2261
8046,Mary,Bernard,XXXXXXXXX,XXXXXXXXX,3,1720
8047,Gary,Smith,XXXXXXXXX,XXXXXXXXX,1,4121
8048,Debra,Bryant,XXXXXXXXX,XXXXXXXXX,1,10093
8049,Mary,Mcgee,XXXXXXXXX,XXXXXXXXX,1,6538
8050,Elizabeth,Smith,XXXXXXXXX,XXXXXXXXX,1,11799
8051,Emily,Hutchinson,XXXXXXXXX,XXXXXXXXX,1,875
8052,Pamela,Smith,XXXXXXXXX,XXXXXXXXX,1,10103
8053,Mary,Dennis,XXXXXXXXX,XXXXXXXXX,1,12524
8054,Andrea,Smith,XXXXXXXXX,XXXXXXXXX,1,4831
8055,Mary,Ortiz,XXXXXXXXX,XXXXXXXXX,1,9836
8056,John,Logan,XXXXXXXXX,XXXXXXXXX,1,1715
8057,Lisa,Smith,XXXXXXXXX,XXXXXXXXX,1,73
8058,Ryan,Mosley,XXXXXXXXX,XXXXXXXXX,1,10400
8059,Mary,Smith,XXXXXXXXX,XXXXXXXXX,1,14370
8060,Sara,Logan,XXXXXXXXX,XXXXXXXXX,1,12970
8061,Mary,Cooley,XXXXXXXXX,XXXXXXXXX,2,9889
8062,Dennis,Smith,XXXXXXXXX,XXXXXXXXX,2,3658
8063,Mary,Newman,XXXXXXXXX,XXXXXXXXX,1,5154
8064,Richard,Rich,XXXXXXXXX,XXXXXXXXX,1,13173
8065,Margaret,Smith,XXXXXXXXX,XXXXXXXXX,1,7198
8066,Mary,Ramos,XXXXXXXXX,XXXXXXXXX,2,4871
8067,Karen,Holland,XXXXXXXXX,XXXXXXXXX,2,16427
8068,Larry,Smith,XXXXXXXXX,XXXXXXXXX,1,3942
8069,Tiffany,Mcdaniel,XXXXXXXXX,XXXXXXXXX,3,10308
8070,Mary,Smith,XXXXXXXXX,XXXXXXXXX,1,4571
8071,Gary,Baker,XXXXXXXXX,XXXXXXXXX,3,2992
8072,Mary,Rogers,XXXXXXXXX,XXXXXXXXX,3,15271
8073,Rachel,Smith,XXXXXXXXX,XXXXXXXXX,3,16430
8074,Mary,Harris,XXXXXXXXX,XXXXXXXXX,3,4652
8075,Sarah,Coleman,XXXXXXXXX,XXXXXXXXX,2,2344
8076,Mary,Gay,XXXXXXXXX,XXXXXXXXX,2,5330
8077,Thomas,Smith,XXXXXXXXX,XXXXXXXXX,2,1775
8078,Janet,Thomas,XXXXXXXXX,XXXXXXXXX,2,9598
8079,Mary,Burnett,XXXXXXXXX,XXXXXXXXX,2,6605
8080,Matthew,Smith,XXXXXXXXX,XXXXXXXXX,3,355
8081,Mary,Cameron,XXXXXXXXX,XXXXXXXXX,3,12095
8082,Pamela,Smith,XXXXXXXXX,XXXXXXXXX,1,9940
8083,Marie,Figueroa,XXXXXXXXX,XXXXXXXXX,1,13980
8084,Mary,Smith,XXXXXXXXX,XXXXXXXXX,1,3921
8085,John,Farmer,XXXXXXXXX,XXXXXXXXX,1,8
8086,Paul,Moon,XXXXXXXXX,XXXXXXXXX,1,2969
8087,Sean,Smith,XXXXXXXXX,XXXXXXXXX,2,15292
8088,Mary,Morris,XXXXXXXXX,XXXXXXXXX,2,8397
8089,Evelyn,Smith,XXXXXXXXX,XXXXXXXXX,2,13627
8090,Mary,Martinez,XXXXXXXXX,XXXXXXXXX,2,9515
8091,Emily,Powell,XXXXXXXXX,XXXXXXXXX,1,9586
8092,Mary,Smith,XXXXXXXXX,XXXXXXXXX,1,3601
8093,Patricia,Cook,XXXXXXXXX,XXXXXXXXX,1,7886
8094,Gregory,Rivas,XXXXXXXXX,XXXXXXXXX,1,9547
8095,Dennis,Smith,XXXXXXXXX,XXXXXXXXX,2,2664
8096,Mary,Miller,XXXXXXXXX,XXXXXXXXX,3,16350
8097,Marie,Martin,XXXXXXXXX,XXXXXXXXX,1,10684
8098,Mary,Smith,XXXXXXXXX,XXXXXXXXX,1,12463
8099,Ashley,Sosa,XXXXXXXXX,XXXXXXXXX,3,10769
8100,Victoria,Smith,XXXXXXXXX,XXXXXXXXX,2,2144
8101,Mary,Hudson,XXXXXXXXX,XXXXXXXXX,2,14422
8102,David,Smith,XXXXXXXXX,XXXXXXXXX,1,13051
8103,Donna,Jones,XXXXXXXXX,XXXXXXXXX,1,12715
8104,Johnny,Smith,XXXXXXXXX,XXXXXXXXX,1,810
8105,Mary,Gordon,XXXXXXXXX,XXXXXXXXX,1,11092
8106,Theresa,Lynch,XXXXXXXXX,XXXXXXXXX,1,9329
8107,Mary,Smith,XXXXXXXXX,XXXXXXXXX,1,11111
8108,Steven,Barnes,XXXXXXXXX,XXXXXXXXX,1,3910
8109,Mary,Werner,XXXXXXXXX,XXXXXXXXX,2,1613
8110,Catherine,Smith,XXXXXXXXX,XXXXXXXXX,2,3205
8111,Jesse,Cummings,XXXXXXXXX,XXXXXXXXX,3,13014
8112,Mary,Smith,XXXXXXXXX,XXXXXXXXX,3,13570
8113,Sean,Tate,XXXXXXXXX,XXXXXXXXX,1,11120
8114,Mary,Smith,XXXXXXXXX,XXXXXXXXX,1,11809
8115,Kevin,Melton,XXXXXXXXX,XXXXXXXXX,1,8794
8116,Melissa,Smith,XXXXXXXXX,XXXXXXXXX,1,2477
8117,Mary,Peterson,XXXXXXXXX,XXXXXXXXX,1,1975
8118,Nathan,Blair,XXXXXXXXX,XXXXXXXXX,1,3518
8119,Mary,Smith,XXXXXXXXX,XXXXXXXXX,1,13530
8120,Stephanie,Perry,XXXXXXXXX,XXXXXXXXX,1,730
8121,Marie,Henry,XXXXXXXXX,XXXXXXXXX,1,12438
8122,Jesse,Webster,XXXXXXXXX,XXXXXXXXX,2,16363
8123,Mary,Todd,XXXXXXXXX,XXXXXXXXX,3,6807
8124,Peter,Smith,XXXXXXXXX,XXXXXXXXX,1,11931
8125,Philip,Robbins,XXXXXXXXX,XXXXXXXXX,2,2616
8126,Mary,Smith,XXXXXXXXX,XXXXXXXXX,2,9112
8127,Rose,Anderson,XXXXXXXXX,XXXXXXXXX,2,5401
8128,Mary,Smith,XXXXXXXXX,XXXXXXXXX,3,9136
8129,Jesse,Joyce,XXXXXXXXX,XXXXXXXXX,3,13093
8130,Mary,Smith,XXXXXXXXX,XXXXXXXXX,3,9773
8131,Thomas,Gonzalez,XXXXXXXXX,XXXXXXXXX,3,14431
8132,Sharon,Choi,XXXXXXXXX,XXXXXXXXX,3,14595
8133,Benjamin,Riddle,XXXXXXXXX,XXXXXXXXX,3,11221
8134,Doris,Smith,XXXXXXXXX,XXXXXXXXX,1,3381
8135,Mary,Stevens,XXXXXXXXX,XXXXXXXXX,1,5411
8136,Charles,Smith,XXXXXXXXX,XXXXXXXXX,3,11132
8137,Janet,Simmons,XXXXXXXXX,XXXXXXXXX,3,5983
8138,Mary,Montgomery,XXXXXXXXX,XXXXXXXXX,3,8235
8139,Douglas,Smith,XXXXXXXXX,XXXXXXXXX,1,10809
8140,Mary,Green,XXXXXXXXX,XXXXXXXXX,1,1611
8141,Roy,Smith,XXXXXXXXX,XXXXXXXXX,3,2242
8142,Mary,Fields,XXXXXXXXX,XXXXXXXXX,3,7595
8143,Brian,Smith,XXXXXXXXX,XXXXXXXXX,1,14880
8144,Mary,Summers,XXXXXXXXX,XXXXXXXXX,1,5387
8145,Debra,Smith,XXXXXXXXX,XXXXXXXXX,1,8216
8146,Carolyn,Jennings,XXXXXXXXX,XXXXXXXXX,2,13453
8147,Mary,Pacheco,XXXXXXXXX,XXXXXXXXX,1,10848
8148,Daniel,Smith,XXXXXXXXX,XXXXXXXXX,1,16176
8149,Kenneth,Clark,XXXXXXXXX,XXXXXXXXX,2,4438
8150,Mary,Jennings,XXXXXXXXX,XXXXXXXXX,2,5175
8151,Michael,Mcgee,XXXXXXXXX,XXXXXXXXX,2,12518
8152,Nicholas,Smith,XXXXXXXXX,XXXXXXXXX,2,799
8153,Mary,Frye,XXXXXXXXX,XXXXXXXXX,1,5848
8154,Dennis,Smith,XXXXXXXXX,XXXXXXXXX,1,9490
8155,Mary,Zhang,XXXXXXXXX,XXXXXXXXX,2,4534
8156,Hannah,Smith,XXXXXXXXX,XXXXXXXXX,2,15472
8157,Mary,Marshall,XXXXXXXXX,XXXXXXXXX,2,7419
8158,Donald,Pugh,XXXXXXXXX,XXXXXXXXX,2,3035
8159,Rebecca,Smith,XXXXXXXXX,XXXXXXXXX,2,11972
8160,Mary,Young,XXXXXXXXX,XXXXXXXXX,3,8159
8161,Ruth,Ramirez,XXXXXXXXX,XXXXXXXXX,2,10705
8162,Phillip,Smith,XXXXXXXXX,XXXXXXXXX,2,6473
8163,Mary,Johnson,XXXXXXXXX,XXXXXXXXX,2,2050
8164,Kathleen,Harper,XXXXXXXXX,XXXXXXXXX,2,15562
8165,Mary,Kirk,XXXXXXXXX,XXXXXXXXX,2,7405
8166,Patricia,Smith,XXXXXXXXX,XXXXXXXXX,3,5433
8167,Betty,Roberts,XXXXXXXXX,XXXXXXXXX,1,6004
8168,Ashley,Smith,XXXXXXXXX,XXXXXXXXX,1,14774
8169,Mary,Soto,XXXXXXXXX,XXXXXXXXX,1,13560
8170,Rachel,Smith,XXXXXXXXX,XXXXXXXXX,1,8770
8171,Benjamin,Cole,XXXXXXXXX,XXXXXXXXX,1,459
8172,Mary,Smith,XXXXXXXXX,XXXXXXXXX,1,1985
8173,Brian,Nguyen,XXXXXXXXX,XXXXXXXXX,1,56
8174,Jane,Simmons,XXXXXXXXX,XXXXXXXXX,1,2656
8175,Mary,Smith,XXXXXXXXX,XXXXXXXXX,2,5177
8176,Charles,Hernandez,XXXXXXXXX,XXXXXXXXX,3,12840
8177,Janet,Parker,XXXXXXXXX,XXXXXXXXX,1,9895
8178,Mary,Barnes,XXXXXXXXX,XXXXXXXXX,3,2464
8179,Julia,Terry,XXXXXXXXX,XXXXXXXXX,3,14405
8180,Albert,Smith,XXXXXXXXX,XXXXXXXXX,3,15284
8181,Mary,Long,XXXXXXXXX,XXXXXXXXX,2,9403
8182,Matthew,Meyer,XXXXXXXXX,XXXXXXXXX,2,1432
8183,Ryan,Giles,XXXXXXXXX,XXXXXXXXX,2,2196
8184,Mary,Smith,XXXXXXXXX,XXXXXXXXX,2,9131
8185,Ronald,Powell,XXXXXXXXX,XXXXXXXXX,3,4038
8186,Theresa,Smith,XXXXXXXXX,XXXXXXXXX,3,5710
8187,Mary,Fox,XXXXXXXXX,XXXXXXXXX,3,5797
8188,Timothy,Smith,XXXXXXXXX,XXXXXXXXX,1,7641
8189,Mary,Olsen,XXXXXXXXX,XXXXXXXXX,1,2143
8190,Michael,Smith,XXXXXXXXX,XXXXXXXXX,1,15114
8191,Barbara,Thompson,XXXXXXXXX,XXXXXXXXX,1,12953
8192,Kathryn,Marshall,XXXXXXXXX,XXXXXXXXX,1,11697
8193,Mary,Smith,XXXXXXXXX,XXXXXXXXX,1,7772
8194,David,Winters,XXXXXXXXX,XXXXXXXXX,1,2539
8195,Jennifer,Smith,XXXXXXXXX,XXXXXXXXX,1,5096
8196,Kimberly,Sheppard,XXXXXXXXX,XXXXXXXXX,1,12881
8197,Alice,Smith,XXXXXXXXX,XXXXXXXXX,1,4287
8198,Mary,Frank,XXXXXXXXX,XXXXXXXXX,1,9127
8199,William,Smith,XXXXXXXXX,XXXXXXXXX,1,11520
8200,Mary,Morales,XXXXXXXXX,XXXXXXXXX,1,13846
8201,Lauren,Smith,XXXXXXXXX,XXXXXXXXX,1,15307
8202,Mary,Howard,XXXXXXXXX,XXXXXXXXX,1,14241
8203,Nicole,Harrison,XXXXXXXXX,XXXXXXXXX,1,11273
8204,Diana,Smith,XXXXXXXXX,XXXXXXXXX,2,10279
8205,Lawrence,Cummings,XXXXXXXXX,XXXXXXXXX,1,10708
8206,Mary,Smith,XXXXXXXXX,XXXXXXXXX,1,8197
8207,Charles,Jordan,XXXXXXXXX,XXXXXXXXX,2,12435
8208,Edward,Wheeler,XXXXXXXXX,XXXXXXXXX,2,3095
8209,Gloria,Smith,XXXXXXXXX,XXXXXXXXX,1,1215
8210,Mary,Glenn,XXXXXXXXX,XXXXXXXXX,1,14059
8211,Ronald,Mcneil,XXXXXXXXX,XXXXXXXXX,1,4769
8212,Mary,Smith,XXXXXXXXX,XXXXXXXXX,3,3347
8213,Betty,Rollins,XXXXXXXXX,XXXXXXXXX,1,14629
8214,Mary,Smith,XXXXXXXXX,XXXXXXXXX,1,9098
8215,David,Richardson,XXXXXXXXX,XXXXXXXXX,1,2611
8216,Linda,Daniel,XXXXXXXXX,XXXXXXXXX,2,10838
8217,Virginia,Cantrell,XXXXXXXXX,XXXXXXXXX,3,3935
8218,Maria,Smith,XXXXXXXXX,XXXXXXXXX,3,9466
8219,Mary,Morton,XXXXXXXXX,XXXXXXXXX,3,15696
8220,Michael,Smith,XXXXXXXXX,XXXXXXXXX,3,4883
8221,Janet,Sampson,XXXXXXXXX,XXXXXXXXX,3,16149
8222,Crystal,Smith,XXXXXXXXX,XXXXXXXXX,1,2547
8223,Mary,Smith,XXXXXXXXX,XXXXXXXXX,3,10408
8224,Edward,Chang,XXXXXXXXX,XXXXXXXXX,1,585
8225,Nathan,Smith,XXXXXXXXX,XXXXXXXXX,3,14226
8226,Mary,Ritter,XXXXXXXXX,XXXXXXXXX,2,1858
8227,Jacob,Smith,XXXXXXXXX,XXXXXXXXX,1,9150
8228,Gregory,Allen,XXXXXXXXX,XXXXXXXXX,2,1762
8229,Mary,Mcfarland,XXXXXXXXX,XXXXXXXXX,2,15365
8230,Judy,Smith,XXXXXXXXX,XXXXXXXXX,1,8127
8231,Mary,Jones,XXXXXXXXX,XXXXXXXXX,1,10789
8232,Lisa,Avery,XXXXXXXXX,XXXXXXXXX,1,8616
8233,Mary,Hanna,XXXXXXXXX,XXXXXXXXX,1,2699
8234,Kevin,Smith,XXXXXXXXX,XXXXXXXXX,1,9064
8235,Bruce,Horton,XXXXXXXXX,XXXXXXXXX,1,10177
8236,Mary,Smith,XXXXXXXXX,XXXXXXXXX,1,12446
8237,Emma,Munoz,XXXXXXXXX,XXXXXXXXX,1,1203
8238,Jesse,Smith,XXXXXXXXX,XXXXXXXXX,1,11971
8239,Mary,Harrison,XXXXXXXXX,XXXXXXXXX,1,6342
8240,James,Mack,XXXXXXXXX,XXXXXXXXX,1,1155
8241,Betty,Smith,XXXXXXXXX,XXXXXXXXX,1,14936
8242,Mary,Harris,XXXXXXXXX,XXXXXXXXX,1,7725
8244,Mary,Watson,XXXXXXXXX,XXXXXXXXX,3,7749
8245,Thomas,Gray,XXXXXXXXX,XXXXXXXXX,1,4341
8246,Johnny,Frederick,XXXXXXXXX,XXXXXXXXX,1,5188
8247,Mary,Smith,XXXXXXXXX,XXXXXXXXX,1,7658
8248,George,Harrell,XXXXXXXXX,XXXXXXXXX,3,110
8249,Mary,Nolan,XXXXXXXXX,XXXXXXXXX,1,6525
8250,Emma,Smith,XXXXXXXXX,XXXXXXXXX,1,6154
8251,Mary,Ross,XXXXXXXXX,XXXXXXXXX,3,11810
8252,Laura,Smith,XXXXXXXXX,XXXXXXXXX,3,12791
8253,Shirley,Arnold,XXXXXXXXX,XXXXXXXXX,1,7530
8254,Jesse,Esparza,XXXXXXXXX,XXXXXXXXX,1,12515
8255,Mary,Smith,XXXXXXXXX,XXXXXXXXX,2,6787
8256,James,Parker,XXXXXXXXX,XXXXXXXXX,3,11403
8257,William,Reed,XXXXXXXXX,XXXXXXXXX,2,6001
8258,Thomas,Stokes,XXXXXXXXX,XXXXXXXXX,2,13156
8259,Mary,Smith,XXXXXXXXX,XXXXXXXXX,2,4580
8260,Teresa,Berg,XXXXXXXXX,XXXXXXXXX,2,15111
8261,Mary,Smith,XXXXXXXXX,XXXXXXXXX,2,9537
8262,George,Porter,XXXXXXXXX,XXXXXXXXX,2,16478
8263,Mary,Smith,XXXXXXXXX,XXXXXXXXX,2,4752
8264,Robert,Ryan,XXXXXXXXX,XXXXXXXXX,2,6297
8265,William,Smith,XXXXXXXXX,XXXXXXXXX,2,5112
8266,Mary,Patterson,XXXXXXXXX,XXXXXXXXX,2,15471
8267,Jennifer,Smith,XXXXXXXXX,XXXXXXXXX,3,7142
8268,Joe,Gamble,XXXXXXXXX,XXXXXXXXX,2,11675
8269,Mary,Smith,XXXXXXXXX,XXXXXXXXX,2,8622
8270,Steven,Moran,XXXXXXXXX,XXXXXXXXX,1,6810
8271,Mary,Smith,XXXXXXXXX,XXXXXXXXX,1,2325
8272,Justin,Martinez,XXXXXXXXX,XXXXXXXXX,1,14648
8273,Theresa,Lopez,XXXXXXXXX,XXXXXXXXX,1,4087
8274,Mary,Mcgrath,XXXXXXXXX,XXXXXXXXX,1,1759
8275,Janice,Smith,XXXXXXXXX,XXXXXXXXX,2,10820
8276,Jordan,Griffin,XXXXXXXXX,XXXXXXXXX,1,3181
8277,Mary,Sanford,XXXXXXXXX,XXXXXXXXX,1,1385
8278,Jeffrey,Smith,XXXXXXXXX,XXXXXXXXX,1,13238
8279,Jose,Casey,XXXXXXXXX,XXXXXXXXX,2,8316
8280,Mary,Tyler,XXXXXXXXX,XXXXXXXXX,1,14650
8281,Willie,Smith,XXXXXXXXX,XXXXXXXXX,2,9885
8282,Mary,Ray,XXXXXXXXX,XXXXXXXXX,2,13732
8283,Andrew,Smith,XXXXXXXXX,XXXXXXXXX,1,15290
8284,Catherine,Spence,XXXXXXXXX,XXXXXXXXX,1,10243
8285,Eric,Smith,XXXXXXXXX,XXXXXXXXX,1,8463
8286,Jacqueline,Butler,XXXXXXXXX,XXXXXXXXX,1,6880
8287,Mary,Smith,XXXXXXXXX,XXXXXXXXX,3,1930
8288,Olivia,Herring,XXXXXXXXX,XXXXXXXXX,1,4352
8289,Mary,Smith,XXXXXXXXX,XXXXXXXXX,2,4590
8290,Benjamin,Jennings,XXXXXXXXX,XXXXXXXXX,2,1338
8291,Mary,Roman,XXXXXXXXX,XXXXXXXXX,2,4987
8292,Emma,Smith,XXXXXXXXX,XXXXXXXXX,1,8982
8293,Nathan,Mahoney,XXXXXXXXX,XXXXXXXXX,1,4681
8294,Mary,Smith,XXXXXXXXX,XXXXXXXXX,1,5782
8295,Margaret,Lynch,XXXXXXXXX,XXXXXXXXX,1,2646
8296,Mary,Smith,XXXXXXXXX,XXXXXXXXX,1,14150
8297,Debra,Johnson,XXXXXXXXX,XXXXXXXXX,1,8671
8298,Theresa,Russell,XXXXXXXXX,XXXXXXXXX,1,1728
8299,Sean,Smith,XXXXXXXXX,XXXXXXXXX,3,7705
8300,Mary,Reynolds,XXXXXXXXX,XXXXXXXXX,1,1394
8301,Michael,Smith,XXXXXXXXX,XXXXXXXXX,1,11094
8302,Mary,Jenkins,XXXXXXXXX,XXXXXXXXX,1,7253
8303,Ashley,Smith,XXXXXXXXX,XXXXXXXXX,3,3805
8304,Mary,Mills,XXXXXXXXX,XXXXXXXXX,2,9615
8305,Robert,Smith,XXXXXXXXX,XXXXXXXXX,1,15316
8306,Sarah,Walters,XXXXXXXXX,XXXXXXXXX,3,6058
8307,Kimberly,Irwin,XXXXXXXXX,XXXXXXXXX,1,16473
8308,Kathy,Smith,XXXXXXXXX,XXXXXXXXX,1,12111
8309,Mary,Morales,XXXXXXXXX,XXXXXXXXX,2,3449
8310,Tyler,Smith,XXXXXXXXX,XXXXXXXXX,3,12321
8311,Mary,Morgan,XXXXXXXXX,XXXXXXXXX,3,2787
8312,Amber,Farrell,XXXXXXXXX,XXXXXXXXX,3,4092
8313,Mary,Smith,XXXXXXXXX,XXXXXXXXX,2,4492
8314,Angela,Walsh,XXXXXXXXX,XXXXXXXXX,2,16468
8315,Mary,Joyce,XXXXXXXXX,XXXXXXXXX,3,3207
8316,Charles,Smith,XXXXXXXXX,XXXXXXXXX,3,10416
8317,Anna,Robertson,XXXXXXXXX,XXXXXXXXX,3,12131
8318,Bryan,Smith,XXXXXXXXX,XXXXXXXXX,3,5028
8319,Mary,Sanchez,XXXXXXXXX,XXXXXXXXX,1,14708
8320,James,Smith,XXXXXXXXX,XXXXXXXXX,1,11081
8321,Kenneth,Smith,XXXXXXXXX,XXXXXXXXX,2,2410
8322,Donna,Moore,XXXXXXXXX,XXXXXXXXX,2,6481
8323,Mary,Smith,XXXXXXXXX,XXXXXXXXX,2,6613
8324,Michael,Wilkerson,XXXXXXXXX,XXXXXXXXX,1,6507
8325,Donald,Smith,XXXXXXXXX,XXXXXXXXX,2,11128
8326,Steven,Wade,XXXXXXXXX,XXXXXXXXX,3,12252
8327,Mary,Paul,XXXXXXXXX,XXXXXXXXX,2,7771
8328,Donna,Smith,XXXXXXXXX,XXXXXXXXX,1,5199
8329,Mary,Hall,XXXXXXXXX,XXXXXXXXX,1,8799
8330,Kimberly,Ferguson,XXXXXXXXX,XXXXXXXXX,1,25
8331,Mary,Norman,XXXXXXXXX,XXXXXXXXX,1,1164
8332,Bruce,Smith,XXXXXXXXX,XXXXXXXXX,3,10876
8333,Mary,Solomon,XXXXXXXXX,XXXXXXXXX,3,16210
8334,Sandra,Smith,XXXXXXXXX,XXXXXXXXX,2,494
8335,Aaron,Cooke,XXXXXXXXX,XXXXXXXXX,2,1519
8336,Mary,Smith,XXXXXXXXX,XXXXXXXXX,2,8651
8337,Kathy,Jenkins,XXXXXXXXX,XXXXXXXXX,3,3761
8338,Mary,Jefferson,XXXXXXXXX,XXXXXXXXX,2,11924
8339,Richard,Smith,XXXXXXXXX,XXXXXXXXX,1,2255
8340,Danielle,Bell,XXXXXXXXX,XXXXXXXXX,1,6456
8341,Mary,Barnett,XXXXXXXXX,XXXXXXXXX,2,7450
8342,Betty,Smith,XXXXXXXXX,XXXXXXXXX,1,1341
8344,Daniel,Smith,XXXXXXXXX,XXXXXXXXX,1,2348
8345,Betty,Perez,XXXXXXXXX,XXXXXXXXX,1,15532
8346,Mary,Wright,XXXXXXXXX,XXXXXXXXX,2,11045
8347,Tiffany,Smith,XXXXXXXXX,XXXXXXXXX,2,4895
8348,Mary,Maddox,XXXXXXXXX,XXXXXXXXX,1,6892
8349,Jose,Smith,XXXXXXXXX,XXXXXXXXX,2,1968
8350,Mary,Bennett,XXXXXXXXX,XXXXXXXXX,1,1980
8351,James,Smith,XXXXXXXXX,XXXXXXXXX,1,12398
8352,Teresa,Black,XXXXXXXXX,XXXXXXXXX,1,7768
8353,Mary,Mathis,XXXXXXXXX,XXXXXXXXX,1,3663
8354,John,Smith,XXXXXXXXX,XXXXXXXXX,2,5293
8355,Jonathan,Parker,XXXXXXXXX,XXXXXXXXX,2,9160
8356,Mary,Bailey,XXXXXXXXX,XXXXXXXXX,2,14341
8357,Crystal,Benjamin,XXXXXXXXX,XXXXXXXXX,1,7264
8358,Mary,Smith,XXXXXXXXX,XXXXXXXXX,2,15058
8359,Walter,Pierce,XXXXXXXXX,XXXXXXXXX,1,14175
8360,Jeremy,Smith,XXXXXXXXX,XXXXXXXXX,1,3376
8361,Mary,King,XXXXXXXXX,XXXXXXXXX,2,11186
8362,Ann,Burnett,XXXXXXXXX,XXXXXXXXX,2,16195
8363,Mary,Montoya,XXXXXXXXX,XXXXXXXXX,2,4468
8364,Michael,Smith,XXXXXXXXX,XXXXXXXXX,2,2543
8365,Matthew,Norman,XXXXXXXXX,XXXXXXXXX,1,1626
8366,Rose,Smith,XXXXXXXXX,XXXXXXXXX,2,8639
8367,Mary,Kane,XXXXXXXXX,XXXXXXXXX,2,15910
8368,Susan,Smith,XXXXXXXXX,XXXXXXXXX,2,9770
8369,Mark,Chaney,XXXXXXXXX,XXXXXXXXX,2,5214
8370,Mary,Smith,XXXXXXXXX,XXXXXXXXX,2,11910
8371,Christopher,Perkins,XXXXXXXXX,XXXXXXXXX,2,14916
8372,Jessica,Wilkinson,XXXXXXXXX,XXXXXXXXX,2,3664
8373,Christina,Smith,XXXXXXXXX,XXXXXXXXX,3,2525
8374,Mary,Myers,XXXXXXXXX,XXXXXXXXX,1,814
8375,John,Smith,XXXXXXXXX,XXXXXXXXX,1,4545
8376,Catherine,Moreno,XXXXXXXXX,XXXXXXXXX,1,5168
8377,Jack,Christian,XXXXXXXXX,XXXXXXXXX,1,10879
8378,Mary,Smith,XXXXXXXXX,XXXXXXXXX,1,11886
8379,Martha,Kelly,XXXXXXXXX,XXXXXXXXX,3,15854
8380,Brittany,Smith,XXXXXXXXX,XXXXXXXXX,3,4815
8381,Mary,Anderson,XXXXXXXXX,XXXXXXXXX,3,11718
8382,Joshua,Mullins,XXXXXXXXX,XXXXXXXXX,3,15639
8383,Mary,Smith,XXXXXXXXX,XXXXXXXXX,1,8222
8384,Robert,Hall,XXXXXXXXX,XXXXXXXXX,1,1580
8385,Justin,Lawrence,XXXXXXXXX,XXXXXXXXX,1,5587
8386,Mary,Smith,XXXXXXXXX,XXXXXXXXX,1,4303
8387,Richard,Fuentes,XXXXXXXXX,XXXXXXXXX,2,7946
8388,Kimberly,Smith,XXXXXXXXX,XXXXXXXXX,2,485
8389,Amanda,Brown,XXXXXXXXX,XXXXXXXXX,1,6611
8390,Mary,Ritter,XXXXXXXXX,XXXXXXXXX,1,9722
8391,Robert,Smith,XXXXXXXXX,XXXXXXXXX,1,12925
8392,Janet,Reed,XXXXXXXXX,XXXXXXXXX,1,9658
8393,Mary,Smith,XXXXXXXXX,XXXXXXXXX,1,7353
8394,Tyler,Shields,XXXXXXXXX,XXXXXXXXX,2,14590
8395,Theresa,Smith,XXXXXXXXX,XXXXXXXXX,1,3020
8396,Mary,Brady,XXXXXXXXX,XXXXXXXXX,1,15177
8397,Amber,Smith,XXXXXXXXX,XXXXXXXXX,1,4349
8398,Mary,Williams,XXXXXXXXX,XXXXXXXXX,1,4037
8399,Donna,Sims,XXXXXXXXX,XXXXXXXXX,1,14546
8400,Mary,Neal,XXXXXXXXX,XXXXXXXXX,1,2341
8401,Grace,Smith,XXXXXXXXX,XXXXXXXXX,1,8062
8402,Mary,King,XXXXXXXXX,XXXXXXXXX,2,7262
8403,Joseph,Smith,XXXXXXXXX,XXXXXXXXX,2,10346
8404,Joshua,Taylor,XXXXXXXXX,XXXXXXXXX,2,10230
8405,Stephen,Cummings,XXXXXXXXX,XXXXXXXXX,2,5628
8406,Ethan,Smith,XXXXXXXXX,XXXXXXXXX,1,216
8407,Mary,Pittman,XXXXXXXXX,XXXXXXXXX,1,9614
8408,Patrick,Smith,XXXXXXXXX,XXXXXXXXX,1,5980
8409,Mary,Fernandez,XXXXXXXXX,XXXXXXXXX,2,9435
8410,Jessica,Mccarty,XXXXXXXXX,XXXXXXXXX,2,12459
8411,Harold,Smith,XXXXXXXXX,XXXXXXXXX,2,12833
8412,Tiffany,Wagner,XXXXXXXXX,XXXXXXXXX,3,850
8413,Mary,Smith,XXXXXXXXX,XXXXXXXXX,1,3621
8414,Christopher,Alexander,XXXXXXXXX,XXXXXXXXX,1,4766
8415,Andrew,Garza,XXXXXXXXX,XXXXXXXXX,1,517
8416,Crystal,Murillo,XXXXXXXXX,XXXXXXXXX,3,652
8417,Mary,Smith,XXXXXXXXX,XXXXXXXXX,2,5661
8418,Nathan,Brooks,XXXXXXXXX,XXXXXXXXX,3,3934
8419,Mary,Sullivan,XXXXXXXXX,XXXXXXXXX,1,5271
8420,Gregory,Fitzpatrick,XXXXXXXXX,XXXXXXXXX,1,1459
8421,Mary,Smith,XXXXXXXXX,XXXXXXXXX,1,746
8422,Wayne,Crawford,XXXXXXXXX,XXXXXXXXX,1,13142
8423,Mary,Atkins,XXXXXXXXX,XXXXXXXXX,1,8014
8424,Robert,Smith,XXXXXXXXX,XXXXXXXXX,1,7063
8425,Kathryn,Bryant,XXXXXXXXX,XXXXXXXXX,1,4486
8426,Mary,Smith,XXXXXXXXX,XXXXXXXXX,1,11549
8427,Cynthia,Velez,XXXXXXXXX,XXXXXXXXX,1,16083
8428,Walter,Smith,XXXXXXXXX,XXXXXXXXX,1,10059
8429,Mary,Owens,XXXXXXXXX,XXXXXXXXX,1,14450
8430,Gloria,Smith,XXXXXXXXX,XXXXXXXXX,1,14263
8431,Mary,Lopez,XXXXXXXXX,XXXXXXXXX,1,4554
8432,William,Ellis,XXXXXXXXX,XXXXXXXXX,1,391
8433,Sharon,Short,XXXXXXXXX,XXXXXXXXX,1,10846
8434,Mary,York,XXXXXXXXX,XXXXXXXXX,1,5828
8435,Joshua,Smith,XXXXXXXXX,XXXXXXXXX,1,13717
8436,Mary,King,XXXXXXXXX,XXXXXXXXX,1,9425
8437,Rachel,Sweeney,XXXXXXXXX,XXXXXXXXX,1,11399
8438,Joyce,Trevino,XXXXXXXXX,XXXXXXXXX,1,15256
8439,Mary,Smith,XXXXXXXXX,XXXXXXXXX,1,1502
8440,Gloria,Sandoval,XXXXXXXXX,XXXXXXXXX,1,10247
8441,Mary,Lara,XXXXXXXXX,XXXXXXXXX,1,634
8442,Christopher,Smith,XXXXXXXXX,XXXXXXXXX,2,15844
8443,Margaret,Jones,XXXXXXXXX,XXXXXXXXX,1,8264
8444,Katherine,Rogers,XXXXXXXXX,XXXXXXXXX,1,11059
8445,Mary,Smith,XXXXXXXXX,XXXXXXXXX,2,9026
8446,James,Carlson,XXXXXXXXX,XXXXXXXXX,1,13209
8447,Michael,Smith,XXXXXXXXX,XXXXXXXXX,1,11897
8448,Deborah,Brown,XXXXXXXXX,XXXXXXXXX,1,1162
8449,Mary,Smith,XXXXXXXXX,XXXXXXXXX,2,15120
8450,Diane,Walters,XXXXXXXXX,XXXXXXXXX,2,15602
8451,Janice,Novak,XXXXXXXXX,XXXXXXXXX,2,13304
8452,Mary,Smith,XXXXXXXXX,XXXXXXXXX,3,9326
8453,Kelly,Johnson,XXXXXXXXX,XXXXXXXXX,2,15339
8454,Mary,Turner,XXXXXXXXX,XXXXXXXXX,2,15046
8455,Brian,Vega,XXXXXXXXX,XXXXXXXXX,2,14613
8456,Mary,Smith,XXXXXXXXX,XXXXXXXXX,1,15090
8457,Joseph,Larsen,XXXXXXXXX,XXXXXXXXX,2,8718
8458,Carol,Smith,XXXXXXXXX,XXXXXXXXX,2,4592
8459,Mary,Rivers,XXXXXXXXX,XXXXXXXXX,3,615
8460,Nicole,Smith,XXXXXXXXX,XXXXXXXXX,2,15688
8461,Mary,Wood,XXXXXXXXX,XXXXXXXXX,3,3094
8462,Helen,Smith,XXXXXXXXX,XXXXXXXXX,3,1120
8463,Nathan,Burns,XXXXXXXXX,XXXXXXXXX,3,5559
8464,Mary,Knight,XXXXXXXXX,XXXXXXXXX,3,13542
8465,Dorothy,Schneider,XXXXXXXXX,XXXXXXXXX,3,15169
8466,Mary,Smith,XXXXXXXXX,XXXXXXXXX,3,3571
8467,Kenneth,Tran,XXXXXXXXX,XXXXXXXXX,3,13958
8468,Joshua,Conner,XXXXXXXXX,XXXXXXXXX,1,6454
8469,Amanda,Smith,XXXXXXXXX,XXXXXXXXX,1,6715
8470,Anna,Horn,XXXXXXXXX,XXXXXXXXX,1,14549
8471,Lauren,Smith,XXXXXXXXX,XXXXXXXXX,1,11203
8472,Mary,Heath,XXXXXXXXX,XXXXXXXXX,1,13882
8473,Kevin,Smith,XXXXXXXXX,XXXXXXXXX,2,5349
8474,Anna,Bennett,XXXXXXXXX,XXXXXXXXX,2,12261
8475,Jane,Price,XXXXXXXXX,XXXXXXXXX,1,3228
8476,Mary,Smith,XXXXXXXXX,XXXXXXXXX,1,2178
8477,Jason,Ortega,XXXXXXXXX,XXXXXXXXX,2,7432
8478,Mary,Sweeney,XXXXXXXXX,XXXXXXXXX,2,1114
8479,William,Smith,XXXXXXXXX,XXXXXXXXX,2,4594
8480,Gary,Meza,XXXXXXXXX,XXXXXXXXX,1,9461
8481,Mary,Smith,XXXXXXXXX,XXXXXXXXX,1,15377
8482,Julie,Cole,XXXXXXXXX,XXXXXXXXX,1,11079
8483,Mary,Smith,XXXXXXXXX,XXXXXXXXX,1,5822
8484,Edward,Gomez,XXXXXXXXX,XXXXXXXXX,3,12677
8485,Mary,Simmons,XXXXXXXXX,XXXXXXXXX,3,3752
8486,Joseph,Cain,XXXXXXXXX,XXXXXXXXX,1,7000
8487,Frances,Smith,XXXXXXXXX,XXXXXXXXX,1,4263
8488,Teresa,Allen,XXXXXXXXX,XXXXXXXXX,1,11269
8489,Mary,French,XXXXXXXXX,XXXXXXXXX,2,7418
8490,Brian,Cantu,XXXXXXXXX,XXXXXXXXX,2,5945
8491,Kelly,Smith,XXXXXXXXX,XXXXXXXXX,2,14823
8492,Mary,Cole,XXXXXXXXX,XXXXXXXXX,2,6881
8493,Mark,Pena,XXXXXXXXX,XXXXXXXXX,1,10220
8494,Mary,Owen,XXXXXXXXX,XXXXXXXXX,2,12087
8495,Patricia,Smith,XXXXXXXXX,XXXXXXXXX,1,5790
8496,Thomas,Wood,XXXXXXXXX,XXXXXXXXX,1,5129
8497,Mary,Simon,XXXXXXXXX,XXXXXXXXX,1,8156
8498,Joseph,Pennington,XXXXXXXXX,XXXXXXXXX,2,14866
8499,Angela,Smith,XXXXXXXXX,XXXXXXXXX,2,11687
8500,Mary,Reeves,XXXXXXXXX,XXXXXXXXX,2,12496
8501,Elizabeth,Smith,XXXXXXXXX,XXXXXXXXX,2,6584
8502,Mary,Eaton,XXXXXXXXX,XXXXXXXXX,2,9605
8503,Amy,Smith,XXXXXXXXX,XXXXXXXXX,2,5070
8504,Mary,Davis,XXXXXXXXX,XXXXXXXXX,1,7095
8505,James,Diaz,XXXXXXXXX,XXXXXXXXX,1,10897
8506,Elizabeth,Smith,XXXXXXXXX,XXXXXXXXX,1,13152
8507,Gloria,Dickson,XXXXXXXXX,XXXXXXXXX,2,10270
8508,Eugene,Smith,XXXXXXXXX,XXXXXXXXX,2,6885
8509,Mary,Hicks,XXXXXXXXX,XXXXXXXXX,2,7891
8510,Roger,Smith,XXXXXXXXX,XXXXXXXXX,1,1373
8511,Mary,Smith,XXXXXXXXX,XXXXXXXXX,3,4312
8512,Deborah,Gonzalez,XXXXXXXXX,XXXXXXXXX,1,13455
8513,Alexander,Harris,XXXXXXXXX,XXXXXXXXX,1,1781
8514,Mary,Lynch,XXXXXXXXX,XXXXXXXXX,3,11609
8516,Mary,Hughes,XXXXXXXXX,XXXXXXXXX,1,4028
8517,Debra,Smith,XXXXXXXXX,XXXXXXXXX,1,7790
8518,Mary,Lewis,XXXXXXXXX,XXXXXXXXX,2,13119
8519,Pamela,Michael,XXXXXXXXX,XXXXXXXXX,1,1135
8520,Denise,Smith,XXXXXXXXX,XXXXXXXXX,1,2880
8521,Joe,Clay,XXXXXXXXX,XXXXXXXXX,1,10865
8522,Mary,Smith,XXXXXXXXX,XXXXXXXXX,1,567
8523,Melissa,Lee,XXXXXXXXX,XXXXXXXXX,1,1829
8524,Ruth,Farrell,XXXXXXXXX,XXXXXXXXX,1,849
8525,Mary,Smith,XXXXXXXXX,XXXXXXXXX,1,1661
8526,James,Martinez,XXXXXXXXX,XXXXXXXXX,2,6192
8527,Steven,Rivera,XXXXXXXXX,XXXXXXXXX,2,1462
8528,Andrea,Maldonado,XXXXXXXXX,XXXXXXXXX,1,2202
8529,Mary,Watts,XXXXXXXXX,XXXXXXXXX,1,9800
8530,William,Smith,XXXXXXXXX,XXXXXXXXX,1,16527
8531,Marie,Harris,XXXXXXXXX,XXXXXXXXX,1,978
8532,Mary,Sellers,XXXXXXXXX,XXXXXXXXX,1,10328
8533,Austin,Smith,XXXXXXXXX,XXXXXXXXX,1,3421
8534,Mary,Rose,XXXXXXXXX,XXXXXXXXX,1,3646
8535,Richard,Quinn,XXXXXXXXX,XXXXXXXXX,1,13001
8536,Anthony,Smith,XXXXXXXXX,XXXXXXXXX,1,1458
8538,Mary,Newman,XXXXXXXXX,XXXXXXXXX,2,15014
8539,John,Smith,XXXXXXXXX,XXXXXXXXX,2,7889
8540,Michael,Baxter,XXXXXXXXX,XXXXXXXXX,1,16549
8541,Mary,Smith,XXXXXXXXX,XXXXXXXXX,3,8825
8542,Jane,Rich,XXXXXXXXX,XXXXXXXXX,1,546
8543,Mary,Werner,XXXXXXXXX,XXXXXXXXX,1,13978
8544,Sarah,Smith,XXXXXXXXX,XXXXXXXXX,1,3677
8545,Emily,Bryant,XXXXXXXXX,XXXXXXXXX,2,4281
8546,Mary,Smith,XXXXXXXXX,XXXXXXXXX,2,2589
8547,Melissa,Cunningham,XXXXXXXXX,XXXXXXXXX,2,141
8548,Mary,Smith,XXXXXXXXX,XXXXXXXXX,2,12056
8549,Eric,Floyd,XXXXXXXXX,XXXXXXXXX,1,2217
8550,Mary,Smith,XXXXXXXXX,XXXXXXXXX,2,7363
8551,Harold,Dalton,XXXXXXXXX,XXXXXXXXX,2,4123
8552,Mary,Smith,XXXXXXXXX,XXXXXXXXX,2,8299
8553,Mary,English,XXXXXXXXX,XXXXXXXXX,2,9665
8554,Evelyn,Smith,XXXXXXXXX,XXXXXXXXX,1,14539
8555,Mary,Jones,XXXXXXXXX,XXXXXXXXX,1,13244
8556,Daniel,Pruitt,XXXXXXXXX,XXXXXXXXX,2,8288
8557,Mary,Smith,XXXXXXXXX,XXXXXXXXX,2,1924
8558,Peter,Wilson,XXXXXXXXX,XXXXXXXXX,2,15752
8559,Mary,Rogers,XXXXXXXXX,XXXXXXXXX,3,3159
8560,Sandra,Reynolds,XXXXXXXXX,XXXXXXXXX,1,14777
8561,Mary,Smith,XXXXXXXXX,XXXXXXXXX,3,5709
8562,Sara,Williams,XXXXXXXXX,XXXXXXXXX,3,9864
8563,Mary,Stanley,XXXXXXXXX,XXXXXXXXX,1,7529
8564,Melissa,Benitez,XXXXXXXXX,XXXXXXXXX,3,13023
8565,Mary,Smith,XXXXXXXXX,XXXXXXXXX,2,4455
8566,Stephen,Lee,XXXXXXXXX,XXXXXXXXX,1,7760
8567,Mary,Clark,XXXXXXXXX,XXXXXXXXX,2,10521
8568,Catherine,Beck,XXXXXXXXX,XXXXXXXXX,2,4128
8569,Vincent,Smith,XXXXXXXXX,XXXXXXXXX,2,13112
8570,Mary,Cunningham,XXXXXXXXX,XXXXXXXXX,2,3303
8571,Jason,Nunez,XXXXXXXXX,XXXXXXXXX,1,1077
8572,Victoria,Smith,XXXXXXXXX,XXXXXXXXX,1,12425
8573,Mary,Torres,XXXXXXXXX,XXXXXXXXX,1,4419
8574,Brenda,Griffin,XXXXXXXXX,XXXXXXXXX,1,15387
8576,Amanda,Roberson,XXXXXXXXX,XXXXXXXXX,1,13228
8577,Mary,Smith,XXXXXXXXX,XXXXXXXXX,1,11745
8578,Kevin,Graham,XXXXXXXXX,XXXXXXXXX,1,8400
8579,Mary,Conrad,XXXXXXXXX,XXXXXXXXX,2,10947
8580,Kelly,Smith,XXXXXXXXX,XXXXXXXXX,2,6697
8581,Mary,Mullins,XXXXXXXXX,XXXXXXXXX,3,2761
8582,Edward,Smith,XXXXXXXXX,XXXXXXXXX,3,8846
8584,Mary,Smith,XXXXXXXXX,XXXXXXXXX,1,14827
8585,Sharon,Smith,XXXXXXXXX,XXXXXXXXX,1,12306
8586,Mary,Arnold,XXXXXXXXX,XXXXXXXXX,2,1383
8587,James,Roy,XXXXXXXXX,XXXXXXXXX,1,3363
8588,Ronald,Smith,XXXXXXXXX,XXXXXXXXX,1,15006
8589,Mary,West,XXXXXXXXX,XXXXXXXXX,3,12814
8590,Ashley,Boyer,XXXXXXXXX,XXXXXXXXX,1,9962
8591,Mary,Smith,XXXXXXXXX,XXXXXXXXX,1,10805
8592,Justin,Valenzuela,XXXXXXXXX,XXXXXXXXX,2,12533
8593,Jacqueline,Smith,XXXXXXXXX,XXXXXXXXX,2,14705
8594,Mary,Baker,XXXXXXXXX,XXXXXXXXX,3,6352
8595,Elizabeth,Smith,XXXXXXXXX,XXXXXXXXX,2,12627
8596,Mary,Walker,XXXXXXXXX,XXXXXXXXX,2,8433
8597,Christina,Smith,XXXXXXXXX,XXXXXXXXX,2,2075
8598,Mary,Cox,XXXXXXXXX,XXXXXXXXX,2,8994
8599,Elizabeth,Smith,XXXXXXXXX,XXXXXXXXX,2,15932
8600,Judith,Brown,XXXXXXXXX,XXXXXXXXX,3,10075
8601,Mary,Campbell,XXXXXXXXX,XXXXXXXXX,2,374
8602,Timothy,Gilbert,XXXXXXXXX,XXXXXXXXX,3,6845
8603,Frances,Smith,XXXXXXXXX,XXXXXXXXX,3,305
8604,Bryan,Hill,XXXXXXXXX,XXXXXXXXX,3,10645
8605,Johnny,Morse,XXXXXXXXX,XXXXXXXXX,3,5808
8606,Mary,Shah,XXXXXXXXX,XXXXXXXXX,3,5562
8607,Timothy,Smith,XXXXXXXXX,XXXXXXXXX,3,1915
8608,Mary,Robertson,XXXXXXXXX,XXXXXXXXX,3,15603
8609,Zachary,Kline,XXXXXXXXX,XXXXXXXXX,3,12882
8610,Mary,Smith,XXXXXXXXX,XXXXXXXXX,2,15846
8611,William,Bond,XXXXXXXXX,XXXXXXXXX,2,9667
8612,Emma,Smith,XXXXXXXXX,XXXXXXXXX,2,11216
8613,Mary,Kirk,XXXXXXXXX,XXXXXXXXX,2,8398
8614,Christine,Rosales,XXXXXXXXX,XXXXXXXXX,1,14038
8615,Mary,Smith,XXXXXXXXX,XXXXXXXXX,2,14944
8616,Nicholas,Klein,XXXXXXXXX,XXXXXXXXX,1,3418
8617,Mary,Smith,XXXXXXXXX,XXXXXXXXX,1,4552
8618,Joan,Trujillo,XXXXXXXXX,XXXXXXXXX,1,12165
8619,Jack,Smith,XXXXXXXXX,XXXXXXXXX,2,11725
8620,Mary,Briggs,XXXXXXXXX,XXXXXXXXX,2,10495
8621,Cynthia,Davila,XXXXXXXXX,XXXXXXXXX,2,3284
8622,Shirley,Smith,XXXXXXXXX,XXXXXXXXX,2,16370
8623,Mary,Sanchez,XXXXXXXXX,XXXXXXXXX,2,7899
8624,Theresa,Welch,XXXXXXXXX,XXXXXXXXX,2,2238
8625,Mary,Smith,XXXXXXXXX,XXXXXXXXX,1,14748
8626,Scott,Vega,XXXXXXXXX,XXXXXXXXX,3,1355
8627,Mary,Smith,XXXXXXXXX,XXXXXXXXX,3,5363
8628,Frances,Meyer,XXXXXXXXX,XXXXXXXXX,1,16174
8629,Mary,Irwin,XXXXXXXXX,XXXXXXXXX,3,8721
8630,Jeremy,Smith,XXXXXXXXX,XXXXXXXXX,3,12428
8631,Mary,Richardson,XXXXXXXXX,XXXXXXXXX,1,2324
8632,William,Hunter,XXXXXXXXX,XXXXXXXXX,1,1491
8633,Andrea,Ball,XXXXXXXXX,XXXXXXXXX,1,9006
8634,Mary,Hutchinson,XXXXXXXXX,XXXXXXXXX,1,1148
8635,Stephen,Smith,XXXXXXXXX,XXXXXXXXX,1,10431
8636,Jerry,Valentine,XXXXXXXXX,XXXXXXXXX,1,7176
8637,Mary,Smith,XXXXXXXXX,XXXXXXXXX,2,10689
8638,Daniel,Wood,XXXXXXXXX,XXXXXXXXX,1,9735
8639,Mary,Smith,XXXXXXXXX,XXXXXXXXX,1,154
8640,Mary,Williams,XXXXXXXXX,XXXXXXXXX,2,8835
8641,David,Smith,XXXXXXXXX,XXXXXXXXX,2,14585
8642,Heather,Freeman,XXXXXXXXX,XXXXXXXXX,2,6973
8643,Mary,Valenzuela,XXXXXXXXX,XXXXXXXXX,2,13617
8644,Kenneth,Smith,XXXXXXXXX,XXXXXXXXX,2,15161
8645,Andrew,Johnston,XXXXXXXXX,XXXXXXXXX,1,2487
8646,Mary,Smith,XXXXXXXXX,XXXXXXXXX,3,1788
8647,Andrea,Shaw,XXXXXXXXX,XXXXXXXXX,2,3465
8648,Janice,Montgomery,XXXXXXXXX,XXXXXXXXX,3,719
8649,Mary,Smith,XXXXXXXXX,XXXXXXXXX,2,8818
8650,Patricia,Fitzpatrick,XXXXXXXXX,XXXXXXXXX,2,11954
8651,George,Smith,XXXXXXXXX,XXXXXXXXX,2,15097
8652,Kenneth,Newman,XXXXXXXXX,XXXXXXXXX,2,945
8653,Amanda,Smith,XXXXXXXXX,XXXXXXXXX,2,5221
8654,Mary,Glass,XXXXXXXXX,XXXXXXXXX,2,13242
8655,John,Smith,XXXXXXXXX,XXXXXXXXX,2,16194
8656,Melissa,Raymond,XXXXXXXXX,XXXXXXXXX,2,15798
8657,Raymond,Smith,XXXXXXXXX,XXXXXXXXX,2,9396
8658,Mary,Allen,XXXXXXXXX,XXXXXXXXX,2,14003
8659,Brenda,Wong,XXXXXXXXX,XXXXXXXXX,1,7295
8660,Mary,Smith,XXXXXXXXX,XXXXXXXXX,3,8773
8661,James,Stafford,XXXXXXXXX,XXXXXXXXX,3,398
8662,Paul,Smith,XXXXXXXXX,XXXXXXXXX,3,2782
8663,Mary,Kim,XXXXXXXXX,XXXXXXXXX,1,10874
8664,Mary,Smith,XXXXXXXXX,XXXXXXXXX,1,13306
8665,Christine,Turner,XXXXXXXXX,XXXXXXXXX,1,3498
8666,Mary,Smith,XXXXXXXXX,XXXXXXXXX,2,6595
8667,Michael,Williams,XXXXXXXXX,XXXXXXXXX,2,8645
8668,Emily,Riley,XXXXXXXXX,XXXXXXXXX,2,15575
8669,Amanda,Whitaker,XXXXXXXXX,XXXXXXXXX,1,9693
8670,Mary,Smith,XXXXXXXXX,XXXXXXXXX,1,4951
8671,Cheryl,Barnes,XXXXXXXXX,XXXXXXXXX,1,823
8672,Mary,Crawford,XXXXXXXXX,XXXXXXXXX,1,11304
8673,Carolyn,Smith,XXXXXXXXX,XXXXXXXXX,1,12389
8674,Mary,Rhodes,XXXXXXXXX,XXXXXXXXX,1,3709
8675,Zachary,Smith,XXXXXXXXX,XXXXXXXXX,2,12051
8676,Mary,Nguyen,XXXXXXXXX,XXXXXXXXX,2,8278
8677,Cynthia,Mccoy,XXXXXXXXX,XXXXXXXXX,1,14204
8678,Shirley,Buchanan,XXXXXXXXX,XXXXXXXXX,2,15658
8679,Mary,Smith,XXXXXXXXX,XXXXXXXXX,2,4922
8680,Laura,Sheppard,XXXXXXXXX,XXXXXXXXX,2,5539
8681,Cynthia,Smith,XXXXXXXXX,XXXXXXXXX,2,15935
8682,Mary,Quinn,XXXXXXXXX,XXXXXXXXX,2,14023
8683,Samantha,Smith,XXXXXXXXX,XXXXXXXXX,2,13492
8684,Tiffany,Brown,XXXXXXXXX,XXXXXXXXX,1,6013
8685,Mary,Hansen,XXXXXXXXX,XXXXXXXXX,1,10933
8686,Dorothy,Higgins,XXXXXXXXX,XXXXXXXXX,2,11257
8687,Mary,Smith,XXXXXXXXX,XXXXXXXXX,2,2972
8688,Michelle,Rose,XXXXXXXXX,XXXXXXXXX,2,16191
8689,Mary,Larsen,XXXXXXXXX,XXXXXXXXX,2,5897
8690,Howard,Smith,XXXXXXXXX,XXXXXXXXX,2,3696
8691,Mary,Hart,XXXXXXXXX,XXXXXXXXX,2,12161
8692,Vincent,Smith,XXXXXXXXX,XXXXXXXXX,1,8782
8693,Mary,Madden,XXXXXXXXX,XXXXXXXXX,2,6478
8694,Nancy,Smith,XXXXXXXXX,XXXXXXXXX,2,13451
8695,Larry,Thomas,XXXXXXXXX,XXXXXXXXX,2,3427
8696,Mary,Pope,XXXXXXXXX,XXXXXXXXX,2,7062
8697,Gerald,Smith,XXXXXXXXX,XXXXXXXXX,3,11494
8698,Mary,Allen,XXXXXXXXX,XXXXXXXXX,1,8376
8699,Joyce,Pratt,XXXXXXXXX,XXXXXXXXX,2,8914
8700,Mary,Smith,XXXXXXXXX,XXXXXXXXX,3,16544
8701,Linda,Green,XXXXXXXXX,XXXXXXXXX,1,2368
8702,Mary,Ramos,XXXXXXXXX,XXXXXXXXX,1,14477
8703,Michael,Lozano,XXXXXXXXX,XXXXXXXXX,1,1859
8704,Mary,Mclean,XXXXXXXXX,XXXXXXXXX,1,10803
8705,Patricia,Smith,XXXXXXXXX,XXXXXXXXX,1,1223
8706,Jennifer,Morse,XXXXXXXXX,XXXXXXXXX,3,14425
8707,Lisa,Smith,XXXXXXXXX,XXXXXXXXX,3,11501
8708,Jane,Stephenson,XXXXXXXXX,XXXXXXXXX,1,12670
8709,Mary,Smith,XXXXXXXXX,XXXXXXXXX,1,3506
8710,Kathleen,Hardy,XXXXXXXXX,XXXXXXXXX,1,7321
8711,Mary,Smith,XXXXXXXXX,XXXXXXXXX,1,8319
8712,Emily,Stone,XXXXXXXXX,XXXXXXXXX,1,9973
8713,Mary,Newman,XXXXXXXXX,XXXXXXXXX,1,4671
8714,Janice,Smith,XXXXXXXXX,XXXXXXXXX,2,3099
8715,Mary,Adams,XXXXXXXXX,XXXXXXXXX,2,11080
8716,Evelyn,Smith,XXXXXXXXX,XXXXXXXXX,3,557
8717,Adam,Taylor,XXXXXXXXX,XXXXXXXXX,3,14168
8718,Mary,Alvarez,XXXXXXXXX,XXXXXXXXX,1,3371
8719,John,Smith,XXXXXXXXX,XXXXXXXXX,2,13693
8720,Mary,Alvarado,XXXXXXXXX,XXXXXXXXX,2,10485
8721,James,Smith,XXXXXXXXX,XXXXXXXXX,1,10298
8722,Mary,Hunt,XXXXXXXXX,XXXXXXXXX,1,8573
8723,John,Ryan,XXXXXXXXX,XXXXXXXXX,1,8574
8724,Michael,House,XXXXXXXXX,XXXXXXXXX,1,13789
8725,Ashley,Smith,XXXXXXXXX,XXXXXXXXX,1,9314
8726,Mary,Diaz,XXXXXXXXX,XXXXXXXXX,1,4139
8727,James,Coleman,XXXXXXXXX,XXXXXXXXX,1,15277
8728,John,Smith,XXXXXXXXX,XXXXXXXXX,1,15121
8729,Amber,Zimmerman,XXXXXXXXX,XXXXXXXXX,2,3404
8730,Mary,Smith,XXXXXXXXX,XXXXXXXXX,2,7833
8731,Donna,Allen,XXXXXXXXX,XXXXXXXXX,3,15167
8732,Kathleen,Todd,XXXXXXXXX,XXXXXXXXX,1,1070
8733,Danielle,Smith,XXXXXXXXX,XXXXXXXXX,1,10118
8734,Harry,Chambers,XXXXXXXXX,XXXXXXXXX,1,2666
8735,Mary,Smith,XXXXXXXXX,XXXXXXXXX,1,5784
8736,Aaron,Calhoun,XXXXXXXXX,XXXXXXXXX,1,760
8737,Mary,Smith,XXXXXXXXX,XXXXXXXXX,1,4490
8738,Donald,Jackson,XXXXXXXXX,XXXXXXXXX,1,7992
8739,Eugene,Perry,XXXXXXXXX,XXXXXXXXX,1,8603
8740,Mary,Zimmerman,XXXXXXXXX,XXXXXXXXX,1,7365
8741,Gregory,Smith,XXXXXXXXX,XXXXXXXXX,1,11014
8742,Mary,Kim,XXXXXXXXX,XXXXXXXXX,1,10351
8743,Douglas,Smith,XXXXXXXXX,XXXXXXXXX,1,1248
8744,Mary,Wells,XXXXXXXXX,XXXXXXXXX,1,5407
8745,Robert,Reid,XXXXXXXXX,XXXXXXXXX,2,9170
8746,Charles,Stout,XXXXXXXXX,XXXXXXXXX,2,11491
8747,Mary,Smith,XXXXXXXXX,XXXXXXXXX,2,4903
8748,Steven,Perez,XXXXXXXXX,XXXXXXXXX,2,5602
8749,Benjamin,Graham,XXXXXXXXX,XXXXXXXXX,1,11960
8750,Mary,Smith,XXXXXXXXX,XXXXXXXXX,1,8677
8751,Amy,Cook,XXXXXXXXX,XXXXXXXXX,1,3460
8752,Mary,Carroll,XXXXXXXXX,XXXXXXXXX,3,13039
8753,William,Smith,XXXXXXXXX,XXXXXXXXX,1,1675
8754,Paul,Sanchez,XXXXXXXXX,XXXXXXXXX,1,12174
8755,Catherine,Lutz,XXXXXXXXX,XXXXXXXXX,1,16022
8756,Mary,Smith,XXXXXXXXX,XXXXXXXXX,1,6639
8757,Tyler,Gutierrez,XXXXXXXXX,XXXXXXXXX,2,12359
8758,Mary,Shelton,XXXXXXXXX,XXXXXXXXX,1,7012
8759,Terry,Hodges,XXXXXXXXX,XXXXXXXXX,2,12101
8760,Mary,Smith,XXXXXXXXX,XXXXXXXXX,1,3321
8761,Brian,Lambert,XXXXXXXXX,XXXXXXXXX,2,7017
8762,Mary,Smith,XXXXXXXXX,XXXXXXXXX,2,13467
8763,Pamela,Williams,XXXXXXXXX,XXXXXXXXX,3,8619
8764,Mary,Curtis,XXXXXXXXX,XXXXXXXXX,3,7982
8765,Gary,Smith,XXXXXXXXX,XXXXXXXXX,2,13043
8766,Mary,Duncan,XXXXXXXXX,XXXXXXXXX,2,27
8767,Timothy,Mejia,XXXXXXXXX,XXXXXXXXX,2,13179
8768,Evelyn,Bradford,XXXXXXXXX,XXXXXXXXX,2,4850
8769,Mary,Cantrell,XXXXXXXXX,XXXXXXXXX,1,15112
8770,Mary,Smith,XXXXXXXXX,XXXXXXXXX,1,4623
8771,Karen,Green,XXXXXXXXX,XXXXXXXXX,2,10714
8772,Amanda,Smith,XXXXXXXXX,XXXXXXXXX,2,15141
8773,Samantha,Floyd,XXXXXXXXX,XXXXXXXXX,1,5824
8774,Frances,Smith,XXXXXXXXX,XXXXXXXXX,1,11885
8775,Mary,Scott,XXXXXXXXX,XXXXXXXXX,1,4842
8776,Charles,West,XXXXXXXXX,XXXXXXXXX,1,12397
8777,Mary,Campos,XXXXXXXXX,XXXXXXXXX,1,14491
8779,Margaret,Barber,XXXXXXXXX,XXXXXXXXX,3,14478
8780,Alice,Smith,XXXXXXXXX,XXXXXXXXX,3,15155
8781,Mary,Chan,XXXXXXXXX,XXXXXXXXX,3,9698
8782,Barbara,Smith,XXXXXXXXX,XXXXXXXXX,3,10073
8783,Eric,Ramsey,XXXXXXXXX,XXXXXXXXX,3,9480
8784,Jonathan,Smith,XXXXXXXXX,XXXXXXXXX,3,15647
8785,Mary,Arellano,XXXXXXXXX,XXXXXXXXX,3,11277
8786,Joseph,Smith,XXXXXXXXX,XXXXXXXXX,3,11968
8787,Janice,Pittman,XXXXXXXXX,XXXXXXXXX,1,1642
8788,Mary,Smith,XXXXXXXXX,XXXXXXXXX,1,11445
8789,Helen,Carroll,XXXXXXXXX,XXXXXXXXX,1,936
8790,Mary,Keller,XXXXXXXXX,XXXXXXXXX,1,731
8791,Beverly,Ali,XXXXXXXXX,XXXXXXXXX,1,5871
8792,Mary,Smith,XXXXXXXXX,XXXXXXXXX,1,3940
8793,Michelle,Mann,XXXXXXXXX,XXXXXXXXX,1,5355
8794,Mary,Smith,XXXXXXXXX,XXXXXXXXX,3,925
8795,Bobby,Thomas,XXXXXXXXX,XXXXXXXXX,2,11561
8796,Mary,Smith,XXXXXXXXX,XXXXXXXXX,2,2708
8797,Lisa,Edwards,XXXXXXXXX,XXXXXXXXX,1,10037
8798,Maria,Smith,XXXXXXXXX,XXXXXXXXX,1,15907
8799,Mary,Page,XXXXXXXXX,XXXXXXXXX,1,9835
8800,John,Smith,XXXXXXXXX,XXXXXXXXX,1,15193
8801,Ashley,Montgomery,XXXXXXXXX,XXXXXXXXX,1,3004
8802,Mary,Donovan,XXXXXXXXX,XXXXXXXXX,1,14135
8803,Mary,Smith,XXXXXXXXX,XXXXXXXXX,1,5610
8804,Carolyn,Hughes,XXXXXXXXX,XXXXXXXXX,1,8650
8805,Mary,Smith,XXXXXXXXX,XXXXXXXXX,1,10314
8806,Amber,Diaz,XXXXXXXXX,XXXXXXXXX,1,9672
8807,Mary,Terrell,XXXXXXXXX,XXXXXXXXX,1,10498
8808,Kenneth,Smith,XXXXXXXXX,XXXXXXXXX,1,1726
8809,Christina,Velasquez,XXXXXXXXX,XXXXXXXXX,1,1421
8810,Mary,Smith,XXXXXXXXX,XXXXXXXXX,2,14258
8811,Christine,Rodriguez,XXXXXXXXX,XXXXXXXXX,1,6575
8812,Mary,Woodward,XXXXXXXXX,XXXXXXXXX,1,8194
8813,Carol,Smith,XXXXXXXXX,XXXXXXXXX,1,3627
8814,Brian,Sexton,XXXXXXXXX,XXXXXXXXX,1,15238
8815,Mary,Smith,XXXXXXXXX,XXXXXXXXX,3,15128
8816,Judith,Shepard,XXXXXXXXX,XXXXXXXXX,1,6422
8817,Mary,Smith,XXXXXXXXX,XXXXXXXXX,3,14448
8818,Ruth,Miller,XXXXXXXXX,XXXXXXXXX,3,7207
8819,Mary,Vaughn,XXXXXXXXX,XXXXXXXXX,3,8699
8820,Jessica,Smith,XXXXXXXXX,XXXXXXXXX,3,12700
8821,Mary,Rios,XXXXXXXXX,XXXXXXXXX,3,2018
8822,Dorothy,Smith,XXXXXXXXX,XXXXXXXXX,3,2984
8823,Rose,Griffith,XXXXXXXXX,XXXXXXXXX,3,6434
8824,Mary,Smith,XXXXXXXXX,XXXXXXXXX,3,87
8825,Anthony,Swanson,XXXXXXXXX,XXXXXXXXX,3,5078
8826,Donna,Smith,XXXXXXXXX,XXXXXXXXX,3,5496
8827,Brian,Wilson,XXXXXXXXX,XXXXXXXXX,3,13610
8828,Mary,Baxter,XXXXXXXXX,XXXXXXXXX,3,4012
8829,Charles,Smith,XXXXXXXXX,XXXXXXXXX,2,7922
8830,Melissa,Aguilar,XXXXXXXXX,XXXXXXXXX,2,4398
8831,Mary,Smith,XXXXXXXXX,XXXXXXXXX,3,13167
8832,Victoria,Reyes,XXXXXXXXX,XXXXXXXXX,3,7124
8833,Mary,Smith,XXXXXXXXX,XXXXXXXXX,3,14978
8834,Steven,Herring,XXXXXXXXX,XXXXXXXXX,3,2195
8835,Mary,Smith,XXXXXXXXX,XXXXXXXXX,2,14299
8836,Barbara,Hall,XXXXXXXXX,XXXXXXXXX,3,16362
8837,Kathleen,Cole,XXXXXXXXX,XXXXXXXXX,3,4327
8838,Phillip,Mcgee,XXXXXXXXX,XXXXXXXXX,2,2563
8839,Mary,Smith,XXXXXXXXX,XXXXXXXXX,2,5660
8840,Jane,Delacruz,XXXXXXXXX,XXXXXXXXX,2,6443
8841,Mary,Smith,XXXXXXXXX,XXXXXXXXX,2,1612
8842,Mary,Gomez,XXXXXXXXX,XXXXXXXXX,2,2172
8843,Juan,Smith,XXXXXXXXX,XXXXXXXXX,2,9688
8844,Mary,Barnes,XXXXXXXXX,XXXXXXXXX,2,13563
8845,Robert,Deleon,XXXXXXXXX,XXXXXXXXX,1,5612
8846,Thomas,Smith,XXXXXXXXX,XXXXXXXXX,1,6549
8847,Ruth,Brown,XXXXXXXXX,XXXXXXXXX,1,11039
8848,Mary,Watson,XXXXXXXXX,XXXXXXXXX,1,8093
8849,Daniel,Santos,XXXXXXXXX,XXXXXXXXX,2,12543
8850,Crystal,Smith,XXXXXXXXX,XXXXXXXXX,2,6681
8851,Mary,Holt,XXXXXXXXX,XXXXXXXXX,1,8635
8852,John,Smith,XXXXXXXXX,XXXXXXXXX,1,14412
8853,Richard,Ali,XXXXXXXXX,XXXXXXXXX,1,12210
8854,Carol,Smith,XXXXXXXXX,XXXXXXXXX,1,9318
8855,Mary,Gonzalez,XXXXXXXXX,XXXXXXXXX,1,9645
8856,Donald,Smith,XXXXXXXXX,XXXXXXXXX,3,3806
8857,Catherine,Sparks,XXXXXXXXX,XXXXXXXXX,3,3757
8858,Mary,Smith,XXXXXXXXX,XXXXXXXXX,1,15789
8859,James,Koch,XXXXXXXXX,XXXXXXXXX,3,15494
8860,Jonathan,Rocha,XXXXXXXXX,XXXXXXXXX,1,8023
8861,Mary,Smith,XXXXXXXXX,XXXXXXXXX,1,7280
8862,William,Dawson,XXXXXXXXX,XXXXXXXXX,1,4960
8863,Henry,Smith,XXXXXXXXX,XXXXXXXXX,1,9971
8864,Mary,Benson,XXXXXXXXX,XXXXXXXXX,1,1072
8865,Kevin,Frederick,XXXXXXXXX,XXXXXXXXX,1,7680
8866,Rachel,Smith,XXXXXXXXX,XXXXXXXXX,1,7110
8867,Justin,Bonilla,XXXXXXXXX,XXXXXXXXX,1,2630
8868,Mary,Smith,XXXXXXXXX,XXXXXXXXX,1,3582
8869,Thomas,Lambert,XXXXXXXXX,XXXXXXXXX,1,3265
8870,Nicole,Lyons,XXXXXXXXX,XXXXXXXXX,1,7235
8871,Janice,Smith,XXXXXXXXX,XXXXXXXXX,3,3280
8872,Mary,Garcia,XXXXXXXXX,XXXXXXXXX,1,3120
8873,Joshua,Hopkins,XXXXXXXXX,XXXXXXXXX,2,7071
8874,Nicole,Smith,XXXXXXXXX,XXXXXXXXX,2,15235
8875,Mary,Lawrence,XXXXXXXXX,XXXXXXXXX,2,2387
8876,Timothy,Smith,XXXXXXXXX,XXXXXXXXX,2,6989
8877,Crystal,Stevens,XXXXXXXXX,XXXXXXXXX,2,9922
8878,Mary,Fuentes,XXXXXXXXX,XXXXXXXXX,2,11849
8879,Mary,Smith,XXXXXXXXX,XXXXXXXXX,1,14418
8880,Raymond,Patton,XXXXXXXXX,XXXXXXXXX,3,14408
8881,Mary,Weeks,XXXXXXXXX,XXXXXXXXX,1,9105
8883,Marie,Davis,XXXXXXXXX,XXXXXXXXX,3,4067
8884,Albert,Jordan,XXXXXXXXX,XXXXXXXXX,3,95
8885,Mary,Smith,XXXXXXXXX,XXXXXXXXX,1,717
8886,Aaron,Deleon,XXXXXXXXX,XXXXXXXXX,2,9143
8887,Mary,Nash,XXXXXXXXX,XXXXXXXXX,2,1222
8888,Brian,Smith,XXXXXXXXX,XXXXXXXXX,2,12481
8889,Evelyn,Brown,XXXXXXXXX,XXXXXXXXX,1,1542
8890,Mary,Rhodes,XXXXXXXXX,XXXXXXXXX,2,5182
8891,Michael,Smith,XXXXXXXXX,XXXXXXXXX,1,14612
8892,Russell,Dennis,XXXXXXXXX,XXXXXXXXX,1,3883
8893,Mary,Smith,XXXXXXXXX,XXXXXXXXX,2,15578
8894,Laura,Washington,XXXXXXXXX,XXXXXXXXX,2,12367
8895,Mary,Ferguson,XXXXXXXXX,XXXXXXXXX,3,14770
8896,James,Dunn,XXXXXXXXX,XXXXXXXXX,3,1628
8897,Stephen,Blackburn,XXXXXXXXX,XXXXXXXXX,3,16227
8898,Mary,Smith,XXXXXXXXX,XXXXXXXXX,3,3686
8899,Cynthia,Brown,XXXXXXXXX,XXXXXXXXX,1,5727
8900,Russell,Peterson,XXXXXXXXX,XXXXXXXXX,1,3581
8901,Mary,Smith,XXXXXXXXX,XXXXXXXXX,1,16387
8902,Roger,Walker,XXXXXXXXX,XXXXXXXXX,1,6698
8903,Mary,Torres,XXXXXXXXX,XXXXXXXXX,1,9061
8904,Ashley,Short,XXXXXXXXX,XXXXXXXXX,1,11291
8905,Donna,Smith,XXXXXXXXX,XXXXXXXXX,1,6780
8906,Mary,Hurst,XXXXXXXXX,XXXXXXXXX,2,901
8907,Michelle,Smith,XXXXXXXXX,XXXXXXXXX,2,5437
8908,Mary,Jenkins,XXXXXXXXX,XXXXXXXXX,1,8399
8909,Arthur,Wallace,XXXXXXXXX,XXXXXXXXX,1,9468
8910,Mary,Smith,XXXXXXXXX,XXXXXXXXX,2,10297
8911,Catherine,Arnold,XXXXXXXXX,XXXXXXXXX,2,5026
8912,Mary,Blankenship,XXXXXXXXX,XXXXXXXXX,3,10429
8913,Jane,Smith,XXXXXXXXX,XXXXXXXXX,1,9035
8914,Mary,Cooper,XXXXXXXXX,XXXXXXXXX,1,7639
8915,James,Grant,XXXXXXXXX,XXXXXXXXX,2,10627
8916,Justin,Wheeler,XXXXXXXXX,XXXXXXXXX,1,3037
8917,Mary,Smith,XXXXXXXXX,XXXXXXXXX,1,7526
8918,Zachary,Rice,XXXXXXXXX,XXXXXXXXX,1,13580
8919,Mary,Conner,XXXXXXXXX,XXXXXXXXX,1,14218
8920,Linda,Smith,XXXXXXXXX,XXXXXXXXX,3,8802
8921,Mary,Pratt,XXXXXXXXX,XXXXXXXXX,2,16504
8922,Jean,Smith,XXXXXXXXX,XXXXXXXXX,2,13354
8923,Mary,Robertson,XXXXXXXXX,XXXXXXXXX,1,12030
8924,Emma,Smith,XXXXXXXXX,XXXXXXXXX,2,15911
8925,Mary,Erickson,XXXXXXXXX,XXXXXXXXX,2,2629
8926,Susan,Smith,XXXXXXXXX,XXXXXXXXX,1,4450
8927,Emily,Johnson,XXXXXXXXX,XXXXXXXXX,2,11366
8928,Mary,Huynh,XXXXXXXXX,XXXXXXXXX,1,4224
8929,David,Smith,XXXXXXXXX,XXXXXXXXX,1,8590
8930,Jordan,Mcgee,XXXXXXXXX,XXXXXXXXX,1,2406
8931,Mary,Smith,XXXXXXXXX,XXXXXXXXX,1,10451
8932,Mark,Thornton,XXXXXXXXX,XXXXXXXXX,1,8007
8933,Jason,Smith,XXXXXXXXX,XXXXXXXXX,1,9298
8934,Mary,Murray,XXXXXXXXX,XXXXXXXXX,1,15091
8935,John,Smith,XXXXXXXXX,XXXXXXXXX,1,15033
8936,Sharon,Patel,XXXXXXXXX,XXXXXXXXX,1,3948
8937,Amy,Smith,XXXXXXXXX,XXXXXXXXX,1,8679
8938,Raymond,Gould,XXXXXXXXX,XXXXXXXXX,1,7520
8939,Mary,Smith,XXXXXXXXX,XXXXXXXXX,2,3826
8940,Linda,Hammond,XXXXXXXXX,XXXXXXXXX,2,8931
8941,Mary,Drake,XXXXXXXXX,XXXXXXXXX,3,13408
8942,Robert,Smith,XXXXXXXXX,XXXXXXXXX,3,3282
8943,Brian,Yates,XXXXXXXXX,XXXXXXXXX,3,12928
8944,Mary,Smith,XXXXXXXXX,XXXXXXXXX,3,9815
8945,Edward,Chang,XXXXXXXXX,XXXXXXXXX,3,14628
8946,Ryan,Smith,XXXXXXXXX,XXXXXXXXX,3,9896
8947,Mary,Rose,XXXXXXXXX,XXXXXXXXX,3,4005
8948,Russell,Smith,XXXXXXXXX,XXXXXXXXX,3,9475
8949,Mary,Thompson,XXXXXXXXX,XXXXXXXXX,1,13683
8950,David,Smith,XXXXXXXXX,XXXXXXXXX,3,1966
8951,Mary,Baker,XXXXXXXXX,XXXXXXXXX,3,11362
8952,Joseph,Brooks,XXXXXXXXX,XXXXXXXXX,3,12891
8953,Emma,Avila,XXXXXXXXX,XXXXXXXXX,3,16204
8954,Mary,Hayden,XXXXXXXXX,XXXXXXXXX,2,13490
8955,Michael,Smith,XXXXXXXXX,XXXXXXXXX,2,7609
8956,Jose,Miller,XXXXXXXXX,XXXXXXXXX,2,6723
8957,Bobby,Howard,XXXXXXXXX,XXXXXXXXX,3,14519
8958,Mary,Smith,XXXXXXXXX,XXXXXXXXX,3,1913
8959,Amy,Edwards,XXXXXXXXX,XXXXXXXXX,2,14269
8960,Janet,Roy,XXXXXXXXX,XXXXXXXXX,1,10046
8961,Jeremy,Smith,XXXXXXXXX,XXXXXXXXX,2,390
8962,Mary,Richardson,XXXXXXXXX,XXXXXXXXX,2,9758
8963,Ruth,Bush,XXXXXXXXX,XXXXXXXXX,2,9998
8964,Mary,Berger,XXXXXXXXX,XXXXXXXXX,3,6827
8965,Peter,Smith,XXXXXXXXX,XXXXXXXXX,3,12558
8966,Mary,Davis,XXXXXXXXX,XXXXXXXXX,3,6222
8967,Donald,West,XXXXXXXXX,XXXXXXXXX,3,3285
8968,Mary,Smith,XXXXXXXXX,XXXXXXXXX,3,6034
8969,Sandra,Bennett,XXXXXXXXX,XXXXXXXXX,3,4124
8970,Eugene,Contreras,XXXXXXXXX,XXXXXXXXX,3,1997
8971,Mary,Gill,XXXXXXXXX,XXXXXXXXX,3,2711
8972,Willie,Phelps,XXXXXXXXX,XXXXXXXXX,1,6712
8973,Mary,Smith,XXXXXXXXX,XXXXXXXXX,1,15332
8974,Mary,Schultz,XXXXXXXXX,XXXXXXXXX,2,11091
8975,Nancy,Mata,XXXXXXXXX,XXXXXXXXX,2,5010
8976,Dennis,Smith,XXXXXXXXX,XXXXXXXXX,1,15179
8977,Mary,Rivera,XXXXXXXXX,XXXXXXXXX,2,660
8978,Emily,Maxwell,XXXXXXXXX,XXXXXXXXX,2,13709
8979,Mary,Huffman,XXXXXXXXX,XXXXXXXXX,1,9748
8980,Laura,Smith,XXXXXXXXX,XXXXXXXXX,1,6550
8981,Mary,Bennett,XXXXXXXXX,XXXXXXXXX,1,8895
8982,Jeremy,Mcgrath,XXXXXXXXX,XXXXXXXXX,3,15449
8983,Mary,Smith,XXXXXXXXX,XXXXXXXXX,3,4260
8984,Elizabeth,Bowen,XXXXXXXXX,XXXXXXXXX,3,5752
8985,Helen,Russo,XXXXXXXXX,XXXXXXXXX,3,3346
8986,Mary,Smith,XXXXXXXXX,XXXXXXXXX,3,6612
8987,Kathleen,Price,XXXXXXXXX,XXXXXXXXX,1,9844
8988,Mary,Smith,XXXXXXXXX,XXXXXXXXX,1,10762
8989,Sarah,Aguilar,XXXXXXXXX,XXXXXXXXX,1,14554
8990,Bobby,Smith,XXXXXXXXX,XXXXXXXXX,1,2911
8991,Mary,Kennedy,XXXXXXXXX,XXXXXXXXX,1,15184
8992,Maria,Summers,XXXXXXXXX,XXXXXXXXX,1,12946
8993,Mary,Smith,XXXXXXXXX,XXXXXXXXX,2,7367
8994,Janice,Shea,XXXXXXXXX,XXXXXXXXX,1,6699
8995,Mary,Smith,XXXXXXXXX,XXXXXXXXX,2,13378
8996,Maria,Mcfarland,XXXXXXXXX,XXXXXXXXX,2,2486
8997,Mary,Smith,XXXXXXXXX,XXXXXXXXX,2,14158
8998,James,Nielsen,XXXXXXXXX,XXXXXXXXX,2,16007
8999,Paul,Smith,XXXXXXXXX,XXXXXXXXX,2,15918
9000,Amber,White,XXXXXXXXX,XXXXXXXXX,2,11
9001,Mary,Smith,XXXXXXXXX,XXXXXXXXX,2,4764
9002,Mary,Mullins,XXXXXXXXX,XXXXXXXXX,2,11142
9003,Judy,Duran,XXXXXXXXX,XXXXXXXXX,2,11071
9004,Mary,Smith,XXXXXXXXX,XXXXXXXXX,1,16109
9005,Thomas,Martin,XXXXXXXXX,XXXXXXXXX,1,1839
9006,Brenda,Smith,XXXXXXXXX,XXXXXXXXX,2,72
9007,Mary,Maynard,XXXXXXXXX,XXXXXXXXX,1,13436
9008,Ann,Smith,XXXXXXXXX,XXXXXXXXX,1,9040
9009,Mary,Sanchez,XXXXXXXXX,XXXXXXXXX,1,13151
9010,David,Donovan,XXXXXXXXX,XXXXXXXXX,1,9285
9011,Mary,Smith,XXXXXXXXX,XXXXXXXXX,3,9309
9012,Pamela,Gonzalez,XXXXXXXXX,XXXXXXXXX,3,13111
9013,Lawrence,Ward,XXXXXXXXX,XXXXXXXXX,3,15136
9014,Mary,Smith,XXXXXXXXX,XXXXXXXXX,1,16357
9015,Alice,Carroll,XXXXXXXXX,XXXXXXXXX,2,2429
9016,Mary,Smith,XXXXXXXXX,XXXXXXXXX,2,5494
9017,Anna,Kelly,XXXXXXXXX,XXXXXXXXX,1,6645
9018,Mary,Smith,XXXXXXXXX,XXXXXXXXX,1,10339
9019,Carol,Davila,XXXXXXXXX,XXXXXXXXX,1,5875
9020,Deborah,Smith,XXXXXXXXX,XXXXXXXXX,1,15031
9021,Jane,Murphy,XXXXXXXXX,XXXXXXXXX,1,8117
9022,Mary,Smith,XXXXXXXXX,XXXXXXXXX,2,10317
9023,Jonathan,Schmidt,XXXXXXXXX,XXXXXXXXX,2,6666
9024,Walter,Smith,XXXXXXXXX,XXXXXXXXX,2,5838
9025,Mary,Williams,XXXXXXXXX,XXXXXXXXX,2,8232
9026,Christopher,Smith,XXXXXXXXX,XXXXXXXXX,2,11815
9027,Mary,Yoder,XXXXXXXXX,XXXXXXXXX,3,397
9028,Raymond,Smith,XXXXXXXXX,XXXXXXXXX,3,7750
9029,Mary,Bryan,XXXXXXXXX,XXXXXXXXX,3,3364
9030,Raymond,Smith,XXXXXXXXX,XXXXXXXXX,3,11801
9031,Mary,Brown,XXXXXXXXX,XXXXXXXXX,3,11238
9032,Lauren,Munoz,XXXXXXXXX,XXXXXXXXX,1,10630
9033,Mary,Schaefer,XXXXXXXXX,XXXXXXXXX,1,8429
9034,Paul,Villa,XXXXXXXXX,XXXXXXXXX,1,7129
9035,Christian,Smith,XXXXXXXXX,XXXXXXXXX,1,4188
9036,Mary,Chase,XXXXXXXXX,XXXXXXXXX,1,4386
9037,Laura,Smith,XXXXXXXXX,XXXXXXXXX,1,7384
9038,Mary,Lee,XXXXXXXXX,XXXXXXXXX,3,979
9039,Amber,Wall,XXXXXXXXX,XXXXXXXXX,2,4226
9040,Mary,Smith,XXXXXXXXX,XXXXXXXXX,2,1213
9041,Michael,Olson,XXXXXXXXX,XXXXXXXXX,1,15289
9042,Linda,Smith,XXXXXXXXX,XXXXXXXXX,1,14284
9043,Henry,Norris,XXXXXXXXX,XXXXXXXXX,1,7352
9044,Mary,Smith,XXXXXXXXX,XXXXXXXXX,1,444
9045,Christopher,Townsend,XXXXXXXXX,XXXXXXXXX,2,11941
9046,Evelyn,Smith,XXXXXXXXX,XXXXXXXXX,1,15372
9047,Jordan,Medina,XXXXXXXXX,XXXXXXXXX,3,9252
9048,Mary,Smith,XXXXXXXXX,XXXXXXXXX,3,74
9049,Brenda,Wright,XXXXXXXXX,XXXXXXXXX,3,913
9050,Mary,Smith,XXXXXXXXX,XXXXXXXXX,3,327
9051,Nicole,Garcia,XXXXXXXXX,XXXXXXXXX,2,7825
9052,Mary,Odom,XXXXXXXXX,XXXXXXXXX,2,8453
9053,William,Smith,XXXXXXXXX,XXXXXXXXX,2,5074
9054,Mary,Parker,XXXXXXXXX,XXXXXXXXX,1,9837
9055,Karen,Ross,XXXXXXXXX,XXXXXXXXX,3,7896
9056,Andrew,Smith,XXXXXXXXX,XXXXXXXXX,3,8605
9057,Randy,Brown,XXXXXXXXX,XXXXXXXXX,3,1516
9058,Mary,Ramos,XXXXXXXXX,XXXXXXXXX,3,12017
9059,Michael,Mills,XXXXXXXXX,XXXXXXXXX,3,8280
9061,Mary,Estrada,XXXXXXXXX,XXXXXXXXX,1,9646
9062,James,Farmer,XXXXXXXXX,XXXXXXXXX,1,3602
9063,Dylan,Smith,XXXXXXXXX,XXXXXXXXX,2,10644
9064,Mary,Mcmahon,XXXXXXXXX,XXXXXXXXX,2,1723
9065,Roy,Smith,XXXXXXXXX,XXXXXXXXX,3,2526
9066,Mary,Williams,XXXXXXXXX,XXXXXXXXX,3,9344
9067,Harry,Myers,XXXXXXXXX,XXXXXXXXX,3,11742
9068,Mary,Smith,XXXXXXXXX,XXXXXXXXX,3,15889
9069,Debra,Ramirez,XXXXXXXXX,XXXXXXXXX,3,8683
9070,Mary,Smith,XXXXXXXXX,XXXXXXXXX,3,6970
9071,Janice,Hutchinson,XXXXXXXXX,XXXXXXXXX,3,13351
9072,Mary,Smith,XXXXXXXXX,XXXXXXXXX,1,7443
9073,Thomas,Skinner,XXXXXXXXX,XXXXXXXXX,1,5011
9074,Margaret,Smith,XXXXXXXXX,XXXXXXXXX,1,5432
9075,Scott,Hayes,XXXXXXXXX,XXXXXXXXX,2,1206
9076,Mary,Pope,XXXXXXXXX,XXXXXXXXX,1,14980
9077,Sean,Smith,XXXXXXXXX,XXXXXXXXX,1,995
9078,Mary,Smith,XXXXXXXXX,XXXXXXXXX,3,12356
9079,Mildred,Ferguson,XXXXXXXXX,XXXXXXXXX,3,4184
9080,Mary,Macias,XXXXXXXXX,XXXXXXXXX,3,1032
9081,Robert,Smith,XXXXXXXXX,XXXXXXXXX,3,980
9082,Diane,Terry,XXXXXXXXX,XXXXXXXXX,3,12768
9083,Mary,Frank,XXXXXXXXX,XXXXXXXXX,3,11959
9084,Jack,Smith,XXXXXXXXX,XXXXXXXXX,1,9317
9085,Mary,Anderson,XXXXXXXXX,XXXXXXXXX,2,6809
9086,George,Stanley,XXXXXXXXX,XXXXXXXXX,1,930
9087,Alice,Smith,XXXXXXXXX,XXXXXXXXX,1,3454
9088,Mary,Guzman,XXXXXXXXX,XXXXXXXXX,1,11232
9089,Jessica,Smith,XXXXXXXXX,XXXXXXXXX,1,10673
9090,Carolyn,Davis,XXXXXXXXX,XXXXXXXXX,1,1547
9091,Mary,Hickman,XXXXXXXXX,XXXXXXXXX,3,2680
9092,James,Smith,XXXXXXXXX,XXXXXXXXX,3,15322
9093,Andrew,Flores,XXXXXXXXX,XXXXXXXXX,3,5462
9094,Mary,Vincent,XXXXXXXXX,XXXXXXXXX,1,15220
9095,Henry,Smith,XXXXXXXXX,XXXXXXXXX,1,15394
9096,Mary,Andrews,XXXXXXXXX,XXXXXXXXX,1,7956
9097,Mary,Padilla,XXXXXXXXX,XXXXXXXXX,1,3081
9098,Michael,Burgess,XXXXXXXXX,XXXXXXXXX,3,1609
9099,Dennis,Lozano,XXXXXXXXX,XXXXXXXXX,3,11923
9100,Beverly,Smith,XXXXXXXXX,XXXXXXXXX,1,5568
9101,Mary,Parker,XXXXXXXXX,XXXXXXXXX,1,12465
9102,Richard,Marshall,XXXXXXXXX,XXXXXXXXX,1,14920
9103,Nathan,Smith,XXXXXXXXX,XXXXXXXXX,1,16280
9104,Mary,Bryan,XXXXXXXXX,XXXXXXXXX,1,4797
9105,Marie,Smith,XXXXXXXXX,XXXXXXXXX,1,7625
9106,Mary,Perez,XXXXXXXXX,XXXXXXXXX,1,4771
9107,Mark,Nunez,XXXXXXXXX,XXXXXXXXX,1,2717
9108,Kathryn,Smith,XXXXXXXXX,XXXXXXXXX,1,5446
9109,Mary,Brown,XXXXXXXXX,XXXXXXXXX,1,6071
9110,Tammy,Gould,XXXXXXXXX,XXXXXXXXX,2,5646
9111,Mary,Smith,XXXXXXXXX,XXXXXXXXX,2,2148
9112,Joseph,Callahan,XXXXXXXXX,XXXXXXXXX,2,10376
9113,Patricia,Smith,XXXXXXXXX,XXXXXXXXX,1,9479
9114,Mary,Smith,XXXXXXXXX,XXXXXXXXX,3,802
9115,Gary,Clayton,XXXXXXXXX,XXXXXXXXX,3,8722
9116,Mary,Smith,XXXXXXXXX,XXXXXXXXX,3,11818
9117,Jessica,Smith,XXXXXXXXX,XXXXXXXXX,3,15719
9118,Karen,Stevens,XXXXXXXXX,XXXXXXXXX,1,8733
9119,Mary,Smith,XXXXXXXXX,XXXXXXXXX,1,11514
9120,Terry,Trujillo,XXXXXXXXX,XXXXXXXXX,3,8975
9121,Mary,Smith,XXXXXXXXX,XXXXXXXXX,3,13737
9122,Carl,Russo,XXXXXXXXX,XXXXXXXXX,3,15204
9123,Mary,Smith,XXXXXXXXX,XXXXXXXXX,1,7892
9124,Donald,Wheeler,XXXXXXXXX,XXXXXXXXX,1,8057
9125,Mary,Smith,XXXXXXXXX,XXXXXXXXX,1,98
9126,Philip,Anderson,XXXXXXXXX,XXXXXXXXX,1,1361
9127,Mary,Nolan,XXXXXXXXX,XXXXXXXXX,1,8396
9128,Robert,Smith,XXXXXXXXX,XXXXXXXXX,2,14354
9129,Judy,Arnold,XXXXXXXXX,XXXXXXXXX,2,5119
9130,Lori,Francis,XXXXXXXXX,XXXXXXXXX,2,9012
9131,Mary,Smith,XXXXXXXXX,XXXXXXXXX,1,5204
9132,Amanda,Wilson,XXXXXXXXX,XXXXXXXXX,3,4791
9133,Mary,Pennington,XXXXXXXXX,XXXXXXXXX,3,12539
9134,Frank,Smith,XXXXXXXXX,XXXXXXXXX,3,9008
9135,Mary,Johnson,XXXXXXXXX,XXXXXXXXX,3,5530
9136,Alice,Mccoy,XXXXXXXXX,XXXXXXXXX,1,449
9137,Mary,Smith,XXXXXXXXX,XXXXXXXXX,1,8369
9138,Gary,Erickson,XXXXXXXXX,XXXXXXXXX,1,8784
9139,Mary,Galvan,XXXXXXXXX,XXXXXXXXX,3,11639
9140,Jessica,Smith,XXXXXXXXX,XXXXXXXXX,1,3769
9141,Ronald,Clark,XXXXXXXXX,XXXXXXXXX,2,11691
9142,Mary,Nash,XXXXXXXXX,XXXXXXXXX,2,16495
9143,Tyler,Smith,XXXXXXXXX,XXXXXXXXX,3,7508
9144,Mary,Carroll,XXXXXXXXX,XXXXXXXXX,2,656
9145,Gary,Smith,XXXXXXXXX,XXXXXXXXX,2,5466
9146,Carl,Harrison,XXXXXXXXX,XXXXXXXXX,1,527
9147,Mary,Simon,XXXXXXXXX,XXXXXXXXX,3,9286
9148,Robert,Gallagher,XXXXXXXXX,XXXXXXXXX,1,2278
9149,Ronald,Whitehead,XXXXXXXXX,XXXXXXXXX,1,10837
9150,Mary,Osborn,XXXXXXXXX,XXXXXXXXX,1,6677
9151,Aaron,Smith,XXXXXXXXX,XXXXXXXXX,1,3256
9152,Mary,Martinez,XXXXXXXXX,XXXXXXXXX,1,4414
9153,Sharon,Jenkins,XXXXXXXXX,XXXXXXXXX,1,14516
9154,Anna,Gillespie,XXXXXXXXX,XXXXXXXXX,1,13881
9155,Evelyn,Smith,XXXXXXXXX,XXXXXXXXX,1,6736
9156,Mary,Wells,XXXXXXXXX,XXXXXXXXX,1,2878
9157,Nicholas,Smith,XXXXXXXXX,XXXXXXXXX,2,9411
9158,Mary,Bender,XXXXXXXXX,XXXXXXXXX,2,5361
9159,Christopher,Smith,XXXXXXXXX,XXXXXXXXX,1,10545
9160,Teresa,Garrett,XXXXXXXXX,XXXXXXXXX,1,9065
9161,Mary,Smith,XXXXXXXXX,XXXXXXXXX,1,5695
9162,Christina,Carter,XXXXXXXXX,XXXXXXXXX,2,5290
9163,Mary,Russell,XXXXXXXXX,XXXXXXXXX,2,609
9164,Frances,Estrada,XXXXXXXXX,XXXXXXXXX,1,4054
9165,Judith,Campos,XXXXXXXXX,XXXXXXXXX,1,15890
9166,Jesse,Benitez,XXXXXXXXX,XXXXXXXXX,1,9141
9167,Mary,Smith,XXXXXXXXX,XXXXXXXXX,1,9246
9168,Martha,Evans,XXXXXXXXX,XXXXXXXXX,1,14800
9169,Mary,Neal,XXXXXXXXX,XXXXXXXXX,1,6279
9170,Alexander,Smith,XXXXXXXXX,XXXXXXXXX,1,13817
9171,Mary,Bruce,XXXXXXXXX,XXXXXXXXX,1,15197
9172,John,Smith,XXXXXXXXX,XXXXXXXXX,1,312
9173,Matthew,Williams,XXXXXXXXX,XXXXXXXXX,1,1644
9174,Tyler,Smith,XXXXXXXXX,XXXXXXXXX,1,15435
9175,Mary,Rhodes,XXXXXXXXX,XXXXXXXXX,2,8422
9176,Theresa,Smith,XXXXXXXXX,XXXXXXXXX,2,3186
9177,Mary,Nelson,XXXXXXXXX,XXXXXXXXX,1,954
9178,Sharon,Fowler,XXXXXXXXX,XXXXXXXXX,1,2712
9179,Mary,Pearson,XXXXXXXXX,XXXXXXXXX,1,258
9180,Dorothy,Zamora,XXXXXXXXX,XXXXXXXXX,1,5917
9181,Mary,Smith,XXXXXXXXX,XXXXXXXXX,2,14810
9182,Mary,English,XXXXXXXXX,XXXXXXXXX,1,11084
9183,Daniel,Smith,XXXXXXXXX,XXXXXXXXX,3,7642
9184,Jeffrey,Rodriguez,XXXXXXXXX,XXXXXXXXX,3,7476
9185,Katherine,Wilson,XXXXXXXXX,XXXXXXXXX,3,12625
9186,Mary,Austin,XXXXXXXXX,XXXXXXXXX,3,14485
9187,Michael,Smith,XXXXXXXXX,XXXXXXXXX,3,10959
9188,Mary,Gomez,XXXXXXXXX,XXXXXXXXX,1,14014
9189,Richard,Smith,XXXXXXXXX,XXXXXXXXX,3,13442
9190,Andrew,Rasmussen,XXXXXXXXX,XXXXXXXXX,1,15581
9191,Marie,Smith,XXXXXXXXX,XXXXXXXXX,3,11753
9192,Mary,Mueller,XXXXXXXXX,XXXXXXXXX,3,8700
9193,Marie,Smith,XXXXXXXXX,XXXXXXXXX,1,12985
9194,Mary,Johnson,XXXXXXXXX,XXXXXXXXX,1,4135
9195,George,Johns,XXXXXXXXX,XXXXXXXXX,1,13602
9196,Austin,Smith,XXXXXXXXX,XXXXXXXXX,1,5055
9197,Mary,Sutton,XXXXXXXXX,XXXXXXXXX,1,7915
9198,David,Kerr,XXXXXXXXX,XXXXXXXXX,1,11656
9199,Tammy,Smith,XXXXXXXXX,XXXXXXXXX,1,545
9200,Mary,Orozco,XXXXXXXXX,XXXXXXXXX,1,6305
9201,Christian,Smith,XXXXXXXXX,XXXXXXXXX,1,11669
9202,Mary,Skinner,XXXXXXXXX,XXXXXXXXX,1,6643
9203,Gloria,Smith,XXXXXXXXX,XXXXXXXXX,1,5297
9204,Mary,Harris,XXXXXXXXX,XXXXXXXXX,1,14255
9205,James,Holmes,XXXXXXXXX,XXXXXXXXX,1,3882
9206,Nancy,Smith,XXXXXXXXX,XXXXXXXXX,2,716
9207,Mary,Rogers,XXXXXXXXX,XXXXXXXXX,1,14670
9208,John,Gillespie,XXXXXXXXX,XXXXXXXXX,2,3564
9209,Mary,Smith,XXXXXXXXX,XXXXXXXXX,2,9970
9210,Martha,Daniels,XXXXXXXXX,XXXXXXXXX,2,7234
9211,Lauren,Kramer,XXXXXXXXX,XXXXXXXXX,2,199
9212,Mary,Smith,XXXXXXXXX,XXXXXXXXX,2,14469
9213,Jennifer,Williamson,XXXXXXXXX,XXXXXXXXX,3,13352
9214,Mary,Smith,XXXXXXXXX,XXXXXXXXX,1,1348
9215,William,Robbins,XXXXXXXXX,XXXXXXXXX,2,5005
9216,Kyle,Joyce,XXXXXXXXX,XXXXXXXXX,1,31
9217,Mary,Smith,XXXXXXXXX,XXXXXXXXX,1,14306
9218,Anna,Conrad,XXXXXXXXX,XXXXXXXXX,1,672
9219,Mary,Smith,XXXXXXXXX,XXXXXXXXX,3,11185
9220,Anthony,Marshall,XXXXXXXXX,XXXXXXXXX,1,9875
9221,Eric,Smith,XXXXXXXXX,XXXXXXXXX,1,2785
9222,Mary,Martinez,XXXXXXXXX,XXXXXXXXX,1,6149
9223,Carl,Perez,XXXXXXXXX,XXXXXXXXX,1,3675
9224,Mary,Cannon,XXXXXXXXX,XXXXXXXXX,2,9610
9225,Anthony,Smith,XXXXXXXXX,XXXXXXXXX,1,11272
9226,Grace,Davis,XXXXXXXXX,XXXXXXXXX,2,8493
9227,Mary,Ewing,XXXXXXXXX,XXXXXXXXX,1,16199
9228,Jacqueline,Smith,XXXXXXXXX,XXXXXXXXX,2,15340
9229,Mary,Hernandez,XXXXXXXXX,XXXXXXXXX,2,15359
9230,Dorothy,Bender,XXXXXXXXX,XXXXXXXXX,1,8662
9231,Mary,Smith,XXXXXXXXX,XXXXXXXXX,2,11043
9232,Robert,King,XXXXXXXXX,XXXXXXXXX,2,2338
9233,Timothy,Wall,XXXXXXXXX,XXXXXXXXX,2,9052
9234,Katherine,Smith,XXXXXXXXX,XXXXXXXXX,2,1456
9235,Mary,Rodriguez,XXXXXXXXX,XXXXXXXXX,2,8006
9236,Patrick,Webb,XXXXXXXXX,XXXXXXXXX,2,15178
9237,Mary,Fox,XXXXXXXXX,XXXXXXXXX,2,9629
9238,Judy,Gillespie,XXXXXXXXX,XXXXXXXXX,2,5226
9239,Mary,Smith,XXXXXXXXX,XXXXXXXXX,1,3685
9240,Janice,Brown,XXXXXXXXX,XXXXXXXXX,1,15943
9241,Mary,Norris,XXXXXXXXX,XXXXXXXXX,3,10421
9242,Martha,Smith,XXXXXXXXX,XXXXXXXXX,3,15934
9243,Shawn,Gross,XXXXXXXXX,XXXXXXXXX,3,214
9244,Mary,Smith,XXXXXXXXX,XXXXXXXXX,1,10423
9245,Joshua,Rodriguez,XXXXXXXXX,XXXXXXXXX,1,10517
9246,Mary,Richmond,XXXXXXXXX,XXXXXXXXX,1,2041
9247,Kathryn,Smith,XXXXXXXXX,XXXXXXXXX,1,11557
9248,Mary,Luna,XXXXXXXXX,XXXXXXXXX,1,4290
9249,Jonathan,Costa,XXXXXXXXX,XXXXXXXXX,1,13804
9250,Mary,Smith,XXXXXXXXX,XXXXXXXXX,1,488
9251,Christina,Green,XXXXXXXXX,XXXXXXXXX,1,11319
9252,Mary,Summers,XXXXXXXXX,XXXXXXXXX,1,12148
9253,Benjamin,Smith,XXXXXXXXX,XXXXXXXXX,1,8648
9254,Mary,Hayes,XXXXXXXXX,XXXXXXXXX,1,13256
9255,William,Smith,XXXXXXXXX,XXXXXXXXX,1,12690
9256,Tiffany,Parks,XXXXXXXXX,XXXXXXXXX,2,7391
9257,Mary,Smith,XXXXXXXXX,XXXXXXXXX,2,9877
9258,John,Rodgers,XXXXXXXXX,XXXXXXXXX,1,7876
9259,Thomas,Roman,XXXXXXXXX,XXXXXXXXX,1,12250
9260,Joyce,Smith,XXXXXXXXX,XXXXXXXXX,2,2550
9261,Patrick,Burnett,XXXXXXXXX,XXXXXXXXX,2,183
9262,Mary,Conway,XXXXXXXXX,XXXXXXXXX,1,1436
9263,Joe,Smith,XXXXXXXXX,XXXXXXXXX,1,13030
9264,Mary,Smith,XXXXXXXXX,XXXXXXXXX,1,5920
9265,Margaret,Fischer,XXXXXXXXX,XXXXXXXXX,1,14716
9266,Brittany,Whitney,XXXXXXXXX,XXXXXXXXX,1,12876
9267,Mary,Smith,XXXXXXXXX,XXXXXXXXX,1,14080
9268,William,Roberson,XXXXXXXXX,XXXXXXXXX,2,11058
9269,Angela,English,XXXXXXXXX,XXXXXXXXX,1,5390
9270,Mary,Moses,XXXXXXXXX,XXXXXXXXX,3,8271
9271,Christopher,Smith,XXXXXXXXX,XXXXXXXXX,1,7604
9272,Ronald,Blackwell,XXXXXXXXX,XXXXXXXXX,3,15330
9273,Bobby,Smith,XXXXXXXXX,XXXXXXXXX,3,11622
9274,Mary,Long,XXXXXXXXX,XXXXXXXXX,2,10688
9275,Jason,Schwartz,XXXXXXXXX,XXXXXXXXX,1,8632
9276,Mary,Smith,XXXXXXXXX,XXXXXXXXX,1,4348
9277,Donald,Davis,XXXXXXXXX,XXXXXXXXX,2,7912
9278,Sandra,Gordon,XXXXXXXXX,XXXXXXXXX,2,893
9279,Donna,Aguilar,XXXXXXXXX,XXXXXXXXX,2,3397
9280,Mary,Blankenship,XXXXXXXXX,XXXXXXXXX,2,7487
9281,Ann,Smith,XXXXXXXXX,XXXXXXXXX,1,14303
9282,Austin,Ayala,XXXXXXXXX,XXXXXXXXX,1,7003
9283,Mary,Smith,XXXXXXXXX,XXXXXXXXX,1,10331
9284,Kathleen,Aguirre,XXXXXXXXX,XXXXXXXXX,1,7770
9285,Gloria,Smith,XXXXXXXXX,XXXXXXXXX,1,5975
9286,Mary,Carroll,XXXXXXXXX,XXXXXXXXX,1,11444
9287,Deborah,Smith,XXXXXXXXX,XXXXXXXXX,1,16441
9288,Mary,Mason,XXXXXXXXX,XXXXXXXXX,2,11726
9289,Carolyn,Smith,XXXXXXXXX,XXXXXXXXX,1,10912
9290,Mary,Hernandez,XXXXXXXXX,XXXXXXXXX,1,1200
9291,Charles,Mueller,XXXXXXXXX,XXXXXXXXX,1,12163
9292,Kelly,Smith,XXXXXXXXX,XXXXXXXXX,3,11605
9293,Jeremy,Cooper,XXXXXXXXX,XXXXXXXXX,1,13642
9294,Mary,Blackwell,XXXXXXXXX,XXXXXXXXX,1,16464
9295,Jane,Smith,XXXXXXXXX,XXXXXXXXX,1,6254
9296,Christian,Wilson,XXXXXXXXX,XXXXXXXXX,3,6351
9297,Mary,Horne,XXXXXXXXX,XXXXXXXXX,3,15283
9298,John,Smith,XXXXXXXXX,XXXXXXXXX,3,5844
9299,Robert,Chambers,XXXXXXXXX,XXXXXXXXX,3,2521
9300,Mary,Smith,XXXXXXXXX,XXXXXXXXX,3,8765
9301,Linda,King,XXXXXXXXX,XXXXXXXXX,3,8552
9302,Melissa,Smith,XXXXXXXXX,XXXXXXXXX,1,4579
9303,Mary,Bentley,XXXXXXXXX,XXXXXXXXX,1,816
9304,Janet,Smith,XXXXXXXXX,XXXXXXXXX,1,7501
9305,Mary,Evans,XXXXXXXXX,XXXXXXXXX,1,6003
9306,Scott,Flynn,XXXXXXXXX,XXXXXXXXX,2,4174
9307,Mary,Frederick,XXXXXXXXX,XXXXXXXXX,2,1614
9308,Deborah,Smith,XXXXXXXXX,XXXXXXXXX,1,15929
9309,Mary,Wilson,XXXXXXXXX,XXXXXXXXX,1,12580
9310,Timothy,Smith,XXXXXXXXX,XXXXXXXXX,1,551
9311,Mary,Rodriguez,XXXXXXXXX,XXXXXXXXX,1,14844
9312,John,Campos,XXXXXXXXX,XXXXXXXXX,1,7932
9313,Mary,Krause,XXXXXXXXX,XXXXXXXXX,1,2881
9314,Olivia,Smith,XXXXXXXXX,XXXXXXXXX,1,4979
9316,Megan,Sanders,XXXXXXXXX,XXXXXXXXX,1,11932
9317,Mary,Smith,XXXXXXXXX,XXXXXXXXX,1,11598
9318,Mary,Stanley,XXXXXXXXX,XXXXXXXXX,2,14811
9319,David,Smith,XXXXXXXXX,XXXXXXXXX,2,15175
9320,Nicole,Johnson,XXXXXXXXX,XXXXXXXXX,2,1139
9321,Mary,Silva,XXXXXXXXX,XXXXXXXXX,2,3918
9322,Kevin,Smith,XXXXXXXXX,XXXXXXXXX,2,13116
9323,Debra,Taylor,XXXXXXXXX,XXXXXXXXX,1,558
9324,Willie,Parker,XXXXXXXXX,XXXXXXXXX,1,6278
9325,Mary,Navarro,XXXXXXXXX,XXXXXXXXX,1,7785
9326,Linda,Hess,XXXXXXXXX,XXXXXXXXX,1,12279
9327,Donna,Smith,XXXXXXXXX,XXXXXXXXX,2,5743
9328,Mary,Perez,XXXXXXXXX,XXXXXXXXX,3,4965
9329,Eugene,Powell,XXXXXXXXX,XXXXXXXXX,2,2212
9330,Mary,Conley,XXXXXXXXX,XXXXXXXXX,1,3634
9331,Donna,Smith,XXXXXXXXX,XXXXXXXXX,1,15426
9332,Mary,Jordan,XXXXXXXXX,XXXXXXXXX,1,1071
9333,Angela,Mills,XXXXXXXXX,XXXXXXXXX,2,2942
9334,Mary,Johnston,XXXXXXXXX,XXXXXXXXX,1,5794
9335,Joseph,Smith,XXXXXXXXX,XXXXXXXXX,1,12756
9336,Janice,Guzman,XXXXXXXXX,XXXXXXXXX,1,13153
9337,Mary,Smith,XXXXXXXXX,XXXXXXXXX,1,8803
9338,James,Davis,XXXXXXXXX,XXXXXXXXX,1,6925
9339,Ann,Moyer,XXXXXXXXX,XXXXXXXXX,1,6338
9340,Mary,Smith,XXXXXXXXX,XXXXXXXXX,1,12516
9341,Karen,Collins,XXXXXXXXX,XXXXXXXXX,1,9668
9342,Teresa,Grant,XXXXXXXXX,XXXXXXXXX,1,4830
9343,Mary,Knapp,XXXXXXXXX,XXXXXXXXX,1,2566
9344,Kelly,Smith,XXXXXXXXX,XXXXXXXXX,1,13553
9345,Mary,Branch,XXXXXXXXX,XXXXXXXXX,2,7034
9346,Jack,Smith,XXXXXXXXX,XXXXXXXXX,2,5931
9347,Mary,Fuentes,XXXXXXXXX,XXXXXXXXX,2,503
9348,Eric,Smith,XXXXXXXXX,XXXXXXXXX,2,13
9349,Mary,Martinez,XXXXXXXXX,XXXXXXXXX,3,12137
9350,Robert,Burton,XXXXXXXXX,XXXXXXXXX,2,14973
9351,Joseph,Smith,XXXXXXXXX,XXXXXXXXX,2,1354
9352,Mary,Lewis,XXXXXXXXX,XXXXXXXXX,2,15811
9353,Michael,Scott,XXXXXXXXX,XXXXXXXXX,3,8827
9354,Bruce,Mitchell,XXXXXXXXX,XXXXXXXXX,1,3981
9355,Mary,Smith,XXXXXXXXX,XXXXXXXXX,2,1662
9356,Nancy,Johnson,XXXXXXXXX,XXXXXXXXX,2,1197
9357,Katherine,Spence,XXXXXXXXX,XXXXXXXXX,2,16454
9358,Mary,Smith,XXXXXXXXX,XXXXXXXXX,2,5195
9359,Nancy,Campos,XXXXXXXXX,XXXXXXXXX,3,10950
9360,Scott,Smith,XXXXXXXXX,XXXXXXXXX,3,12066
9361,Mary,Giles,XXXXXXXXX,XXXXXXXXX,3,6920
9362,Jason,Smith,XXXXXXXXX,XXXXXXXXX,3,10474
9363,Mary,Simmons,XXXXXXXXX,XXXXXXXXX,3,13535
9364,Jessica,Lambert,XXXXXXXXX,XXXXXXXXX,3,7389
9365,Kathy,Smith,XXXXXXXXX,XXXXXXXXX,3,14470
9366,Mary,Church,XXXXXXXXX,XXXXXXXXX,2,16113
9367,Ryan,Smith,XXXXXXXXX,XXXXXXXXX,1,14407
9368,Mary,Cabrera,XXXXXXXXX,XXXXXXXXX,1,11893
9369,Matthew,Smith,XXXXXXXXX,XXXXXXXXX,1,6253
9370,Douglas,Murphy,XXXXXXXXX,XXXXXXXXX,1,4846
9371,Mary,Patterson,XXXXXXXXX,XXXXXXXXX,1,2812
9372,Kevin,Jarvis,XXXXXXXXX,XXXXXXXXX,1,7371
9373,Mary,Smith,XXXXXXXXX,XXXXXXXXX,2,6260
9374,John,Taylor,XXXXXXXXX,XXXXXXXXX,2,3255
9375,George,Smith,XXXXXXXXX,XXXXXXXXX,2,4933
9376,Mary,Hill,XXXXXXXXX,XXXXXXXXX,2,9565
9377,Carol,Leach,XXXXXXXXX,XXXXXXXXX,2,13320
9378,Jesse,Crane,XXXXXXXXX,XXXXXXXXX,1,12260
9379,Mary,Smith,XXXXXXXXX,XXXXXXXXX,1,5795
9380,Ryan,Carson,XXXXXXXXX,XXXXXXXXX,1,4155
9381,Andrea,Smith,XXXXXXXXX,XXXXXXXXX,1,697
9382,Mary,Rowe,XXXXXXXXX,XXXXXXXXX,1,8273
9383,Charles,Smith,XXXXXXXXX,XXXXXXXXX,1,9441
9384,Mary,Anderson,XXXXXXXXX,XXXXXXXXX,1,1854
9385,Andrew,Whitehead,XXXXXXXXX,XXXXXXXXX,1,4234
9386,Angela,Smith,XXXXXXXXX,XXXXXXXXX,1,16004
9387,Mary,Hernandez,XXXXXXXXX,XXXXXXXXX,1,5519
9388,David,Horn,XXXXXXXXX,XXXXXXXXX,1,11223
9389,Adam,Smith,XXXXXXXXX,XXXXXXXXX,1,11199
9390,Mary,Avila,XXXXXXXXX,XXXXXXXXX,1,5815
9391,Jennifer,Sellers,XXXXXXXXX,XXXXXXXXX,1,9331
9392,Sean,Smith,XXXXXXXXX,XXXXXXXXX,2,2817
9393,Mary,Strong,XXXXXXXXX,XXXXXXXXX,3,1293
9394,Nancy,Smith,XXXXXXXXX,XXXXXXXXX,3,3222
9395,Pamela,Hayden,XXXXXXXXX,XXXXXXXXX,1,12821
9396,Jacqueline,Smith,XXXXXXXXX,XXXXXXXXX,1,1389
9397,Mary,Curry,XXXXXXXXX,XXXXXXXXX,1,6993
9398,Patricia,Smith,XXXXXXXXX,XXXXXXXXX,1,11752
9399,Mary,Bennett,XXXXXXXXX,XXXXXXXXX,1,10480
9400,Bruce,Clayton,XXXXXXXXX,XXXXXXXXX,1,5323
9401,Mary,Fritz,XXXXXXXXX,XXXXXXXXX,1,9470
9402,Amber,Smith,XXXXXXXXX,XXXXXXXXX,1,7929
9403,Mary,Peters,XXXXXXXXX,XXXXXXXXX,1,16474
9404,Patricia,Harrington,XXXXXXXXX,XXXXXXXXX,1,12702
9405,Ashley,Smith,XXXXXXXXX,XXXXXXXXX,1,8842
9406,Mary,Jones,XXXXXXXXX,XXXXXXXXX,2,13215
9407,Jason,Washington,XXXXXXXXX,XXXXXXXXX,1,8471
9408,Mary,Castaneda,XXXXXXXXX,XXXXXXXXX,1,140
9409,Jonathan,Smith,XXXXXXXXX,XXXXXXXXX,3,14717
9410,Mary,Alvarez,XXXXXXXXX,XXXXXXXXX,3,10724
9411,Nicole,Gentry,XXXXXXXXX,XXXXXXXXX,3,5754
9412,Roy,Smith,XXXXXXXXX,XXXXXXXXX,3,1833
9413,Mary,Preston,XXXXXXXXX,XXXXXXXXX,3,6995
9414,Gloria,Smith,XXXXXXXXX,XXXXXXXXX,1,14564
9415,Mary,Joyce,XXXXXXXXX,XXXXXXXXX,3,12879
9416,Linda,Smith,XXXXXXXXX,XXXXXXXXX,3,9876
9417,Mary,Nguyen,XXXXXXXXX,XXXXXXXXX,3,6122
9418,Debra,Snow,XXXXXXXXX,XXXXXXXXX,3,12789
9419,Mary,Smith,XXXXXXXXX,XXXXXXXXX,1,9845
9420,Frank,Johnson,XXXXXXXXX,XXXXXXXXX,1,5313
9421,Julia,Lynch,XXXXXXXXX,XXXXXXXXX,1,13736
9422,Mary,Smith,XXXXXXXXX,XXXXXXXXX,3,9417
9423,Andrew,Brown,XXXXXXXXX,XXXXXXXXX,1,203
9424,Amanda,Moore,XXXXXXXXX,XXXXXXXXX,1,7518
9425,Mary,Kirk,XXXXXXXXX,XXXXXXXXX,1,10088
9426,Jack,Smith,XXXXXXXXX,XXXXXXXXX,1,14622
9427,Douglas,Berry,XXXXXXXXX,XXXXXXXXX,1,8607
9428,Mary,Conrad,XXXXXXXXX,XXXXXXXXX,1,3331
9429,George,Terrell,XXXXXXXXX,XXXXXXXXX,1,6360
9430,Andrew,Smith,XXXXXXXXX,XXXXXXXXX,1,8076
9431,Lauren,Lewis,XXXXXXXXX,XXXXXXXXX,1,2305
9432,Hannah,Smith,XXXXXXXXX,XXXXXXXXX,2,8636
9433,Mary,Nash,XXXXXXXXX,XXXXXXXXX,2,2162
9434,Danielle,Smith,XXXXXXXXX,XXXXXXXXX,2,10211
9435,Mary,Garcia,XXXXXXXXX,XXXXXXXXX,3,5991
9436,Mary,Torres,XXXXXXXXX,XXXXXXXXX,3,11121
9437,Jack,Tucker,XXXXXXXXX,XXXXXXXXX,1,15852
9438,Mary,Dawson,XXXXXXXXX,XXXXXXXXX,1,14410
9439,Hannah,Smith,XXXXXXXXX,XXXXXXXXX,1,15958
9440,Mary,Leonard,XXXXXXXXX,XXXXXXXXX,1,9747
9441,Victoria,Smith,XXXXXXXXX,XXXXXXXXX,2,4396
9442,Mary,Gonzales,XXXXXXXXX,XXXXXXXXX,2,8205
9443,Karen,Fox,XXXXXXXXX,XXXXXXXXX,1,8659
9444,Mary,Carpenter,XXXXXXXXX,XXXXXXXXX,3,8901
9445,Carol,Smith,XXXXXXXXX,XXXXXXXXX,3,7400
9446,Mary,Walker,XXXXXXXXX,XXXXXXXXX,2,16219
9447,James,Smith,XXXXXXXXX,XXXXXXXXX,2,560
9448,David,Nichols,XXXXXXXXX,XXXXXXXXX,2,10572
9449,Betty,Smith,XXXXXXXXX,XXXXXXXXX,3,3570
9450,Nathan,Brewer,XXXXXXXXX,XXXXXXXXX,3,9103
9451,Mary,Smith,XXXXXXXXX,XXXXXXXXX,3,8876
9452,Patricia,Brown,XXXXXXXXX,XXXXXXXXX,3,1287
9453,Amy,Murray,XXXXXXXXX,XXXXXXXXX,3,7459
9454,Mary,Carson,XXXXXXXXX,XXXXXXXXX,1,1360
9455,Donna,Smith,XXXXXXXXX,XXXXXXXXX,1,14217
9456,Mary,Strickland,XXXXXXXXX,XXXXXXXXX,1,1658
9457,Timothy,Smith,XXXXXXXXX,XXXXXXXXX,3,5517
9458,Mary,Carlson,XXXXXXXXX,XXXXXXXXX,1,16548
9459,Stephen,Bond,XXXXXXXXX,XXXXXXXXX,1,14846
9460,Patrick,Smith,XXXXXXXXX,XXXXXXXXX,2,1422
9461,Mary,Hoover,XXXXXXXXX,XXXXXXXXX,3,13816
9462,Judy,Smith,XXXXXXXXX,XXXXXXXXX,3,15834
9463,Mary,Key,XXXXXXXXX,XXXXXXXXX,1,16205
9464,Henry,Smith,XXXXXXXXX,XXXXXXXXX,3,5896
9465,Aaron,Mcmahon,XXXXXXXXX,XXXXXXXXX,3,12419
9466,Mary,Smith,XXXXXXXXX,XXXXXXXXX,1,11314
9467,Billy,Butler,XXXXXXXXX,XXXXXXXXX,3,274
9468,Mary,Smith,XXXXXXXXX,XXXXXXXXX,2,3328
9469,Donald,Donaldson,XXXXXXXXX,XXXXXXXXX,2,2125
9470,Bryan,Smith,XXXXXXXXX,XXXXXXXXX,1,5397
9471,Mary,Adams,XXXXXXXXX,XXXXXXXXX,1,10866
9472,Thomas,Jimenez,XXXXXXXXX,XXXXXXXXX,3,3414
9473,Michelle,Smith,XXXXXXXXX,XXXXXXXXX,1,3738
9474,Keith,Moore,XXXXXXXXX,XXXXXXXXX,1,6485
9475,Mary,Smith,XXXXXXXXX,XXXXXXXXX,1,10626
9476,Linda,Hoffman,XXXXXXXXX,XXXXXXXXX,1,13660
9477,Lawrence,Smith,XXXXXXXXX,XXXXXXXXX,1,10189
9478,Mary,Dixon,XXXXXXXXX,XXXXXXXXX,1,12336
9479,Kelly,Smith,XXXXXXXXX,XXXXXXXXX,1,114
9480,Mary,Hunt,XXXXXXXXX,XXXXXXXXX,1,6815
9481,Julie,Smith,XXXXXXXXX,XXXXXXXXX,1,5264
9482,Mary,Clayton,XXXXXXXXX,XXXXXXXXX,1,11548
9483,Sharon,Smith,XXXXXXXXX,XXXXXXXXX,1,8744
9484,Mary,Howell,XXXXXXXXX,XXXXXXXXX,1,5263
9485,Philip,Grimes,XXXXXXXXX,XXXXXXXXX,1,4646
9486,Mary,Smith,XXXXXXXXX,XXXXXXXXX,1,6052
9487,Sandra,Ray,XXXXXXXXX,XXXXXXXXX,1,580
9488,Mary,Smith,XXXXXXXXX,XXXXXXXXX,2,16096
9489,Danielle,Dixon,XXXXXXXXX,XXXXXXXXX,2,1329
9490,Mary,Glass,XXXXXXXXX,XXXXXXXXX,2,14402
9491,John,Smith,XXXXXXXXX,XXXXXXXXX,2,6878
9492,Joan,Huffman,XXXXXXXXX,XXXXXXXXX,2,6614
9493,Mary,Smith,XXXXXXXXX,XXXXXXXXX,2,15903
9494,Robert,Gilmore,XXXXXXXXX,XXXXXXXXX,2,13291
9495,Nicholas,Smith,XXXXXXXXX,XXXXXXXXX,1,10343
9496,Mary,Taylor,XXXXXXXXX,XXXXXXXXX,2,11708
9497,Jerry,Horton,XXXXXXXXX,XXXXXXXXX,1,3227
9498,Mary,Smith,XXXXXXXXX,XXXXXXXXX,1,2985
9499,Joshua,Brown,XXXXXXXXX,XXXXXXXXX,1,8085
9500,Mary,Vance,XXXXXXXXX,XXXXXXXXX,1,6444
9501,Patricia,Smith,XXXXXXXXX,XXXXXXXXX,1,15595
9502,Matthew,Love,XXXXXXXXX,XXXXXXXXX,3,15008
9503,Mary,Fitzpatrick,XXXXXXXXX,XXXXXXXXX,3,12757
9504,Mary,Smith,XXXXXXXXX,XXXXXXXXX,3,15383
9505,Theresa,Soto,XXXXXXXXX,XXXXXXXXX,3,10382
9506,Madison,Smith,XXXXXXXXX,XXXXXXXXX,2,139
9507,Mary,Mendoza,XXXXXXXXX,XXXXXXXXX,2,4570
9508,Alan,Smith,XXXXXXXXX,XXXXXXXXX,2,17
9509,Mary,Jones,XXXXXXXXX,XXXXXXXXX,1,12959
9510,Steven,Wright,XXXXXXXXX,XXXXXXXXX,1,16302
9511,Joshua,Brady,XXXXXXXXX,XXXXXXXXX,2,13655
9512,Mary,Smith,XXXXXXXXX,XXXXXXXXX,2,1141
9513,Brian,Rice,XXXXXXXXX,XXXXXXXXX,2,6277
9514,Mary,Bowen,XXXXXXXXX,XXXXXXXXX,2,4311
9515,Victoria,Smith,XXXXXXXXX,XXXXXXXXX,1,14216
9517,Angela,Vargas,XXXXXXXXX,XXXXXXXXX,1,7103
9518,Danielle,Smith,XXXXXXXXX,XXXXXXXXX,1,261
9519,Mary,Taylor,XXXXXXXXX,XXXXXXXXX,1,10044
9520,Mary,Moore,XXXXXXXXX,XXXXXXXXX,1,8089
9521,George,Chambers,XXXXXXXXX,XXXXXXXXX,1,11439
9522,Mary,Smith,XXXXXXXXX,XXXXXXXXX,1,744
9523,Dylan,Jackson,XXXXXXXXX,XXXXXXXXX,1,9764
9524,Mary,Nelson,XXXXXXXXX,XXXXXXXXX,1,8313
9525,Roger,Gray,XXXXXXXXX,XXXXXXXXX,1,9427
9526,Mary,Patrick,XXXXXXXXX,XXXXXXXXX,1,15591
9527,Anna,Smith,XXXXXXXXX,XXXXXXXXX,1,1273
9528,Mary,Flores,XXXXXXXXX,XXXXXXXXX,1,3723
9529,David,Mathews,XXXXXXXXX,XXXXXXXXX,1,14429
9530,Ralph,Smith,XXXXXXXXX,XXXXXXXXX,1,8402
9531,Mary,Cherry,XXXXXXXXX,XXXXXXXXX,1,8251
9532,Ann,Smith,XXXXXXXXX,XXXXXXXXX,2,220
9533,Mary,Hess,XXXXXXXXX,XXXXXXXXX,1,10594
9534,Christopher,Smith,XXXXXXXXX,XXXXXXXXX,1,6779
9535,Jesse,Peterson,XXXXXXXXX,XXXXXXXXX,1,116
9536,Mary,Bradford,XXXXXXXXX,XXXXXXXXX,1,10359
9537,Jason,Smith,XXXXXXXXX,XXXXXXXXX,2,12736
9538,Aaron,Salazar,XXXXXXXXX,XXXXXXXXX,1,14447
9539,Mary,Smith,XXXXXXXXX,XXXXXXXXX,2,4808
9540,David,Hall,XXXXXXXXX,XXXXXXXXX,2,10523
9541,Richard,Leach,XXXXXXXXX,XXXXXXXXX,2,3739
9542,Mary,Smith,XXXXXXXXX,XXXXXXXXX,2,11329
9543,Mary,Allen,XXXXXXXXX,XXXXXXXXX,2,6046
9544,Hannah,Long,XXXXXXXXX,XXXXXXXXX,3,15021
9545,Mary,Smith,XXXXXXXXX,XXXXXXXXX,3,1893
9546,Louis,Holland,XXXXXXXXX,XXXXXXXXX,2,6979
9547,Mary,Smith,XXXXXXXXX,XXXXXXXXX,2,1979
9548,Benjamin,Washington,XXXXXXXXX,XXXXXXXXX,2,4029
9549,Mary,Byrd,XXXXXXXXX,XXXXXXXXX,2,3214
9550,Christian,Smith,XXXXXXXXX,XXXXXXXXX,1,13959
9551,Mary,Ibarra,XXXXXXXXX,XXXXXXXXX,3,14721
9552,Richard,Wilkerson,XXXXXXXXX,XXXXXXXXX,3,3642
9553,Sandra,Smith,XXXXXXXXX,XXXXXXXXX,1,8719
9554,Mary,Hayes,XXXXXXXXX,XXXXXXXXX,1,9990
9555,Sandra,Smith,XXXXXXXXX,XXXXXXXXX,1,9361
9556,Ronald,Jackson,XXXXXXXXX,XXXXXXXXX,1,8468
9557,Mary,Figueroa,XXXXXXXXX,XXXXXXXXX,1,12977
9558,Jessica,Morton,XXXXXXXXX,XXXXXXXXX,1,7682
9559,Austin,Smith,XXXXXXXXX,XXXXXXXXX,1,15832
9560,Mary,Oneill,XXXXXXXXX,XXXXXXXXX,1,4858
9561,Robert,Smith,XXXXXXXXX,XXXXXXXXX,1,14671
9562,William,Jones,XXXXXXXXX,XXXXXXXXX,3,1583
9563,Pamela,Murphy,XXXXXXXXX,XXXXXXXXX,2,9369
9564,Mary,Griffith,XXXXXXXXX,XXXXXXXXX,1,11209
9565,Donald,Cantrell,XXXXXXXXX,XXXXXXXXX,2,8694
9566,Mary,Smith,XXXXXXXXX,XXXXXXXXX,2,14106
9567,Donna,Booker,XXXXXXXXX,XXXXXXXXX,1,9891
9568,Janice,Andersen,XXXXXXXXX,XXXXXXXXX,1,3105
9569,Mary,Smith,XXXXXXXXX,XXXXXXXXX,1,368
9570,William,Sampson,XXXXXXXXX,XXXXXXXXX,1,4308
9571,Lori,Smith,XXXXXXXXX,XXXXXXXXX,1,9915
9572,Mary,Nelson,XXXXXXXXX,XXXXXXXXX,1,1526
9573,Grace,Gould,XXXXXXXXX,XXXXXXXXX,2,5465
9574,Mary,Smith,XXXXXXXXX,XXXXXXXXX,1,4603
9575,John,Richards,XXXXXXXXX,XXXXXXXXX,1,5613
9576,Hannah,Pena,XXXXXXXXX,XXXXXXXXX,1,4921
9577,Mary,Macias,XXXXXXXXX,XXXXXXXXX,1,5336
9578,Robert,Smith,XXXXXXXXX,XXXXXXXXX,1,2861
9579,Beverly,White,XXXXXXXXX,XXXXXXXXX,1,4566
9580,Mary,Robbins,XXXXXXXXX,XXXXXXXXX,1,15132
9581,Deborah,Smith,XXXXXXXXX,XXXXXXXXX,1,11400
9582,Mary,Wyatt,XXXXXXXXX,XXXXXXXXX,2,11717
9583,Sarah,Smith,XXXXXXXXX,XXXXXXXXX,3,14362
9584,Maria,Rowe,XXXXXXXXX,XXXXXXXXX,1,15580
9585,Frances,Smith,XXXXXXXXX,XXXXXXXXX,1,14140
9586,Mary,Olson,XXXXXXXXX,XXXXXXXXX,1,767
9587,Robert,Hawkins,XXXXXXXXX,XXXXXXXXX,1,11377
9588,Kathryn,Smith,XXXXXXXXX,XXXXXXXXX,2,13802
9589,Jacqueline,Arroyo,XXXXXXXXX,XXXXXXXXX,1,10707
9590,Adam,Smith,XXXXXXXXX,XXXXXXXXX,1,16352
9591,Mary,Gonzalez,XXXXXXXXX,XXXXXXXXX,1,13631
9592,Jacqueline,Smith,XXXXXXXXX,XXXXXXXXX,1,15797
9593,Alexander,Camacho,XXXXXXXXX,XXXXXXXXX,1,13544
9594,Mary,Smith,XXXXXXXXX,XXXXXXXXX,3,12503
9595,Judy,Nixon,XXXXXXXXX,XXXXXXXXX,1,8100
9596,Mary,Smith,XXXXXXXXX,XXXXXXXXX,1,3873
9597,Lori,Perez,XXXXXXXXX,XXXXXXXXX,3,870
9598,Mary,Golden,XXXXXXXXX,XXXXXXXXX,3,13073
9599,Barbara,Smith,XXXXXXXXX,XXXXXXXXX,3,5027
9600,Nicholas,Sanders,XXXXXXXXX,XXXXXXXXX,1,2111
9601,Olivia,Reid,XXXXXXXXX,XXXXXXXXX,2,8238
9602,Crystal,Smith,XXXXXXXXX,XXXXXXXXX,3,7947
9603,Mary,Moore,XXXXXXXXX,XXXXXXXXX,1,2414
9604,Nathan,Kane,XXXXXXXXX,XXXXXXXXX,1,159
9605,Mary,Smith,XXXXXXXXX,XXXXXXXXX,2,12667
9606,Patricia,Cooper,XXXXXXXXX,XXXXXXXXX,1,2683
9607,Mary,Smith,XXXXXXXXX,XXXXXXXXX,3,16371
9608,Jack,Lewis,XXXXXXXXX,XXXXXXXXX,1,12393
9609,Mary,Lucero,XXXXXXXXX,XXXXXXXXX,1,1376
9610,Frances,Smith,XXXXXXXXX,XXXXXXXXX,2,12181
9611,Mary,Carrillo,XXXXXXXXX,XXXXXXXXX,2,15524
9612,Willie,Roberson,XXXXXXXXX,XXXXXXXXX,2,11054
9613,Mary,Smith,XXXXXXXXX,XXXXXXXXX,2,6031
9614,Patricia,Frazier,XXXXXXXXX,XXXXXXXXX,1,2727
9615,Charles,Smith,XXXXXXXXX,XXXXXXXXX,2,5669
9616,Matthew,Grant,XXXXXXXXX,XXXXXXXXX,2,7084
9617,Mary,Guerrero,XXXXXXXXX,XXXXXXXXX,1,10176
9618,Rose,Case,XXXXXXXXX,XXXXXXXXX,1,5493
9619,Mary,Smith,XXXXXXXXX,XXXXXXXXX,1,1755
9620,Juan,Martin,XXXXXXXXX,XXXXXXXXX,1,14600
9621,Mary,Vang,XXXXXXXXX,XXXXXXXXX,1,5405
9622,Roy,Smith,XXXXXXXXX,XXXXXXXXX,1,14915
9623,Mary,Davila,XXXXXXXXX,XXXXXXXXX,1,4558
9624,Ann,Smith,XXXXXXXXX,XXXXXXXXX,2,6372
9625,Mary,Jones,XXXXXXXXX,XXXXXXXXX,2,9812
9626,Dorothy,Frye,XXXXXXXXX,XXXXXXXXX,2,7226
9627,Mary,Smith,XXXXXXXXX,XXXXXXXXX,2,11894
9628,James,Young,XXXXXXXXX,XXXXXXXXX,1,16171
9629,Mark,Smith,XXXXXXXXX,XXXXXXXXX,1,8989
9630,Mary,Carrillo,XXXXXXXXX,XXXXXXXXX,1,16297
9631,Emily,Smith,XXXXXXXXX,XXXXXXXXX,3,10745
9632,Mary,Tate,XXXXXXXXX,XXXXXXXXX,2,15856
9633,Catherine,Smith,XXXXXXXXX,XXXXXXXXX,2,1484
9634,Mary,Weaver,XXXXXXXXX,XXXXXXXXX,2,2367
9635,Billy,Smith,XXXXXXXXX,XXXXXXXXX,2,5178
9636,Mary,Cruz,XXXXXXXXX,XXXXXXXXX,2,4870
9637,Nicole,Smith,XXXXXXXXX,XXXXXXXXX,2,8965
9639,Mary,Smith,XXXXXXXXX,XXXXXXXXX,3,10948
9640,Andrea,Leonard,XXXXXXXXX,XXXXXXXXX,1,9386
9641,Mary,Smith,XXXXXXXXX,XXXXXXXXX,1,6977
9642,Mary,Bowers,XXXXXXXXX,XXXXXXXXX,1,11090
9643,Olivia,Smith,XXXXXXXXX,XXXXXXXXX,1,7719
9644,Mary,Koch,XXXXXXXXX,XXXXXXXXX,1,11782
9645,Andrea,Smith,XXXXXXXXX,XXXXXXXXX,1,16505
9646,Mary,Roberts,XXXXXXXXX,XXXXXXXXX,1,2710
9647,Charles,Butler,XXXXXXXXX,XXXXXXXXX,3,8570
9648,Mary,Carrillo,XXXXXXXXX,XXXXXXXXX,3,5704
9649,Barbara,Smith,XXXXXXXXX,XXXXXXXXX,3,7963
9650,Mary,Douglas,XXXXXXXXX,XXXXXXXXX,1,4961
9651,Louis,Olsen,XXXXXXXXX,XXXXXXXXX,1,700
9652,Mary,Smith,XXXXXXXXX,XXXXXXXXX,1,2134
9653,Samuel,Thomas,XXXXXXXXX,XXXXXXXXX,1,1835
9654,Judy,Romero,XXXXXXXXX,XXXXXXXXX,2,7547
9655,Mary,Shepherd,XXXXXXXXX,XXXXXXXXX,2,8220
9656,Sarah,Smith,XXXXXXXXX,XXXXXXXXX,2,15133
9657,Roy,Williams,XXXXXXXXX,XXXXXXXXX,2,15445
9658,Mary,Jimenez,XXXXXXXXX,XXXXXXXXX,2,8775
9659,Paul,Smith,XXXXXXXXX,XXXXXXXXX,2,7865
9660,Mary,Freeman,XXXXXXXXX,XXXXXXXXX,2,15294
9661,John,Snyder,XXXXXXXXX,XXXXXXXXX,2,12396
9662,Diane,Smith,XXXXXXXXX,XXXXXXXXX,1,3297
9663,Mary,Williams,XXXXXXXXX,XXXXXXXXX,1,9092
9664,Jordan,Gay,XXXXXXXXX,XXXXXXXXX,1,7832
9665,Shawn,Smith,XXXXXXXXX,XXXXXXXXX,1,1570
9666,Mary,Collins,XXXXXXXXX,XXXXXXXXX,1,12750
9667,Eric,Perry,XXXXXXXXX,XXXXXXXXX,1,8642
9668,Stephen,Beasley,XXXXXXXXX,XXXXXXXXX,3,14571
9669,Samantha,Smith,XXXXXXXXX,XXXXXXXXX,1,11078
9670,Mary,Crane,XXXXXXXXX,XXXXXXXXX,3,2786
9671,Jennifer,Smith,XXXXXXXXX,XXXXXXXXX,1,1390
9672,Carl,Jones,XXXXXXXXX,XXXXXXXXX,2,146
9673,Mary,Blair,XXXXXXXXX,XXXXXXXXX,2,12362
9674,Sean,Smith,XXXXXXXXX,XXXXXXXXX,2,3102
9675,Mary,Richardson,XXXXXXXXX,XXXXXXXXX,1,6597
9676,Theresa,Smith,XXXXXXXXX,XXXXXXXXX,2,6040
9677,Mary,Brennan,XXXXXXXXX,XXXXXXXXX,3,3804
9678,Scott,Smith,XXXXXXXXX,XXXXXXXXX,2,6919
9679,Mary,Moreno,XXXXXXXXX,XXXXXXXXX,1,4854
9680,Robert,Smith,XXXXXXXXX,XXXXXXXXX,1,2592
9681,Mary,Sweeney,XXXXXXXXX,XXXXXXXXX,2,11929
9682,Johnny,Smith,XXXXXXXXX,XXXXXXXXX,2,13459
9683,Mary,Ray,XXXXXXXXX,XXXXXXXXX,2,797
9684,Wayne,Smith,XXXXXXXXX,XXXXXXXXX,2,12796
9685,Mary,Kennedy,XXXXXXXXX,XXXXXXXXX,2,10469
9686,Ruth,Kramer,XXXXXXXXX,XXXXXXXXX,1,12517
9687,Mary,Mccormick,XXXXXXXXX,XXXXXXXXX,1,14788
9688,Frances,Smith,XXXXXXXXX,XXXXXXXXX,2,8658
9689,Mary,Moore,XXXXXXXXX,XXXXXXXXX,2,5522
9690,Edward,Mccoy,XXXXXXXXX,XXXXXXXXX,2,11821
9691,Mary,Smith,XXXXXXXXX,XXXXXXXXX,1,3763
9692,Carolyn,Price,XXXXXXXXX,XXXXXXXXX,1,3344
9693,Mary,Cortez,XXXXXXXXX,XXXXXXXXX,1,1349
9694,Kimberly,Smith,XXXXXXXXX,XXXXXXXXX,3,10579
9695,Mary,Cruz,XXXXXXXXX,XXXXXXXXX,3,13134
9696,Mary,Smith,XXXXXXXXX,XXXXXXXXX,3,11998
9697,Stephen,Williams,XXXXXXXXX,XXXXXXXXX,1,7228
9698,Mary,Lee,XXXXXXXXX,XXXXXXXXX,1,436
9699,Timothy,Paul,XXXXXXXXX,XXXXXXXXX,1,1285
9700,Mary,Smith,XXXXXXXXX,XXXXXXXXX,1,4567
9701,Lisa,Allen,XXXXXXXXX,XXXXXXXXX,3,8922
9702,Katherine,Tyler,XXXXXXXXX,XXXXXXXXX,3,13579
9703,Jonathan,Smith,XXXXXXXXX,XXXXXXXXX,3,2740
9704,Mary,Mcneil,XXXXXXXXX,XXXXXXXXX,3,704
9705,Patricia,Smith,XXXXXXXXX,XXXXXXXXX,1,16305
9706,Donald,Gordon,XXXXXXXXX,XXXXXXXXX,3,3999
9707,Mary,Bradley,XXXXXXXXX,XXXXXXXXX,2,9201
9708,Cynthia,Smith,XXXXXXXXX,XXXXXXXXX,3,3626
9709,Mary,Sharp,XXXXXXXXX,XXXXXXXXX,3,13013
9710,James,Giles,XXXXXXXXX,XXXXXXXXX,3,6687
9711,Denise,Smith,XXXXXXXXX,XXXXXXXXX,3,2302
9712,Jesse,May,XXXXXXXXX,XXXXXXXXX,3,8410
9713,Mary,Smith,XXXXXXXXX,XXXXXXXXX,3,13139
9714,Patricia,Tate,XXXXXXXXX,XXXXXXXXX,3,12875
9715,Mary,Smith,XXXXXXXXX,XXXXXXXXX,3,14578
9716,Dorothy,Gonzalez,XXXXXXXXX,XXXXXXXXX,2,6282
9717,Rose,Smith,XXXXXXXXX,XXXXXXXXX,2,2343
9718,Mary,Clark,XXXXXXXXX,XXXXXXXXX,3,7162
9719,John,Smith,XXXXXXXXX,XXXXXXXXX,3,10255
9720,Julia,Berry,XXXXXXXXX,XXXXXXXXX,3,12912
9721,Mary,Smith,XXXXXXXXX,XXXXXXXXX,3,5424
9722,Carolyn,Anderson,XXXXXXXXX,XXXXXXXXX,2,6315
9723,Rose,White,XXXXXXXXX,XXXXXXXXX,2,756
9724,Mary,Black,XXXXXXXXX,XXXXXXXXX,1,4120
9725,Robert,Sloan,XXXXXXXXX,XXXXXXXXX,1,10471
9726,Steven,Smith,XXXXXXXXX,XXXXXXXXX,1,5701
9727,Mary,Cruz,XXXXXXXXX,XXXXXXXXX,3,10409
9728,Hannah,Boyle,XXXXXXXXX,XXXXXXXXX,3,9777
9729,Mary,Smith,XXXXXXXXX,XXXXXXXXX,3,1294
9730,Grace,Bean,XXXXXXXXX,XXXXXXXXX,3,3565
9731,Mary,Smith,XXXXXXXXX,XXXXXXXXX,3,10537
9732,Nancy,Jennings,XXXXXXXXX,XXXXXXXXX,3,11218
9733,Marie,Acosta,XXXXXXXXX,XXXXXXXXX,1,8404
9734,Mary,Valentine,XXXXXXXXX,XXXXXXXXX,2,6823
9735,Jack,Smith,XXXXXXXXX,XXXXXXXXX,2,1423
9736,Mary,Hamilton,XXXXXXXXX,XXXXXXXXX,1,11417
9737,Benjamin,Smith,XXXXXXXXX,XXXXXXXXX,1,1498
9738,Mary,Castillo,XXXXXXXXX,XXXXXXXXX,1,12824
9739,Sara,Rich,XXXXXXXXX,XXXXXXXXX,2,10963
9740,Mary,Smith,XXXXXXXXX,XXXXXXXXX,1,2416
9741,Judith,King,XXXXXXXXX,XXXXXXXXX,2,15744
9742,Mary,Frost,XXXXXXXXX,XXXXXXXXX,3,5933
9743,David,Smith,XXXXXXXXX,XXXXXXXXX,3,10910
9744,Donna,Huff,XXXXXXXXX,XXXXXXXXX,3,1319
9745,Michelle,Smith,XXXXXXXXX,XXXXXXXXX,3,965
9746,Mary,Brooks,XXXXXXXXX,XXXXXXXXX,1,12929
9747,Helen,Davidson,XXXXXXXXX,XXXXXXXXX,1,9222
9748,Mary,Smith,XXXXXXXXX,XXXXXXXXX,1,96
9749,Anthony,Mcguire,XXXXXXXXX,XXXXXXXXX,1,12035
9750,Mary,Smith,XXXXXXXXX,XXXXXXXXX,1,11633
9751,Brenda,Pollard,XXXXXXXXX,XXXXXXXXX,3,6482
9752,Mary,Smith,XXXXXXXXX,XXXXXXXXX,1,7130
9753,Jonathan,Johnson,XXXXXXXXX,XXXXXXXXX,1,7132
9754,Mary,Matthews,XXXXXXXXX,XXXXXXXXX,1,9600
9755,Ryan,Smith,XXXXXXXXX,XXXXXXXXX,2,14124
9756,Mary,White,XXXXXXXXX,XXXXXXXXX,2,10528
9757,Madison,Smith,XXXXXXXXX,XXXXXXXXX,2,15460
9758,Mary,Wilson,XXXXXXXXX,XXXXXXXXX,2,2811
9759,Catherine,Elliott,XXXXXXXXX,XXXXXXXXX,3,13500
9760,Mary,Wolf,XXXXXXXXX,XXXXXXXXX,1,12947
9761,Helen,Smith,XXXXXXXXX,XXXXXXXXX,1,14611
9762,Ronald,Johnson,XXXXXXXXX,XXXXXXXXX,1,6457
9763,Mary,Dean,XXXXXXXXX,XXXXXXXXX,2,11487
9764,John,Smith,XXXXXXXXX,XXXXXXXXX,1,4927
9765,Charles,Walker,XXXXXXXXX,XXXXXXXXX,2,3643
9766,Rachel,Bennett,XXXXXXXXX,XXXXXXXXX,1,39
9767,Mary,Clayton,XXXXXXXXX,XXXXXXXXX,1,311
9768,Edward,Smith,XXXXXXXXX,XXXXXXXXX,2,2645
9769,Mary,Stevenson,XXXXXXXXX,XXXXXXXXX,2,796
9770,Teresa,Smith,XXXXXXXXX,XXXXXXXXX,2,9685
9771,Mary,Alexander,XXXXXXXXX,XXXXXXXXX,1,14333
9772,Terry,Washington,XXXXXXXXX,XXXXXXXXX,3,10633
9773,Mary,Smith,XXXXXXXXX,XXXXXXXXX,2,16284
9774,Jennifer,Snyder,XXXXXXXXX,XXXXXXXXX,2,9213
9775,Katherine,Smith,XXXXXXXXX,XXXXXXXXX,1,4198
9776,Diane,Davis,XXXXXXXXX,XXXXXXXXX,1,2467
9777,Mary,Reynolds,XXXXXXXXX,XXXXXXXXX,1,4957
9778,Kathy,Maddox,XXXXXXXXX,XXXXXXXXX,3,4342
9779,Mary,Smith,XXXXXXXXX,XXXXXXXXX,3,227
9780,Henry,Carpenter,XXXXXXXXX,XXXXXXXXX,1,9091
9781,Mary,Smith,XXXXXXXXX,XXXXXXXXX,1,10196
9782,Christine,Frazier,XXXXXXXXX,XXXXXXXXX,1,3687
9783,Alexander,Dominguez,XXXXXXXXX,XXXXXXXXX,1,3225
9784,Mary,Smith,XXXXXXXXX,XXXXXXXXX,1,13243
9785,Barbara,Barnes,XXXXXXXXX,XXXXXXXXX,1,8078
9786,Mary,Harrison,XXXXXXXXX,XXXXXXXXX,1,7914
9787,Pamela,Mckinney,XXXXXXXXX,XXXXXXXXX,1,5904
9788,Mary,Smith,XXXXXXXXX,XXXXXXXXX,1,15713
9789,Daniel,Valdez,XXXXXXXXX,XXXXXXXXX,2,5101
9790,Gary,Everett,XXXXXXXXX,XXXXXXXXX,1,10154
9791,Mary,Smith,XXXXXXXXX,XXXXXXXXX,3,13077
9792,Judith,Bailey,XXXXXXXXX,XXXXXXXXX,3,6555
9793,Mary,Hunt,XXXXXXXXX,XXXXXXXXX,3,9347
9794,Jeffrey,Smith,XXXXXXXXX,XXXXXXXXX,3,14843
9795,Mary,Golden,XXXXXXXXX,XXXXXXXXX,3,12190
9796,Thomas,Smith,XXXXXXXXX,XXXXXXXXX,3,6093
9797,Sandra,Andrews,XXXXXXXXX,XXXXXXXXX,3,15192
9798,Brittany,French,XXXXXXXXX,XXXXXXXXX,3,2465
9799,Olivia,Smith,XXXXXXXXX,XXXXXXXXX,2,2553
9800,Mary,Berry,XXXXXXXXX,XXXXXXXXX,2,8325
9801,James,Smith,XXXXXXXXX,XXXXXXXXX,2,357
9802,Diane,Hayes,XXXXXXXXX,XXXXXXXXX,2,467
9803,Mary,Brady,XXXXXXXXX,XXXXXXXXX,1,13343
9804,Jennifer,Smith,XXXXXXXXX,XXXXXXXXX,1,8302
9805,Mary,Camacho,XXXXXXXXX,XXXXXXXXX,1,14169
9806,Robert,Smith,XXXXXXXXX,XXXXXXXXX,1,7784
9807,Mary,Lopez,XXXXXXXXX,XXXXXXXXX,1,9779
9808,Samantha,Goodwin,XXXXXXXXX,XXXXXXXXX,3,2223
9809,Mary,Smith,XXXXXXXXX,XXXXXXXXX,1,14283
9810,Kenneth,Mays,XXXXXXXXX,XXXXXXXXX,2,2797
9811,Deborah,Smith,XXXXXXXXX,XXXXXXXXX,2,15504
9812,Eric,Green,XXXXXXXXX,XXXXXXXXX,1,6663
9813,Mary,Roth,XXXXXXXXX,XXXXXXXXX,1,4625
9814,Daniel,Smith,XXXXXXXXX,XXXXXXXXX,1,9574
9815,Cheryl,Simmons,XXXXXXXXX,XXXXXXXXX,1,2014
9816,Terry,Smith,XXXXXXXXX,XXXXXXXXX,1,12892
9817,Sean,Hall,XXXXXXXXX,XXXXXXXXX,1,14387
9818,Mary,Avila,XXXXXXXXX,XXXXXXXXX,3,2672
9819,Crystal,Smith,XXXXXXXXX,XXXXXXXXX,1,7393
9820,Mary,Randolph,XXXXXXXXX,XXXXXXXXX,1,1507
9821,Deborah,Smith,XXXXXXXXX,XXXXXXXXX,1,7485
9822,Peter,Goodman,XXXXXXXXX,XXXXXXXXX,1,11440
9823,Mary,Camacho,XXXXXXXXX,XXXXXXXXX,1,7522
9824,David,Smith,XXXXXXXXX,XXXXXXXXX,1,9362
9825,Sandra,Johnson,XXXXXXXXX,XXXXXXXXX,1,10294
9826,Mary,Gonzalez,XXXXXXXXX,XXXXXXXXX,1,1479
9827,Amy,Good,XXXXXXXXX,XXXXXXXXX,2,15315
9828,Mary,Smith,XXXXXXXXX,XXXXXXXXX,2,6569
9829,Martha,Woodard,XXXXXXXXX,XXXXXXXXX,3,10962
9830,Mary,Frey,XXXXXXXXX,XXXXXXXXX,3,14688
9831,Daniel,Smith,XXXXXXXXX,XXXXXXXXX,3,2319
9832,Mary,Mcdonald,XXXXXXXXX,XXXXXXXXX,3,3880
9833,Jacob,Smith,XXXXXXXXX,XXXXXXXXX,1,99
9834,Mary,Thompson,XXXXXXXXX,XXXXXXXXX,1,11187
9835,Daniel,Gomez,XXXXXXXXX,XXXXXXXXX,1,3056
9836,Shirley,Sullivan,XXXXXXXXX,XXXXXXXXX,2,6882
9837,Marilyn,Short,XXXXXXXXX,XXXXXXXXX,2,1535
9838,Mary,Smith,XXXXXXXXX,XXXXXXXXX,2,3153
9839,Beverly,Doyle,XXXXXXXXX,XXXXXXXXX,2,14239
9840,Mary,Smith,XXXXXXXXX,XXXXXXXXX,3,5135
9841,Eugene,Rogers,XXXXXXXXX,XXXXXXXXX,1,15244
9842,Mary,Smith,XXXXXXXXX,XXXXXXXXX,1,6564
9843,Brandon,Ruiz,XXXXXXXXX,XXXXXXXXX,2,16516
9844,Peter,Smith,XXXXXXXXX,XXXXXXXXX,3,9041
9845,Mary,Moore,XXXXXXXXX,XXXXXXXXX,3,5702
9846,Michelle,Horn,XXXXXXXXX,XXXXXXXXX,1,489
9847,Mary,Smith,XXXXXXXXX,XXXXXXXXX,1,7164
9848,Patrick,Anderson,XXXXXXXXX,XXXXXXXXX,1,11597
9849,Mary,Smith,XXXXXXXXX,XXXXXXXXX,1,13276
9850,Victoria,Browning,XXXXXXXXX,XXXXXXXXX,1,7245
9851,Mary,Smith,XXXXXXXXX,XXXXXXXXX,1,6104
9852,William,Harris,XXXXXXXXX,XXXXXXXXX,1,11651
9853,Julia,Beck,XXXXXXXXX,XXXXXXXXX,3,15908
9854,Mary,Smith,XXXXXXXXX,XXXXXXXXX,3,14861
9855,Anthony,Wade,XXXXXXXXX,XXXXXXXXX,1,10167
9856,Andrea,Smith,XXXXXXXXX,XXXXXXXXX,1,3275
9857,Lawrence,Deleon,XXXXXXXXX,XXXXXXXXX,1,7083
9858,Mary,Smith,XXXXXXXXX,XXXXXXXXX,2,11983
9859,Ronald,Johnson,XXXXXXXXX,XXXXXXXXX,2,9786
9860,Mary,Mckenzie,XXXXXXXXX,XXXXXXXXX,1,9817
9861,Mildred,Smith,XXXXXXXXX,XXXXXXXXX,1,4310
9862,Mary,Decker,XXXXXXXXX,XXXXXXXXX,2,7767
9863,Teresa,Smith,XXXXXXXXX,XXXXXXXXX,2,14771
9864,Mary,Mullins,XXXXXXXXX,XXXXXXXXX,1,508
9865,William,Smith,XXXXXXXXX,XXXXXXXXX,2,518
9866,Willie,Ramos,XXXXXXXXX,XXXXXXXXX,1,14735
9867,Mary,Andrews,XXXXXXXXX,XXXXXXXXX,1,10237
9868,Mark,Cohen,XXXXXXXXX,XXXXXXXXX,3,5806
9869,Mary,Smith,XXXXXXXXX,XXXXXXXXX,3,5629
9870,Betty,Cortez,XXXXXXXXX,XXXXXXXXX,3,16261
9871,Jonathan,Smith,XXXXXXXXX,XXXXXXXXX,2,1909
9872,Mary,Aguilar,XXXXXXXXX,XXXXXXXXX,2,15736
9873,Theresa,Padilla,XXXXXXXXX,XXXXXXXXX,2,11528
9874,Mary,Gallagher,XXXXXXXXX,XXXXXXXXX,2,2824
9875,Christian,Calderon,XXXXXXXXX,XXXXXXXXX,2,3764
9876,Mary,Smith,XXXXXXXXX,XXXXXXXXX,3,3412
9877,Shawn,Moreno,XXXXXXXXX,XXXXXXXXX,3,6619
9878,Mary,Pena,XXXXXXXXX,XXXXXXXXX,3,4225
9879,Linda,Ibarra,XXXXXXXXX,XXXXXXXXX,3,1334
9880,Donna,Acevedo,XXXXXXXXX,XXXXXXXXX,3,1009
9881,Amber,Smith,XXXXXXXXX,XXXXXXXXX,2,7112
9882,Mary,Martinez,XXXXXXXXX,XXXXXXXXX,1,11237
9883,Michelle,Waters,XXXXXXXXX,XXXXXXXXX,2,7266
9884,Maria,Dorsey,XXXXXXXXX,XXXXXXXXX,2,530
9885,Jordan,Smith,XXXXXXXXX,XXXXXXXXX,1,8698
9886,Mary,Lee,XXXXXXXXX,XXXXXXXXX,1,11851
9887,Margaret,Valenzuela,XXXXXXXXX,XXXXXXXXX,3,15084
9888,Jacqueline,Smith,XXXXXXXXX,XXXXXXXXX,1,3038
9889,Mary,Lee,XXXXXXXXX,XXXXXXXXX,1,11529
9890,Christian,Luna,XXXXXXXXX,XXXXXXXXX,1,3345
9891,Mary,Smith,XXXXXXXXX,XXXXXXXXX,2,15614
9892,David,Norris,XXXXXXXXX,XXXXXXXXX,1,8612
9893,Janice,Smith,XXXXXXXXX,XXXXXXXXX,1,14320
9894,Mary,Fowler,XXXXXXXXX,XXXXXXXXX,1,6145
9895,Eugene,Smith,XXXXXXXXX,XXXXXXXXX,2,12259
9896,Mary,Norton,XXXXXXXXX,XXXXXXXXX,1,13385
9897,Marilyn,Smith,XXXXXXXXX,XXXXXXXXX,1,2723
9898,Mary,Moon,XXXXXXXXX,XXXXXXXXX,2,2756
9899,Eric,Smith,XXXXXXXXX,XXXXXXXXX,2,6451
9900,Carl,Palmer,XXXXXXXXX,XXXXXXXXX,2,4315
9901,Mary,Smith,XXXXXXXXX,XXXXXXXXX,2,11472
9902,James,Gilmore,XXXXXXXXX,XXXXXXXXX,2,14996
9903,Jessica,Smith,XXXXXXXXX,XXXXXXXXX,2,14117
9904,Nicholas,Gomez,XXXXXXXXX,XXXXXXXXX,2,3033
9905,Mary,Ramsey,XXXXXXXXX,XXXXXXXXX,1,4337
9906,Richard,Smith,XXXXXXXXX,XXXXXXXXX,1,5445
9907,Steven,Kaiser,XXXXXXXXX,XXXXXXXXX,1,13549
9908,Benjamin,Smith,XXXXXXXXX,XXXXXXXXX,1,6172
9909,Mary,Wong,XXXXXXXXX,XXXXXXXXX,2,16300
9910,Justin,Ortega,XXXXXXXXX,XXXXXXXXX,1,8269
9911,Mary,Smith,XXXXXXXXX,XXXXXXXXX,1,15378
9912,David,Phillips,XXXXXXXXX,XXXXXXXXX,2,9135
9913,Carol,Lambert,XXXXXXXXX,XXXXXXXXX,2,4384
9914,Jose,York,XXXXXXXXX,XXXXXXXXX,2,9129
9915,Mary,Pollard,XXXXXXXXX,XXXXXXXXX,2,2989
9916,Joshua,Smith,XXXXXXXXX,XXXXXXXXX,1,6675
9917,Kevin,Lawson,XXXXXXXXX,XXXXXXXXX,1,5451
9918,Alice,Smith,XXXXXXXXX,XXXXXXXXX,1,8567
9919,Mary,Daniel,XXXXXXXXX,XXXXXXXXX,1,2665
9920,Michelle,Travis,XXXXXXXXX,XXXXXXXXX,1,13384
9921,Katherine,Smith,XXXXXXXXX,XXXXXXXXX,2,12972
9922,Mary,Thomas,XXXXXXXXX,XXXXXXXXX,1,786
9923,David,Lawrence,XXXXXXXXX,XXXXXXXXX,1,5360
9924,Christine,Smith,XXXXXXXXX,XXXXXXXXX,1,7684
9925,Mary,Miller,XXXXXXXXX,XXXXXXXXX,1,5814
9926,Aaron,Bush,XXXXXXXXX,XXXXXXXXX,1,7056
9927,Mary,Mahoney,XXXXXXXXX,XXXXXXXXX,1,14681
9928,Mary,Smith,XXXXXXXXX,XXXXXXXXX,1,15269
9929,Charles,Owens,XXXXXXXXX,XXXXXXXXX,1,14812
9930,Nathan,Smith,XXXXXXXXX,XXXXXXXXX,2,4126
9931,Mary,Owens,XXXXXXXXX,XXXXXXXXX,2,3355
9932,Wayne,Smith,XXXXXXXXX,XXXXXXXXX,2,578
9933,Mary,Whitney,XXXXXXXXX,XXXXXXXXX,3,4208
9934,Kathleen,Smith,XXXXXXXXX,XXXXXXXXX,3,13578
9935,Mary,Garcia,XXXXXXXXX,XXXXXXXXX,2,3848
9936,Scott,Espinoza,XXXXXXXXX,XXXXXXXXX,2,16239
9937,Mary,Atkins,XXXXXXXXX,XXXXXXXXX,2,14319
9938,Patrick,Smith,XXXXXXXXX,XXXXXXXXX,2,4268
9939,Mary,Singleton,XXXXXXXXX,XXXXXXXXX,1,9410
9940,Aaron,Hanna,XXXXXXXXX,XXXXXXXXX,3,2527
9941,Mary,Smith,XXXXXXXXX,XXXXXXXXX,2,10286
9942,Lisa,Moore,XXXXXXXXX,XXXXXXXXX,1,11206
9943,Alan,Padilla,XXXXXXXXX,XXXXXXXXX,2,5985
9944,Mary,Smith,XXXXXXXXX,XXXXXXXXX,1,5248
9945,Mary,Cameron,XXXXXXXXX,XXXXXXXXX,3,15919
9946,Bryan,Kaufman,XXXXXXXXX,XXXXXXXXX,2,3194
9947,Mary,Smith,XXXXXXXXX,XXXXXXXXX,2,537
9948,Susan,Day,XXXXXXXXX,XXXXXXXXX,3,11817
9949,Ashley,Smith,XXXXXXXXX,XXXXXXXXX,3,10588
9950,Ralph,Pena,XXXXXXXXX,XXXXXXXXX,3,9372
9951,Mary,Cline,XXXXXXXXX,XXXXXXXXX,3,5244
9952,Jacqueline,Smith,XXXXXXXXX,XXXXXXXXX,3,6540
9953,Mary,Jenkins,XXXXXXXXX,XXXXXXXXX,1,15325
9954,Emily,Smith,XXXXXXXXX,XXXXXXXXX,1,1165
9955,Jeffrey,Lara,XXXXXXXXX,XXXXXXXXX,1,11787
9956,Mary,Smith,XXXXXXXXX,XXXXXXXXX,2,8904
9957,Charles,Bennett,XXXXXXXXX,XXXXXXXXX,1,184
9959,Jerry,Smith,XXXXXXXXX,XXXXXXXXX,3,14808
9960,Mary,Ryan,XXXXXXXXX,XXXXXXXXX,3,6906
9961,Ann,Mullins,XXXXXXXXX,XXXXXXXXX,3,11320
9962,Diana,Smith,XXXXXXXXX,XXXXXXXXX,1,891
9963,Roy,Merritt,XXXXXXXXX,XXXXXXXXX,1,4079
9964,Mary,Smith,XXXXXXXXX,XXXXXXXXX,1,10040
9965,Rose,Fernandez,XXXXXXXXX,XXXXXXXXX,1,3654
9966,Mary,Smith,XXXXXXXXX,XXXXXXXXX,2,2131
9967,Linda,Herman,XXXXXXXXX,XXXXXXXXX,2,8706
9968,Brandon,Smith,XXXXXXXXX,XXXXXXXXX,1,14544
9969,Mary,Wright,XXXXXXXXX,XXXXXXXXX,1,9787
9970,Frank,Pierce,XXXXXXXXX,XXXXXXXXX,2,15666
9971,Mary,Smith,XXXXXXXXX,XXXXXXXXX,2,4861
9972,William,Serrano,XXXXXXXXX,XXXXXXXXX,2,15617
9973,Amy,Hood,XXXXXXXXX,XXXXXXXXX,2,9963
9974,Olivia,Smith,XXXXXXXXX,XXXXXXXXX,3,6408
9975,Mary,Hansen,XXXXXXXXX,XXXXXXXXX,3,2647
9976,Jeffrey,Smith,XXXXXXXXX,XXXXXXXXX,2,4378
9977,Mary,Fletcher,XXXXXXXXX,XXXXXXXXX,2,14959
9978,Joyce,Barron,XXXXXXXXX,XXXXXXXXX,2,10871
9979,Mary,Smith,XXXXXXXXX,XXXXXXXXX,2,824
9980,David,Hayes,XXXXXXXXX,XXXXXXXXX,2,15916
9981,Mary,Maynard,XXXXXXXXX,XXXXXXXXX,2,9539
9982,Carol,Smith,XXXXXXXXX,XXXXXXXXX,3,4508
9983,Jason,Wright,XXXXXXXXX,XXXXXXXXX,3,14185
9984,Mary,Parker,XXXXXXXXX,XXXXXXXXX,1,12849
9985,Ronald,Hood,XXXXXXXXX,XXXXXXXXX,1,1768
9986,Rose,Smith,XXXXXXXXX,XXXXXXXXX,1,15679
9987,Mary,Jackson,XXXXXXXXX,XXXXXXXXX,1,13458
9988,Brenda,Simmons,XXXXXXXXX,XXXXXXXXX,1,3791
9989,Patrick,Parsons,XXXXXXXXX,XXXXXXXXX,1,4026
9990,Mary,Smith,XXXXXXXXX,XXXXXXXXX,1,4853
9991,Philip,Richardson,XXXXXXXXX,XXXXXXXXX,2,6293
9992,Mary,Smith,XXXXXXXXX,XXXXXXXXX,2,3090
9993,Mary,Scott,XXXXXXXXX,XXXXXXXXX,2,5803
9994,Adam,Collins,XXXXXXXXX,XXXXXXXXX,2,5158
9995,Billy,Smith,XXXXXXXXX,XXXXXXXXX,1,3461
9996,Mary,Garner,XXXXXXXXX,XXXXXXXXX,1,3832
9997,John,Fuentes,XXXXXXXXX,XXXXXXXXX,1,3924
9998,David,Conrad,XXXXXXXXX,XXXXXXXXX,1,6965
9999,Susan,Smith,XXXXXXXXX,XXXXXXXXX,3,7950
10000,Mary,Mcfarland,XXXXXXXXX,XXXXXXXXX,1,16487
10001,Nathan,Smith,XXXXXXXXX,XXXXXXXXX,2,10712
10002,Mary,Briggs,XXXXXXXXX,XXXXXXXXX,2,13407
10003,Robert,Kerr,XXXXXXXXX,XXXXXXXXX,1,7430
10004,Kimberly,Smith,XXXXXXXXX,XXXXXXXXX,2,10156
10005,Zachary,Day,XXXXXXXXX,XXXXXXXXX,1,12142
10006,Mary,Smith,XXXXXXXXX,XXXXXXXXX,2,13483
10007,Lori,Luna,XXXXXXXXX,XXXXXXXXX,3,7294
10008,Arthur,Garrison,XXXXXXXXX,XXXXXXXXX,2,2247
10009,Mary,Smith,XXXXXXXXX,XXXXXXXXX,2,13889
10010,Patrick,Diaz,XXXXXXXXX,XXXXXXXXX,2,776
10011,Mary,Gonzales,XXXXXXXXX,XXXXXXXXX,1,7831
10012,Robert,Montoya,XXXXXXXXX,XXXXXXXXX,1,4098
10013,Jessica,Smith,XXXXXXXXX,XXXXXXXXX,3,16203
10014,Janet,Williams,XXXXXXXXX,XXXXXXXXX,1,16397
10015,Hannah,Wolfe,XXXXXXXXX,XXXXXXXXX,1,13058
10016,Mary,Cooley,XXXXXXXXX,XXXXXXXXX,2,6654
10017,John,Smith,XXXXXXXXX,XXXXXXXXX,2,6686
10018,Gregory,Rodriguez,XXXXXXXXX,XXXXXXXXX,3,1221
10019,Victoria,Obrien,XXXXXXXXX,XXXXXXXXX,3,11189
10020,Mary,Wall,XXXXXXXXX,XXXXXXXXX,1,8190
10021,Donald,Davila,XXXXXXXXX,XXXXXXXXX,1,8054
10022,Alice,Smith,XXXXXXXXX,XXXXXXXXX,1,13844
10023,Victoria,Knight,XXXXXXXXX,XXXXXXXXX,1,15727
10024,Mary,Shelton,XXXXXXXXX,XXXXXXXXX,3,14929
10025,Alexander,Smith,XXXXXXXXX,XXXXXXXXX,1,993
10026,Mary,Wilson,XXXXXXXXX,XXXXXXXXX,2,2718
10027,Robert,Foley,XXXXXXXXX,XXXXXXXXX,1,8102
10028,Jose,Smith,XXXXXXXXX,XXXXXXXXX,2,14911
10029,Mary,Silva,XXXXXXXXX,XXXXXXXXX,1,512
10030,Lisa,Little,XXXXXXXXX,XXXXXXXXX,2,5703
10031,Crystal,Blake,XXXXXXXXX,XXXXXXXXX,1,10802
10032,Shawn,Smith,XXXXXXXXX,XXXXXXXXX,1,8633
10033,Mary,Gutierrez,XXXXXXXXX,XXXXXXXXX,1,2116
10034,Elizabeth,Smith,XXXXXXXXX,XXXXXXXXX,1,1532
10035,Jack,Griffith,XXXXXXXXX,XXXXXXXXX,1,7135
10036,Mary,Smith,XXXXXXXXX,XXXXXXXXX,1,4214
10037,Kenneth,Price,XXXXXXXXX,XXXXXXXXX,2,255
10038,Julie,Smith,XXXXXXXXX,XXXXXXXXX,2,11860
10039,Mary,Butler,XXXXXXXXX,XXXXXXXXX,1,12551
10040,Susan,Curry,XXXXXXXXX,XXXXXXXXX,1,5868
10041,Mary,Smith,XXXXXXXXX,XXXXXXXXX,3,13875
10042,Christopher,Hatfield,XXXXXXXXX,XXXXXXXXX,1,8871
10043,Mary,Smith,XXXXXXXXX,XXXXXXXXX,1,750
10044,Brenda,Hall,XXXXXXXXX,XXXXXXXXX,1,3492
10045,Sean,Bradley,XXXXXXXXX,XXXXXXXXX,3,16418
10046,Mary,Smith,XXXXXXXXX,XXXXXXXXX,2,13640
10047,Ruth,Parker,XXXXXXXXX,XXXXXXXXX,2,15895
10048,Mary,Cooke,XXXXXXXXX,XXXXXXXXX,3,1066
10049,Doris,Smith,XXXXXXXXX,XXXXXXXXX,3,10076
10050,Mary,Garcia,XXXXXXXXX,XXXXXXXXX,1,8237
10051,Kathryn,Smith,XXXXXXXXX,XXXXXXXXX,1,15076
10052,Mary,Aguilar,XXXXXXXXX,XXXXXXXXX,1,5277
10053,Rebecca,Smith,XXXXXXXXX,XXXXXXXXX,1,11249
10054,Zachary,Hunt,XXXXXXXXX,XXXXXXXXX,3,13716
10055,Mary,Mooney,XXXXXXXXX,XXXXXXXXX,3,5491
10056,Ruth,Smith,XXXXXXXXX,XXXXXXXXX,1,2135
10057,Mary,Steele,XXXXXXXXX,XXXXXXXXX,3,11719
10058,Elizabeth,Proctor,XXXXXXXXX,XXXXXXXXX,2,9694
10059,Julia,Smith,XXXXXXXXX,XXXXXXXXX,1,15937
10061,Christopher,Black,XXXXXXXXX,XXXXXXXXX,2,14659
10062,Judith,Smith,XXXXXXXXX,XXXXXXXXX,1,2578
10063,Julia,Lopez,XXXXXXXXX,XXXXXXXXX,1,1010
10064,Mary,Wood,XXXXXXXXX,XXXXXXXXX,2,11077
10065,Betty,Padilla,XXXXXXXXX,XXXXXXXXX,2,629
10066,Janice,Smith,XXXXXXXXX,XXXXXXXXX,1,9778
10067,Diana,Williams,XXXXXXXXX,XXXXXXXXX,3,15947
10068,Mary,Gates,XXXXXXXXX,XXXXXXXXX,2,6665
10069,George,Smith,XXXXXXXXX,XXXXXXXXX,1,7951
10070,Timothy,Ross,XXXXXXXXX,XXXXXXXXX,1,5881
10071,Mary,Lawrence,XXXXXXXXX,XXXXXXXXX,2,8997
10072,Richard,Smith,XXXXXXXXX,XXXXXXXXX,3,3145
10073,Megan,Lee,XXXXXXXXX,XXXXXXXXX,1,10619
10074,Diana,Chen,XXXXXXXXX,XXXXXXXXX,2,12082
10075,Tammy,Smith,XXXXXXXXX,XXXXXXXXX,3,2027
10076,Mary,Davis,XXXXXXXXX,XXXXXXXXX,1,5118
10077,Judith,Smith,XXXXXXXXX,XXXXXXXXX,2,12280
10078,Mary,Jones,XXXXXXXXX,XXXXXXXXX,1,8021
10079,Daniel,Suarez,XXXXXXXXX,XXXXXXXXX,1,8873
10080,Jane,Smith,XXXXXXXXX,XXXXXXXXX,2,3900
10081,Mary,Castillo,XXXXXXXXX,XXXXXXXXX,2,16420
10082,Anna,Smith,XXXXXXXXX,XXXXXXXXX,2,4572
10083,Mary,Cooper,XXXXXXXXX,XXXXXXXXX,1,1657
10084,Paul,Smith,XXXXXXXXX,XXXXXXXXX,1,14786
10085,Mary,Mccarthy,XXXXXXXXX,XXXXXXXXX,1,13577
10086,Jane,Smith,XXXXXXXXX,XXXXXXXXX,3,4302
10087,Mary,Myers,XXXXXXXXX,XXXXXXXXX,2,15402
10088,Emma,Osborne,XXXXXXXXX,XXXXXXXXX,2,8336
10089,Mary,Roach,XXXXXXXXX,XXXXXXXXX,2,9214
10090,Jessica,Smith,XXXXXXXXX,XXXXXXXXX,3,12654
10091,Brandon,Marsh,XXXXXXXXX,XXXXXXXXX,2,6935
10092,Mary,Smith,XXXXXXXXX,XXXXXXXXX,1,10426
10093,Michael,Lopez,XXXXXXXXX,XXXXXXXXX,1,15003
10094,Joseph,Friedman,XXXXXXXXX,XXXXXXXXX,1,3289
10095,Michelle,Smith,XXXXXXXXX,XXXXXXXXX,2,13891
10096,Laura,Case,XXXXXXXXX,XXXXXXXXX,2,11169
10097,Mary,Smith,XXXXXXXXX,XXXXXXXXX,2,12307
10098,Angela,Delacruz,XXXXXXXXX,XXXXXXXXX,3,8460
10099,Mary,Smith,XXXXXXXXX,XXXXXXXXX,1,15761
10100,Sean,Navarro,XXXXXXXXX,XXXXXXXXX,2,2452
10101,Mary,Lindsey,XXXXXXXXX,XXXXXXXXX,1,11391
10102,Matthew,Smith,XXXXXXXXX,XXXXXXXXX,1,13828
10103,Julie,Hernandez,XXXXXXXXX,XXXXXXXXX,2,6437
10104,Mary,Chen,XXXXXXXXX,XXXXXXXXX,2,14806
10105,Carl,Roman,XXXXXXXXX,XXXXXXXXX,2,12416
10106,Mary,Smith,XXXXXXXXX,XXXXXXXXX,1,12015
10107,Douglas,Pollard,XXXXXXXXX,XXXXXXXXX,1,4615
10108,Jose,Smith,XXXXXXXXX,XXXXXXXXX,3,2141
10109,Mary,Dodson,XXXXXXXXX,XXXXXXXXX,1,7834
10110,Beverly,Smith,XXXXXXXXX,XXXXXXXXX,3,2939
10111,Mary,Garcia,XXXXXXXXX,XXXXXXXXX,1,9153
10112,Barbara,Walker,XXXXXXXXX,XXXXXXXXX,1,10682
10113,Frances,Ward,XXXXXXXXX,XXXXXXXXX,1,3633
10114,Gregory,Smith,XXXXXXXXX,XXXXXXXXX,1,118
10115,Mary,Estrada,XXXXXXXXX,XXXXXXXXX,2,7851
10116,Ashley,Smith,XXXXXXXXX,XXXXXXXXX,1,4400
10117,Julie,Wilson,XXXXXXXXX,XXXXXXXXX,2,1025
10118,Mary,Reynolds,XXXXXXXXX,XXXXXXXXX,1,8121
10119,Sara,Parrish,XXXXXXXXX,XXXXXXXXX,1,5228
10120,Mary,Oneill,XXXXXXXXX,XXXXXXXXX,3,15631
10121,Tammy,Smith,XXXXXXXXX,XXXXXXXXX,3,10111
10122,Mary,Watson,XXXXXXXXX,XXXXXXXXX,1,13261
10123,Andrea,Harrison,XXXXXXXXX,XXXXXXXXX,3,10122
10124,Mary,Santos,XXXXXXXXX,XXXXXXXXX,3,1438
10125,Ethan,Smith,XXXXXXXXX,XXXXXXXXX,1,12121
10126,Mary,Lee,XXXXXXXXX,XXXXXXXXX,2,4651
10127,Mary,Warren,XXXXXXXXX,XXXXXXXXX,1,12864
10128,Amber,Smith,XXXXXXXXX,XXXXXXXXX,1,14500
10129,Mary,Kidd,XXXXXXXXX,XXXXXXXXX,1,11755
10130,Joseph,Smith,XXXXXXXXX,XXXXXXXXX,2,15165
10131,Charles,Bush,XXXXXXXXX,XXXXXXXXX,1,3375
10132,Helen,Moody,XXXXXXXXX,XXXXXXXXX,1,3142
10133,Alexander,Smith,XXXXXXXXX,XXXXXXXXX,3,3296
10134,Mary,Stuart,XXXXXXXXX,XXXXXXXXX,2,14466
10135,Edward,Smith,XXXXXXXXX,XXXXXXXXX,1,3831
10136,Cynthia,Becker,XXXXXXXXX,XXXXXXXXX,1,187
10137,Mary,Smith,XXXXXXXXX,XXXXXXXXX,2,7230
10138,Louis,Kennedy,XXXXXXXXX,XXXXXXXXX,2,14683
10139,Mary,Gould,XXXXXXXXX,XXXXXXXXX,1,10132
10140,Sharon,Smith,XXXXXXXXX,XXXXXXXXX,3,9176
10141,Mary,Jackson,XXXXXXXXX,XXXXXXXXX,3,1024
10142,Teresa,Smith,XXXXXXXXX,XXXXXXXXX,1,4496
10143,Mary,Mills,XXXXXXXXX,XXXXXXXXX,3,12011
10144,Doris,Smith,XXXXXXXXX,XXXXXXXXX,2,2256
10145,Mary,Lester,XXXXXXXXX,XXXXXXXXX,1,8711
10146,Andrew,Smith,XXXXXXXXX,XXXXXXXXX,1,11336
10147,Mary,Kelley,XXXXXXXXX,XXXXXXXXX,3,12775
10148,Robert,Huff,XXXXXXXXX,XXXXXXXXX,2,5094
10149,Linda,Smith,XXXXXXXXX,XXXXXXXXX,1,380
10150,Mary,Vasquez,XXXXXXXXX,XXXXXXXXX,1,5435
10151,Doris,Smith,XXXXXXXXX,XXXXXXXXX,2,3748
10152,Walter,Hughes,XXXXXXXXX,XXXXXXXXX,2,7948
10153,Mary,Smith,XXXXXXXXX,XXXXXXXXX,2,9558
10154,Madison,Diaz,XXXXXXXXX,XXXXXXXXX,3,15980
10155,Mary,French,XXXXXXXXX,XXXXXXXXX,2,5761
10156,Christine,Smith,XXXXXXXXX,XXXXXXXXX,2,370
10157,Mary,Todd,XXXXXXXXX,XXXXXXXXX,1,5561
10158,Robert,Mathews,XXXXXXXXX,XXXXXXXXX,1,3515
10159,Rebecca,Smith,XXXXXXXXX,XXXXXXXXX,1,4906
10160,Denise,Potter,XXXXXXXXX,XXXXXXXXX,1,7182
10161,Mary,Smith,XXXXXXXXX,XXXXXXXXX,2,2622
10162,Joseph,Livingston,XXXXXXXXX,XXXXXXXXX,1,6661
10163,Theresa,Smith,XXXXXXXXX,XXXXXXXXX,2,2161
10164,Mary,Parsons,XXXXXXXXX,XXXXXXXXX,2,1947
10165,Joan,Buckley,XXXXXXXXX,XXXXXXXXX,1,4021
10166,Aaron,Smith,XXXXXXXXX,XXXXXXXXX,3,13937
10167,Kathy,Little,XXXXXXXXX,XXXXXXXXX,1,11788
10168,Mary,Mcconnell,XXXXXXXXX,XXXXXXXXX,3,9578
10169,Brittany,Smith,XXXXXXXXX,XXXXXXXXX,3,2935
10170,Mary,Tyler,XXXXXXXXX,XXXXXXXXX,2,1404
10171,Kevin,Smith,XXXXXXXXX,XXXXXXXXX,1,15048
10172,Mary,Pugh,XXXXXXXXX,XXXXXXXXX,2,1604
10173,Kathleen,Smith,XXXXXXXXX,XXXXXXXXX,1,100
10174,Mary,Wright,XXXXXXXXX,XXXXXXXXX,2,2457
10175,Michael,Gibson,XXXXXXXXX,XXXXXXXXX,3,2251
10176,Katherine,Smith,XXXXXXXXX,XXXXXXXXX,1,8170
10177,Mary,Levine,XXXXXXXXX,XXXXXXXXX,1,10127
10178,Amy,Smith,XXXXXXXXX,XXXXXXXXX,1,808
10179,Samantha,Cruz,XXXXXXXXX,XXXXXXXXX,1,800
10180,Andrea,Ferguson,XXXXXXXXX,XXXXXXXXX,3,13786
10181,Mary,Smith,XXXXXXXXX,XXXXXXXXX,1,4475
10182,Andrew,Bennett,XXXXXXXXX,XXXXXXXXX,1,2262
10183,Mary,Smith,XXXXXXXXX,XXXXXXXXX,2,5681
10184,John,Walter,XXXXXXXXX,XXXXXXXXX,2,14828
10185,Austin,Buck,XXXXXXXXX,XXXXXXXXX,3,2118
10186,Mary,Smith,XXXXXXXXX,XXXXXXXXX,3,3735
10187,Victoria,Lane,XXXXXXXXX,XXXXXXXXX,2,3276
10188,Mary,Roach,XXXXXXXXX,XXXXXXXXX,1,14222
10189,Harry,Chung,XXXXXXXXX,XXXXXXXXX,2,9966
10190,Mary,Smith,XXXXXXXXX,XXXXXXXXX,3,5572
10191,Victoria,Gross,XXXXXXXXX,XXXXXXXXX,1,10453
10192,Kathryn,Smith,XXXXXXXXX,XXXXXXXXX,3,12847
10193,Mary,Hernandez,XXXXXXXXX,XXXXXXXXX,3,15624
10194,Bobby,Walker,XXXXXXXXX,XXXXXXXXX,1,5870
10195,Mary,Tran,XXXXXXXXX,XXXXXXXXX,1,5501
10196,Stephen,Smith,XXXXXXXXX,XXXXXXXXX,3,2230
10197,Judith,Camacho,XXXXXXXXX,XXXXXXXXX,3,2538
10198,Mary,Smith,XXXXXXXXX,XXXXXXXXX,1,10070
10199,Susan,Rhodes,XXXXXXXXX,XXXXXXXXX,2,5474
10200,Nicole,Smith,XXXXXXXXX,XXXXXXXXX,1,14724
10201,Debra,Campbell,XXXXXXXXX,XXXXXXXXX,2,7931
10202,Mary,Wagner,XXXXXXXXX,XXXXXXXXX,3,10518
10203,Anna,Smith,XXXXXXXXX,XXXXXXXXX,1,7573
10204,Sean,Matthews,XXXXXXXXX,XXXXXXXXX,2,2296
10205,Mary,Smith,XXXXXXXXX,XXXXXXXXX,2,11217
10206,Christopher,Bentley,XXXXXXXXX,XXXXXXXXX,1,15836
10207,Janet,Smith,XXXXXXXXX,XXXXXXXXX,2,4474
10208,Roger,Reeves,XXXXXXXXX,XXXXXXXXX,3,927
10209,Mary,Smith,XXXXXXXXX,XXXXXXXXX,3,688
10210,Patricia,Wilkins,XXXXXXXXX,XXXXXXXXX,3,10425
10211,Jeffrey,Smith,XXXXXXXXX,XXXXXXXXX,2,5189
10212,Mary,Wright,XXXXXXXXX,XXXXXXXXX,1,8144
10213,Justin,Huff,XXXXXXXXX,XXXXXXXXX,1,9589
10214,Raymond,Smith,XXXXXXXXX,XXXXXXXXX,1,8599
10215,Lauren,Brown,XXXXXXXXX,XXXXXXXXX,1,12674
10216,Mary,Schneider,XXXXXXXXX,XXXXXXXXX,2,3583
10217,Rose,Smith,XXXXXXXXX,XXXXXXXXX,3,15546
10218,Mary,Romero,XXXXXXXXX,XXXXXXXXX,2,15571
10219,Nicholas,Smith,XXXXXXXXX,XXXXXXXXX,2,4417
10220,Gerald,Mason,XXXXXXXXX,XXXXXXXXX,1,13221
10221,Mary,Smith,XXXXXXXXX,XXXXXXXXX,3,9985
10222,Mark,Reyes,XXXXXXXXX,XXXXXXXXX,1,1932
10223,Mary,Wagner,XXXXXXXXX,XXXXXXXXX,1,1705
10224,Betty,Lawson,XXXXXXXXX,XXXXXXXXX,1,6602
10225,Diane,English,XXXXXXXXX,XXXXXXXXX,1,8327
10226,Mary,Smith,XXXXXXXXX,XXXXXXXXX,2,2976
10227,Mary,Henderson,XXXXXXXXX,XXXXXXXXX,2,7069
10228,Mark,Rios,XXXXXXXXX,XXXXXXXXX,1,8680
10229,Madison,Smith,XXXXXXXXX,XXXXXXXXX,1,3014
10230,Mary,Perry,XXXXXXXXX,XXXXXXXXX,3,324
10231,Michael,Reeves,XXXXXXXXX,XXXXXXXXX,1,10120
10232,Kenneth,Smith,XXXXXXXXX,XXXXXXXXX,2,7536
10233,Mary,Bennett,XXXXXXXXX,XXXXXXXXX,2,10026
10234,William,Herrera,XXXXXXXXX,XXXXXXXXX,1,5487
10235,Joseph,Singh,XXXXXXXXX,XXXXXXXXX,2,492
10236,Christopher,Smith,XXXXXXXXX,XXXXXXXXX,2,1920
10237,Margaret,Davis,XXXXXXXXX,XXXXXXXXX,1,13491
10239,Doris,Smith,XXXXXXXXX,XXXXXXXXX,1,6116
10240,Mary,Pitts,XXXXXXXXX,XXXXXXXXX,1,9293
10241,Patricia,Kidd,XXXXXXXXX,XXXXXXXXX,1,13079
10242,Mary,Smith,XXXXXXXXX,XXXXXXXXX,2,2593
10243,Donna,Anderson,XXXXXXXXX,XXXXXXXXX,1,15567
10244,Emily,Campbell,XXXXXXXXX,XXXXXXXXX,1,13833
10245,Mary,Mclaughlin,XXXXXXXXX,XXXXXXXXX,2,14480
10246,Barbara,Cameron,XXXXXXXXX,XXXXXXXXX,2,13141
10247,Mary,Smith,XXXXXXXXX,XXXXXXXXX,1,6508
10248,Charles,Davis,XXXXXXXXX,XXXXXXXXX,1,4994
10249,Jennifer,Mendez,XXXXXXXXX,XXXXXXXXX,2,15101
10250,Martha,Smith,XXXXXXXXX,XXXXXXXXX,1,11046
10251,Mary,Nguyen,XXXXXXXXX,XXXXXXXXX,1,7240
10252,Carolyn,Weaver,XXXXXXXXX,XXXXXXXXX,2,13943
10253,Kyle,Smith,XXXXXXXXX,XXXXXXXXX,1,55
10254,Mary,Austin,XXXXXXXXX,XXXXXXXXX,2,7846
10255,Shirley,Smith,XXXXXXXXX,XXXXXXXXX,2,6695
10256,Mary,Little,XXXXXXXXX,XXXXXXXXX,3,14689
10257,Michael,Smith,XXXXXXXXX,XXXXXXXXX,1,6499
10258,Joyce,Gonzalez,XXXXXXXXX,XXXXXXXXX,2,16115
10259,Mary,Valenzuela,XXXXXXXXX,XXXXXXXXX,3,12827
10260,Betty,Smith,XXXXXXXXX,XXXXXXXXX,2,8714
10261,Bobby,Bell,XXXXXXXXX,XXXXXXXXX,1,6596
10262,Mary,Smith,XXXXXXXXX,XXXXXXXXX,3,8371
10263,Katherine,Bailey,XXXXXXXXX,XXXXXXXXX,1,4440
10264,Keith,Smith,XXXXXXXXX,XXXXXXXXX,1,10909
10265,Mary,Ramirez,XXXXXXXXX,XXXXXXXXX,2,11895
10266,Scott,Randolph,XXXXXXXXX,XXXXXXXXX,2,3972
10267,Mary,Smith,XXXXXXXXX,XXXXXXXXX,2,9495
10268,Amy,Washington,XXXXXXXXX,XXXXXXXXX,1,14221
10269,Mary,Flowers,XXXXXXXXX,XXXXXXXXX,1,13484
10270,Brenda,Smith,XXXXXXXXX,XXXXXXXXX,2,2638
10271,Mary,Moore,XXXXXXXXX,XXXXXXXXX,2,10095
10272,Jonathan,Molina,XXXXXXXXX,XXXXXXXXX,1,3876
10273,Mary,Smith,XXXXXXXXX,XXXXXXXXX,1,9568
10274,Scott,Bray,XXXXXXXXX,XXXXXXXXX,2,1665
10275,Kelly,Smith,XXXXXXXXX,XXXXXXXXX,2,2548
10276,Mary,Gutierrez,XXXXXXXXX,XXXXXXXXX,3,5
10277,Ann,Smith,XXXXXXXXX,XXXXXXXXX,1,14583
10278,Mary,Farrell,XXXXXXXXX,XXXXXXXXX,1,4379
10279,David,Smith,XXXXXXXXX,XXXXXXXXX,1,7519
10280,Nicholas,Knapp,XXXXXXXXX,XXXXXXXXX,2,1080
10281,Lauren,Smith,XXXXXXXXX,XXXXXXXXX,1,3262
10282,Mary,Roberts,XXXXXXXXX,XXXXXXXXX,1,15971
10283,Brian,Myers,XXXXXXXXX,XXXXXXXXX,2,10696
10284,Mary,Stafford,XXXXXXXXX,XXXXXXXXX,1,91
10285,Jason,Smith,XXXXXXXXX,XXXXXXXXX,2,12910
10286,Wayne,Curtis,XXXXXXXXX,XXXXXXXXX,3,11480
10287,Mary,Hensley,XXXXXXXXX,XXXXXXXXX,2,15809
10288,Mark,Smith,XXXXXXXXX,XXXXXXXXX,1,9421
10289,Virginia,Ford,XXXXXXXXX,XXXXXXXXX,3,2284
10290,Jacob,Hinton,XXXXXXXXX,XXXXXXXXX,2,6280
10291,Ann,Smith,XXXXXXXXX,XXXXXXXXX,2,15168
10292,Mary,Williams,XXXXXXXXX,XXXXXXXXX,2,9509
10293,Aaron,Jordan,XXXXXXXXX,XXXXXXXXX,1,1857
10294,Mary,Smith,XXXXXXXXX,XXXXXXXXX,1,15498
10295,Benjamin,Garcia,XXXXXXXXX,XXXXXXXXX,3,11750
10296,Mary,Ramos,XXXXXXXXX,XXXXXXXXX,2,1
10297,Karen,Smith,XXXXXXXXX,XXXXXXXXX,1,2168
10298,Albert,Thompson,XXXXXXXXX,XXXXXXXXX,3,16154
10299,Mary,Blake,XXXXXXXXX,XXXXXXXXX,1,198
10300,Daniel,Glover,XXXXXXXXX,XXXXXXXXX,3,3135
10301,Jeremy,Smith,XXXXXXXXX,XXXXXXXXX,1,11145
10302,Mary,Adams,XXXXXXXXX,XXXXXXXXX,3,2686
10303,Shawn,Smith,XXXXXXXXX,XXXXXXXXX,2,7656
10304,Mary,Watson,XXXXXXXXX,XXXXXXXXX,2,15195
10305,Catherine,Hudson,XXXXXXXXX,XXXXXXXXX,3,9511
10306,Mary,Smith,XXXXXXXXX,XXXXXXXXX,1,4363
10307,Bobby,Miller,XXXXXXXXX,XXXXXXXXX,1,10035
10308,Mary,Smith,XXXXXXXXX,XXXXXXXXX,1,1178
10309,Robert,Vasquez,XXXXXXXXX,XXXXXXXXX,3,11550
10310,Virginia,Le,XXXXXXXXX,XXXXXXXXX,1,12100
10311,Joyce,Smith,XXXXXXXXX,XXXXXXXXX,1,13850
10312,Evelyn,Lowe,XXXXXXXXX,XXXXXXXXX,1,8436
10313,Mary,Ball,XXXXXXXXX,XXXXXXXXX,2,1810
10314,Andrew,Gates,XXXXXXXXX,XXXXXXXXX,1,10135
10315,Mary,Smith,XXXXXXXXX,XXXXXXXXX,1,5635
10316,Martha,Phelps,XXXXXXXXX,XXXXXXXXX,1,10698
10317,Mary,Smith,XXXXXXXXX,XXXXXXXXX,1,2640
10318,Joan,Garcia,XXXXXXXXX,XXXXXXXXX,2,1272
10319,Mary,Johnston,XXXXXXXXX,XXXXXXXXX,2,8152
10320,David,Smith,XXXXXXXXX,XXXXXXXXX,1,182
10321,Shirley,Miller,XXXXXXXXX,XXXXXXXXX,1,11478
10322,Mary,Harrison,XXXXXXXXX,XXXXXXXXX,1,8900
10323,Eric,Jensen,XXXXXXXXX,XXXXXXXXX,1,15888
10324,Mary,Smith,XXXXXXXXX,XXXXXXXXX,2,12109
10325,Patricia,Duncan,XXXXXXXXX,XXXXXXXXX,3,14744
10326,Joshua,Smith,XXXXXXXXX,XXXXXXXXX,1,15773
10327,Laura,Sparks,XXXXXXXXX,XXXXXXXXX,1,2475
10328,Mary,Smith,XXXXXXXXX,XXXXXXXXX,1,8449
10329,Shawn,Forbes,XXXXXXXXX,XXXXXXXXX,1,3010
10331,Megan,Collier,XXXXXXXXX,XXXXXXXXX,2,15205
10332,Mary,Smith,XXXXXXXXX,XXXXXXXXX,1,12737
10333,Mary,Dennis,XXXXXXXXX,XXXXXXXXX,1,10470
10334,Gary,Smith,XXXXXXXXX,XXXXXXXXX,1,10972
10335,Heather,Santiago,XXXXXXXXX,XXXXXXXXX,1,4444
10336,Mary,Glenn,XXXXXXXXX,XXXXXXXXX,3,1607
10337,Edward,Smith,XXXXXXXXX,XXXXXXXXX,2,3837
10338,Mary,Padilla,XXXXXXXXX,XXXXXXXXX,1,14457
10339,Steven,Smith,XXXXXXXXX,XXXXXXXXX,2,7220
10340,Nicholas,Stevens,XXXXXXXXX,XXXXXXXXX,1,1368
10341,Mary,Carrillo,XXXXXXXXX,XXXXXXXXX,3,11741
10342,William,Olsen,XXXXXXXXX,XXXXXXXXX,3,1776
10343,Melissa,Humphrey,XXXXXXXXX,XXXXXXXXX,1,951
10344,Mary,Smith,XXXXXXXXX,XXXXXXXXX,1,3349
10345,Elizabeth,Mcpherson,XXXXXXXXX,XXXXXXXXX,2,5541
10346,Shawn,Smith,XXXXXXXXX,XXXXXXXXX,3,7303
10347,Mary,Kelly,XXXXXXXXX,XXXXXXXXX,3,9725
10348,Alice,Barnes,XXXXXXXXX,XXXXXXXXX,3,13010
10349,Mary,Colon,XXXXXXXXX,XXXXXXXXX,1,15201
10350,James,Smith,XXXXXXXXX,XXXXXXXXX,1,11551
10351,Teresa,Gray,XXXXXXXXX,XXXXXXXXX,3,13028
10352,Mary,Smith,XXXXXXXXX,XXXXXXXXX,1,10695
10353,Harold,Taylor,XXXXXXXXX,XXXXXXXXX,1,13840
10354,Mary,Patel,XXXXXXXXX,XXXXXXXXX,2,12166
10355,Dennis,Smith,XXXXXXXXX,XXXXXXXXX,1,12323
10356,Mary,Ho,XXXXXXXXX,XXXXXXXXX,2,12926
10357,Elizabeth,Smith,XXXXXXXXX,XXXXXXXXX,1,6657
10358,Larry,Alvarez,XXXXXXXXX,XXXXXXXXX,3,693
10359,Sean,Castro,XXXXXXXXX,XXXXXXXXX,1,10529
10360,Mary,Carlson,XXXXXXXXX,XXXXXXXXX,2,6625
10361,Barbara,Smith,XXXXXXXXX,XXXXXXXXX,2,6286
10362,Mary,Graves,XXXXXXXXX,XXXXXXXXX,2,6976
10363,Charles,Zimmerman,XXXXXXXXX,XXXXXXXXX,2,10847
10364,Mary,Simon,XXXXXXXXX,XXXXXXXXX,1,12980
10365,Amy,Smith,XXXXXXXXX,XXXXXXXXX,2,3782
10366,Samantha,Landry,XXXXXXXXX,XXXXXXXXX,3,9316
10367,Mary,Smith,XXXXXXXXX,XXXXXXXXX,1,4712
10368,Matthew,Key,XXXXXXXXX,XXXXXXXXX,3,4881
10369,Terry,Smith,XXXXXXXXX,XXXXXXXXX,3,9023
10370,Mary,Mcintosh,XXXXXXXXX,XXXXXXXXX,3,579
10371,Joseph,Smith,XXXXXXXXX,XXXXXXXXX,1,14967
10372,Amber,Martin,XXXXXXXXX,XXXXXXXXX,3,10285
10373,Mary,Morrison,XXXXXXXXX,XXXXXXXXX,3,8641
10374,Barbara,Smith,XXXXXXXXX,XXXXXXXXX,2,13821
10375,Joan,James,XXXXXXXXX,XXXXXXXXX,1,2954
10376,Mary,Davidson,XXXXXXXXX,XXXXXXXXX,1,1581
10377,Anna,Smith,XXXXXXXXX,XXXXXXXXX,2,173
10378,Mary,Bradley,XXXXXXXXX,XXXXXXXXX,1,16197
10379,Robert,Burnett,XXXXXXXXX,XXXXXXXXX,1,8167
10380,Mary,Smith,XXXXXXXXX,XXXXXXXXX,1,8517
10381,Tyler,Martinez,XXXXXXXXX,XXXXXXXXX,1,7879
10382,Mary,Romero,XXXXXXXXX,XXXXXXXXX,1,9981
10383,Martha,Smith,XXXXXXXXX,XXXXXXXXX,1,12094
10384,Mary,Wiley,XXXXXXXXX,XXXXXXXXX,3,13425
10385,Jeffrey,Smith,XXXXXXXXX,XXXXXXXXX,1,8112
10386,Theresa,Burns,XXXXXXXXX,XXXXXXXXX,1,1362
10387,Mary,Wheeler,XXXXXXXXX,XXXXXXXXX,2,12888
10388,William,Smith,XXXXXXXXX,XXXXXXXXX,1,3097
10389,Daniel,Jackson,XXXXXXXXX,XXXXXXXXX,3,5512
10390,Anthony,Stevenson,XXXXXXXXX,XXXXXXXXX,1,5592
10391,Mary,Smith,XXXXXXXXX,XXXXXXXXX,1,12624
10392,Robert,Rodriguez,XXXXXXXXX,XXXXXXXXX,2,13725
10393,Barbara,Hogan,XXXXXXXXX,XXXXXXXXX,1,14655
10394,Mary,Smith,XXXXXXXXX,XXXXXXXXX,2,7147
10395,Mary,Lewis,XXXXXXXXX,XXXXXXXXX,1,2522
10396,Steven,Wood,XXXXXXXXX,XXXXXXXXX,1,14462
10397,Henry,Kelley,XXXXXXXXX,XXXXXXXXX,1,15385
10398,Mary,Pierce,XXXXXXXXX,XXXXXXXXX,1,7287
10399,Kevin,Smith,XXXXXXXXX,XXXXXXXXX,2,6044
10400,Carl,Warner,XXXXXXXXX,XXXXXXXXX,2,1770
10401,Mary,Smith,XXXXXXXXX,XXXXXXXXX,1,8031
10402,Lori,Mendoza,XXXXXXXXX,XXXXXXXXX,1,1483
10403,Mary,Noble,XXXXXXXXX,XXXXXXXXX,1,883
10404,Tyler,Smith,XXXXXXXXX,XXXXXXXXX,1,10197
10405,Mary,Durham,XXXXXXXXX,XXXXXXXXX,1,8079
10406,Michael,Smith,XXXXXXXXX,XXXXXXXXX,3,13102
10407,William,Clay,XXXXXXXXX,XXXXXXXXX,2,13764
10408,Sandra,Smith,XXXXXXXXX,XXXXXXXXX,1,14227
10409,Alan,Avila,XXXXXXXXX,XXXXXXXXX,2,12511
10410,Randy,Smith,XXXXXXXXX,XXXXXXXXX,1,10444
10411,Mary,Mcdonald,XXXXXXXXX,XXXXXXXXX,2,14604
10412,Jean,Hartman,XXXXXXXXX,XXXXXXXXX,1,9043
10413,Mary,Smith,XXXXXXXXX,XXXXXXXXX,1,15627
10414,William,Cunningham,XXXXXXXXX,XXXXXXXXX,1,2492
10415,Melissa,Griffith,XXXXXXXXX,XXXXXXXXX,1,9772
10416,Mary,Goodwin,XXXXXXXXX,XXXXXXXXX,1,2733
10417,Kyle,Smith,XXXXXXXXX,XXXXXXXXX,1,4806
10418,Mary,Arroyo,XXXXXXXXX,XXXXXXXXX,1,13529
10419,Jerry,Smith,XXXXXXXXX,XXXXXXXXX,1,6886
10420,Mary,Petty,XXXXXXXXX,XXXXXXXXX,3,8451
10421,Rebecca,Smith,XXXXXXXXX,XXXXXXXXX,2,4090
10422,Mary,Howell,XXXXXXXXX,XXXXXXXXX,1,8124
10423,Mary,Rios,XXXXXXXXX,XXXXXXXXX,1,5429
10424,Beverly,Smith,XXXXXXXXX,XXXXXXXXX,1,15668
10425,Mary,Brooks,XXXXXXXXX,XXXXXXXXX,1,163
10426,Patrick,Flynn,XXXXXXXXX,XXXXXXXXX,1,11036
10427,Mary,Smith,XXXXXXXXX,XXXXXXXXX,2,11975
10428,Tammy,Chavez,XXXXXXXXX,XXXXXXXXX,1,3922
10429,Mary,Weaver,XXXXXXXXX,XXXXXXXXX,1,9125
10430,Katherine,Silva,XXXXXXXXX,XXXXXXXXX,2,13296
10431,Mary,Smith,XXXXXXXXX,XXXXXXXXX,1,15151
10432,Mary,White,XXXXXXXXX,XXXXXXXXX,1,5004
10433,Elizabeth,Ball,XXXXXXXXX,XXXXXXXXX,1,1489
10434,Ann,Smith,XXXXXXXXX,XXXXXXXXX,1,5812
10435,Mary,Jackson,XXXXXXXXX,XXXXXXXXX,3,7733
10436,Eric,King,XXXXXXXXX,XXXXXXXXX,1,2829
10437,Mary,Graham,XXXXXXXXX,XXXXXXXXX,2,4459
10438,Barbara,Johnston,XXXXXXXXX,XXXXXXXXX,2,14270
10440,Mary,Sellers,XXXXXXXXX,XXXXXXXXX,2,6070
10441,Jesse,Smith,XXXXXXXXX,XXXXXXXXX,1,16431
10442,Mary,Hall,XXXXXXXXX,XXXXXXXXX,1,7852
10443,Eric,Smith,XXXXXXXXX,XXXXXXXXX,1,4249
10444,Gregory,Lopez,XXXXXXXXX,XXXXXXXXX,3,11490
10445,Mary,Reed,XXXXXXXXX,XXXXXXXXX,1,3451
10446,Christina,Krause,XXXXXXXXX,XXXXXXXXX,3,14436
10447,Mary,Smith,XXXXXXXXX,XXXXXXXXX,2,8367
10448,Nancy,Gilbert,XXXXXXXXX,XXXXXXXXX,1,10407
10449,Mary,Smith,XXXXXXXXX,XXXXXXXXX,1,8120
10450,Margaret,Smith,XXXXXXXXX,XXXXXXXXX,1,7059
10451,Anthony,Soto,XXXXXXXXX,XXXXXXXXX,3,15333
10452,Mary,Smith,XXXXXXXXX,XXXXXXXXX,1,9969
10453,Elizabeth,Brewer,XXXXXXXXX,XXXXXXXXX,3,14268
10454,Anthony,Leblanc,XXXXXXXXX,XXXXXXXXX,3,7148
10455,Kenneth,Oconnell,XXXXXXXXX,XXXXXXXXX,1,7973
10456,Mary,Smith,XXXXXXXXX,XXXXXXXXX,2,12081
10457,Elizabeth,Watkins,XXXXXXXXX,XXXXXXXXX,2,7636
10458,Mary,Estrada,XXXXXXXXX,XXXXXXXXX,1,12002
10459,Jason,Smith,XXXXXXXXX,XXXXXXXXX,1,460
10460,Mary,Morrison,XXXXXXXXX,XXXXXXXXX,2,6610
10461,Jessica,Weber,XXXXXXXXX,XXXXXXXXX,1,464
10462,Carolyn,Smith,XXXXXXXXX,XXXXXXXXX,1,48
10463,Mary,Graham,XXXXXXXXX,XXXXXXXXX,2,5726
10464,Emily,Smith,XXXXXXXXX,XXXXXXXXX,1,8945
10465,Cynthia,Spence,XXXXXXXXX,XXXXXXXXX,3,12965
10466,Mary,Smith,XXXXXXXXX,XXXXXXXXX,1,3377
10467,Janet,Sandoval,XXXXXXXXX,XXXXXXXXX,2,2937
10468,Mary,Smith,XXXXXXXXX,XXXXXXXXX,1,13698
10469,Melissa,Jackson,XXXXXXXXX,XXXXXXXXX,1,12895
10470,Crystal,Molina,XXXXXXXXX,XXXXXXXXX,2,4368
10471,Mary,Smith,XXXXXXXXX,XXXXXXXXX,2,5312
10472,Margaret,Cook,XXXXXXXXX,XXXXXXXXX,2,11175
10473,Betty,Hartman,XXXXXXXXX,XXXXXXXXX,1,7647
10474,Benjamin,Case,XXXXXXXXX,XXXXXXXXX,1,536
10475,Mary,Smith,XXXXXXXXX,XXXXXXXXX,1,2524
10477,Mary,Holder,XXXXXXXXX,XXXXXXXXX,1,12300
10478,Aaron,Smith,XXXXXXXXX,XXXXXXXXX,1,4851
10479,Mary,Gaines,XXXXXXXXX,XXXXXXXXX,1,15318
10480,Robert,Smith,XXXXXXXXX,XXXXXXXXX,3,12749
10481,Nicole,Baker,XXXXXXXXX,XXXXXXXXX,1,5682
10482,Mary,Rivera,XXXXXXXXX,XXXXXXXXX,1,7524
10483,Barbara,Foster,XXXXXXXXX,XXXXXXXXX,2,941
10484,Gregory,Carroll,XXXXXXXXX,XXXXXXXXX,2,7907
10485,Mary,Smith,XXXXXXXXX,XXXXXXXXX,3,15554
10486,Ronald,Ballard,XXXXXXXXX,XXXXXXXXX,1,8002
10487,Juan,Moyer,XXXXXXXXX,XXXXXXXXX,1,14882
10488,Mary,Bonilla,XXXXXXXXX,XXXXXXXXX,1,7709
10489,Jeffrey,Smith,XXXXXXXXX,XXXXXXXXX,2,15098
10490,Brenda,Ramirez,XXXXXXXXX,XXXXXXXXX,2,7232
10491,Nicole,James,XXXXXXXXX,XXXXXXXXX,2,4485
10492,Mary,Smith,XXXXXXXXX,XXXXXXXXX,3,14098
10493,Frances,Taylor,XXXXXXXXX,XXXXXXXXX,3,3481
10494,Mary,Hernandez,XXXXXXXXX,XXXXXXXXX,1,5540
10495,Janet,Gentry,XXXXXXXXX,XXXXXXXXX,1,15823
10496,Mary,Smith,XXXXXXXXX,XXXXXXXXX,3,12357
10497,Justin,Pena,XXXXXXXXX,XXXXXXXXX,1,12785
10498,Mary,Smith,XXXXXXXXX,XXXXXXXXX,1,5850
10499,Theresa,Little,XXXXXXXXX,XXXXXXXXX,2,1696
10500,Mary,Smith,XXXXXXXXX,XXXXXXXXX,1,1501
10501,Jennifer,Richardson,XXXXXXXXX,XXXXXXXXX,1,10318
10502,Gloria,Joyce,XXXXXXXXX,XXXXXXXXX,1,15154
10503,Janice,Smith,XXXXXXXXX,XXXXXXXXX,1,1933
10504,Mary,Hill,XXXXXXXXX,XXXXXXXXX,3,9330
10505,Eugene,Wu,XXXXXXXXX,XXXXXXXXX,1,14669
10506,Mary,Smith,XXXXXXXXX,XXXXXXXXX,1,16129
10507,Nancy,Martin,XXXXXXXXX,XXXXXXXXX,3,3528
10508,Angela,Meadows,XXXXXXXXX,XXXXXXXXX,2,13857
10509,Mary,Smith,XXXXXXXXX,XXXXXXXXX,1,8013
10510,Kevin,Knapp,XXXXXXXXX,XXXXXXXXX,2,13909
10511,Katherine,Smith,XXXXXXXXX,XXXXXXXXX,2,9601
10512,Mary,Brown,XXXXXXXXX,XXXXXXXXX,2,6844
10513,Sandra,Garcia,XXXXXXXXX,XXXXXXXXX,3,6684
10514,Mary,Page,XXXXXXXXX,XXXXXXXXX,1,386
10515,David,Smith,XXXXXXXXX,XXXXXXXXX,3,1156
10516,Donald,Lyons,XXXXXXXXX,XXXXXXXXX,1,11723
10517,Mary,Smith,XXXXXXXXX,XXXXXXXXX,1,4051
10518,Jesse,Dawson,XXXXXXXXX,XXXXXXXXX,2,15309
10519,Mary,Smith,XXXXXXXXX,XXXXXXXXX,1,5730
10520,Jeremy,Williams,XXXXXXXXX,XXXXXXXXX,3,5810
10521,Mary,Wood,XXXXXXXXX,XXXXXXXXX,2,15331
10522,Andrew,Smith,XXXXXXXXX,XXXXXXXXX,1,7254
10523,Mary,Rose,XXXXXXXXX,XXXXXXXXX,1,6449
10524,Sharon,Smith,XXXXXXXXX,XXXXXXXXX,2,1752
10525,Mary,Lopez,XXXXXXXXX,XXXXXXXXX,2,16356
10526,Margaret,Juarez,XXXXXXXXX,XXXXXXXXX,2,8202
10527,Billy,Sparks,XXXXXXXXX,XXXXXXXXX,2,10410
10528,Mary,Smith,XXXXXXXXX,XXXXXXXXX,3,13461
10529,Barbara,Nixon,XXXXXXXXX,XXXXXXXXX,1,11458
10530,Mary,Smith,XXXXXXXXX,XXXXXXXXX,1,88
10531,Jennifer,Palmer,XXXXXXXXX,XXXXXXXXX,3,12440
10532,Mary,Conner,XXXXXXXXX,XXXXXXXXX,1,14371
10533,Michael,Smith,XXXXXXXXX,XXXXXXXXX,3,14995
10534,Mary,Brooks,XXXXXXXXX,XXXXXXXXX,1,5314
10536,Michelle,Massey,XXXXXXXXX,XXXXXXXXX,3,7466
10538,Evelyn,Gomez,XXXXXXXXX,XXXXXXXXX,1,9866
10539,Mary,Copeland,XXXXXXXXX,XXXXXXXXX,1,10851
10540,Virginia,Zuniga,XXXXXXXXX,XXXXXXXXX,2,16063
10541,Howard,Smith,XXXXXXXXX,XXXXXXXXX,2,6582
10542,Mary,Tyler,XXXXXXXXX,XXXXXXXXX,1,11724
10543,Jonathan,Smith,XXXXXXXXX,XXXXXXXXX,3,14665
10544,Mary,Holland,XXXXXXXXX,XXXXXXXXX,3,3071
10545,Kenneth,Smith,XXXXXXXXX,XXXXXXXXX,1,4519
10546,Mary,Taylor,XXXXXXXXX,XXXXXXXXX,2,3983
10547,Amy,Ruiz,XXXXXXXXX,XXXXXXXXX,1,89
10548,Mary,Guerrero,XXXXXXXXX,XXXXXXXXX,1,646
10549,Mary,Atkinson,XXXXXXXXX,XXXXXXXXX,1,14350
10550,Elizabeth,Smith,XXXXXXXXX,XXXXXXXXX,2,5190
10551,Jacqueline,Williams,XXXXXXXXX,XXXXXXXXX,1,2713
10552,Mary,Finley,XXXXXXXXX,XXXXXXXXX,1,6539
10553,Michael,Shea,XXXXXXXXX,XXXXXXXXX,1,14565
10554,Justin,Smith,XXXXXXXXX,XXXXXXXXX,1,10312
10555,Mary,Howell,XXXXXXXXX,XXXXXXXXX,2,852
10556,Mary,Smith,XXXXXXXXX,XXXXXXXXX,1,13251
10557,Rebecca,Contreras,XXXXXXXXX,XXXXXXXXX,2,10999
10558,Christine,Smith,XXXXXXXXX,XXXXXXXXX,2,15917
10559,Mary,Jones,XXXXXXXXX,XXXXXXXXX,3,14730
10560,Diana,Owens,XXXXXXXXX,XXXXXXXXX,1,12893
10561,Mary,Smith,XXXXXXXXX,XXXXXXXXX,2,11451
10562,Bruce,Hester,XXXXXXXXX,XXXXXXXXX,1,8757
10563,Mary,Smith,XXXXXXXXX,XXXXXXXXX,1,13109
10564,Ralph,Oliver,XXXXXXXXX,XXXXXXXXX,1,6143
10565,Mary,Velasquez,XXXXXXXXX,XXXXXXXXX,1,9277
10566,John,Mckee,XXXXXXXXX,XXXXXXXXX,2,8298
10567,Diana,Smith,XXXXXXXXX,XXXXXXXXX,1,6029
10568,Terry,Wilson,XXXXXXXXX,XXXXXXXXX,2,13983
10569,Mary,Smith,XXXXXXXXX,XXXXXXXXX,2,14807
10570,William,Moore,XXXXXXXXX,XXXXXXXXX,3,8569
10571,Sharon,Ingram,XXXXXXXXX,XXXXXXXXX,1,7550
10572,Mary,Smith,XXXXXXXXX,XXXXXXXXX,1,10862
10573,Roger,Jackson,XXXXXXXXX,XXXXXXXXX,1,7014
10574,Phillip,Gonzalez,XXXXXXXXX,XXXXXXXXX,2,6075
10575,Mary,Vargas,XXXXXXXXX,XXXXXXXXX,1,10982
10576,Richard,Smith,XXXXXXXXX,XXXXXXXXX,2,14073
10577,Jennifer,Fuentes,XXXXXXXXX,XXXXXXXXX,1,8763
10578,Karen,Smith,XXXXXXXXX,XXXXXXXXX,1,1703
10579,Mary,Bishop,XXXXXXXXX,XXXXXXXXX,2,14280
10580,Andrew,Smith,XXXXXXXXX,XXXXXXXXX,3,9905
10581,Timothy,Snyder,XXXXXXXXX,XXXXXXXXX,1,10106
10582,Mary,Ryan,XXXXXXXXX,XXXXXXXXX,1,11727
10583,Ryan,Gay,XXXXXXXXX,XXXXXXXXX,2,11495
10584,Mary,Smith,XXXXXXXXX,XXXXXXXXX,1,13785
10585,Michael,Keller,XXXXXXXXX,XXXXXXXXX,1,2129
10586,Anna,Burgess,XXXXXXXXX,XXXXXXXXX,2,10913
10587,Mary,Smith,XXXXXXXXX,XXXXXXXXX,1,16250
10588,Jessica,Newton,XXXXXXXXX,XXXXXXXXX,3,16036
10589,Mary,Smith,XXXXXXXXX,XXXXXXXXX,1,12332
10590,James,Camacho,XXXXXXXXX,XXXXXXXXX,2,14704
10591,Deborah,Humphrey,XXXXXXXXX,XXXXXXXXX,2,788
10592,Ethan,Smith,XXXXXXXXX,XXXXXXXXX,1,3473
10593,Mary,Phillips,XXXXXXXXX,XXXXXXXXX,2,7868
10594,Pamela,Escobar,XXXXXXXXX,XXXXXXXXX,2,8053
10595,Mary,Smith,XXXXXXXXX,XXXXXXXXX,3,5880
10596,David,Moss,XXXXXXXXX,XXXXXXXXX,1,13852
10597,Elizabeth,Raymond,XXXXXXXXX,XXXXXXXXX,2,10105
10598,Jason,Smith,XXXXXXXXX,XXXXXXXXX,1,4852
10599,Mary,Jordan,XXXXXXXXX,XXXXXXXXX,3,13080
10600,David,Calderon,XXXXXXXXX,XXXXXXXXX,1,15352
10601,Patrick,Mayo,XXXXXXXXX,XXXXXXXXX,1,10767
10602,Mary,Smith,XXXXXXXXX,XXXXXXXXX,2,6200
10603,Mary,Hendricks,XXXXXXXXX,XXXXXXXXX,1,13108
10604,Jennifer,Smith,XXXXXXXXX,XXXXXXXXX,3,3464
10605,Elizabeth,Stewart,XXXXXXXXX,XXXXXXXXX,1,13154
10606,Mary,Smith,XXXXXXXXX,XXXXXXXXX,3,11195
10607,Matthew,Romero,XXXXXXXXX,XXXXXXXXX,1,9788
10608,Ralph,Kidd,XXXXXXXXX,XXXXXXXXX,2,8979
10609,Mary,Smith,XXXXXXXXX,XXXXXXXXX,2,8484
10610,Nancy,Bryant,XXXXXXXXX,XXXXXXXXX,2,337
10611,Laura,Mcgee,XXXXXXXXX,XXXXXXXXX,1,6183
10612,Anna,Smith,XXXXXXXXX,XXXXXXXXX,2,10045
10613,Mary,Haynes,XXXXXXXXX,XXXXXXXXX,2,9086
10614,James,Smith,XXXXXXXXX,XXXXXXXXX,1,1716
10615,Angela,Howard,XXXXXXXXX,XXXXXXXXX,2,8753
10616,Mary,Little,XXXXXXXXX,XXXXXXXXX,2,14377
10617,Ruth,Smith,XXXXXXXXX,XXXXXXXXX,3,10920
10618,Mary,Ortega,XXXXXXXXX,XXXXXXXXX,2,419
10619,Shirley,Smith,XXXXXXXXX,XXXXXXXXX,2,8459
10620,Mary,Smith,XXXXXXXXX,XXXXXXXXX,2,5409
10621,Kevin,Wright,XXXXXXXXX,XXXXXXXXX,1,15946
10622,Mary,Hoover,XXXXXXXXX,XXXXXXXXX,1,8347
10623,Joshua,Mckenzie,XXXXXXXXX,XXXXXXXXX,2,30
10624,Mary,Smith,XXXXXXXXX,XXXXXXXXX,1,5049
10625,Mark,Davis,XXXXXXXXX,XXXXXXXXX,1,12648
10626,Emma,Anderson,XXXXXXXXX,XXXXXXXXX,3,5402
10627,Jerry,Smith,XXXXXXXXX,XXXXXXXXX,3,4251
10628,Mary,Aguilar,XXXXXXXXX,XXXXXXXXX,3,642
10629,Robert,Smith,XXXXXXXXX,XXXXXXXXX,1,2650
10630,Karen,Burke,XXXXXXXXX,XXXXXXXXX,1,8568
10631,Frances,Smith,XXXXXXXXX,XXXXXXXXX,2,10880
10632,Mary,Williams,XXXXXXXXX,XXXXXXXXX,1,7359
10633,Joyce,Garcia,XXXXXXXXX,XXXXXXXXX,3,12337
10634,Mary,King,XXXXXXXXX,XXXXXXXXX,2,11820
10635,Donna,Torres,XXXXXXXXX,XXXXXXXXX,1,7392
10636,Mary,Harvey,XXXXXXXXX,XXXXXXXXX,1,4068
10637,Matthew,Smith,XXXXXXXXX,XXXXXXXXX,1,13839
10638,Laura,Young,XXXXXXXXX,XXXXXXXXX,3,12271
10639,Mary,Farley,XXXXXXXXX,XXXXXXXXX,1,14465
10641,Mary,Hodges,XXXXXXXXX,XXXXXXXXX,1,5593
10642,James,Smith,XXXXXXXXX,XXXXXXXXX,1,10565
10643,Katherine,Delgado,XXXXXXXXX,XXXXXXXXX,2,12567
10644,Larry,Smith,XXXXXXXXX,XXXXXXXXX,3,8174
10645,Julie,Mays,XXXXXXXXX,XXXXXXXXX,1,12691
10646,Mary,Smith,XXXXXXXXX,XXXXXXXXX,1,3732
10647,Amy,Johnson,XXXXXXXXX,XXXXXXXXX,1,2046
10648,Mary,Smith,XXXXXXXXX,XXXXXXXXX,2,9069
10649,Helen,Gonzalez,XXXXXXXXX,XXXXXXXXX,2,8204
10650,Donna,Carter,XXXXXXXXX,XXXXXXXXX,2,3622
10651,Anna,George,XXXXXXXXX,XXXXXXXXX,2,3884
10652,Tammy,Smith,XXXXXXXXX,XXXXXXXXX,1,77
10653,Mary,Smith,XXXXXXXXX,XXXXXXXXX,2,5947
10654,Jacob,Lee,XXXXXXXXX,XXXXXXXXX,1,10203
10655,Larry,Bass,XXXXXXXXX,XXXXXXXXX,3,1689
10656,Mary,Smith,XXXXXXXXX,XXXXXXXXX,3,13606
10657,Bryan,Jackson,XXXXXXXXX,XXXXXXXXX,1,7532
10658,Mary,Smith,XXXXXXXXX,XXXXXXXXX,3,5353
10659,Barbara,Beck,XXXXXXXXX,XXXXXXXXX,1,7046
10660,Zachary,Smith,XXXXXXXXX,XXXXXXXXX,1,7477
10661,Mary,Cunningham,XXXXXXXXX,XXXXXXXXX,2,682
10662,Karen,Smith,XXXXXXXXX,XXXXXXXXX,3,11546
10663,Nathan,Rodriguez,XXXXXXXXX,XXXXXXXXX,1,15700
10664,Mary,Bush,XXXXXXXXX,XXXXXXXXX,2,6447
10665,Sean,Smith,XXXXXXXXX,XXXXXXXXX,1,16100
10666,Mary,Thomas,XXXXXXXXX,XXXXXXXXX,2,14857
10667,Walter,Prince,XXXXXXXXX,XXXXXXXXX,2,16207
10668,Mary,Smith,XXXXXXXXX,XXXXXXXXX,1,7704
10669,Michael,Cowan,XXXXXXXXX,XXXXXXXXX,3,12200
10670,Mary,Smith,XXXXXXXXX,XXXXXXXXX,1,9995
10671,Timothy,Moses,XXXXXXXXX,XXXXXXXXX,2,1916
10672,Mary,Smith,XXXXXXXXX,XXXXXXXXX,1,940
10673,William,Garcia,XXXXXXXXX,XXXXXXXXX,2,4904
10674,George,Morton,XXXXXXXXX,XXXXXXXXX,3,7820
10675,Brenda,Smith,XXXXXXXXX,XXXXXXXXX,1,9449
10676,Madison,Jackson,XXXXXXXXX,XXXXXXXXX,2,8055
10677,Mary,Smith,XXXXXXXXX,XXXXXXXXX,1,15424
10678,Martha,Prince,XXXXXXXXX,XXXXXXXXX,2,4237
10679,Mary,Smith,XXXXXXXXX,XXXXXXXXX,3,4157
10681,Mary,Hatfield,XXXXXXXXX,XXXXXXXXX,1,57
10682,Phillip,Smith,XXXXXXXXX,XXXXXXXXX,1,9498
10683,Mary,Henry,XXXXXXXXX,XXXXXXXXX,3,4920
10684,John,Smith,XXXXXXXXX,XXXXXXXXX,3,528
10685,Amy,Walker,XXXXXXXXX,XXXXXXXXX,1,10942
10686,Mary,Contreras,XXXXXXXXX,XXXXXXXXX,3,1751
10687,George,Weeks,XXXXXXXXX,XXXXXXXXX,2,16517
10688,Pamela,Rivers,XXXXXXXXX,XXXXXXXXX,1,4058
10689,Mary,Smith,XXXXXXXXX,XXXXXXXXX,2,10432
10690,Michael,Gonzalez,XXXXXXXXX,XXXXXXXXX,1,3005
10691,Charles,Lester,XXXXXXXXX,XXXXXXXXX,1,13739
10692,Sharon,Smith,XXXXXXXXX,XXXXXXXXX,2,13219
10693,Andrea,Sparks,XXXXXXXXX,XXXXXXXXX,2,5505
10694,Mary,Dunlap,XXXXXXXXX,XXXXXXXXX,1,826
10695,Andrew,Smith,XXXXXXXXX,XXXXXXXXX,3,13585
10696,Mary,Taylor,XXXXXXXXX,XXXXXXXXX,2,13114
10697,Jennifer,Delacruz,XXXXXXXXX,XXXXXXXXX,1,4034
10698,Bobby,Smith,XXXXXXXXX,XXXXXXXXX,1,516
10699,Mary,Lee,XXXXXXXXX,XXXXXXXXX,1,11678
10700,John,Price,XXXXXXXXX,XXXXXXXXX,1,1228
10701,Amanda,Smith,XXXXXXXXX,XXXXXXXXX,1,6220
10702,Mary,Andrews,XXXXXXXXX,XXXXXXXXX,1,9776
10703,Richard,Dickson,XXXXXXXXX,XXXXXXXXX,1,15351
10704,Judith,Smith,XXXXXXXXX,XXXXXXXXX,3,8520
10705,Mary,Potter,XXXXXXXXX,XXXXXXXXX,2,14378
10706,Joshua,Smith,XXXXXXXXX,XXXXXXXXX,1,4855
10707,Mary,Hansen,XXXXXXXXX,XXXXXXXXX,2,2201
10708,Diana,Smith,XXXXXXXXX,XXXXXXXXX,1,11850
10709,Mary,Ritter,XXXXXXXXX,XXXXXXXXX,1,15485
10710,Rebecca,Smith,XXXXXXXXX,XXXXXXXXX,3,11390
10711,Cynthia,Campbell,XXXXXXXXX,XXXXXXXXX,2,80
10712,Ann,Rose,XXXXXXXXX,XXXXXXXXX,1,13099
10713,Mary,Prince,XXXXXXXXX,XXXXXXXXX,1,1978
10714,Samuel,Smith,XXXXXXXXX,XXXXXXXXX,1,14907
10715,Mary,Brewer,XXXXXXXXX,XXXXXXXXX,2,3567
10716,John,Hubbard,XXXXXXXXX,XXXXXXXXX,1,3792
10717,Kelly,Smith,XXXXXXXXX,XXXXXXXXX,3,5343
10718,Mary,Lambert,XXXXXXXXX,XXXXXXXXX,3,15767
10719,Andrew,Smith,XXXXXXXXX,XXXXXXXXX,2,12021
10720,Judith,Gibbs,XXXXXXXXX,XXXXXXXXX,1,2636
10721,Mary,Smith,XXXXXXXXX,XXXXXXXXX,1,11508
10722,Donna,Newton,XXXXXXXXX,XXXXXXXXX,1,10134
10723,Theresa,Smith,XXXXXXXXX,XXXXXXXXX,1,10747
10724,Mary,Delgado,XXXXXXXXX,XXXXXXXXX,2,15548
10725,Martha,Smith,XXXXXXXXX,XXXXXXXXX,3,5759
10726,Mary,Rojas,XXXXXXXXX,XXXXXXXXX,3,7618
10727,Paul,Stephenson,XXXXXXXXX,XXXXXXXXX,1,2478
10728,Gloria,Smith,XXXXXXXXX,XXXXXXXXX,1,7657
10729,Mary,Phillips,XXXXXXXXX,XXXXXXXXX,1,2084
10730,Rachel,Blackburn,XXXXXXXXX,XXXXXXXXX,1,2351
10731,Mary,Smith,XXXXXXXXX,XXXXXXXXX,1,10580
10732,Melissa,Robertson,XXXXXXXXX,XXXXXXXXX,3,15355
10733,Mary,Smith,XXXXXXXXX,XXXXXXXXX,3,4329
10734,Emily,Jones,XXXXXXXXX,XXXXXXXXX,2,9715
10735,Albert,Valdez,XXXXXXXXX,XXXXXXXXX,2,9304
10736,Mary,Smith,XXXXXXXXX,XXXXXXXXX,2,15437
10737,Michael,Lee,XXXXXXXXX,XXXXXXXXX,3,14032
10738,Joshua,Smith,XXXXXXXXX,XXXXXXXXX,1,389
10739,Doris,Nguyen,XXXXXXXXX,XXXXXXXXX,1,6014
10740,Mary,Garner,XXXXXXXXX,XXXXXXXXX,1,10152
10741,Gary,Stuart,XXXXXXXXX,XXXXXXXXX,1,4057
10742,Mary,Smith,XXXXXXXXX,XXXXXXXXX,3,10499
10743,John,Hale,XXXXXXXXX,XXXXXXXXX,1,10629
10744,Samantha,Smith,XXXXXXXXX,XXXXXXXXX,1,7774
10745,Mary,Shaffer,XXXXXXXXX,XXXXXXXXX,1,16150
10746,Laura,Smith,XXXXXXXXX,XXXXXXXXX,2,4873
10747,Mary,Bates,XXXXXXXXX,XXXXXXXXX,3,7057
10748,Mark,Smith,XXXXXXXXX,XXXXXXXXX,1,10447
10749,Mary,Huff,XXXXXXXXX,XXXXXXXXX,1,6495
10750,Jessica,Smith,XXXXXXXXX,XXXXXXXXX,2,9299
10751,Amber,Peterson,XXXXXXXXX,XXXXXXXXX,1,2257
10752,Mary,Smith,XXXXXXXXX,XXXXXXXXX,1,5869
10753,Gregory,Mitchell,XXXXXXXXX,XXXXXXXXX,1,13106
10754,Mary,Ewing,XXXXXXXXX,XXXXXXXXX,1,13430
10756,Mary,Carlson,XXXXXXXXX,XXXXXXXXX,1,11686
10757,James,Pacheco,XXXXXXXXX,XXXXXXXXX,1,2203
10758,Steven,Hardin,XXXXXXXXX,XXXXXXXXX,3,12989
10759,Douglas,Smith,XXXXXXXXX,XXXXXXXXX,3,9005
10760,Mary,Lang,XXXXXXXXX,XXXXXXXXX,1,104
10761,David,Smith,XXXXXXXXX,XXXXXXXXX,1,3472
10762,Stephanie,Vasquez,XXXXXXXXX,XXXXXXXXX,1,6840
10763,Angela,Smith,XXXXXXXXX,XXXXXXXXX,1,10411
10764,Janet,Mccoy,XXXXXXXXX,XXXXXXXXX,2,7195
10765,Mary,Byrd,XXXXXXXXX,XXXXXXXXX,1,13678
10766,Rose,Roman,XXXXXXXXX,XXXXXXXXX,2,11606
10767,Mary,Mata,XXXXXXXXX,XXXXXXXXX,1,1622
10768,Lawrence,Smith,XXXXXXXXX,XXXXXXXXX,2,9814
10769,Mary,Edwards,XXXXXXXXX,XXXXXXXXX,1,14438
10770,Anna,Smith,XXXXXXXXX,XXXXXXXXX,1,9546
10771,Aaron,Smith,XXXXXXXXX,XXXXXXXXX,1,3620
10772,Mary,Mack,XXXXXXXXX,XXXXXXXXX,1,3781
10773,Christopher,Smith,XXXXXXXXX,XXXXXXXXX,2,8022
10774,Kenneth,Perez,XXXXXXXXX,XXXXXXXXX,3,9838
10775,Mary,Woodard,XXXXXXXXX,XXXXXXXXX,1,15879
10776,Amy,Compton,XXXXXXXXX,XXXXXXXXX,1,15474
10777,Martha,Smith,XXXXXXXXX,XXXXXXXXX,2,15766
10778,Mary,Mercado,XXXXXXXXX,XXXXXXXXX,1,9258
10779,Christine,Smith,XXXXXXXXX,XXXXXXXXX,1,13993
10780,Mary,Cuevas,XXXXXXXXX,XXXXXXXXX,2,15421
10781,Andrea,Smith,XXXXXXXXX,XXXXXXXXX,2,10815
10782,Mary,Hernandez,XXXXXXXXX,XXXXXXXXX,2,617
10783,Linda,Smith,XXXXXXXXX,XXXXXXXXX,3,3862
10784,Raymond,Reed,XXXXXXXXX,XXXXXXXXX,2,4002
10785,Mary,Smith,XXXXXXXXX,XXXXXXXXX,2,1375
10786,Jose,Myers,XXXXXXXXX,XXXXXXXXX,2,7590
10787,Mary,Acosta,XXXXXXXXX,XXXXXXXXX,1,5554
10788,Kenneth,Prince,XXXXXXXXX,XXXXXXXXX,1,2581
10789,Kimberly,Cooke,XXXXXXXXX,XXXXXXXXX,1,14394
10790,Stephen,Smith,XXXXXXXXX,XXXXXXXXX,2,4591
10791,Mary,Alvarado,XXXXXXXXX,XXXXXXXXX,1,5022
10792,Frank,Stokes,XXXXXXXXX,XXXXXXXXX,1,921
10793,Diane,Smith,XXXXXXXXX,XXXXXXXXX,1,821
10794,Mary,Fox,XXXXXXXXX,XXXXXXXXX,1,5700
10795,William,Smith,XXXXXXXXX,XXXXXXXXX,3,3070
10796,Debra,Hardy,XXXXXXXXX,XXXXXXXXX,1,8932
10797,Mary,Smith,XXXXXXXXX,XXXXXXXXX,2,8630
10798,Grace,Moore,XXXXXXXXX,XXXXXXXXX,2,15439
10799,Jane,Smith,XXXXXXXXX,XXXXXXXXX,1,8096
10800,Mary,Dunn,XXXXXXXXX,XXXXXXXXX,2,2448
10801,Ryan,Larson,XXXXXXXXX,XXXXXXXXX,1,8250
10802,Mary,Smith,XXXXXXXXX,XXXXXXXXX,2,13801
10803,Laura,Carey,XXXXXXXXX,XXXXXXXXX,3,3936
10804,Austin,Lester,XXXXXXXXX,XXXXXXXXX,2,10184
10805,Mary,Smith,XXXXXXXXX,XXXXXXXXX,2,9085
10806,Scott,Rodriguez,XXXXXXXXX,XXXXXXXXX,2,2253
10807,Benjamin,Wilson,XXXXXXXXX,XXXXXXXXX,1,16368
10808,Mary,Taylor,XXXXXXXXX,XXXXXXXXX,1,9367
10809,Brandon,Haney,XXXXXXXXX,XXXXXXXXX,3,12703
10810,Mary,Smith,XXXXXXXXX,XXXXXXXXX,1,3874
10811,Joshua,Carter,XXXXXXXXX,XXXXXXXXX,1,1818
10812,Mary,Powell,XXXXXXXXX,XXXXXXXXX,2,16279
10813,Patricia,Smith,XXXXXXXXX,XXXXXXXXX,2,5640
10814,Carol,Mejia,XXXXXXXXX,XXXXXXXXX,3,6268
10815,Dennis,Smith,XXXXXXXXX,XXXXXXXXX,3,1339
10816,Henry,Turner,XXXXXXXXX,XXXXXXXXX,1,15923
10817,Mary,Warren,XXXXXXXXX,XXXXXXXXX,1,6609
10818,James,Smith,XXXXXXXXX,XXXXXXXXX,1,15707
10819,Michelle,Koch,XXXXXXXXX,XXXXXXXXX,1,13946
10820,Brenda,Smith,XXXXXXXXX,XXXXXXXXX,3,10790
10821,Mary,Cooper,XXXXXXXXX,XXXXXXXXX,1,310
10822,Mary,Chase,XXXXXXXXX,XXXXXXXXX,2,10635
10823,Angela,Oconnell,XXXXXXXXX,XXXXXXXXX,1,14035
10824,Mary,Smith,XXXXXXXXX,XXXXXXXXX,2,13707
10825,John,Burns,XXXXXXXXX,XXXXXXXXX,1,14775
10826,Mary,Hanson,XXXXXXXXX,XXXXXXXXX,2,4702
10827,Janice,Smith,XXXXXXXXX,XXXXXXXXX,1,11665
10828,Mary,Lindsey,XXXXXXXXX,XXXXXXXXX,1,13595
10829,Anthony,Smith,XXXXXXXXX,XXXXXXXXX,1,367
10830,Mary,Espinoza,XXXXXXXXX,XXXXXXXXX,1,5859
10831,Larry,Smith,XXXXXXXXX,XXXXXXXXX,1,8831
10832,Mary,Khan,XXXXXXXXX,XXXXXXXXX,1,12193
10833,Mary,Smith,XXXXXXXXX,XXXXXXXXX,2,12439
10834,Susan,Sullivan,XXXXXXXXX,XXXXXXXXX,2,6578
10835,Mary,Stevenson,XXXXXXXXX,XXXXXXXXX,1,9743
10836,Sean,Brennan,XXXXXXXXX,XXXXXXXXX,1,4669
10837,Mary,Dudley,XXXXXXXXX,XXXXXXXXX,3,13444
10838,Kathryn,Smith,XXXXXXXXX,XXXXXXXXX,1,943
10839,Mary,Blake,XXXXXXXXX,XXXXXXXXX,1,7660
10840,Betty,Smith,XXXXXXXXX,XXXXXXXXX,1,10446
10841,Mary,Snow,XXXXXXXXX,XXXXXXXXX,3,2944
10842,Ashley,Smith,XXXXXXXXX,XXXXXXXXX,2,1300
10843,Cynthia,Myers,XXXXXXXXX,XXXXXXXXX,2,78
10844,Mary,Riley,XXXXXXXXX,XXXXXXXXX,3,13765
10845,John,Smith,XXXXXXXXX,XXXXXXXXX,3,6862
10846,Danielle,Malone,XXXXXXXXX,XXXXXXXXX,1,5415
10847,Mary,Estes,XXXXXXXXX,XXXXXXXXX,1,15203
10849,Hannah,Simpson,XXXXXXXXX,XXXXXXXXX,1,10115
10850,Mary,Smith,XXXXXXXXX,XXXXXXXXX,3,599
10851,Dylan,Stephens,XXXXXXXXX,XXXXXXXXX,3,6769
10852,Mary,Haynes,XXXXXXXXX,XXXXXXXXX,1,2293
10853,Michelle,Smith,XXXXXXXXX,XXXXXXXXX,3,5481
10854,Mary,Coleman,XXXXXXXXX,XXXXXXXXX,2,9155
10855,Megan,Dixon,XXXXXXXXX,XXXXXXXXX,1,6033
10856,Mary,Nixon,XXXXXXXXX,XXXXXXXXX,3,10620
10857,John,Smith,XXXXXXXXX,XXXXXXXXX,2,6794
10858,Janet,Wright,XXXXXXXXX,XXXXXXXXX,1,10174
10859,Jean,Smith,XXXXXXXXX,XXXXXXXXX,1,14559
10860,Mary,Johnson,XXXXXXXXX,XXXXXXXXX,2,14446
10861,Barbara,Walters,XXXXXXXXX,XXXXXXXXX,2,14430
10862,Mary,Smith,XXXXXXXXX,XXXXXXXXX,1,463
10863,Kimberly,Holmes,XXXXXXXXX,XXXXXXXXX,3,598
10864,Jason,Beck,XXXXXXXXX,XXXXXXXXX,2,919
10865,Albert,Contreras,XXXXXXXXX,XXXXXXXXX,1,11089
10866,Mary,Smith,XXXXXXXXX,XXXXXXXXX,1,8860
10867,David,Obrien,XXXXXXXXX,XXXXXXXXX,2,4584
10868,Helen,Smith,XXXXXXXXX,XXXXXXXXX,3,7913
10869,Nicole,Gallegos,XXXXXXXXX,XXXXXXXXX,1,8946
10870,Mary,Haas,XXXXXXXXX,XXXXXXXXX,2,9034
10871,Teresa,Smith,XXXXXXXXX,XXXXXXXXX,3,10205
10872,Amber,Adams,XXXXXXXXX,XXXXXXXXX,1,13587
10873,Mary,Serrano,XXXXXXXXX,XXXXXXXXX,2,2938
10874,Judy,Smith,XXXXXXXXX,XXXXXXXXX,1,15837
10875,Mary,Thompson,XXXXXXXXX,XXXXXXXXX,1,3623
10876,William,Beasley,XXXXXXXXX,XXXXXXXXX,2,15453
10877,Mary,Smith,XXXXXXXXX,XXXXXXXXX,2,5258
10878,Emily,Richardson,XXXXXXXXX,XXXXXXXXX,2,3400
10879,Maria,Ruiz,XXXXXXXXX,XXXXXXXXX,1,8125
10880,Mary,Petty,XXXXXXXXX,XXXXXXXXX,1,9636
10881,Linda,Smith,XXXXXXXXX,XXXXXXXXX,1,9828
10882,Mary,Taylor,XXXXXXXXX,XXXXXXXXX,3,8409
10883,Catherine,Zamora,XXXXXXXXX,XXXXXXXXX,2,9208
10884,Zachary,Smith,XXXXXXXXX,XXXXXXXXX,2,12492
10885,Mary,Lynch,XXXXXXXXX,XXXXXXXXX,2,8497
10886,Scott,Smith,XXXXXXXXX,XXXXXXXXX,3,3085
10887,Gregory,Frank,XXXXXXXXX,XXXXXXXXX,2,12698
10888,Mary,Cline,XXXXXXXXX,XXXXXXXXX,1,13178
10889,Sarah,Smith,XXXXXXXXX,XXXXXXXXX,1,10524
10890,Doris,Moody,XXXXXXXXX,XXXXXXXXX,1,10483
10891,Mary,Smith,XXXXXXXXX,XXXXXXXXX,2,8406
10892,David,Bell,XXXXXXXXX,XXXXXXXXX,2,1256
10893,Lisa,Smith,XXXXXXXXX,XXXXXXXXX,2,4999
10894,Mary,Castillo,XXXXXXXXX,XXXXXXXXX,3,14975
10895,Mary,Pierce,XXXXXXXXX,XXXXXXXXX,1,13042
10896,Victoria,Smith,XXXXXXXXX,XXXXXXXXX,2,6190
10897,Mary,Reed,XXXXXXXXX,XXXXXXXXX,1,4110
10898,James,Knight,XXXXXXXXX,XXXXXXXXX,1,6640
10899,William,Soto,XXXXXXXXX,XXXXXXXXX,2,15240
10900,Jennifer,Smith,XXXXXXXXX,XXXXXXXXX,2,2910
10901,Donald,Dixon,XXXXXXXXX,XXXXXXXXX,2,16346
10902,Mary,Sampson,XXXXXXXXX,XXXXXXXXX,1,8793
10903,Mary,Smith,XXXXXXXXX,XXXXXXXXX,1,10721
10904,Mary,Brown,XXXXXXXXX,XXXXXXXXX,3,12994
10905,Lisa,Warner,XXXXXXXXX,XXXXXXXXX,1,11075
10906,Mary,Smith,XXXXXXXXX,XXXXXXXXX,3,5911
10907,John,Hutchinson,XXXXXXXXX,XXXXXXXXX,1,2233
10908,Jessica,Smith,XXXXXXXXX,XXXXXXXXX,1,12639
10909,Paul,Bond,XXXXXXXXX,XXXXXXXXX,1,3749
10910,Michelle,Smith,XXXXXXXXX,XXXXXXXXX,1,529
10911,Teresa,Rodriguez,XXXXXXXXX,XXXXXXXXX,2,1934
10912,Mary,Smith,XXXXXXXXX,XXXXXXXXX,1,14232
10914,Christopher,Norton,XXXXXXXXX,XXXXXXXXX,1,5369
10915,Andrew,Booth,XXXXXXXXX,XXXXXXXXX,1,5713
10916,Randy,Smith,XXXXXXXXX,XXXXXXXXX,3,11541
10917,Mary,Bryant,XXXXXXXXX,XXXXXXXXX,3,4162
10918,James,Smith,XXXXXXXXX,XXXXXXXXX,1,6803
10919,Shirley,Turner,XXXXXXXXX,XXXXXXXXX,3,15312
10920,Mary,Morgan,XXXXXXXXX,XXXXXXXXX,3,15576
10921,Jerry,Sherman,XXXXXXXXX,XXXXXXXXX,1,3537
10922,Mary,Smith,XXXXXXXXX,XXXXXXXXX,2,10975
10923,Thomas,Reese,XXXXXXXXX,XXXXXXXXX,1,9643
10924,Steven,Smith,XXXXXXXXX,XXXXXXXXX,1,3902
10925,Marie,Abbott,XXXXXXXXX,XXXXXXXXX,1,14391
10926,Mary,Smith,XXXXXXXXX,XXXXXXXXX,2,1795
10927,Jessica,Lang,XXXXXXXXX,XXXXXXXXX,1,4218
10928,Sharon,Smith,XXXXXXXXX,XXXXXXXXX,1,9220
10929,Mary,Carroll,XXXXXXXXX,XXXXXXXXX,3,6139
10930,Gerald,Smith,XXXXXXXXX,XXXXXXXXX,2,14209
10931,Mary,Henderson,XXXXXXXXX,XXXXXXXXX,1,8628
10932,Michael,Gonzales,XXXXXXXXX,XXXXXXXXX,1,11530
10933,Barbara,Smith,XXXXXXXXX,XXXXXXXXX,2,8664
10934,Tiffany,Walker,XXXXXXXXX,XXXXXXXXX,2,12561
10935,Ralph,Potter,XXXXXXXXX,XXXXXXXXX,1,9315
10936,Johnny,Barron,XXXXXXXXX,XXXXXXXXX,3,2211
10937,Mary,Smith,XXXXXXXXX,XXXXXXXXX,3,4976
10938,Carolyn,Morris,XXXXXXXXX,XXXXXXXXX,1,5452
10939,Sean,Smith,XXXXXXXXX,XXXXXXXXX,3,2504
10940,Mary,Crawford,XXXXXXXXX,XXXXXXXXX,2,4520
10941,Charles,Bradshaw,XXXXXXXXX,XXXXXXXXX,1,4901
10942,Donald,Smith,XXXXXXXXX,XXXXXXXXX,1,1291
10943,Mary,Chapman,XXXXXXXXX,XXXXXXXXX,3,11243
10944,Brittany,Smith,XXXXXXXXX,XXXXXXXXX,2,9634
10945,Mary,Hamilton,XXXXXXXXX,XXXXXXXXX,1,13097
10946,Susan,Vincent,XXXXXXXXX,XXXXXXXXX,1,106
10947,Eric,Smith,XXXXXXXXX,XXXXXXXXX,2,11332
10948,Mary,Torres,XXXXXXXXX,XXXXXXXXX,2,6911
10949,Zachary,Reyes,XXXXXXXXX,XXXXXXXXX,2,10109
10950,Mary,Smith,XXXXXXXXX,XXXXXXXXX,3,1729
10951,Austin,Weiss,XXXXXXXXX,XXXXXXXXX,2,8910
10952,Mary,Suarez,XXXXXXXXX,XXXXXXXXX,2,6318
10953,Kevin,Smith,XXXXXXXXX,XXXXXXXXX,1,13504
10954,Mary,White,XXXXXXXXX,XXXXXXXXX,1,14646
10955,Jose,Peck,XXXXXXXXX,XXXXXXXXX,1,6133
10956,Mary,Smith,XXXXXXXXX,XXXXXXXXX,1,7399
10957,Jessica,Turner,XXXXXXXXX,XXXXXXXXX,2,15931
10959,Mary,Morton,XXXXXXXXX,XXXXXXXXX,2,15613
10960,Danielle,Browning,XXXXXXXXX,XXXXXXXXX,2,12141
10961,Mary,Smith,XXXXXXXXX,XXXXXXXXX,1,14589
10962,David,Austin,XXXXXXXXX,XXXXXXXXX,3,732
10963,Amber,Smith,XXXXXXXXX,XXXXXXXXX,1,10392
10964,Mary,Morgan,XXXXXXXXX,XXXXXXXXX,3,5863
10965,Robert,Smith,XXXXXXXXX,XXXXXXXXX,3,3129
10966,Martha,Pierce,XXXXXXXXX,XXXXXXXXX,2,10845
10967,Alexander,Cunningham,XXXXXXXXX,XXXXXXXXX,1,11776
10968,Diana,Smith,XXXXXXXXX,XXXXXXXXX,2,6991
10969,Mary,Tran,XXXXXXXXX,XXXXXXXXX,1,11692
10970,David,Smith,XXXXXXXXX,XXXXXXXXX,2,8326
10971,Peter,Booker,XXXXXXXXX,XXXXXXXXX,3,706
10972,Mary,Smith,XXXXXXXXX,XXXXXXXXX,1,11831
10973,Debra,Sullivan,XXXXXXXXX,XXXXXXXXX,1,4952
10974,Mary,Smith,XXXXXXXXX,XXXXXXXXX,1,3701
10975,Martha,Bolton,XXXXXXXXX,XXXXXXXXX,1,7460
10976,Mary,Smith,XXXXXXXXX,XXXXXXXXX,3,1358
10977,Debra,Potter,XXXXXXXXX,XXXXXXXXX,1,5013
10978,Mary,Smith,XXXXXXXXX,XXXXXXXXX,1,9206
10979,Raymond,Aguilar,XXXXXXXXX,XXXXXXXXX,2,12915
10980,Victoria,Bowen,XXXXXXXXX,XXXXXXXXX,2,15913
10981,Mary,Smith,XXXXXXXXX,XXXXXXXXX,3,8465
10982,Joan,Harris,XXXXXXXXX,XXXXXXXXX,3,8672
10983,Mary,Frank,XXXXXXXXX,XXXXXXXXX,2,3191
10984,Joseph,Smith,XXXXXXXXX,XXXXXXXXX,1,14862
10985,Samantha,Nguyen,XXXXXXXXX,XXXXXXXXX,2,1970
10986,Mary,Smith,XXXXXXXXX,XXXXXXXXX,3,8419
10987,Stephen,Campbell,XXXXXXXXX,XXXXXXXXX,1,710
10988,Mary,Chen,XXXXXXXXX,XXXXXXXXX,3,14881
10989,Kenneth,Smith,XXXXXXXXX,XXXXXXXXX,3,506
10990,Alice,Wyatt,XXXXXXXXX,XXXXXXXXX,1,15282
10991,Mary,Smith,XXXXXXXXX,XXXXXXXXX,1,6310
10992,Barbara,Duran,XXXXXXXXX,XXXXXXXXX,3,15905
10993,Mary,Smith,XXXXXXXXX,XXXXXXXXX,3,14372
10994,Michael,Evans,XXXXXXXXX,XXXXXXXXX,1,1648
10995,Joe,Juarez,XXXXXXXXX,XXXXXXXXX,2,7516
10996,Mary,Smith,XXXXXXXXX,XXXXXXXXX,1,11525
10997,Bobby,Mann,XXXXXXXXX,XXXXXXXXX,2,1275
10998,Mary,Smith,XXXXXXXXX,XXXXXXXXX,3,15884
10999,Crystal,Ballard,XXXXXXXXX,XXXXXXXXX,1,15838
11000,Mary,Smith,XXXXXXXXX,XXXXXXXXX,2,7447
11001,Jean,Maxwell,XXXXXXXXX,XXXXXXXXX,2,6346
11002,Alexander,Smith,XXXXXXXXX,XXXXXXXXX,1,12314
11003,Mary,Clements,XXXXXXXXX,XXXXXXXXX,2,1297
11004,Elizabeth,Smith,XXXXXXXXX,XXXXXXXXX,3,1798
11005,Christian,Keller,XXXXXXXXX,XXXXXXXXX,3,3912
11006,Mary,Pruitt,XXXXXXXXX,XXXXXXXXX,3,1563
11007,Virginia,Smith,XXXXXXXXX,XXXXXXXXX,2,6363
11008,Mary,Olson,XXXXXXXXX,XXXXXXXXX,1,16364
11009,Christopher,Smith,XXXXXXXXX,XXXXXXXXX,1,5973
11010,Brittany,Mclaughlin,XXXXXXXXX,XXXXXXXXX,1,7993
11011,Mary,Mullins,XXXXXXXXX,XXXXXXXXX,1,3908
11012,Mary,Smith,XXXXXXXXX,XXXXXXXXX,2,3905
11013,Andrew,Nguyen,XXXXXXXXX,XXXXXXXXX,3,3391
11014,Heather,Smith,XXXXXXXXX,XXXXXXXXX,2,13663
11015,Mary,Martinez,XXXXXXXXX,XXXXXXXXX,2,3800
11016,George,Hutchinson,XXXXXXXXX,XXXXXXXXX,1,4792
11017,Rachel,Prince,XXXXXXXXX,XXXXXXXXX,3,2846
11018,Bruce,Smith,XXXXXXXXX,XXXXXXXXX,1,15737
11019,Mary,Zamora,XXXXXXXXX,XXXXXXXXX,1,13589
11020,Laura,Smith,XXXXXXXXX,XXXXXXXXX,1,11796
11021,Brenda,Shaw,XXXXXXXXX,XXXXXXXXX,1,8832
11022,Carolyn,Peck,XXXXXXXXX,XXXXXXXXX,2,5732
11023,Mary,Smith,XXXXXXXXX,XXXXXXXXX,2,6269
11024,Philip,Hall,XXXXXXXXX,XXXXXXXXX,1,321
11025,Mary,Smith,XXXXXXXXX,XXXXXXXXX,1,5781
11026,Ashley,Lowe,XXXXXXXXX,XXXXXXXXX,3,2502
11027,Teresa,Smith,XXXXXXXXX,XXXXXXXXX,1,12604
11028,Mary,Long,XXXXXXXXX,XXXXXXXXX,2,3803
11029,Joan,Flowers,XXXXXXXXX,XXXXXXXXX,2,6521
11030,Mary,Smith,XXXXXXXXX,XXXXXXXXX,1,16407
11031,Kyle,Williams,XXXXXXXXX,XXXXXXXXX,2,16508
11032,Mary,Welch,XXXXXXXXX,XXXXXXXXX,2,7038
11033,Matthew,Fields,XXXXXXXXX,XXXXXXXXX,1,4187
11034,Mary,Smith,XXXXXXXXX,XXXXXXXXX,3,5718
11035,Evelyn,Fritz,XXXXXXXXX,XXXXXXXXX,1,13783
11036,Bobby,Smith,XXXXXXXXX,XXXXXXXXX,1,6435
11037,Mary,Perry,XXXXXXXXX,XXXXXXXXX,1,948
11038,Arthur,Smith,XXXXXXXXX,XXXXXXXXX,2,16117
11039,Mary,Torres,XXXXXXXXX,XXXXXXXXX,1,5436
11040,Hannah,Gregory,XXXXXXXXX,XXXXXXXXX,1,907
11041,Walter,Smith,XXXXXXXXX,XXXXXXXXX,2,11172
11042,Mary,Hall,XXXXXXXXX,XXXXXXXXX,2,10360
11043,John,Watson,XXXXXXXXX,XXXXXXXXX,1,5777
11044,Daniel,Henson,XXXXXXXXX,XXXXXXXXX,1,16165
11045,Paul,Smith,XXXXXXXXX,XXXXXXXXX,2,13457
11046,Scott,Davidson,XXXXXXXXX,XXXXXXXXX,1,2147
11047,Mary,Smith,XXXXXXXXX,XXXXXXXXX,1,10520
11048,Randy,Ball,XXXXXXXXX,XXXXXXXXX,2,3204
11049,Mary,Smith,XXXXXXXXX,XXXXXXXXX,1,12844
11050,Karen,Jordan,XXXXXXXXX,XXXXXXXXX,2,7081
11051,Edward,Horn,XXXXXXXXX,XXXXXXXXX,2,6261
11052,Jason,Ashley,XXXXXXXXX,XXXXXXXXX,3,11940
11053,Mary,Smith,XXXXXXXXX,XXXXXXXXX,1,9156
11054,Henry,Jenkins,XXXXXXXXX,XXXXXXXXX,2,5662
11055,Mary,Smith,XXXXXXXXX,XXXXXXXXX,3,14495
11056,Larry,Booker,XXXXXXXXX,XXXXXXXXX,2,3351
11057,Mary,Smith,XXXXXXXXX,XXXXXXXXX,1,12497
11058,Charles,Wright,XXXXXXXXX,XXXXXXXXX,3,15420
11059,Mary,Daniels,XXXXXXXXX,XXXXXXXXX,1,14780
11060,Robert,Smith,XXXXXXXXX,XXXXXXXXX,1,11728
11061,Joseph,Webster,XXXXXXXXX,XXXXXXXXX,2,8029
11062,Shawn,Riddle,XXXXXXXXX,XXXXXXXXX,2,5526
11063,Mary,Smith,XXXXXXXXX,XXXXXXXXX,2,8647
11064,Mark,Mays,XXXXXXXXX,XXXXXXXXX,1,14188
11065,Aaron,Smith,XXXXXXXXX,XXXXXXXXX,1,8490
11066,Mary,Robinson,XXXXXXXXX,XXXXXXXXX,2,3009
11067,Anthony,Zimmerman,XXXXXXXXX,XXXXXXXXX,2,15078
11068,Roger,Smith,XXXXXXXXX,XXXXXXXXX,1,2104
11069,Mary,Morton,XXXXXXXXX,XXXXXXXXX,1,13650
11070,Beverly,Hardin,XXXXXXXXX,XXXXXXXXX,2,12958
11071,Mary,Smith,XXXXXXXXX,XXXXXXXXX,2,10280
11072,Nathan,Anthony,XXXXXXXXX,XXXXXXXXX,3,14388
11073,Mary,Smith,XXXXXXXXX,XXXXXXXXX,1,7015
11074,Roy,Hill,XXXXXXXXX,XXXXXXXXX,1,9343
11075,Mary,Meyer,XXXXXXXXX,XXXXXXXXX,1,8792
11076,Robert,Leonard,XXXXXXXXX,XXXXXXXXX,2,10831
11077,Andrew,Smith,XXXXXXXXX,XXXXXXXXX,1,1495
11078,Donna,Hoover,XXXXXXXXX,XXXXXXXXX,1,633
11079,Russell,Smith,XXXXXXXXX,XXXXXXXXX,2,12028
11080,Mary,Bush,XXXXXXXXX,XXXXXXXXX,1,11350
11081,William,Smith,XXXXXXXXX,XXXXXXXXX,2,3836
11082,Joseph,Smith,XXXXXXXXX,XXXXXXXXX,3,2133
11083,Evelyn,Morrison,XXXXXXXXX,XXXXXXXXX,2,10242
11084,Mary,Mejia,XXXXXXXXX,XXXXXXXXX,1,7265
11085,Christopher,Smith,XXXXXXXXX,XXXXXXXXX,3,3058
11086,Lauren,Hobbs,XXXXXXXXX,XXXXXXXXX,2,2155
11087,Mary,Smith,XXXXXXXXX,XXXXXXXXX,2,366
11088,Theresa,Rowe,XXXXXXXXX,XXXXXXXXX,2,5762
11089,Mary,Smith,XXXXXXXXX,XXXXXXXXX,1,5564
11090,John,Shah,XXXXXXXXX,XXXXXXXXX,1,4521
11091,Joan,Smith,XXXXXXXXX,XXXXXXXXX,3,9950
11092,Mary,Mills,XXXXXXXXX,XXXXXXXXX,2,5926
11093,Dorothy,Smith,XXXXXXXXX,XXXXXXXXX,1,15416
11094,Rose,Wyatt,XXXXXXXXX,XXXXXXXXX,3,9398
11095,Mary,Smith,XXXXXXXXX,XXXXXXXXX,1,7323
11096,Carol,Hill,XXXXXXXXX,XXXXXXXXX,3,8788
11097,Mary,Hatfield,XXXXXXXXX,XXXXXXXXX,1,7836
11098,Raymond,Smith,XXXXXXXXX,XXXXXXXXX,3,7755
11099,Mary,Harris,XXXXXXXXX,XXXXXXXXX,2,10877
11100,Barbara,Tucker,XXXXXXXXX,XXXXXXXXX,2,4328
11101,Dylan,Smith,XXXXXXXXX,XXXXXXXXX,3,1399
11102,Mary,Jackson,XXXXXXXXX,XXXXXXXXX,1,11688
11103,Jennifer,Bray,XXXXXXXXX,XXXXXXXXX,1,3547
11104,Daniel,Smith,XXXXXXXXX,XXXXXXXXX,1,10249
11105,Jason,Lewis,XXXXXXXXX,XXXXXXXXX,3,14768
11106,Mary,Navarro,XXXXXXXXX,XXXXXXXXX,1,10038
11107,Melissa,Smith,XXXXXXXXX,XXXXXXXXX,1,2061
11108,Mary,Sandoval,XXXXXXXXX,XXXXXXXXX,1,13917
11109,William,Smith,XXXXXXXXX,XXXXXXXXX,2,8756
11110,Jean,Parker,XXXXXXXXX,XXXXXXXXX,1,9234
11111,Mary,Elliott,XXXXXXXXX,XXXXXXXXX,1,4539
11112,Jessica,Cowan,XXXXXXXXX,XXXXXXXXX,1,4778
11113,Jacqueline,Smith,XXXXXXXXX,XXXXXXXXX,1,1106
11114,Mary,Owens,XXXXXXXXX,XXXXXXXXX,2,12443
11115,Michelle,Smith,XXXXXXXXX,XXXXXXXXX,2,15303
11116,Mary,Wu,XXXXXXXXX,XXXXXXXXX,1,14584
11117,Peter,Hebert,XXXXXXXXX,XXXXXXXXX,1,9606
11118,Mary,Smith,XXXXXXXXX,XXXXXXXXX,1,11852
11119,Doris,Schneider,XXXXXXXXX,XXXXXXXXX,1,14971
11120,Mary,Smith,XXXXXXXXX,XXXXXXXXX,2,6558
11121,Ronald,Oliver,XXXXXXXXX,XXXXXXXXX,3,9928
11122,Mary,Smith,XXXXXXXXX,XXXXXXXXX,1,5021
11123,Samantha,Miller,XXXXXXXXX,XXXXXXXXX,1,3162
11124,Mary,Bowman,XXXXXXXXX,XXXXXXXXX,1,970
11125,Edward,Fitzgerald,XXXXXXXXX,XXXXXXXXX,1,7233
11126,Joe,Smith,XXXXXXXXX,XXXXXXXXX,1,14053
11127,Mary,Tucker,XXXXXXXXX,XXXXXXXXX,2,14266
11128,Timothy,Lyons,XXXXXXXXX,XXXXXXXXX,1,15436
11129,Danielle,Smith,XXXXXXXXX,XXXXXXXXX,1,1796
11130,Mary,Parker,XXXXXXXXX,XXXXXXXXX,1,14621
11131,Mary,Smith,XXXXXXXXX,XXXXXXXXX,1,8457
11132,Jonathan,Washington,XXXXXXXXX,XXXXXXXXX,3,8173
11133,Mary,Smith,XXXXXXXXX,XXXXXXXXX,2,15674
11134,Robert,Lopez,XXXXXXXXX,XXXXXXXXX,1,6224
11135,Michelle,Kirk,XXXXXXXXX,XXXXXXXXX,2,8129
11136,Gloria,Smith,XXXXXXXXX,XXXXXXXXX,1,13404
11137,Mary,Price,XXXXXXXXX,XXXXXXXXX,3,1049
11138,William,Smith,XXXXXXXXX,XXXXXXXXX,3,8233
11139,Brenda,Fisher,XXXXXXXXX,XXXXXXXXX,1,14281
11140,Mary,Smith,XXXXXXXXX,XXXXXXXXX,1,10349
11141,Christopher,Wilson,XXXXXXXXX,XXXXXXXXX,2,14653
11142,Sharon,Gonzales,XXXXXXXXX,XXXXXXXXX,3,3396
11143,Mary,Smith,XXXXXXXXX,XXXXXXXXX,3,2009
11144,Jose,Dickerson,XXXXXXXXX,XXXXXXXXX,3,13208
11145,Mary,Smith,XXXXXXXXX,XXXXXXXXX,1,12375
11146,Jason,Nolan,XXXXXXXXX,XXXXXXXXX,1,8461
11147,Mary,Smith,XXXXXXXXX,XXXXXXXXX,3,6726
11148,Lisa,Keith,XXXXXXXXX,XXXXXXXXX,1,5964
11149,Roy,Smith,XXXXXXXXX,XXXXXXXXX,1,6730
11150,Mary,Jones,XXXXXXXXX,XXXXXXXXX,2,8841
11151,Harold,Walker,XXXXXXXXX,XXXXXXXXX,1,4305
11152,Mary,Smith,XXXXXXXXX,XXXXXXXXX,2,8249
11153,Brian,Green,XXXXXXXXX,XXXXXXXXX,1,3447
11154,Pamela,Dickerson,XXXXXXXXX,XXXXXXXXX,3,9045
11156,Jessica,Valdez,XXXXXXXXX,XXXXXXXXX,2,4270
11157,Mary,Smith,XXXXXXXXX,XXXXXXXXX,2,11807
11158,Andrew,Graham,XXXXXXXXX,XXXXXXXXX,2,9268
11159,Mary,Bruce,XXXXXXXXX,XXXXXXXXX,2,9076
11160,Rachel,Smith,XXXXXXXXX,XXXXXXXXX,1,3990
11161,Mary,Pennington,XXXXXXXXX,XXXXXXXXX,2,8247
11162,James,Smith,XXXXXXXXX,XXXXXXXXX,3,7082
11163,Jane,Price,XXXXXXXXX,XXXXXXXXX,1,5150
11164,Mary,Bautista,XXXXXXXXX,XXXXXXXXX,3,1320
11165,John,Smith,XXXXXXXXX,XXXXXXXXX,3,7895
11166,Crystal,Brown,XXXXXXXXX,XXXXXXXXX,3,1737
11167,Mary,Hinton,XXXXXXXXX,XXXXXXXXX,1,12014
11168,Cynthia,Smith,XXXXXXXXX,XXXXXXXXX,3,12602
11169,Kyle,Thomas,XXXXXXXXX,XXXXXXXXX,3,8010
11170,Mary,Newman,XXXXXXXXX,XXXXXXXXX,2,12019
11171,Richard,Mcfarland,XXXXXXXXX,XXXXXXXXX,1,4245
11172,Mary,Smith,XXXXXXXXX,XXXXXXXXX,1,12334
11173,Kathleen,Mayer,XXXXXXXXX,XXXXXXXXX,2,2826
11174,Teresa,Smith,XXXXXXXXX,XXXXXXXXX,1,6343
11175,Mary,Jones,XXXXXXXXX,XXXXXXXXX,1,3793
11176,Rachel,Perez,XXXXXXXXX,XXXXXXXXX,1,7465
11177,Mary,Cowan,XXXXXXXXX,XXXXXXXXX,1,10653
11178,Laura,Smith,XXXXXXXXX,XXXXXXXXX,1,15001
11179,Mary,Allen,XXXXXXXXX,XXXXXXXXX,1,790
11180,Lisa,Smith,XXXXXXXXX,XXXXXXXXX,3,8421
11181,Mary,Hernandez,XXXXXXXXX,XXXXXXXXX,1,5855
11182,Sharon,Barker,XXXXXXXXX,XXXXXXXXX,1,2496
11183,Mary,Smith,XXXXXXXXX,XXXXXXXXX,2,556
11184,Jennifer,Kelly,XXXXXXXXX,XXXXXXXXX,1,12007
11185,Barbara,Smith,XXXXXXXXX,XXXXXXXXX,3,11000
11186,Betty,Le,XXXXXXXXX,XXXXXXXXX,1,3348
11187,Mary,Smith,XXXXXXXXX,XXXXXXXXX,1,8254
11188,Rebecca,White,XXXXXXXXX,XXXXXXXXX,2,10164
11189,Mary,Hammond,XXXXXXXXX,XXXXXXXXX,1,4978
11190,Billy,Smith,XXXXXXXXX,XXXXXXXXX,2,12441
11191,Mary,Peterson,XXXXXXXXX,XXXXXXXXX,1,9733
11192,Andrew,Dickson,XXXXXXXXX,XXXXXXXXX,1,10801
11193,Rachel,Smith,XXXXXXXXX,XXXXXXXXX,1,11600
11194,Frances,Nielsen,XXXXXXXXX,XXXXXXXXX,1,16116
11195,Jacqueline,Smith,XXXXXXXXX,XXXXXXXXX,2,815
11196,Willie,Daniel,XXXXXXXXX,XXXXXXXXX,2,10872
11197,Mary,Conrad,XXXXXXXXX,XXXXXXXXX,1,2114
11198,Samuel,Smith,XXXXXXXXX,XXXXXXXXX,1,14192
11199,Mary,Sellers,XXXXXXXXX,XXXXXXXXX,1,4388
11200,Shirley,Smith,XXXXXXXXX,XXXXXXXXX,1,6032
11201,Wayne,Kelly,XXXXXXXXX,XXXXXXXXX,1,4635
11202,Mary,Frederick,XXXXXXXXX,XXXXXXXXX,3,6899
11203,David,Smith,XXXXXXXXX,XXXXXXXXX,2,11884
11204,Marie,Lee,XXXXXXXXX,XXXXXXXXX,1,8492
11205,Mary,Harris,XXXXXXXXX,XXXXXXXXX,2,4387
11206,Kevin,Montoya,XXXXXXXXX,XXXXXXXXX,1,3561
11207,Gerald,Smith,XXXXXXXXX,XXXXXXXXX,2,14028
11208,Mary,Morgan,XXXXXXXXX,XXXXXXXXX,1,14273
11209,Grace,Lam,XXXXXXXXX,XXXXXXXXX,1,10225
11210,Olivia,Smith,XXXXXXXXX,XXXXXXXXX,1,3766
11211,Mary,Yu,XXXXXXXXX,XXXXXXXXX,1,14159
11212,Thomas,Smith,XXXXXXXXX,XXXXXXXXX,1,2610
11213,Mary,Black,XXXXXXXXX,XXXXXXXXX,1,9746
11214,Joseph,Mccormick,XXXXXXXXX,XXXXXXXXX,1,1886
11215,Tiffany,Smith,XXXXXXXXX,XXXXXXXXX,1,11521
11216,Mary,Morgan,XXXXXXXXX,XXXXXXXXX,3,10299
11217,James,Smith,XXXXXXXXX,XXXXXXXXX,2,6124
11218,Louis,Novak,XXXXXXXXX,XXXXXXXXX,1,4715
11219,Mary,Smith,XXXXXXXXX,XXXXXXXXX,1,13432
11220,Jeffrey,Reed,XXXXXXXXX,XXXXXXXXX,1,14025
11221,Mary,Pittman,XXXXXXXXX,XXXXXXXXX,1,5670
11222,Charles,Smith,XXXXXXXXX,XXXXXXXXX,1,3384
11223,Gary,Tanner,XXXXXXXXX,XXXXXXXXX,2,2625
11224,Mary,Smith,XXXXXXXXX,XXXXXXXXX,1,12694
11225,Michael,Marshall,XXXXXXXXX,XXXXXXXXX,1,3223
11226,Amanda,Smith,XXXXXXXXX,XXXXXXXXX,2,11153
11227,Mary,Coleman,XXXXXXXXX,XXXXXXXXX,1,12619
11228,Michael,Trujillo,XXXXXXXXX,XXXXXXXXX,1,6064
11229,Diane,Smith,XXXXXXXXX,XXXXXXXXX,1,14327
11230,Sara,Collins,XXXXXXXXX,XXXXXXXXX,1,35
11231,Mary,Schroeder,XXXXXXXXX,XXXXXXXXX,3,12641
11232,Denise,Smith,XXXXXXXXX,XXXXXXXXX,1,10511
11233,Mary,Murphy,XXXXXXXXX,XXXXXXXXX,2,5307
11234,Martha,Smith,XXXXXXXXX,XXXXXXXXX,2,8008
11235,Judy,Church,XXXXXXXXX,XXXXXXXXX,2,10182
11236,Mary,Smith,XXXXXXXXX,XXXXXXXXX,2,4222
11237,Zachary,Watkins,XXXXXXXXX,XXXXXXXXX,1,6092
11238,Mary,Casey,XXXXXXXXX,XXXXXXXXX,1,1037
11239,Debra,Smith,XXXXXXXXX,XXXXXXXXX,1,807
11240,Dennis,Morris,XXXXXXXXX,XXXXXXXXX,3,15887
11241,Mary,Smith,XXXXXXXXX,XXXXXXXXX,1,1615
11242,Brandon,Frost,XXXXXXXXX,XXXXXXXXX,3,9906
11243,Mary,Smith,XXXXXXXXX,XXXXXXXXX,2,16361
11244,John,Garcia,XXXXXXXXX,XXXXXXXXX,1,10041
11245,Debra,Washington,XXXXXXXXX,XXXXXXXXX,1,6387
11246,Mary,Smith,XXXXXXXXX,XXXXXXXXX,1,15176
11247,Wayne,Gutierrez,XXXXXXXXX,XXXXXXXXX,3,4048
11248,Mary,Arnold,XXXXXXXXX,XXXXXXXXX,1,15768
11249,Madison,Smith,XXXXXXXXX,XXXXXXXXX,3,10569
11250,Mary,Noble,XXXXXXXXX,XXXXXXXXX,3,2867
11251,Pamela,Smith,XXXXXXXXX,XXXXXXXXX,1,6916
11252,Christian,Payne,XXXXXXXXX,XXXXXXXXX,2,10042
11253,Mary,Barron,XXXXXXXXX,XXXXXXXXX,2,13262
11254,Sharon,Smith,XXXXXXXXX,XXXXXXXXX,1,6118
11255,Mary,Schmidt,XXXXXXXXX,XXXXXXXXX,1,2124
11256,David,Smith,XXXXXXXXX,XXXXXXXXX,2,13528
11257,Heather,Chang,XXXXXXXXX,XXXXXXXXX,1,3993
11258,Mary,Smith,XXXXXXXXX,XXXXXXXXX,1,9464
11259,John,Powell,XXXXXXXXX,XXXXXXXXX,2,10463
11260,Mary,Macias,XXXXXXXXX,XXXXXXXXX,1,9354
11261,Robert,Smith,XXXXXXXXX,XXXXXXXXX,3,10535
11262,Laura,Lopez,XXXXXXXXX,XXXXXXXXX,1,1953
11263,Mary,Keller,XXXXXXXXX,XXXXXXXXX,2,7553
11264,George,Smith,XXXXXXXXX,XXXXXXXXX,1,16336
11265,Alexander,Harrell,XXXXXXXXX,XXXXXXXXX,1,11608
11266,Mary,Smith,XXXXXXXXX,XXXXXXXXX,2,15405
11267,Dorothy,Jackson,XXXXXXXXX,XXXXXXXXX,2,4891
11268,Cynthia,Jenkins,XXXXXXXXX,XXXXXXXXX,2,4800
11269,Mary,Smith,XXXXXXXXX,XXXXXXXXX,1,8955
11270,Vincent,Harris,XXXXXXXXX,XXXXXXXXX,1,11348
11271,Mary,Smith,XXXXXXXXX,XXXXXXXXX,1,5573
11272,Rose,Jones,XXXXXXXXX,XXXXXXXXX,1,4491
11273,Mary,Ward,XXXXXXXXX,XXXXXXXXX,1,3554
11274,Mary,Fisher,XXXXXXXXX,XXXXXXXXX,1,9239
11275,Kyle,Wheeler,XXXXXXXXX,XXXXXXXXX,1,14522
11276,Mary,Smith,XXXXXXXXX,XXXXXXXXX,3,877
11277,Nicole,Gordon,XXXXXXXXX,XXXXXXXXX,1,12955
11278,Brandon,Smith,XXXXXXXXX,XXXXXXXXX,1,4004
11279,Mary,Wells,XXXXXXXXX,XXXXXXXXX,2,4593
11280,James,Snyder,XXXXXXXXX,XXXXXXXXX,2,10007
11281,Janet,Smith,XXXXXXXXX,XXXXXXXXX,3,3268
11282,Maria,Cook,XXXXXXXXX,XXXXXXXXX,1,3156
11283,Mary,Morgan,XXXXXXXXX,XXXXXXXXX,1,3854
11284,Sarah,Sherman,XXXXXXXXX,XXXXXXXXX,1,12322
11285,Christian,Smith,XXXXXXXXX,XXXXXXXXX,2,9450
11286,Mary,Garcia,XXXXXXXXX,XXXXXXXXX,2,13379
11287,Richard,Richmond,XXXXXXXXX,XXXXXXXXX,2,11338
11288,Cynthia,Smith,XXXXXXXXX,XXXXXXXXX,3,11122
11289,Mary,Wang,XXXXXXXXX,XXXXXXXXX,3,14697
11290,Catherine,Smith,XXXXXXXXX,XXXXXXXXX,1,6857
11291,Mary,Ramirez,XXXXXXXXX,XXXXXXXXX,1,5272
11292,William,Saunders,XXXXXXXXX,XXXXXXXXX,3,12964
11293,Shirley,Smith,XXXXXXXXX,XXXXXXXXX,1,2003
11294,Phillip,Brown,XXXXXXXXX,XXXXXXXXX,1,9545
11295,Mary,Ayala,XXXXXXXXX,XXXXXXXXX,2,12911
11296,Julie,Smith,XXXXXXXXX,XXXXXXXXX,1,9644
11297,Mary,Ho,XXXXXXXXX,XXXXXXXXX,1,5708
11298,Anthony,Best,XXXXXXXXX,XXXXXXXXX,1,2185
11299,Henry,Smith,XXXXXXXXX,XXXXXXXXX,1,8181
11300,Mary,Daniels,XXXXXXXXX,XXXXXXXXX,3,1181
11301,Helen,Bauer,XXXXXXXXX,XXXXXXXXX,1,10566
11302,Joyce,Atkins,XXXXXXXXX,XXXXXXXXX,1,7278
11303,Mary,Smith,XXXXXXXXX,XXXXXXXXX,3,16408
11304,Alexander,Campbell,XXXXXXXXX,XXXXXXXXX,2,8586
11305,Mary,Hartman,XXXXXXXXX,XXXXXXXXX,1,7872
11306,Gerald,Beasley,XXXXXXXXX,XXXXXXXXX,2,1574
11307,Mary,Smith,XXXXXXXXX,XXXXXXXXX,2,10887
11308,Angela,Trevino,XXXXXXXXX,XXXXXXXXX,2,4095
11309,Mary,Smith,XXXXXXXXX,XXXXXXXXX,3,9760
11310,Kenneth,Williams,XXXXXXXXX,XXXXXXXXX,1,14257
11311,Julie,White,XXXXXXXXX,XXXXXXXXX,3,9146
11312,Gregory,Trujillo,XXXXXXXXX,XXXXXXXXX,1,3944
11313,Mary,Smith,XXXXXXXXX,XXXXXXXXX,1,13904
11314,Ashley,Mclaughlin,XXXXXXXXX,XXXXXXXXX,2,2559
11315,Kimberly,Campos,XXXXXXXXX,XXXXXXXXX,1,2584
11316,Jonathan,Keith,XXXXXXXXX,XXXXXXXXX,3,1046
11317,Ethan,Smith,XXXXXXXXX,XXXXXXXXX,2,2466
11318,Mary,Henry,XXXXXXXXX,XXXXXXXXX,1,3641
11319,Ronald,Smith,XXXXXXXXX,XXXXXXXXX,1,12408
11320,Mary,Jones,XXXXXXXXX,XXXXXXXXX,2,8582
11321,Linda,Mcdowell,XXXXXXXXX,XXXXXXXXX,2,12665
11322,Gary,Smith,XXXXXXXXX,XXXXXXXXX,2,8365
11323,Mary,Moore,XXXXXXXXX,XXXXXXXXX,2,1131
11324,Martha,Burnett,XXXXXXXXX,XXXXXXXXX,3,13879
11325,Mary,Smith,XXXXXXXXX,XXXXXXXXX,1,13135
11326,Keith,Lowe,XXXXXXXXX,XXXXXXXXX,1,7155
11327,Mary,Smith,XXXXXXXXX,XXXXXXXXX,3,10231
11328,Patricia,Johns,XXXXXXXXX,XXXXXXXXX,1,8295
11329,Hannah,Smith,XXXXXXXXX,XXXXXXXXX,3,7703
11330,Arthur,Johnson,XXXXXXXXX,XXXXXXXXX,1,8377
11331,Mary,Macdonald,XXXXXXXXX,XXXXXXXXX,2,9791
11332,Denise,Smith,XXXXXXXXX,XXXXXXXXX,3,737
11333,Mary,Jones,XXXXXXXXX,XXXXXXXXX,3,6891
11334,Benjamin,Carroll,XXXXXXXXX,XXXXXXXXX,1,13380
11335,Mary,Smith,XXXXXXXXX,XXXXXXXXX,1,16216
11336,Lauren,Thompson,XXXXXXXXX,XXXXXXXXX,2,13848
11337,Mary,Howell,XXXXXXXXX,XXXXXXXXX,2,12194
11338,Paul,Smith,XXXXXXXXX,XXXXXXXXX,1,6314
11339,Mary,King,XXXXXXXXX,XXXXXXXXX,3,5946
11340,Michael,Reed,XXXXXXXXX,XXXXXXXXX,3,13377
11341,Mary,Meyer,XXXXXXXXX,XXXXXXXXX,1,6860
11342,Steven,Booker,XXXXXXXXX,XXXXXXXXX,2,14182
11343,Julie,Smith,XXXXXXXXX,XXXXXXXXX,1,10921
11344,Mary,Sparks,XXXXXXXXX,XXXXXXXXX,1,1039
11345,John,Mathis,XXXXXXXXX,XXXXXXXXX,1,5731
11346,Steven,Smith,XXXXXXXXX,XXXXXXXXX,2,14630
11347,Ruth,Jones,XXXXXXXXX,XXXXXXXXX,1,526
11348,Beverly,Roberts,XXXXXXXXX,XXXXXXXXX,1,6072
11349,Mary,Fisher,XXXXXXXXX,XXXXXXXXX,1,6701
11350,Brittany,Lynch,XXXXXXXXX,XXXXXXXXX,1,6557
11351,Mary,Smith,XXXXXXXXX,XXXXXXXXX,2,16389
11352,Doris,Peterson,XXXXXXXXX,XXXXXXXXX,1,5666
11353,Mary,Silva,XXXXXXXXX,XXXXXXXXX,2,8455
11354,Lauren,Hartman,XXXXXXXXX,XXXXXXXXX,2,16528
11355,Mary,Smith,XXXXXXXXX,XXXXXXXXX,3,2373
11356,Sean,Hoffman,XXXXXXXXX,XXXXXXXXX,1,4947
11357,Mary,Smith,XXXXXXXXX,XXXXXXXXX,2,6156
11358,Shirley,Harvey,XXXXXXXXX,XXXXXXXXX,1,8980
11359,Mary,Solis,XXXXXXXXX,XXXXXXXXX,1,5143
11360,Jesse,Smith,XXXXXXXXX,XXXXXXXXX,1,926
11361,Mary,Kennedy,XXXXXXXXX,XXXXXXXXX,1,15414
11362,Michael,Harmon,XXXXXXXXX,XXXXXXXXX,2,4624
11363,Frank,Paul,XXXXXXXXX,XXXXXXXXX,1,4169
11364,Jacqueline,Smith,XXXXXXXXX,XXXXXXXXX,2,16403
11365,Mary,Wang,XXXXXXXXX,XXXXXXXXX,2,13053
11366,Catherine,Weiss,XXXXXXXXX,XXXXXXXXX,3,318
11367,Mary,Smith,XXXXXXXXX,XXXXXXXXX,1,14147
11368,Daniel,Johnson,XXXXXXXXX,XXXXXXXXX,1,8020
11369,Mary,Rodriguez,XXXXXXXXX,XXXXXXXXX,1,9927
11370,James,Ray,XXXXXXXXX,XXXXXXXXX,2,6594
11371,Sarah,Smith,XXXXXXXXX,XXXXXXXXX,1,10086
11372,Mary,Clark,XXXXXXXXX,XXXXXXXXX,2,5431
11373,William,Cohen,XXXXXXXXX,XXXXXXXXX,1,11917
11374,Stephen,Smith,XXXXXXXXX,XXXXXXXXX,1,9390
11375,Mary,Mcdonald,XXXXXXXXX,XXXXXXXXX,2,4636
11376,Charles,Mason,XXXXXXXXX,XXXXXXXXX,3,9687
11377,Brandon,Smith,XXXXXXXXX,XXXXXXXXX,1,4399
11378,Mary,Foster,XXXXXXXXX,XXXXXXXXX,1,6943
11379,Kathleen,Glover,XXXXXXXXX,XXXXXXXXX,2,1332
11380,Jane,Smith,XXXXXXXXX,XXXXXXXXX,1,15262
11381,Mary,Gonzalez,XXXXXXXXX,XXXXXXXXX,1,9113
11382,Richard,Gordon,XXXXXXXXX,XXXXXXXXX,2,12342
11383,Elizabeth,Smith,XXXXXXXXX,XXXXXXXXX,1,635
11384,Marie,Jackson,XXXXXXXXX,XXXXXXXXX,3,8466
11385,Mary,Stewart,XXXXXXXXX,XXXXXXXXX,1,957
11386,Edward,Barnett,XXXXXXXXX,XXXXXXXXX,2,11618
11387,Larry,Smith,XXXXXXXXX,XXXXXXXXX,2,11286
11388,Mary,Rangel,XXXXXXXXX,XXXXXXXXX,1,2571
11389,Eugene,Smith,XXXXXXXXX,XXXXXXXXX,2,8430
11390,Mary,Williams,XXXXXXXXX,XXXXXXXXX,2,6051
11391,Richard,Holland,XXXXXXXXX,XXXXXXXXX,3,5201
11392,Mary,Smith,XXXXXXXXX,XXXXXXXXX,1,1271
11393,Steven,Wong,XXXXXXXXX,XXXXXXXXX,2,2013
11394,Vincent,Smith,XXXXXXXXX,XXXXXXXXX,1,7617
11395,Mary,Schmidt,XXXXXXXXX,XXXXXXXXX,3,14404
11396,Elizabeth,Smith,XXXXXXXXX,XXXXXXXXX,1,8713
11397,Mary,Mercer,XXXXXXXXX,XXXXXXXXX,1,13418
11398,Brian,Smith,XXXXXXXXX,XXXXXXXXX,2,8426
11399,Mary,Martinez,XXXXXXXXX,XXXXXXXXX,1,12410
11400,Frances,Holmes,XXXXXXXXX,XXXXXXXXX,3,13782
11401,Mary,Smith,XXXXXXXXX,XXXXXXXXX,1,12071
11402,Angela,Wilkinson,XXXXXXXXX,XXXXXXXXX,3,6758
11403,Mary,Smith,XXXXXXXXX,XXXXXXXXX,1,5513
11404,Helen,Cook,XXXXXXXXX,XXXXXXXXX,2,5510
11405,Mary,Smith,XXXXXXXXX,XXXXXXXXX,2,654
11406,James,Perry,XXXXXXXXX,XXXXXXXXX,2,8985
11407,Steven,Powers,XXXXXXXXX,XXXXXXXXX,1,3154
11408,Vincent,Smith,XXXXXXXXX,XXXXXXXXX,2,7461
11409,Mary,Hill,XXXXXXXXX,XXXXXXXXX,2,15555
11410,Catherine,Smith,XXXXXXXXX,XXXXXXXXX,1,7988
11411,Kyle,Garcia,XXXXXXXXX,XXXXXXXXX,2,11861
11412,Mary,Harris,XXXXXXXXX,XXXXXXXXX,2,3425
11413,Amanda,Sanders,XXXXXXXXX,XXXXXXXXX,3,7180
11414,Mary,Maxwell,XXXXXXXXX,XXXXXXXXX,2,14513
11415,George,Smith,XXXXXXXXX,XXXXXXXXX,2,7721
11416,Mary,Olson,XXXXXXXXX,XXXXXXXXX,2,6320
11417,Kenneth,Whitney,XXXXXXXXX,XXXXXXXXX,1,10668
11418,Mary,Smith,XXXXXXXXX,XXXXXXXXX,1,6655
11419,Jessica,Chaney,XXXXXXXXX,XXXXXXXXX,2,11747
11420,Pamela,Smith,XXXXXXXXX,XXXXXXXXX,1,11466
11421,Tiffany,Brown,XXXXXXXXX,XXXXXXXXX,1,15015
11422,Mary,Jones,XXXXXXXXX,XXXXXXXXX,3,6593
11423,Gary,Blair,XXXXXXXXX,XXXXXXXXX,3,9799
11424,Janet,Smith,XXXXXXXXX,XXXXXXXXX,3,14115
11425,Kathy,Norman,XXXXXXXXX,XXXXXXXXX,1,14914
11426,Mary,Smith,XXXXXXXXX,XXXXXXXXX,1,14119
11427,Deborah,Martin,XXXXXXXXX,XXXXXXXXX,2,4309
11428,Raymond,Santana,XXXXXXXXX,XXXXXXXXX,1,8981
11429,Janice,Smith,XXXXXXXXX,XXXXXXXXX,3,5723
11430,Mary,Miller,XXXXXXXXX,XXXXXXXXX,2,16298
11431,Willie,Sanders,XXXXXXXXX,XXXXXXXXX,1,7711
11432,Mary,Harper,XXXXXXXXX,XXXXXXXXX,1,1936
11433,Peter,Smith,XXXXXXXXX,XXXXXXXXX,1,12175
11434,Mary,Thompson,XXXXXXXXX,XXXXXXXXX,3,5053
11435,Amber,Smith,XXXXXXXXX,XXXXXXXXX,1,1159
11436,Mary,Brock,XXXXXXXXX,XXXXXXXXX,1,5634
11437,Jason,Dalton,XXXXXXXXX,XXXXXXXXX,1,9154
11438,Mary,Pugh,XXXXXXXXX,XXXXXXXXX,1,9368
11439,Matthew,Smith,XXXXXXXXX,XXXXXXXXX,2,4331
11440,Gloria,Torres,XXXXXXXXX,XXXXXXXXX,3,11063
11441,Mary,Ferguson,XXXXXXXXX,XXXXXXXXX,1,14220
11442,Adam,Wong,XXXXXXXXX,XXXXXXXXX,1,803
11443,Mary,Smith,XXXXXXXXX,XXXXXXXXX,1,9025
11444,Kathleen,Patrick,XXXXXXXXX,XXXXXXXXX,2,11196
11445,Danielle,Smith,XXXXXXXXX,XXXXXXXXX,2,5179
11446,Mary,Ramos,XXXXXXXXX,XXXXXXXXX,2,6994
11447,Steven,Smith,XXXXXXXXX,XXXXXXXXX,2,13735
11448,Mary,Tucker,XXXXXXXXX,XXXXXXXXX,1,3507
11449,Barbara,Smith,XXXXXXXXX,XXXXXXXXX,2,1127
11450,Donald,Nelson,XXXXXXXXX,XXXXXXXXX,1,7379
11451,Mary,Shepherd,XXXXXXXXX,XXXXXXXXX,3,7894
11452,Kathleen,Orr,XXXXXXXXX,XXXXXXXXX,3,3828
11453,Mary,Smith,XXXXXXXXX,XXXXXXXXX,1,14922
11454,Ethan,Wells,XXXXXXXXX,XXXXXXXXX,3,10713
11455,Mary,Weaver,XXXXXXXXX,XXXXXXXXX,1,2860
11456,Michael,Peters,XXXXXXXXX,XXXXXXXXX,1,1198
11457,Jonathan,Smith,XXXXXXXXX,XXXXXXXXX,2,4175
11458,Rachel,Bernard,XXXXXXXXX,XXXXXXXXX,3,2076
11459,Mary,Smith,XXXXXXXXX,XXXXXXXXX,1,1508
11460,Richard,Payne,XXXXXXXXX,XXXXXXXXX,2,369
11461,Kevin,Smith,XXXXXXXXX,XXXXXXXXX,1,3815
11462,Debra,Byrd,XXXXXXXXX,XXXXXXXXX,2,1876
11463,Mary,Smith,XXXXXXXXX,XXXXXXXXX,2,8736
11464,Timothy,Mckinney,XXXXXXXXX,XXXXXXXXX,1,8752
11465,Mary,Smith,XXXXXXXXX,XXXXXXXXX,3,1673
11466,Jennifer,Ramos,XXXXXXXXX,XXXXXXXXX,1,14015
11467,Hannah,Smith,XXXXXXXXX,XXXXXXXXX,2,12202
11468,Mary,Barton,XXXXXXXXX,XXXXXXXXX,1,5552
11469,Judy,Smith,XXXXXXXXX,XXXXXXXXX,2,1672
11470,Mary,Strong,XXXXXXXXX,XXXXXXXXX,3,10477
11471,Christopher,Smith,XXXXXXXXX,XXXXXXXXX,1,10212
11472,Nicole,Case,XXXXXXXXX,XXXXXXXXX,2,2731
11473,Mary,Smith,XXXXXXXXX,XXXXXXXXX,1,2567
11474,Willie,Greene,XXXXXXXXX,XXXXXXXXX,2,3521
11475,Mary,Garner,XXXXXXXXX,XXXXXXXXX,3,12316
11476,Linda,Smith,XXXXXXXXX,XXXXXXXXX,3,5257
11477,Kenneth,Bowman,XXXXXXXXX,XXXXXXXXX,1,4216
11478,Pamela,Smith,XXXXXXXXX,XXXXXXXXX,1,5038
11479,Debra,Johnson,XXXXXXXXX,XXXXXXXXX,3,1685
11480,Mary,Mccarthy,XXXXXXXXX,XXXXXXXXX,3,11896
11481,Walter,Pacheco,XXXXXXXXX,XXXXXXXXX,1,7100
11482,Mary,Smith,XXXXXXXXX,XXXXXXXXX,3,1967
11483,Zachary,Manning,XXXXXXXXX,XXXXXXXXX,2,10126
11484,Mary,Montoya,XXXXXXXXX,XXXXXXXXX,1,11585
11485,Jean,Haley,XXXXXXXXX,XXXXXXXXX,2,8491
11486,Mary,Smith,XXXXXXXXX,XXXXXXXXX,1,13155
11487,Cheryl,Evans,XXXXXXXXX,XXXXXXXXX,1,5856
11488,Mary,Foster,XXXXXXXXX,XXXXXXXXX,2,4943
11489,Dorothy,Hudson,XXXXXXXXX,XXXXXXXXX,2,7528
11490,Mary,Key,XXXXXXXXX,XXXXXXXXX,1,2330
11491,David,Smith,XXXXXXXXX,XXXXXXXXX,3,11953
11492,Evelyn,Allen,XXXXXXXXX,XXXXXXXXX,2,9046
11493,Julia,Flores,XXXXXXXXX,XXXXXXXXX,1,5878
11494,Harry,Donovan,XXXXXXXXX,XXXXXXXXX,1,3173
11495,Mary,Smith,XXXXXXXXX,XXXXXXXXX,1,11370
11496,Melissa,Fernandez,XXXXXXXXX,XXXXXXXXX,1,1906
11497,Mary,Smith,XXXXXXXXX,XXXXXXXXX,1,5176
11498,Scott,Day,XXXXXXXXX,XXXXXXXXX,1,3098
11499,Mary,Smith,XXXXXXXXX,XXXXXXXXX,1,3013
11500,Mary,Martin,XXXXXXXXX,XXXXXXXXX,3,3579
11501,Larry,Peterson,XXXXXXXXX,XXXXXXXXX,2,11065
11502,Mary,Fletcher,XXXXXXXXX,XXXXXXXXX,1,3436
11503,Juan,Curry,XXXXXXXXX,XXXXXXXXX,2,6175
11504,Mary,Smith,XXXXXXXXX,XXXXXXXXX,1,11296
11505,Michael,Schultz,XXXXXXXXX,XXXXXXXXX,1,8431
11506,Sara,Baxter,XXXXXXXXX,XXXXXXXXX,3,745
11507,Mary,Stafford,XXXXXXXXX,XXXXXXXXX,2,3278
11508,Mary,Smith,XXXXXXXXX,XXXXXXXXX,1,11647
11509,Sharon,Wood,XXXXXXXXX,XXXXXXXXX,1,9503
11510,Ryan,Smith,XXXXXXXXX,XXXXXXXXX,1,7646
11511,Albert,Hale,XXXXXXXXX,XXXXXXXXX,2,15
11512,Mary,Randall,XXXXXXXXX,XXXXXXXXX,1,10347
11513,David,Smith,XXXXXXXXX,XXXXXXXXX,3,15577
11514,Shirley,Carlson,XXXXXXXXX,XXXXXXXXX,3,4402
11515,Mary,Proctor,XXXXXXXXX,XXXXXXXXX,2,6652
11516,Kevin,Smith,XXXXXXXXX,XXXXXXXXX,1,1674
11517,Kathy,Kelley,XXXXXXXXX,XXXXXXXXX,1,16438
11518,Mary,Bradshaw,XXXXXXXXX,XXXXXXXXX,1,4035
11519,Karen,Smith,XXXXXXXXX,XXXXXXXXX,1,13438
11520,Mary,Anderson,XXXXXXXXX,XXXXXXXXX,2,11496
11521,Janice,Vega,XXXXXXXXX,XXXXXXXXX,3,2419
11522,Roy,Smith,XXXXXXXXX,XXXXXXXXX,3,15106
11523,Mary,Mayer,XXXXXXXXX,XXXXXXXXX,1,15045
11524,Phillip,Smith,XXXXXXXXX,XXXXXXXXX,1,3585
11525,Mary,Williams,XXXXXXXXX,XXXXXXXXX,1,6191
11526,Dorothy,Crawford,XXXXXXXXX,XXXXXXXXX,1,10777
11527,Karen,Smith,XXXXXXXXX,XXXXXXXXX,1,8954
11528,Kathleen,Garcia,XXXXXXXXX,XXXXXXXXX,3,4790
11529,Mary,Hernandez,XXXXXXXXX,XXXXXXXXX,3,1457
11530,Richard,Gibson,XXXXXXXXX,XXXXXXXXX,2,13375
11531,Barbara,Gordon,XXXXXXXXX,XXXXXXXXX,2,8297
11532,Janice,Nicholson,XXXXXXXXX,XXXXXXXXX,2,10473
11533,Peter,Smith,XXXXXXXXX,XXXXXXXXX,3,7798
11534,Mary,Kim,XXXXXXXXX,XXXXXXXXX,1,12858
11535,Dorothy,Moon,XXXXXXXXX,XXXXXXXXX,1,4824
11536,Justin,Smith,XXXXXXXXX,XXXXXXXXX,1,15976
11537,Lori,Phelps,XXXXXXXXX,XXXXXXXXX,1,8960
11538,Christian,Smith,XXXXXXXXX,XXXXXXXXX,3,8911
11539,Mary,Shaffer,XXXXXXXXX,XXXXXXXXX,1,801
11540,Doris,Smith,XXXXXXXXX,XXXXXXXXX,1,5108
11541,Marie,Ruiz,XXXXXXXXX,XXXXXXXXX,1,772
11542,Mary,Perkins,XXXXXXXXX,XXXXXXXXX,2,9487
11543,Eric,Smith,XXXXXXXXX,XXXXXXXXX,3,4763
11544,Diane,Perez,XXXXXXXXX,XXXXXXXXX,1,4319
11545,Mary,Armstrong,XXXXXXXXX,XXXXXXXXX,1,9888
11546,Mary,Schwartz,XXXXXXXXX,XXXXXXXXX,2,589
11547,Sarah,Smith,XXXXXXXXX,XXXXXXXXX,1,10810
11548,Hannah,Gardner,XXXXXXXXX,XXXXXXXXX,1,964
11549,Mary,Smith,XXXXXXXXX,XXXXXXXXX,1,4536
11550,Nathan,Thompson,XXXXXXXXX,XXXXXXXXX,1,3394
11551,Lawrence,Harrison,XXXXXXXXX,XXXXXXXXX,1,15625
11552,Mary,Smith,XXXXXXXXX,XXXXXXXXX,1,3392
11553,Mary,Moore,XXXXXXXXX,XXXXXXXXX,1,6985
11554,Hannah,Marshall,XXXXXXXXX,XXXXXXXXX,3,6548
11555,Mary,Smith,XXXXXXXXX,XXXXXXXXX,3,2779
11556,Hannah,Watson,XXXXXXXXX,XXXXXXXXX,1,8545
11557,Mary,Smith,XXXXXXXXX,XXXXXXXXX,1,11866
11558,Joyce,Camacho,XXXXXXXXX,XXXXXXXXX,1,9282
11559,Mary,Smith,XXXXXXXXX,XXXXXXXXX,1,16497
11560,Walter,Walton,XXXXXXXXX,XXXXXXXXX,2,12244
11561,Billy,Smith,XXXXXXXXX,XXXXXXXXX,1,8814
11562,Mary,Baird,XXXXXXXXX,XXXXXXXXX,2,11795
11563,Samuel,Smith,XXXXXXXXX,XXXXXXXXX,1,5876
11564,Mary,Hall,XXXXXXXXX,XXXXXXXXX,2,8681
11565,Rose,Pena,XXXXXXXXX,XXXXXXXXX,1,8663
11566,Marilyn,Smith,XXXXXXXXX,XXXXXXXXX,1,2449
11567,Mary,Walker,XXXXXXXXX,XXXXXXXXX,1,6263
11568,Stephen,Shelton,XXXXXXXXX,XXXXXXXXX,1,5181
11569,Mary,Smith,XXXXXXXXX,XXXXXXXXX,2,7354
11570,Mary,Kim,XXXXXXXXX,XXXXXXXXX,3,6980
11571,Kimberly,Burke,XXXXXXXXX,XXXXXXXXX,1,26
11572,Mary,Salazar,XXXXXXXXX,XXXXXXXXX,1,3550
11573,Judy,Smith,XXXXXXXXX,XXXXXXXXX,2,3875
11574,Mary,Guzman,XXXXXXXXX,XXXXXXXXX,1,15280
11575,William,Smith,XXXXXXXXX,XXXXXXXXX,1,7653
11576,Richard,Andrade,XXXXXXXXX,XXXXXXXXX,2,1910
11577,Mary,Smith,XXXXXXXXX,XXXXXXXXX,2,7543
11578,Joseph,Hall,XXXXXXXXX,XXXXXXXXX,2,6347
11579,Mary,Contreras,XXXXXXXXX,XXXXXXXXX,3,16248
11580,Cynthia,Smith,XXXXXXXXX,XXXXXXXXX,2,5535
11581,Mary,Ramsey,XXXXXXXXX,XXXXXXXXX,2,4666
11582,Debra,Hull,XXXXXXXXX,XXXXXXXXX,2,12957
11583,Mary,Smith,XXXXXXXXX,XXXXXXXXX,1,10908
11584,Jeffrey,Wilcox,XXXXXXXXX,XXXXXXXXX,1,14074
11585,Mary,Smith,XXXXXXXXX,XXXXXXXXX,1,12466
11586,Nancy,Wright,XXXXXXXXX,XXXXXXXXX,2,1896
11587,Alice,Stewart,XXXXXXXXX,XXXXXXXXX,1,7140
11588,Lawrence,Smith,XXXXXXXXX,XXXXXXXXX,1,14016
11589,Mary,Anderson,XXXXXXXXX,XXXXXXXXX,1,15642
11590,Mark,Walker,XXXXXXXXX,XXXXXXXXX,1,5786
11591,Ann,Alexander,XXXXXXXXX,XXXXXXXXX,1,15599
11592,Mary,Smith,XXXXXXXXX,XXXXXXXXX,1,8644
11593,Joan,Haynes,XXXXXXXXX,XXXXXXXXX,1,16267
11594,Mary,Smith,XXXXXXXXX,XXXXXXXXX,1,7957
11595,Zachary,Jones,XXXXXXXXX,XXXXXXXXX,1,12495
11596,Mary,Kennedy,XXXXXXXXX,XXXXXXXXX,2,13626
11597,Mildred,Smith,XXXXXXXXX,XXXXXXXXX,1,487
11598,Kathy,Ward,XXXXXXXXX,XXXXXXXXX,1,9572
11599,Mary,Malone,XXXXXXXXX,XXXXXXXXX,1,14245
11600,Jean,Finley,XXXXXXXXX,XXXXXXXXX,1,5970
11601,Crystal,Hayden,XXXXXXXXX,XXXXXXXXX,1,3736
11602,Mary,Smith,XXXXXXXXX,XXXXXXXXX,2,9930
11603,Theresa,Leonard,XXXXXXXXX,XXXXXXXXX,2,4735
11604,Mary,Santana,XXXXXXXXX,XXXXXXXXX,1,12167
11605,Cynthia,Smith,XXXXXXXXX,XXXXXXXXX,1,4844
11606,Mary,Cisneros,XXXXXXXXX,XXXXXXXXX,1,14783
11607,Robert,Smith,XXXXXXXXX,XXXXXXXXX,2,14532
11608,Patricia,Thomas,XXXXXXXXX,XXXXXXXXX,1,1767
11609,Alice,Lozano,XXXXXXXXX,XXXXXXXXX,2,4015
11610,Mary,Smith,XXXXXXXXX,XXXXXXXXX,2,3733
11611,Margaret,Sanford,XXXXXXXXX,XXXXXXXXX,2,3551
11612,Mary,Smith,XXXXXXXXX,XXXXXXXXX,2,11628
11613,Diane,Taylor,XXXXXXXXX,XXXXXXXXX,3,6430
11614,Zachary,Thomas,XXXXXXXXX,XXXXXXXXX,3,15950
11615,Mary,Dalton,XXXXXXXXX,XXXXXXXXX,3,8667
11616,Carol,Smith,XXXXXXXXX,XXXXXXXXX,3,13259
11617,Mary,Stevens,XXXXXXXXX,XXXXXXXXX,1,8643
11618,Tammy,Smith,XXXXXXXXX,XXXXXXXXX,1,11331
11619,Mary,Anderson,XXXXXXXXX,XXXXXXXXX,3,4314
11620,Ashley,Hill,XXXXXXXXX,XXXXXXXXX,1,5295
11621,Kyle,Johns,XXXXXXXXX,XXXXXXXXX,1,8695
11622,Mary,Smith,XXXXXXXXX,XXXXXXXXX,1,1191
11623,Patricia,Yu,XXXXXXXXX,XXXXXXXXX,2,440
11624,Rachel,Smith,XXXXXXXXX,XXXXXXXXX,2,667
11625,Mary,Rios,XXXXXXXXX,XXXXXXXXX,2,5488
11626,Debra,Bradshaw,XXXXXXXXX,XXXXXXXXX,1,8983
11627,Mary,Smith,XXXXXXXXX,XXXXXXXXX,1,5653
11628,Jennifer,Edwards,XXXXXXXXX,XXXXXXXXX,1,3445
11629,Cynthia,Smith,XXXXXXXXX,XXXXXXXXX,1,10807
11630,Mary,Clark,XXXXXXXXX,XXXXXXXXX,1,6502
11631,Jennifer,Mckenzie,XXXXXXXXX,XXXXXXXXX,1,10646
11632,Mary,Smith,XXXXXXXXX,XXXXXXXXX,2,12761
11633,Jane,Gonzalez,XXXXXXXXX,XXXXXXXXX,2,9062
11634,Ethan,Fleming,XXXXXXXXX,XXXXXXXXX,2,1586
11635,Mary,Smith,XXXXXXXXX,XXXXXXXXX,1,4151
11636,Patrick,Browning,XXXXXXXXX,XXXXXXXXX,1,307
11637,Mary,Smith,XXXXXXXXX,XXXXXXXXX,1,11404
11638,Ruth,Stewart,XXXXXXXXX,XXXXXXXXX,1,7523
11639,Teresa,Salazar,XXXXXXXXX,XXXXXXXXX,1,1280
11640,Jose,Smith,XXXXXXXXX,XXXXXXXXX,2,7282
11641,Mary,Simon,XXXXXXXXX,XXXXXXXXX,1,9139
11642,James,Smith,XXXXXXXXX,XXXXXXXXX,2,12578
11643,Paul,Larson,XXXXXXXXX,XXXXXXXXX,1,2451
11644,Mildred,Smith,XXXXXXXXX,XXXXXXXXX,1,9736
11645,Mary,Ward,XXXXXXXXX,XXXXXXXXX,1,11802
11646,Joe,Snyder,XXXXXXXXX,XXXXXXXXX,1,10550
11647,Mary,Ryan,XXXXXXXXX,XXXXXXXXX,1,10741
11648,Angela,Smith,XXXXXXXXX,XXXXXXXXX,3,15026
11649,Wayne,Landry,XXXXXXXXX,XXXXXXXXX,3,15409
11650,Mary,Smith,XXXXXXXXX,XXXXXXXXX,3,7166
11651,Frank,Camacho,XXXXXXXXX,XXXXXXXXX,3,4878
11652,Mary,Smith,XXXXXXXXX,XXXXXXXXX,3,3593
11653,William,Collins,XXXXXXXXX,XXXXXXXXX,1,11001
11654,Michelle,Acosta,XXXXXXXXX,XXXXXXXXX,1,9892
11655,Ruth,Smith,XXXXXXXXX,XXXXXXXXX,1,8953
11656,Mary,Wyatt,XXXXXXXXX,XXXXXXXXX,1,7377
11657,Michelle,Smith,XXXXXXXXX,XXXXXXXXX,1,8118
11658,Mary,Wilson,XXXXXXXXX,XXXXXXXXX,1,2025
11659,Steven,Gonzalez,XXXXXXXXX,XXXXXXXXX,1,14437
11660,Mary,Garza,XXXXXXXXX,XXXXXXXXX,1,7272
11661,Johnny,Mora,XXXXXXXXX,XXXXXXXXX,1,9333
11662,Mary,Smith,XXXXXXXXX,XXXXXXXXX,3,16067
11663,Emily,Hill,XXXXXXXXX,XXXXXXXXX,3,1718
11664,Mary,Smith,XXXXXXXXX,XXXXXXXXX,1,3888
11665,William,Anderson,XXXXXXXXX,XXXXXXXXX,2,3755
11666,Johnny,Smith,XXXXXXXXX,XXXXXXXXX,3,6153
11667,Mary,Brooks,XXXXXXXXX,XXXXXXXXX,2,12742
11668,Jean,Smith,XXXXXXXXX,XXXXXXXXX,1,10030
11669,Mary,Murray,XXXXXXXXX,XXXXXXXXX,1,14534
11670,Jerry,Maldonado,XXXXXXXXX,XXXXXXXXX,1,12139
11671,Mary,Smith,XXXXXXXXX,XXXXXXXXX,1,7338
11672,Charles,Burns,XXXXXXXXX,XXXXXXXXX,1,1326
11673,Donald,Smith,XXXXXXXXX,XXXXXXXXX,1,14193
11674,Christina,Daniel,XXXXXXXXX,XXXXXXXXX,1,2687
11675,Mary,Smith,XXXXXXXXX,XXXXXXXXX,2,7816
11676,Anna,Olsen,XXXXXXXXX,XXXXXXXXX,3,10593
11677,Christine,Smith,XXXXXXXXX,XXXXXXXXX,3,1525
11678,Olivia,Smith,XXXXXXXXX,XXXXXXXXX,3,11732
11679,Mary,Benson,XXXXXXXXX,XXXXXXXXX,3,6313
11680,Emma,Smith,XXXXXXXXX,XXXXXXXXX,3,4785
11681,Roy,Jackson,XXXXXXXXX,XXXXXXXXX,1,13847
11682,Mary,Ferguson,XXXXXXXXX,XXXXXXXXX,3,12569
11683,James,Guzman,XXXXXXXXX,XXXXXXXXX,1,3843
11684,Denise,Smith,XXXXXXXXX,XXXXXXXXX,1,3505
11685,Mary,Myers,XXXXXXXXX,XXXXXXXXX,1,14873
11686,Margaret,Daniel,XXXXXXXXX,XXXXXXXXX,1,6615
11687,Mary,Wall,XXXXXXXXX,XXXXXXXXX,1,3213
11688,Richard,Smith,XXXXXXXXX,XXXXXXXXX,1,12299
11689,Samantha,Parker,XXXXXXXXX,XXXXXXXXX,1,12315
11690,Mary,Jenkins,XXXXXXXXX,XXXXXXXXX,1,6453
11691,Cheryl,Kelley,XXXXXXXXX,XXXXXXXXX,1,6869
11692,Mary,Weber,XXXXXXXXX,XXXXXXXXX,1,1605
11693,Mary,Garrett,XXXXXXXXX,XXXXXXXXX,2,9366
11694,Margaret,Rios,XXXXXXXXX,XXXXXXXXX,2,14799
11695,Kathryn,Becker,XXXXXXXXX,XXXXXXXXX,2,855
11696,Mary,Smith,XXXXXXXXX,XXXXXXXXX,2,1608
11697,Jessica,Thomas,XXXXXXXXX,XXXXXXXXX,2,7648
11698,Julie,Tran,XXXXXXXXX,XXXXXXXXX,2,4991
11699,Mary,Atkinson,XXXXXXXXX,XXXXXXXXX,1,1103
11700,Ruth,Smith,XXXXXXXXX,XXXXXXXXX,1,6002
11701,Mary,Tucker,XXXXXXXXX,XXXXXXXXX,2,10302
11702,Tiffany,Jimenez,XXXXXXXXX,XXXXXXXXX,2,9099
11703,Mary,Andrews,XXXXXXXXX,XXXXXXXXX,1,2078
11704,John,Smith,XXXXXXXXX,XXXXXXXXX,1,3423
11705,Ann,Ward,XXXXXXXXX,XXXXXXXXX,1,12473
11706,Mary,Smith,XXXXXXXXX,XXXXXXXXX,2,4367
11707,Carol,Schwartz,XXXXXXXXX,XXXXXXXXX,2,15948
11708,Laura,Smith,XXXXXXXXX,XXXXXXXXX,2,14858
11709,Mary,Harrison,XXXXXXXXX,XXXXXXXXX,1,4638
11710,Jacob,Hopkins,XXXXXXXXX,XXXXXXXXX,1,15490
11711,Mary,Park,XXXXXXXXX,XXXXXXXXX,3,1541
11712,Edward,Smith,XXXXXXXXX,XXXXXXXXX,1,1515
11713,Mary,Frost,XXXXXXXXX,XXXXXXXXX,1,13613
11714,Larry,Terrell,XXXXXXXXX,XXXXXXXXX,1,3974
11715,Mary,Smith,XXXXXXXXX,XXXXXXXXX,1,16111
11716,Robert,Jones,XXXXXXXXX,XXXXXXXXX,1,8362
11717,Larry,Snyder,XXXXXXXXX,XXXXXXXXX,1,6571
11718,Scott,Smith,XXXXXXXXX,XXXXXXXXX,1,6284
11719,Kelly,Shepherd,XXXXXXXXX,XXXXXXXXX,2,854
11720,Mary,Smith,XXXXXXXXX,XXXXXXXXX,1,8556
11721,Karen,Harris,XXXXXXXXX,XXXXXXXXX,3,12394
11722,Donna,Vance,XXXXXXXXX,XXXXXXXXX,2,2732
11723,Laura,Smith,XXXXXXXXX,XXXXXXXXX,2,14223
11724,Mary,Parks,XXXXXXXXX,XXXXXXXXX,2,13685
11725,Elizabeth,Livingston,XXXXXXXXX,XXXXXXXXX,2,14825
11726,Gloria,Smith,XXXXXXXXX,XXXXXXXXX,1,3852
11727,Mary,Cowan,XXXXXXXXX,XXXXXXXXX,1,4183
11728,Laura,Smith,XXXXXXXXX,XXXXXXXXX,1,6082
11729,Christine,Johnson,XXXXXXXXX,XXXXXXXXX,1,12950
11730,Mary,Perkins,XXXXXXXXX,XXXXXXXXX,2,4860
11731,Scott,Smith,XXXXXXXXX,XXXXXXXXX,1,12494
11732,Mary,Johnson,XXXXXXXXX,XXXXXXXXX,1,13011
11733,Christopher,Chan,XXXXXXXXX,XXXXXXXXX,2,15891
11734,Lori,Smith,XXXXXXXXX,XXXXXXXXX,2,1356
11735,Mary,Acevedo,XXXXXXXXX,XXXXXXXXX,2,1499
11736,Jeffrey,Smith,XXXXXXXXX,XXXXXXXXX,2,2499
11737,Mary,Wilkins,XXXXXXXXX,XXXXXXXXX,2,594
11738,Samuel,Bryan,XXXXXXXXX,XXXXXXXXX,2,4288
11739,Mary,Smith,XXXXXXXXX,XXXXXXXXX,1,9556
11740,Jacob,Foster,XXXXXXXXX,XXXXXXXXX,3,4186
11741,Mary,Smith,XXXXXXXXX,XXXXXXXXX,1,13110
11742,Victoria,Perkins,XXXXXXXXX,XXXXXXXXX,1,16351
11743,Alexander,Smith,XXXXXXXXX,XXXXXXXXX,1,9194
11744,Mary,Hunter,XXXXXXXXX,XXXXXXXXX,3,9431
11745,George,Blake,XXXXXXXXX,XXXXXXXXX,3,12544
11746,Frances,Smith,XXXXXXXXX,XXXXXXXXX,2,1517
11747,Mary,Brady,XXXXXXXXX,XXXXXXXXX,2,14017
11748,James,Smith,XXXXXXXXX,XXXXXXXXX,2,791
11749,William,Murphy,XXXXXXXXX,XXXXXXXXX,1,8961
11750,Cynthia,Kidd,XXXXXXXXX,XXXXXXXXX,1,10092
11751,Mary,Smith,XXXXXXXXX,XXXXXXXXX,1,7183
11752,Michael,Miller,XXXXXXXXX,XXXXXXXXX,1,2422
11753,Richard,Reid,XXXXXXXXX,XXXXXXXXX,2,14968
11754,Aaron,Smith,XXXXXXXXX,XXXXXXXXX,2,8563
11755,Mary,Jackson,XXXXXXXXX,XXXXXXXXX,1,2082
11756,Linda,Long,XXXXXXXXX,XXXXXXXXX,1,14428
11757,Mary,Boyle,XXXXXXXXX,XXXXXXXXX,1,3560
11758,Gerald,Smith,XXXXXXXXX,XXXXXXXXX,1,7585
11759,Mary,Bright,XXXXXXXXX,XXXXXXXXX,1,874
11760,Patricia,Smith,XXXXXXXXX,XXXXXXXXX,1,15194
11761,Lauren,Coleman,XXXXXXXXX,XXXXXXXXX,1,586
11762,Mary,Downs,XXXXXXXXX,XXXXXXXXX,1,10952
11763,Rose,Smith,XXXXXXXXX,XXXXXXXXX,1,4946
11764,Mary,Barnes,XXXXXXXXX,XXXXXXXXX,1,7802
11765,Steven,Smith,XXXXXXXXX,XXXXXXXXX,1,7331
11766,Mary,Mason,XXXXXXXXX,XXXXXXXXX,1,9250
11767,Joshua,Huynh,XXXXXXXXX,XXXXXXXXX,1,1381
11768,Virginia,Smith,XXXXXXXXX,XXXXXXXXX,1,769
11769,Mary,York,XXXXXXXXX,XXXXXXXXX,1,10241
11770,James,Smith,XXXXXXXXX,XXXXXXXXX,1,2736
11771,Donald,Pennington,XXXXXXXXX,XXXXXXXXX,1,10513
11772,Mary,Smith,XXXXXXXXX,XXXXXXXXX,1,8923
11773,Alexander,Santos,XXXXXXXXX,XXXXXXXXX,2,13720
11774,Mary,Smith,XXXXXXXXX,XXXXXXXXX,1,2986
11775,Heather,Henry,XXXXXXXXX,XXXXXXXXX,1,6494
11776,Mary,Smith,XXXXXXXXX,XXXXXXXXX,3,12940
11777,Melissa,Marsh,XXXXXXXXX,XXXXXXXXX,1,12310
11778,Mary,Smith,XXXXXXXXX,XXXXXXXXX,1,8868
11779,John,Hudson,XXXXXXXXX,XXXXXXXXX,2,916
11780,Karen,Norman,XXXXXXXXX,XXXXXXXXX,2,304
11781,Paul,Case,XXXXXXXXX,XXXXXXXXX,3,437
11782,Michelle,Dickson,XXXXXXXXX,XXXXXXXXX,3,12273
11783,Maria,Smith,XXXXXXXXX,XXXXXXXXX,3,7154
11784,Mary,Cunningham,XXXXXXXXX,XXXXXXXXX,3,13393
11785,Stephanie,Beasley,XXXXXXXXX,XXXXXXXXX,3,3707
11786,Mary,Macdonald,XXXXXXXXX,XXXXXXXXX,1,10671
11787,David,Smith,XXXXXXXXX,XXXXXXXXX,1,11347
11788,Dennis,Marsh,XXXXXXXXX,XXXXXXXXX,1,11701
11789,Mary,Smith,XXXXXXXXX,XXXXXXXXX,1,2793
11790,Janet,Anderson,XXXXXXXXX,XXXXXXXXX,2,7138
11791,Mary,Lee,XXXXXXXXX,XXXXXXXXX,2,11838
11792,Mary,Murray,XXXXXXXXX,XXXXXXXXX,2,2808
11793,Thomas,Riley,XXXXXXXXX,XXXXXXXXX,1,1045
11794,Anthony,Smith,XXXXXXXXX,XXXXXXXXX,2,3812
11795,Eugene,Lewis,XXXXXXXXX,XXXXXXXXX,3,9542
11796,Mary,Wall,XXXXXXXXX,XXXXXXXXX,3,2001
11797,Kimberly,Smith,XXXXXXXXX,XXXXXXXXX,2,16057
11798,Ralph,Mitchell,XXXXXXXXX,XXXXXXXXX,3,2674
11799,Mary,Tate,XXXXXXXXX,XXXXXXXXX,3,14739
11800,James,Solis,XXXXXXXXX,XXXXXXXXX,1,11892
11801,Shirley,Smith,XXXXXXXXX,XXXXXXXXX,2,6579
11802,Mary,Lindsey,XXXXXXXXX,XXXXXXXXX,2,6821
11803,Katherine,Smith,XXXXXXXXX,XXXXXXXXX,1,9011
11804,Mary,Berger,XXXXXXXXX,XXXXXXXXX,1,15845
11805,Anthony,Smith,XXXXXXXXX,XXXXXXXXX,1,11114
11806,Mildred,Hester,XXXXXXXXX,XXXXXXXXX,2,12129
11807,Mary,Smith,XXXXXXXXX,XXXXXXXXX,2,11263
11808,Sharon,Schultz,XXXXXXXXX,XXXXXXXXX,1,6915
11809,Eric,Smith,XXXXXXXXX,XXXXXXXXX,1,619
11810,Bruce,Yoder,XXXXXXXXX,XXXXXXXXX,1,8631
11811,Mary,Smith,XXXXXXXXX,XXXXXXXXX,1,763
11812,Margaret,Luna,XXXXXXXXX,XXXXXXXXX,1,6025
11813,Mary,Smith,XXXXXXXXX,XXXXXXXXX,2,7701
11814,Jack,Gilmore,XXXXXXXXX,XXXXXXXXX,1,8243
11815,Mary,Smith,XXXXXXXXX,XXXXXXXXX,3,6984
11816,Tammy,Cannon,XXXXXXXXX,XXXXXXXXX,3,16317
11817,Mary,Smith,XXXXXXXXX,XXXXXXXXX,3,10863
11818,John,Perry,XXXXXXXXX,XXXXXXXXX,2,6500
11819,Jerry,Vincent,XXXXXXXXX,XXXXXXXXX,2,707
11820,Walter,Smith,XXXXXXXXX,XXXXXXXXX,2,5239
11821,Mary,Harris,XXXXXXXXX,XXXXXXXXX,2,16344
11822,Christian,Smith,XXXXXXXXX,XXXXXXXXX,2,4740
11823,Mary,Wilkerson,XXXXXXXXX,XXXXXXXXX,2,13363
11824,Stephanie,Smith,XXXXXXXXX,XXXXXXXXX,1,9602
11825,Mary,Nunez,XXXXXXXXX,XXXXXXXXX,1,15586
11826,Barbara,Fritz,XXXXXXXXX,XXXXXXXXX,1,10804
11827,Mary,Smith,XXXXXXXXX,XXXXXXXXX,1,13499
11828,Dorothy,Merritt,XXXXXXXXX,XXXXXXXXX,2,7378
11829,Steven,Smith,XXXXXXXXX,XXXXXXXXX,2,5538
11830,Mary,Evans,XXXXXXXXX,XXXXXXXXX,2,13897
11831,Jacob,Smith,XXXXXXXXX,XXXXXXXXX,2,7462
11832,Sara,Williams,XXXXXXXXX,XXXXXXXXX,1,15341
11833,Mary,Weaver,XXXXXXXXX,XXXXXXXXX,1,2265
11834,Betty,Hansen,XXXXXXXXX,XXXXXXXXX,1,9901
11835,Tammy,Smith,XXXXXXXXX,XXXXXXXXX,1,809
11836,Mary,Clayton,XXXXXXXXX,XXXXXXXXX,1,1128
11837,Stephanie,Smith,XXXXXXXXX,XXXXXXXXX,1,1403
11838,Zachary,Cook,XXXXXXXXX,XXXXXXXXX,1,3829
11839,Mary,Maxwell,XXXXXXXXX,XXXXXXXXX,1,8111
11840,Helen,Smith,XXXXXXXXX,XXXXXXXXX,1,7279
11841,Virginia,Moore,XXXXXXXXX,XXXXXXXXX,3,7021
11842,Mary,Welch,XXXXXXXXX,XXXXXXXXX,1,16425
11843,Michelle,Smith,XXXXXXXXX,XXXXXXXXX,1,2639
11844,Pamela,Chavez,XXXXXXXXX,XXXXXXXXX,1,2747
11845,Mary,Weaver,XXXXXXXXX,XXXXXXXXX,3,12257
11846,Kathryn,Smith,XXXXXXXXX,XXXXXXXXX,3,8196
11847,Mary,Pierce,XXXXXXXXX,XXXXXXXXX,3,6281
11848,Karen,Smith,XXXXXXXXX,XXXXXXXXX,3,3479
11849,Mary,Randolph,XXXXXXXXX,XXXXXXXXX,3,15368
11850,Deborah,Smith,XXXXXXXXX,XXXXXXXXX,2,11938
11851,Mary,Shepherd,XXXXXXXXX,XXXXXXXXX,2,2481
11852,Scott,Smith,XXXXXXXXX,XXXXXXXXX,2,14194
11853,Mary,Dunn,XXXXXXXXX,XXXXXXXXX,1,2946
11854,Evelyn,Smith,XXXXXXXXX,XXXXXXXXX,2,13466
11855,Mary,Small,XXXXXXXXX,XXXXXXXXX,1,14202
11856,Helen,Smith,XXXXXXXXX,XXXXXXXXX,1,7030
11857,Judy,Wall,XXXXXXXXX,XXXXXXXXX,2,13719
11858,Mary,Smith,XXXXXXXXX,XXXXXXXXX,3,2500
11859,William,Landry,XXXXXXXXX,XXXXXXXXX,3,1503
11860,David,Smith,XXXXXXXXX,XXXXXXXXX,3,6580
11861,Brittany,Bentley,XXXXXXXXX,XXXXXXXXX,1,5269
11862,Mary,Smith,XXXXXXXXX,XXXXXXXXX,1,3471
11863,James,White,XXXXXXXXX,XXXXXXXXX,1,2517
11864,Cheryl,Hill,XXXXXXXXX,XXXXXXXXX,1,11137
11865,Marilyn,Cuevas,XXXXXXXXX,XXXXXXXXX,1,16037
11866,Mary,Smith,XXXXXXXXX,XXXXXXXXX,1,11867
11867,Richard,Ward,XXXXXXXXX,XXXXXXXXX,1,10131
11868,Mary,Mullins,XXXXXXXXX,XXXXXXXXX,1,7256
11869,Thomas,Smith,XXXXXXXXX,XXXXXXXXX,2,5500
11870,Rachel,Hernandez,XXXXXXXXX,XXXXXXXXX,2,13229
11871,Mary,Hall,XXXXXXXXX,XXXXXXXXX,2,9267
11872,Janet,Casey,XXXXXXXXX,XXXXXXXXX,2,15127
11873,Joe,Collier,XXXXXXXXX,XXXXXXXXX,2,14045
11874,Mary,Smith,XXXXXXXXX,XXXXXXXXX,1,15547
11875,Joseph,Stevens,XXXXXXXXX,XXXXXXXXX,1,13008
11876,Mary,Smith,XXXXXXXXX,XXXXXXXXX,3,13387
11877,Jeffrey,Krueger,XXXXXXXXX,XXXXXXXXX,3,12538
11878,Mary,Smith,XXXXXXXXX,XXXXXXXXX,3,9370
11879,Andrea,Morrison,XXXXXXXXX,XXXXXXXXX,3,9332
11880,Mary,Smith,XXXXXXXXX,XXXXXXXXX,1,10557
11881,Maria,Richards,XXXXXXXXX,XXXXXXXXX,1,11158
11882,Mary,Smith,XXXXXXXXX,XXXXXXXXX,2,13742
11883,Steven,Miller,XXXXXXXXX,XXXXXXXXX,2,9923
11884,Evelyn,Contreras,XXXXXXXXX,XXXXXXXXX,1,7178
11885,Philip,Smith,XXXXXXXXX,XXXXXXXXX,1,734
11886,Mary,Shields,XXXXXXXXX,XXXXXXXXX,1,8126
11887,Christopher,Smith,XXXXXXXXX,XXXXXXXXX,1,7779
11888,Frank,Barrett,XXXXXXXXX,XXXXXXXXX,2,7737
11889,Mary,Smith,XXXXXXXXX,XXXXXXXXX,1,1266
11890,Kenneth,Sampson,XXXXXXXXX,XXXXXXXXX,1,8623
11891,Ashley,Smith,XXXXXXXXX,XXXXXXXXX,2,14133
11892,Diana,Hernandez,XXXXXXXXX,XXXXXXXXX,2,9247
11893,Mary,Graves,XXXXXXXXX,XXXXXXXXX,2,15108
11894,John,Smith,XXXXXXXXX,XXXXXXXXX,3,13778
11895,Timothy,Walter,XXXXXXXXX,XXXXXXXXX,1,8540
11897,Virginia,Herrera,XXXXXXXXX,XXXXXXXXX,1,3522
11898,Debra,Smith,XXXXXXXXX,XXXXXXXXX,2,4205
11899,Mary,Taylor,XXXXXXXXX,XXXXXXXXX,1,9840
11900,Bryan,Ward,XXXXXXXXX,XXXXXXXXX,1,7739
11901,Mary,Smith,XXXXXXXXX,XXXXXXXXX,1,14186
11902,Catherine,Tucker,XXXXXXXXX,XXXXXXXXX,2,11928
11903,Ann,Werner,XXXXXXXXX,XXXXXXXXX,1,11051
11904,Mary,Smith,XXXXXXXXX,XXXXXXXXX,2,15308
11905,Christina,Garcia,XXXXXXXXX,XXXXXXXXX,1,3553
11906,Mary,Mendoza,XXXXXXXXX,XXXXXXXXX,1,2359
11907,Stephen,Lynn,XXXXXXXXX,XXXXXXXXX,1,3605
11908,Judith,Smith,XXXXXXXXX,XXXXXXXXX,2,1149
11909,Mary,Nguyen,XXXXXXXXX,XXXXXXXXX,2,5542
11910,Donna,Weber,XXXXXXXXX,XXXXXXXXX,2,14801
11912,Mary,Thornton,XXXXXXXXX,XXXXXXXXX,2,505
11913,James,Smith,XXXXXXXXX,XXXXXXXXX,2,105
11914,William,Collins,XXXXXXXXX,XXXXXXXXX,1,1585
11915,Janet,Phelps,XXXXXXXXX,XXXXXXXXX,1,7850
11917,Matthew,Brooks,XXXXXXXXX,XXXXXXXXX,2,53
11918,Steven,Humphrey,XXXXXXXXX,XXXXXXXXX,2,4102
11919,Bobby,Smith,XXXXXXXXX,XXXXXXXXX,3,12479
11920,Mary,Anderson,XXXXXXXXX,XXXXXXXXX,2,10119
11921,Thomas,Smith,XXXXXXXXX,XXXXXXXXX,2,6714
11922,Donald,Taylor,XXXXXXXXX,XXXXXXXXX,2,254
11923,Harry,Smith,XXXXXXXXX,XXXXXXXXX,2,5288
11924,Mary,Ramos,XXXXXXXXX,XXXXXXXXX,2,6431
11925,James,Huerta,XXXXXXXXX,XXXXXXXXX,2,8684
11926,Sarah,Smith,XXXXXXXXX,XXXXXXXXX,2,6348
11927,Mary,Harris,XXXXXXXXX,XXXXXXXXX,1,862
11928,Sharon,Chambers,XXXXXXXXX,XXXXXXXXX,1,14271
11929,Amy,Smith,XXXXXXXXX,XXXXXXXXX,1,5114
11930,Mary,Gilbert,XXXXXXXXX,XXXXXXXXX,2,1977
11931,Elizabeth,Howell,XXXXXXXXX,XXXXXXXXX,2,6487
11932,Mary,Smith,XXXXXXXXX,XXXXXXXXX,2,8781
11933,Maria,Clark,XXXXXXXXX,XXXXXXXXX,2,2685
11934,Mary,Baker,XXXXXXXXX,XXXXXXXXX,2,14400
11935,Madison,Murillo,XXXXXXXXX,XXXXXXXXX,1,3824
11936,Mary,Smith,XXXXXXXXX,XXXXXXXXX,1,9925
11937,Michael,Kerr,XXXXXXXXX,XXXXXXXXX,1,509
11938,Laura,Smith,XXXXXXXXX,XXXXXXXXX,1,9463
11939,Mary,Johnson,XXXXXXXXX,XXXXXXXXX,1,14027
11940,Richard,Reese,XXXXXXXXX,XXXXXXXXX,1,16101
11941,Jeffrey,Pugh,XXXXXXXXX,XXXXXXXXX,1,3978
11942,Mary,Bernard,XXXXXXXXX,XXXXXXXXX,1,13981
11943,William,Smith,XXXXXXXXX,XXXXXXXXX,1,6375
11944,Tammy,Ferguson,XXXXXXXXX,XXXXXXXXX,1,15635
11945,Mary,Smith,XXXXXXXXX,XXXXXXXXX,1,13293
11946,Grace,Solomon,XXXXXXXXX,XXXXXXXXX,2,15608
11947,Mary,Smith,XXXXXXXXX,XXXXXXXXX,1,8329
11948,Jennifer,Reyes,XXXXXXXXX,XXXXXXXXX,1,2314
11949,Mary,Smith,XXXXXXXXX,XXXXXXXXX,3,14789
11950,Daniel,Harris,XXXXXXXXX,XXXXXXXXX,3,3814
11951,Steven,Benton,XXXXXXXXX,XXXXXXXXX,3,15070
11952,Mary,Smith,XXXXXXXXX,XXXXXXXXX,1,10281
11953,Willie,Galvan,XXXXXXXXX,XXXXXXXXX,2,3026
11954,Mary,Smith,XXXXXXXXX,XXXXXXXXX,2,16184
11955,William,Smith,XXXXXXXXX,XXXXXXXXX,1,333
11956,Alan,Campos,XXXXXXXXX,XXXXXXXXX,2,10378
11957,Mary,Norman,XXXXXXXXX,XXXXXXXXX,2,12048
11958,Barbara,Smith,XXXXXXXXX,XXXXXXXXX,2,10800
11959,Kimberly,Clark,XXXXXXXXX,XXXXXXXXX,2,14989
11960,Ryan,Allen,XXXXXXXXX,XXXXXXXXX,2,3813
11961,Alexander,Mitchell,XXXXXXXXX,XXXXXXXXX,3,3352
11962,Diana,Smith,XXXXXXXXX,XXXXXXXXX,3,3053
11963,Mary,Wood,XXXXXXXXX,XXXXXXXXX,1,2347
11964,Richard,Huffman,XXXXXXXXX,XXXXXXXXX,1,2412
11965,Emma,Noble,XXXXXXXXX,XXXXXXXXX,1,5851
11966,Hannah,Smith,XXXXXXXXX,XXXXXXXXX,1,12455
11967,Mary,Beard,XXXXXXXXX,XXXXXXXXX,1,117
11968,Emily,Winters,XXXXXXXXX,XXXXXXXXX,1,13095
11969,Mary,Smith,XXXXXXXXX,XXXXXXXXX,1,3973
11970,Matthew,Caldwell,XXXXXXXXX,XXXXXXXXX,2,9986
11971,Donald,Klein,XXXXXXXXX,XXXXXXXXX,2,7420
11972,Henry,Smith,XXXXXXXXX,XXXXXXXXX,2,2026
11973,Mary,Alvarez,XXXXXXXXX,XXXXXXXXX,2,12117
11974,Susan,Smith,XXXXXXXXX,XXXXXXXXX,2,832
11975,Mary,Rocha,XXXXXXXXX,XXXXXXXXX,1,7578
11976,Robert,Smith,XXXXXXXXX,XXXXXXXXX,1,1784
11977,Michael,Williams,XXXXXXXXX,XXXXXXXXX,2,7227
11978,Jeffrey,Hayes,XXXXXXXXX,XXXXXXXXX,2,16329
11979,Brandon,Smith,XXXXXXXXX,XXXXXXXXX,2,5083
11981,Mary,Smith,XXXXXXXXX,XXXXXXXXX,1,4016
11982,Ethan,Johnson,XXXXXXXXX,XXXXXXXXX,1,3413
11983,Mary,Bell,XXXXXXXXX,XXXXXXXXX,1,7168
11984,Richard,Smith,XXXXXXXXX,XXXXXXXXX,2,2369
11985,Jennifer,Moss,XXXXXXXXX,XXXXXXXXX,2,12611
11986,Gerald,Smith,XXXXXXXXX,XXXXXXXXX,2,5438
11987,Mary,Gentry,XXXXXXXXX,XXXXXXXXX,1,6812
11988,Judy,Smith,XXXXXXXXX,XXXXXXXXX,1,7542
11989,Mary,Turner,XXXXXXXXX,XXXXXXXXX,1,1463
11990,Linda,Obrien,XXXXXXXXX,XXXXXXXXX,3,12149
11991,Sara,Smith,XXXXXXXXX,XXXXXXXXX,1,4838
11992,Mary,Williamson,XXXXXXXXX,XXXXXXXXX,2,5907
11993,Amber,Smith,XXXXXXXXX,XXXXXXXXX,2,10549
11994,Crystal,Mills,XXXXXXXXX,XXXXXXXXX,3,11254
11995,Mary,Smith,XXXXXXXXX,XXXXXXXXX,2,7677
11996,Joseph,Lambert,XXXXXXXXX,XXXXXXXXX,1,7776
11997,Jonathan,Smith,XXXXXXXXX,XXXXXXXXX,1,11596
11998,Mary,Wong,XXXXXXXXX,XXXXXXXXX,1,5768
11999,Johnny,Smith,XXXXXXXXX,XXXXXXXXX,1,6971
12000,Mary,Mejia,XXXXXXXXX,XXXXXXXXX,1,2950
12001,Christopher,Smith,XXXXXXXXX,XXXXXXXXX,1,9734
12002,Nicholas,Davis,XXXXXXXXX,XXXXXXXXX,2,5464
12003,Mary,Smith,XXXXXXXXX,XXXXXXXXX,3,6053
12004,Marie,Martinez,XXXXXXXXX,XXXXXXXXX,3,9740
12005,Mary,Burton,XXXXXXXXX,XXXXXXXXX,1,5193
12006,Anna,Sharp,XXXXXXXXX,XXXXXXXXX,1,5807
12007,Alan,Smith,XXXXXXXXX,XXXXXXXXX,2,14813
12008,Mary,Mcguire,XXXXXXXXX,XXXXXXXXX,2,3539
12009,Matthew,Smith,XXXXXXXXX,XXXXXXXXX,2,6765
12010,Melissa,Baker,XXXXXXXXX,XXXXXXXXX,2,1921
12011,Olivia,Ortiz,XXXXXXXXX,XXXXXXXXX,2,5963
12012,Mary,Horton,XXXXXXXXX,XXXXXXXXX,1,3185
12013,Katherine,Kramer,XXXXXXXXX,XXXXXXXXX,1,1052
12014,Samantha,Smith,XXXXXXXXX,XXXXXXXXX,1,9554
12015,Vincent,Ortiz,XXXXXXXXX,XXXXXXXXX,2,2968
12016,Mary,Smith,XXXXXXXXX,XXXXXXXXX,2,2426
12017,Sandra,Burns,XXXXXXXXX,XXXXXXXXX,3,9325
12018,Raymond,Smith,XXXXXXXXX,XXXXXXXXX,1,9657
12019,Mary,Walters,XXXXXXXXX,XXXXXXXXX,1,8624
12020,Dorothy,Smith,XXXXXXXXX,XXXXXXXXX,1,11936
12021,Gregory,Gomez,XXXXXXXXX,XXXXXXXXX,1,15872
12022,Mary,Smith,XXXXXXXXX,XXXXXXXXX,1,6266
12023,Olivia,Silva,XXXXXXXXX,XXXXXXXXX,1,3171
12024,Mary,Smith,XXXXXXXXX,XXXXXXXXX,1,1364
12025,Linda,Collier,XXXXXXXXX,XXXXXXXXX,3,9916
12026,George,Smith,XXXXXXXXX,XXXXXXXXX,3,3783
12027,Mary,Stevens,XXXXXXXXX,XXXXXXXXX,1,5319
12028,Steven,Smith,XXXXXXXXX,XXXXXXXXX,3,16283
12029,Mary,Turner,XXXXXXXXX,XXXXXXXXX,3,876
12030,Linda,Smith,XXXXXXXXX,XXXXXXXXX,1,469
12031,Ashley,Benitez,XXXXXXXXX,XXXXXXXXX,2,7619
12032,Mary,Smith,XXXXXXXXX,XXXXXXXXX,1,8005
12033,Aaron,Villa,XXXXXXXXX,XXXXXXXXX,1,4258
12034,Mary,Smith,XXXXXXXXX,XXXXXXXXX,2,10966
12035,William,Mcdaniel,XXXXXXXXX,XXXXXXXXX,1,1343
12036,Jacob,Smith,XXXXXXXXX,XXXXXXXXX,1,1073
12037,Mary,Mccann,XXXXXXXXX,XXXXXXXXX,3,12295
12038,Patricia,Smith,XXXXXXXXX,XXXXXXXXX,2,5134
12039,Mary,Wilson,XXXXXXXXX,XXXXXXXXX,1,15497
12040,Thomas,Moore,XXXXXXXXX,XXXXXXXXX,1,6653
12041,Gary,Oneal,XXXXXXXXX,XXXXXXXXX,1,4905
12042,Doris,Smith,XXXXXXXXX,XXXXXXXXX,1,1405
12043,Alexander,Jordan,XXXXXXXXX,XXXXXXXXX,2,11654
12044,Mary,Smith,XXXXXXXXX,XXXXXXXXX,2,322
12045,Jeffrey,Ryan,XXXXXXXXX,XXXXXXXXX,1,14439
12046,Joyce,Smith,XXXXXXXXX,XXXXXXXXX,2,14637
12047,Mary,Moody,XXXXXXXXX,XXXXXXXXX,2,13264
12048,Richard,Smith,XXXXXXXXX,XXXXXXXXX,2,13703
12049,Mildred,Mclaughlin,XXXXXXXXX,XXXXXXXXX,2,13829
12050,Mary,Smith,XXXXXXXXX,XXXXXXXXX,1,9857
12051,Ethan,Cox,XXXXXXXXX,XXXXXXXXX,1,15366
12052,Mary,Burke,XXXXXXXXX,XXXXXXXXX,1,3600
12053,Wayne,Mcclure,XXXXXXXXX,XXXXXXXXX,2,19
12054,Mary,Smith,XXXXXXXXX,XXXXXXXXX,2,3673
12055,Emily,Richardson,XXXXXXXXX,XXXXXXXXX,2,9364
12056,Jacob,Perkins,XXXXXXXXX,XXXXXXXXX,3,3192
12057,Tyler,Sims,XXXXXXXXX,XXXXXXXXX,3,15313
12058,Mary,Smith,XXXXXXXXX,XXXXXXXXX,3,16353
12059,Shawn,Clark,XXXXXXXXX,XXXXXXXXX,3,14075
12060,Mary,Robinson,XXXXXXXXX,XXXXXXXXX,2,3322
12061,Ruth,Huffman,XXXXXXXXX,XXXXXXXXX,2,433
12062,Nicholas,Smith,XXXXXXXXX,XXXXXXXXX,1,15663
12063,Larry,Henderson,XXXXXXXXX,XXXXXXXXX,1,2739
12064,Tammy,Smith,XXXXXXXXX,XXXXXXXXX,2,13258
12065,Mary,Hogan,XXXXXXXXX,XXXXXXXXX,1,2780
12066,Kevin,Smith,XXXXXXXXX,XXXXXXXXX,1,9813
12067,Mary,Contreras,XXXXXXXXX,XXXXXXXXX,3,7678
12068,Mary,Smith,XXXXXXXXX,XXXXXXXXX,1,6285
12069,Brittany,Gardner,XXXXXXXXX,XXXXXXXXX,3,5982
12070,Mary,Harrington,XXXXXXXXX,XXXXXXXXX,3,9761
12071,Henry,Smith,XXXXXXXXX,XXXXXXXXX,3,13567
12072,Mary,Stevens,XXXXXXXXX,XXXXXXXXX,1,4338
12073,Mildred,Merritt,XXXXXXXXX,XXXXXXXXX,1,6804
12074,Mary,Smith,XXXXXXXXX,XXXXXXXXX,1,7111
12075,Aaron,Carr,XXXXXXXXX,XXXXXXXXX,3,13722
12076,Mary,Smith,XXXXXXXXX,XXXXXXXXX,3,10692
12077,Thomas,Garcia,XXXXXXXXX,XXXXXXXXX,3,1298
12078,Mary,Oliver,XXXXXXXXX,XXXXXXXXX,3,8265
12079,Donna,Smith,XXXXXXXXX,XXXXXXXXX,3,9499
12080,Mary,Bass,XXXXXXXXX,XXXXXXXXX,1,10330
12081,Margaret,Smith,XXXXXXXXX,XXXXXXXXX,3,13292
12082,Stephanie,Morris,XXXXXXXXX,XXXXXXXXX,1,12917
12084,Jennifer,Taylor,XXXXXXXXX,XXXXXXXXX,3,16512
12085,Mark,Lopez,XXXXXXXXX,XXXXXXXXX,1,15374
12086,Mary,Powers,XXXXXXXXX,XXXXXXXXX,1,12057
12087,Anna,Maynard,XXXXXXXXX,XXXXXXXXX,1,9115
12088,Mary,Smith,XXXXXXXXX,XXXXXXXXX,1,4988
12089,Ruth,Rose,XXXXXXXXX,XXXXXXXXX,1,16339
12090,Mary,Smith,XXXXXXXXX,XXXXXXXXX,1,1359
12091,Lisa,Turner,XXXXXXXXX,XXXXXXXXX,1,6081
12092,Mary,Krueger,XXXXXXXXX,XXXXXXXXX,1,3302
12093,Barbara,Archer,XXXXXXXXX,XXXXXXXXX,2,3669
12094,Mary,Smith,XXXXXXXXX,XXXXXXXXX,2,3161
12095,Michael,Jenkins,XXXXXXXXX,XXXXXXXXX,1,6966
12096,Amber,Smith,XXXXXXXXX,XXXXXXXXX,1,2350
12097,Mary,Johnson,XXXXXXXXX,XXXXXXXXX,1,2803
12098,Ashley,Richard,XXXXXXXXX,XXXXXXXXX,1,3589
12099,Mary,Bruce,XXXXXXXXX,XXXXXXXXX,1,3890
12100,Richard,Bolton,XXXXXXXXX,XXXXXXXXX,2,6825
12101,Samantha,Smith,XXXXXXXXX,XXXXXXXXX,2,1408
12102,Johnny,Marks,XXXXXXXXX,XXXXXXXXX,2,348
12103,Mary,Smith,XXXXXXXXX,XXXXXXXXX,1,14694
12104,Joseph,Neal,XXXXXXXXX,XXXXXXXXX,2,9402
12105,Tammy,Hahn,XXXXXXXXX,XXXXXXXXX,1,7635
12106,Mary,Smith,XXXXXXXXX,XXXXXXXXX,2,3896
12107,Sharon,Patterson,XXXXXXXXX,XXXXXXXXX,1,2940
12108,Gloria,Stephens,XXXXXXXXX,XXXXXXXXX,1,12550
12109,Mary,Ayers,XXXXXXXXX,XXXXXXXXX,1,13508
12110,Lisa,Smith,XXXXXXXXX,XXXXXXXXX,1,2443
12111,Amber,Franco,XXXXXXXXX,XXXXXXXXX,1,14315
12112,Mary,Smith,XXXXXXXXX,XXXXXXXXX,1,14893
12113,Jordan,Kelley,XXXXXXXXX,XXXXXXXXX,2,2059
12114,Mary,Todd,XXXXXXXXX,XXXXXXXXX,1,5400
12115,Lawrence,Smith,XXXXXXXXX,XXXXXXXXX,1,4359
12116,Mary,Shea,XXXXXXXXX,XXXXXXXXX,1,2716
12117,Helen,Smith,XXXXXXXXX,XXXXXXXXX,3,3279
12118,Mary,Zimmerman,XXXXXXXXX,XXXXXXXXX,3,5882
12119,Barbara,Pham,XXXXXXXXX,XXXXXXXXX,1,683
12120,Pamela,Smith,XXXXXXXXX,XXXXXXXXX,1,2450
12121,Beverly,Ellis,XXXXXXXXX,XXXXXXXXX,2,6264
12122,Mary,Smith,XXXXXXXXX,XXXXXXXXX,2,5367
12123,Jeremy,Tucker,XXXXXXXXX,XXXXXXXXX,1,14246
12125,Lauren,Valdez,XXXXXXXXX,XXXXXXXXX,1,16481
12126,Phillip,Smith,XXXXXXXXX,XXXXXXXXX,3,8454
12127,Mary,Shaffer,XXXXXXXXX,XXXXXXXXX,3,9439
12128,Jeremy,Smith,XXXXXXXXX,XXXXXXXXX,2,4279
12129,Mary,Perkins,XXXXXXXXX,XXXXXXXXX,1,10581
12130,Brian,Watts,XXXXXXXXX,XXXXXXXXX,3,11535
12131,Douglas,Smith,XXXXXXXXX,XXXXXXXXX,3,9742
12132,Mary,Larson,XXXXXXXXX,XXXXXXXXX,2,8107
12133,Nicholas,Vazquez,XXXXXXXXX,XXXXXXXXX,2,8473
12134,Mary,Jefferson,XXXXXXXXX,XXXXXXXXX,2,11405
12135,Danielle,Shepard,XXXXXXXXX,XXXXXXXXX,2,11500
12136,Mary,Smith,XXXXXXXXX,XXXXXXXXX,2,2142
12137,Eugene,Barrera,XXXXXXXXX,XXXXXXXXX,2,7990
12138,Mary,Smith,XXXXXXXXX,XXXXXXXXX,2,7807
12139,Brian,Walton,XXXXXXXXX,XXXXXXXXX,3,10679
12140,Lauren,Smith,XXXXXXXXX,XXXXXXXXX,1,11532
12141,Mary,Allen,XXXXXXXXX,XXXXXXXXX,2,3508
12142,Anthony,Smith,XXXXXXXXX,XXXXXXXXX,1,12914
12143,Gary,Flores,XXXXXXXXX,XXXXXXXXX,1,13776
12144,Mary,Gallegos,XXXXXXXXX,XXXXXXXXX,1,13081
12145,Joyce,Smith,XXXXXXXXX,XXXXXXXXX,1,4777
12146,Mary,Mitchell,XXXXXXXXX,XXXXXXXXX,2,3459
12147,Kathleen,Smith,XXXXXXXXX,XXXXXXXXX,2,14440
12148,Andrea,Martin,XXXXXXXXX,XXXXXXXXX,2,1789
12149,Mary,Smith,XXXXXXXXX,XXXXXXXXX,2,9075
12150,Paul,Hancock,XXXXXXXXX,XXXXXXXXX,3,4775
12151,Vincent,Krueger,XXXXXXXXX,XXXXXXXXX,3,15412
12152,Mary,Smith,XXXXXXXXX,XXXXXXXXX,3,16479
12153,James,Thomas,XXXXXXXXX,XXXXXXXXX,3,2767
12154,Kevin,Andrews,XXXXXXXXX,XXXXXXXXX,1,12916
12155,Catherine,Smith,XXXXXXXXX,XXXXXXXXX,3,2588
12156,Mary,Lee,XXXXXXXXX,XXXXXXXXX,1,14733
12157,Rose,Morrow,XXXXXXXXX,XXXXXXXXX,1,6522
12158,Mary,Smith,XXXXXXXXX,XXXXXXXXX,1,5408
12159,Emma,Thompson,XXXXXXXXX,XXXXXXXXX,1,6308
12160,Martha,Richmond,XXXXXXXXX,XXXXXXXXX,3,13016
12161,Mary,Smith,XXXXXXXXX,XXXXXXXXX,1,4325
12162,Larry,Marsh,XXXXXXXXX,XXXXXXXXX,3,9102
12163,Mary,Smith,XXXXXXXXX,XXXXXXXXX,1,10338
12164,Robert,Hawkins,XXXXXXXXX,XXXXXXXXX,1,11930
12165,Christine,Smith,XXXXXXXXX,XXXXXXXXX,2,12724
12166,Mary,Morse,XXXXXXXXX,XXXXXXXXX,2,13676
12167,Christopher,Smith,XXXXXXXXX,XXXXXXXXX,2,4480
12168,Christine,Guerra,XXXXXXXXX,XXXXXXXXX,2,10989
12169,Mary,Krueger,XXXXXXXXX,XXXXXXXXX,2,15689
12170,Matthew,Smith,XXXXXXXXX,XXXXXXXXX,1,4829
12171,Joyce,Malone,XXXXXXXXX,XXXXXXXXX,1,13274
12172,Sara,Smith,XXXXXXXXX,XXXXXXXXX,3,12029
12173,Adam,Wilson,XXXXXXXXX,XXXXXXXXX,2,14961
12174,Mary,Mitchell,XXXXXXXXX,XXXXXXXXX,2,1960
12176,Mary,Martin,XXXXXXXXX,XXXXXXXXX,1,1652
12177,Brenda,Carter,XXXXXXXXX,XXXXXXXXX,1,6755
12178,Mary,Mcgee,XXXXXXXXX,XXXXXXXXX,1,14298
12179,Keith,Smith,XXXXXXXXX,XXXXXXXXX,2,3538
12180,Mary,Allen,XXXXXXXXX,XXXXXXXXX,1,6992
12181,Barbara,Jordan,XXXXXXXXX,XXXXXXXXX,1,12281
12183,Kathryn,Smith,XXXXXXXXX,XXXXXXXXX,2,1335
12184,Mary,Ford,XXXXXXXXX,XXXXXXXXX,2,5442
12185,Debra,Smith,XXXXXXXXX,XXXXXXXXX,1,6924
12186,Gloria,Mcknight,XXXXXXXXX,XXXXXXXXX,1,16169
12187,Mary,Smith,XXXXXXXXX,XXXXXXXXX,1,1509
12188,Donald,Green,XXXXXXXXX,XXXXXXXXX,1,3469
12189,Judith,Hicks,XXXXXXXXX,XXXXXXXXX,1,1276
12191,Michael,Torres,XXXXXXXXX,XXXXXXXXX,1,415
12192,Mary,Carlson,XXXXXXXXX,XXXXXXXXX,1,7741
12193,Helen,Chen,XXXXXXXXX,XXXXXXXXX,1,7773
12194,Donna,Smith,XXXXXXXXX,XXXXXXXXX,1,12437
12195,Brenda,Moyer,XXXXXXXXX,XXXXXXXXX,2,15620
12196,Mary,Smith,XXXXXXXXX,XXXXXXXXX,2,15183
12197,Daniel,Williams,XXXXXXXXX,XXXXXXXXX,1,4995
12198,Peter,Hart,XXXXXXXXX,XXXXXXXXX,1,10240
12199,Mary,Smith,XXXXXXXXX,XXXXXXXXX,1,9664
12200,Sean,Williams,XXXXXXXXX,XXXXXXXXX,1,581
12201,Mary,Burton,XXXXXXXXX,XXXXXXXXX,1,14099
12202,Nicholas,Smith,XXXXXXXXX,XXXXXXXXX,3,1856
12203,Mary,Miller,XXXXXXXXX,XXXXXXXXX,3,9863
12204,Willie,Cunningham,XXXXXXXXX,XXXXXXXXX,3,4609
12205,Roy,Smith,XXXXXXXXX,XXXXXXXXX,2,1629
12206,Mary,Jackson,XXXXXXXXX,XXXXXXXXX,2,12102
12207,Jose,Smith,XXXXXXXXX,XXXXXXXXX,2,13771
12208,Mary,Simmons,XXXXXXXXX,XXXXXXXXX,2,10117
12209,Jerry,Hobbs,XXXXXXXXX,XXXXXXXXX,3,8519
12210,Mary,Smith,XXXXXXXXX,XXXXXXXXX,3,11150
12211,David,Chambers,XXXXXXXXX,XXXXXXXXX,1,6249
12212,Nathan,Morton,XXXXXXXXX,XXXXXXXXX,1,8759
12213,Mary,Smith,XXXXXXXXX,XXXXXXXXX,1,16304
12214,Jennifer,Summers,XXXXXXXXX,XXXXXXXXX,1,3233
12215,Mary,Smith,XXXXXXXXX,XXXXXXXXX,1,4430
12216,Ann,Deleon,XXXXXXXXX,XXXXXXXXX,1,11469
12217,Mary,Odonnell,XXXXXXXXX,XXXXXXXXX,1,1054
12218,Judith,Smith,XXXXXXXXX,XXXXXXXXX,1,1594
12219,Beverly,Nguyen,XXXXXXXXX,XXXXXXXXX,3,14709
12220,Mary,Smith,XXXXXXXXX,XXXXXXXXX,3,13290
12221,Betty,Sanchez,XXXXXXXXX,XXXXXXXXX,3,9209
12222,Mary,Smith,XXXXXXXXX,XXXXXXXXX,3,1005
12223,Brian,Baker,XXXXXXXXX,XXXXXXXXX,3,4796
12224,Mary,Smith,XXXXXXXXX,XXXXXXXXX,3,9050
12225,Helen,Hardin,XXXXXXXXX,XXXXXXXXX,2,5770
12226,Nicholas,Smith,XXXXXXXXX,XXXXXXXXX,1,4713
12227,Mary,Rivera,XXXXXXXXX,XXXXXXXXX,1,3450
12228,Amy,Smith,XXXXXXXXX,XXXXXXXXX,1,2123
12229,Rachel,Simmons,XXXXXXXXX,XXXXXXXXX,1,9016
12230,Mary,Smith,XXXXXXXXX,XXXXXXXXX,1,5492
12231,Steven,Davis,XXXXXXXXX,XXXXXXXXX,2,13684
12232,Mary,Moore,XXXXXXXXX,XXXXXXXXX,2,8890
12233,Karen,Small,XXXXXXXXX,XXXXXXXXX,1,9312
12234,Mary,Leblanc,XXXXXXXXX,XXXXXXXXX,2,3401
12235,Jane,Smith,XXXXXXXXX,XXXXXXXXX,1,544
12236,Howard,Nelson,XXXXXXXXX,XXXXXXXXX,1,10313
12237,Mary,Holmes,XXXXXXXXX,XXXXXXXXX,1,10773
12238,Rebecca,Gallagher,XXXXXXXXX,XXXXXXXXX,1,2130
12239,Crystal,Smith,XXXXXXXXX,XXXXXXXXX,1,9294
12240,Mary,Levy,XXXXXXXXX,XXXXXXXXX,1,8239
12241,Mary,Smith,XXXXXXXXX,XXXXXXXXX,3,12859
12242,Thomas,Smith,XXXXXXXXX,XXXXXXXXX,3,5665
12243,Sharon,Price,XXXXXXXXX,XXXXXXXXX,1,11980
12244,Cynthia,Chambers,XXXXXXXXX,XXXXXXXXX,1,10764
12245,Mary,Smith,XXXXXXXXX,XXXXXXXXX,1,6727
12246,Anthony,Golden,XXXXXXXXX,XXXXXXXXX,1,5006
12247,Brittany,Smith,XXXXXXXXX,XXXXXXXXX,1,6309
12248,Mary,Walker,XXXXXXXXX,XXXXXXXXX,1,8668
12249,Susan,Mann,XXXXXXXXX,XXXXXXXXX,1,5417
12250,Eric,Conner,XXXXXXXXX,XXXXXXXXX,1,3859
12251,Mary,Hinton,XXXXXXXXX,XXXXXXXXX,1,8066
12252,Carol,Smith,XXXXXXXXX,XXXXXXXXX,1,7337
12253,Mary,Chan,XXXXXXXXX,XXXXXXXXX,1,7316
12254,Donna,Smith,XXXXXXXXX,XXXXXXXXX,1,16491
12255,Mary,Davis,XXXXXXXXX,XXXXXXXXX,1,6518
12256,Victoria,Alvarez,XXXXXXXXX,XXXXXXXXX,1,272
12257,Mary,Woods,XXXXXXXXX,XXXXXXXXX,1,12009
12258,Kevin,Smith,XXXXXXXXX,XXXXXXXXX,1,9469
12259,Mary,Joseph,XXXXXXXXX,XXXXXXXXX,3,8330
12260,Melissa,Smith,XXXXXXXXX,XXXXXXXXX,3,3361
12261,Mary,Harris,XXXXXXXXX,XXXXXXXXX,1,10144
12262,Michael,Gray,XXXXXXXXX,XXXXXXXXX,1,3269
12263,Larry,Sullivan,XXXXXXXXX,XXXXXXXXX,1,15027
12264,Olivia,Smith,XXXXXXXXX,XXXXXXXXX,1,13611
12265,Mary,Miller,XXXXXXXXX,XXXXXXXXX,2,3697
12266,Cynthia,Moody,XXXXXXXXX,XXXXXXXXX,3,2883
12267,Mary,Smith,XXXXXXXXX,XXXXXXXXX,3,14176
12268,Harry,Lee,XXXXXXXXX,XXXXXXXXX,2,4949
12269,Mary,Preston,XXXXXXXXX,XXXXXXXXX,1,14184
12270,Dylan,Smith,XXXXXXXXX,XXXXXXXXX,1,11680
12271,Mary,Small,XXXXXXXXX,XXXXXXXXX,1,10536
12272,Robert,Smith,XXXXXXXXX,XXXXXXXXX,1,6627
12273,Mary,Dunn,XXXXXXXXX,XXXXXXXXX,1,1207
12274,Joyce,Smith,XXXXXXXXX,XXXXXXXXX,2,8486
12275,Mary,Dudley,XXXXXXXXX,XXXXXXXXX,3,5959
12276,Martha,Smith,XXXXXXXXX,XXXXXXXXX,1,6270
12277,Mary,Baxter,XXXXXXXXX,XXXXXXXXX,1,9926
12278,Karen,Smith,XXXXXXXXX,XXXXXXXXX,1,4401
12279,Mary,Dunn,XXXXXXXXX,XXXXXXXXX,1,9145
12280,John,Smith,XXXXXXXXX,XXXXXXXXX,1,1067
12281,Scott,Miller,XXXXXXXXX,XXXXXXXXX,1,14024
12282,Mary,Wilson,XXXXXXXXX,XXXXXXXXX,1,3267
12283,Willie,Pena,XXXXXXXXX,XXXXXXXXX,1,10618
12284,Mary,Smith,XXXXXXXXX,XXXXXXXXX,1,399
12285,Patrick,Mcgee,XXXXXXXXX,XXXXXXXXX,1,2051
12286,Mary,Smith,XXXXXXXXX,XXXXXXXXX,1,8030
12287,Robert,Lee,XXXXXXXXX,XXXXXXXXX,1,8252
12288,Karen,Smith,XXXXXXXXX,XXXXXXXXX,1,1352
12289,Andrea,Price,XXXXXXXXX,XXXXXXXXX,1,10261
12290,Mary,Hawkins,XXXXXXXXX,XXXXXXXXX,1,3667
12291,Jennifer,Sims,XXXXXXXXX,XXXXXXXXX,1,4112
12292,Doris,May,XXXXXXXXX,XXXXXXXXX,1,11631
12293,Mary,Smith,XXXXXXXXX,XXXXXXXXX,1,10793
12294,Theresa,Reid,XXXXXXXXX,XXXXXXXXX,1,3992
12295,Mary,Fischer,XXXXXXXXX,XXXXXXXXX,2,3244
12296,Anna,Smith,XXXXXXXXX,XXXXXXXXX,1,12197
12297,Mary,Simpson,XXXXXXXXX,XXXXXXXXX,1,13706
12298,Mary,Harper,XXXXXXXXX,XXXXXXXXX,1,2086
12299,Randy,Smith,XXXXXXXXX,XXXXXXXXX,1,15839
12300,Mary,Lindsey,XXXXXXXXX,XXXXXXXXX,1,9002
12301,John,Smith,XXXXXXXXX,XXXXXXXXX,1,6299
12302,Donald,Sampson,XXXXXXXXX,XXXXXXXXX,2,13911
12303,Mary,Smith,XXXXXXXXX,XXXXXXXXX,2,2516
12304,David,Tran,XXXXXXXXX,XXXXXXXXX,1,2931
12305,Stephanie,Leblanc,XXXXXXXXX,XXXXXXXXX,1,1229
12306,Juan,Smith,XXXXXXXXX,XXXXXXXXX,1,2742
12307,Mary,Glover,XXXXXXXXX,XXXXXXXXX,1,11082
12308,Joseph,Smith,XXXXXXXXX,XXXXXXXXX,1,4568
12309,Barbara,Pena,XXXXXXXXX,XXXXXXXXX,1,15432
12310,Ralph,Nielsen,XXXXXXXXX,XXXXXXXXX,1,10595
12311,Mary,Smith,XXXXXXXXX,XXXXXXXXX,2,11756
12312,Jessica,Figueroa,XXXXXXXXX,XXXXXXXXX,2,1384
12313,Andrea,Wang,XXXXXXXXX,XXXXXXXXX,2,8857
12314,Bruce,Smith,XXXXXXXXX,XXXXXXXXX,1,15228
12316,Kathy,Garcia,XXXXXXXXX,XXXXXXXXX,1,4553
12317,Shawn,Cross,XXXXXXXXX,XXXXXXXXX,1,1879
12318,Mary,Smith,XXXXXXXXX,XXXXXXXXX,1,9259
12319,Laura,Woodward,XXXXXXXXX,XXXXXXXXX,1,9793
12320,Mary,Smith,XXXXXXXXX,XXXXXXXXX,1,1545
12321,Helen,Christensen,XXXXXXXXX,XXXXXXXXX,1,1366
12322,Mary,Cain,XXXXXXXXX,XXXXXXXXX,1,8547
12323,Steven,Smith,XXXXXXXXX,XXXXXXXXX,3,13252
12324,Ruth,Townsend,XXXXXXXXX,XXXXXXXXX,3,11710
12325,Tyler,Smith,XXXXXXXXX,XXXXXXXXX,3,13924
12326,Mary,Tate,XXXXXXXXX,XXXXXXXXX,3,3668
12327,Emily,Smith,XXXXXXXXX,XXXXXXXXX,2,1325
12328,Mary,Jackson,XXXXXXXXX,XXXXXXXXX,1,13831
12329,Scott,Norman,XXXXXXXXX,XXXXXXXXX,2,2715
12330,Mary,Roy,XXXXXXXXX,XXXXXXXXX,1,10960
12331,Matthew,Smith,XXXXXXXXX,XXXXXXXXX,1,7126
12332,Kelly,Jones,XXXXXXXXX,XXXXXXXXX,1,10048
12333,Mary,Thomas,XXXXXXXXX,XXXXXXXXX,1,7229
12334,Michael,Robertson,XXXXXXXXX,XXXXXXXXX,1,6839
12335,Mary,Riley,XXXXXXXXX,XXXXXXXXX,1,2299
12336,Joe,Smith,XXXXXXXXX,XXXXXXXXX,1,15721
12337,Mary,Davis,XXXXXXXXX,XXXXXXXXX,1,5760
12338,Michael,Hall,XXXXXXXXX,XXXXXXXXX,1,8312
12339,William,Smith,XXXXXXXXX,XXXXXXXXX,2,11467
12340,Patricia,Patel,XXXXXXXXX,XXXXXXXXX,2,13696
12341,Roy,Fields,XXXXXXXXX,XXXXXXXXX,2,9081
12342,Mary,Velez,XXXXXXXXX,XXXXXXXXX,1,11222
12343,Timothy,Smith,XXXXXXXXX,XXXXXXXXX,1,14941
12344,Mary,Cruz,XXXXXXXXX,XXXXXXXXX,1,144
12345,Phillip,Hancock,XXXXXXXXX,XXXXXXXXX,1,4180
12346,Mary,Smith,XXXXXXXXX,XXXXXXXXX,3,4261
12347,Ralph,Preston,XXXXXXXXX,XXXXXXXXX,3,11531
12348,Alan,Smith,XXXXXXXXX,XXXXXXXXX,3,11323
12349,Mary,Arnold,XXXXXXXXX,XXXXXXXXX,1,13130
12350,Henry,Jacobs,XXXXXXXXX,XXXXXXXXX,1,2675
12351,Jose,Deleon,XXXXXXXXX,XXXXXXXXX,2,10377
12352,Sean,Smith,XXXXXXXXX,XXXXXXXXX,1,7724
12353,Mary,Ramirez,XXXXXXXXX,XXXXXXXXX,2,5167
12354,Brenda,Wells,XXXXXXXXX,XXXXXXXXX,1,4993
12355,Victoria,Smith,XXXXXXXXX,XXXXXXXXX,1,13928
12356,Rose,Shepherd,XXXXXXXXX,XXXXXXXXX,1,11685
12357,Harry,Smith,XXXXXXXXX,XXXXXXXXX,1,313
12358,Mary,Powers,XXXXXXXXX,XXXXXXXXX,3,14254
12359,Melissa,Smith,XXXXXXXXX,XXXXXXXXX,3,8255
12360,Mary,Hall,XXXXXXXXX,XXXXXXXXX,1,4647
12361,Janet,Odom,XXXXXXXXX,XXXXXXXXX,1,9540
12362,Mary,Smith,XXXXXXXXX,XXXXXXXXX,1,1606
12363,Kimberly,Meza,XXXXXXXXX,XXXXXXXXX,1,568
12364,Judy,Smith,XXXXXXXXX,XXXXXXXXX,1,5811
12365,Mary,Pearson,XXXXXXXXX,XXXXXXXXX,3,14279
12366,Mary,Smith,XXXXXXXXX,XXXXXXXXX,1,12865
12368,Alice,Smith,XXXXXXXXX,XXXXXXXXX,1,8182
12369,Mary,Martinez,XXXXXXXXX,XXXXXXXXX,1,10213
12370,Johnny,Cruz,XXXXXXXXX,XXXXXXXXX,1,1410
12371,Mary,Velez,XXXXXXXXX,XXXXXXXXX,1,14190
12372,Rachel,Smith,XXXXXXXXX,XXXXXXXXX,1,8342
12373,Mary,Herman,XXXXXXXXX,XXXXXXXXX,3,8403
12374,Frances,Smith,XXXXXXXXX,XXXXXXXXX,3,204
12375,Bruce,Moore,XXXXXXXXX,XXXXXXXXX,1,12268
12376,Mary,Ortega,XXXXXXXXX,XXXXXXXXX,2,2987
12377,James,Smith,XXXXXXXXX,XXXXXXXXX,2,15310
12378,Sara,Smith,XXXXXXXXX,XXXXXXXXX,2,1950
12379,Mary,Long,XXXXXXXXX,XXXXXXXXX,2,6573
12380,Jacqueline,Shaw,XXXXXXXXX,XXXXXXXXX,2,11219
12381,Mary,Olsen,XXXXXXXXX,XXXXXXXXX,2,450
12382,Jennifer,Smith,XXXXXXXXX,XXXXXXXXX,1,4326
12383,Joyce,Phillips,XXXXXXXXX,XXXXXXXXX,1,16413
12384,Raymond,Berry,XXXXXXXXX,XXXXXXXXX,1,10571
12385,Mary,Smith,XXXXXXXXX,XXXXXXXXX,1,3747
12386,Ruth,Mccarthy,XXXXXXXXX,XXXXXXXXX,1,11168
12387,Mary,Archer,XXXXXXXXX,XXXXXXXXX,1,16206
12388,Donna,Smith,XXXXXXXXX,XXXXXXXXX,1,8059
12389,Kimberly,King,XXXXXXXXX,XXXXXXXXX,1,7281
12390,Joshua,Smith,XXXXXXXXX,XXXXXXXXX,1,6942
12391,Evelyn,Lewis,XXXXXXXXX,XXXXXXXXX,3,5489
12393,Mary,Smith,XXXXXXXXX,XXXXXXXXX,1,10452
12394,Samantha,Sims,XXXXXXXXX,XXXXXXXXX,3,13170
12395,Mary,Smith,XXXXXXXXX,XXXXXXXXX,3,5259
12396,Rachel,Horn,XXXXXXXXX,XXXXXXXXX,2,12663
12397,Mary,Smith,XXXXXXXXX,XXXXXXXXX,2,6429
12398,Charles,Johnson,XXXXXXXXX,XXXXXXXXX,2,16513
12399,Phillip,Carter,XXXXXXXXX,XXXXXXXXX,2,699
12400,Mary,Smith,XXXXXXXXX,XXXXXXXXX,2,16419
12401,Angela,Gray,XXXXXXXXX,XXXXXXXXX,1,207
12402,Mary,Hunt,XXXXXXXXX,XXXXXXXXX,1,9107
12403,Richard,Ferguson,XXXXXXXXX,XXXXXXXXX,1,8241
12404,Mary,Smith,XXXXXXXXX,XXXXXXXXX,2,7920
12405,Ashley,Williams,XXXXXXXXX,XXXXXXXXX,2,4089
12406,Mary,Michael,XXXXXXXXX,XXXXXXXXX,2,15871
12407,Megan,Smith,XXXXXXXXX,XXXXXXXXX,2,13718
12408,Randy,Rice,XXXXXXXXX,XXXXXXXXX,2,13869
12409,Mary,Mccann,XXXXXXXXX,XXXXXXXXX,1,1048
12410,Bryan,Smith,XXXXXXXXX,XXXXXXXXX,1,1600
12411,Mary,Perez,XXXXXXXXX,XXXXXXXXX,1,532
12412,Cynthia,Gilmore,XXXXXXXXX,XXXXXXXXX,1,3513
12413,Amy,Smith,XXXXXXXXX,XXXXXXXXX,1,4464
12414,Mary,Woodward,XXXXXXXXX,XXXXXXXXX,1,3008
12415,Joyce,Smith,XXXXXXXXX,XXXXXXXXX,1,13493
12416,Aaron,Cline,XXXXXXXXX,XXXXXXXXX,1,16532
12417,Mary,Smith,XXXXXXXXX,XXXXXXXXX,1,16121
12418,Linda,Livingston,XXXXXXXXX,XXXXXXXXX,1,5389
12419,Jane,Smith,XXXXXXXXX,XXXXXXXXX,1,3136
12420,Nathan,Adams,XXXXXXXXX,XXXXXXXXX,3,3408
12421,Kyle,Small,XXXXXXXXX,XXXXXXXXX,1,2948
12422,Mary,Blevins,XXXXXXXXX,XXXXXXXXX,1,10274
12423,Stephen,Smith,XXXXXXXXX,XXXXXXXXX,2,4380
12424,Judy,Phillips,XXXXXXXXX,XXXXXXXXX,1,6552
12425,Mary,Smith,XXXXXXXXX,XXXXXXXXX,1,108
12426,Jordan,Valdez,XXXXXXXXX,XXXXXXXXX,1,8615
12427,Mary,Smith,XXXXXXXXX,XXXXXXXXX,2,4794
12428,Jeffrey,Travis,XXXXXXXXX,XXXXXXXXX,2,1074
12429,Mary,Smith,XXXXXXXXX,XXXXXXXXX,3,15102
12430,Hannah,Brown,XXXXXXXXX,XXXXXXXXX,2,13460
12431,Mary,Rios,XXXXXXXXX,XXXXXXXXX,2,475
12432,Angela,Smith,XXXXXXXXX,XXXXXXXXX,3,1004
12433,Benjamin,Garcia,XXXXXXXXX,XXXXXXXXX,1,8405
12434,Mary,Mills,XXXXXXXXX,XXXXXXXXX,3,16006
12435,Laura,Horton,XXXXXXXXX,XXXXXXXXX,3,8902
12436,Mike,Gulvishvokov,XXXXXXXXX,XXXXXXXXX,1,9965
12437,Anne,Patel,XXXXXXXXX,XXXXXXXXX,1,9965
12438,Filipe,Godinho,XXXXXXXXX,XXXXXXXXX,2,15638
12440,Joanha,Mirkckociv,XXXXXXXXX,XXXXXXXXX,2,13475
12441,John,Gerginokish,XXXXXXXXX,XXXXXXXXX,2,7
12442,Leilani,Strong,XXXXXXXXX,XXXXXXXXX,2,3818
12443,Noelle,Ortega,XXXXXXXXX,XXXXXXXXX,2,15517
12444,Lillian,Ryan,XXXXXXXXX,XXXXXXXXX,2,3640
12445,Nell,Mcfarland,XXXXXXXXX,XXXXXXXXX,3,4729
12446,Lesley,Black,XXXXXXXXX,XXXXXXXXX,1,13973
12447,Ursa,Avila,XXXXXXXXX,XXXXXXXXX,1,3846
12448,Briar,Campos,XXXXXXXXX,XXXXXXXXX,1,8666
12449,Ruth,Acosta,XXXXXXXXX,XXXXXXXXX,1,12886
12450,Blaine,Mcmillan,XXXXXXXXX,XXXXXXXXX,2,8772
12451,Camilla,Hopper,XXXXXXXXX,XXXXXXXXX,2,10754
12452,Catherine,Bradley,XXXXXXXXX,XXXXXXXXX,2,10614
12453,Susan,Goodman,XXXXXXXXX,XXXXXXXXX,1,659
12454,Iona,Waller,XXXXXXXXX,XXXXXXXXX,2,3189
12455,Leigh,Velez,XXXXXXXXX,XXXXXXXXX,1,4541
12456,Hannah,Jacobs,XXXXXXXXX,XXXXXXXXX,1,6895
12457,Felicia,Fischer,XXXXXXXXX,XXXXXXXXX,1,4177
12458,Deanna,Abbott,XXXXXXXXX,XXXXXXXXX,1,12431
12459,Callie,Colon,XXXXXXXXX,XXXXXXXXX,1,14421
12460,Basia,West,XXXXXXXXX,XXXXXXXXX,1,15447
12461,Desirae,Griffin,XXXXXXXXX,XXXXXXXXX,1,3885
12462,Haley,Chen,XXXXXXXXX,XXXXXXXXX,3,15723
12463,Sylvia,Daugherty,XXXXXXXXX,XXXXXXXXX,3,1401
12464,Aspen,Ramirez,XXXXXXXXX,XXXXXXXXX,3,15329
12465,September,Joseph,XXXXXXXXX,XXXXXXXXX,3,2721
12466,Rhea,Cole,XXXXXXXXX,XXXXXXXXX,3,2693
12467,Regan,Mullins,XXXXXXXXX,XXXXXXXXX,3,13312
12468,Paloma,Mitchell,XXXXXXXXX,XXXXXXXXX,3,2089
12469,Zenia,Simpson,XXXXXXXXX,XXXXXXXXX,1,16136
12470,Scarlett,Little,XXXXXXXXX,XXXXXXXXX,1,4197
12471,Kelsey,Martinez,XXXXXXXXX,XXXXXXXXX,1,15527
12472,Leila,Mcdowell,XXXXXXXXX,XXXXXXXXX,2,10058
12473,Donna,Garcia,XXXXXXXXX,XXXXXXXXX,3,9576
12474,Amela,Henderson,XXXXXXXXX,XXXXXXXXX,3,3307
12475,Britanney,Middleton,XXXXXXXXX,XXXXXXXXX,1,11588
12476,Quyn,Kent,XXXXXXXXX,XXXXXXXXX,3,11740
12477,Skyler,Sanford,XXXXXXXXX,XXXXXXXXX,3,12782
12478,Jemima,Carson,XXXXXXXXX,XXXXXXXXX,3,12034
12479,Lillith,Barber,XXXXXXXXX,XXXXXXXXX,1,6671
12480,Tashya,Guzman,XXXXXXXXX,XXXXXXXXX,1,692
12481,Moana,Bright,XXXXXXXXX,XXXXXXXXX,2,499
12482,Mia,Sampson,XXXXXXXXX,XXXXXXXXX,2,8411
12483,Quail,Hanson,XXXXXXXXX,XXXXXXXXX,2,4610
12484,Lunea,Mcdonald,XXXXXXXXX,XXXXXXXXX,2,83
12485,Bo,Pearson,XXXXXXXXX,XXXXXXXXX,2,11872
12486,Yvette,Lester,XXXXXXXXX,XXXXXXXXX,2,15346
12487,Nevada,Barr,XXXXXXXXX,XXXXXXXXX,2,13526
12488,Xantha,Koch,XXXXXXXXX,XXXXXXXXX,3,10326
12489,Kevyn,Donaldson,XXXXXXXXX,XXXXXXXXX,3,16087
12490,Martina,Levy,XXXXXXXXX,XXXXXXXXX,2,11696
12491,Bertha,Frye,XXXXXXXXX,XXXXXXXXX,1,10355
12492,Neve,Gould,XXXXXXXXX,XXXXXXXXX,1,12084
12493,Aubrey,Carson,XXXXXXXXX,XXXXXXXXX,2,8811
12494,McKenzie,Goodman,XXXXXXXXX,XXXXXXXXX,3,7042
12495,Nomlanga,Bentley,XXXXXXXXX,XXXXXXXXX,1,2438
12496,Jessamine,Young,XXXXXXXXX,XXXXXXXXX,1,14072
12497,Cally,Chang,XXXXXXXXX,XXXXXXXXX,1,14663
12498,Felicia,Green,XXXXXXXXX,XXXXXXXXX,1,3049
12499,Martina,Dawson,XXXXXXXXX,XXXXXXXXX,2,2365
12500,Serina,Nash,XXXXXXXXX,XXXXXXXXX,3,2598
12501,Brenna,Hardy,XXXXXXXXX,XXXXXXXXX,2,11379
12502,Deanna,Merrill,XXXXXXXXX,XXXXXXXXX,3,14443
12503,Emma,Nixon,XXXXXXXXX,XXXXXXXXX,2,12788
12504,Kelsey,Cobb,XXXXXXXXX,XXXXXXXXX,2,4969
12505,Lillian,Martinez,XXXXXXXXX,XXXXXXXXX,2,12597
12506,Melinda,Mosley,XXXXXXXXX,XXXXXXXXX,3,8596
12507,Jena,Atkinson,XXXXXXXXX,XXXXXXXXX,3,9622
12508,Teegan,Maldonado,XXXXXXXXX,XXXXXXXXX,2,8137
12509,Anastasia,Cross,XXXXXXXXX,XXXXXXXXX,2,13280
12510,Yoshi,Howell,XXXXXXXXX,XXXXXXXXX,2,5688
12511,Kylie,Rosario,XXXXXXXXX,XXXXXXXXX,2,973
12512,Lael,Stanley,XXXXXXXXX,XXXXXXXXX,1,12238
12513,Linda,Giles,XXXXXXXXX,XXXXXXXXX,1,49
12514,Destiny,Fuentes,XXXXXXXXX,XXXXXXXXX,3,3150
12515,Imogene,Briggs,XXXXXXXXX,XXXXXXXXX,2,631
12516,Shafira,Kelly,XXXXXXXXX,XXXXXXXXX,2,5275
12517,Kai,Pace,XXXXXXXXX,XXXXXXXXX,2,13712
12518,Deanna,Whitney,XXXXXXXXX,XXXXXXXXX,2,12817
12519,Signe,Wong,XXXXXXXXX,XXXXXXXXX,1,13965
12520,Nora,Park,XXXXXXXXX,XXXXXXXXX,2,10403
12521,Avye,Harris,XXXXXXXXX,XXXXXXXXX,2,7732
12522,Nadine,Bolton,XXXXXXXXX,XXXXXXXXX,1,14375
12523,Shannon,Melton,XXXXXXXXX,XXXXXXXXX,1,5511
12524,Hiroko,Hood,XXXXXXXXX,XXXXXXXXX,1,11579
12525,Leilani,Bradshaw,XXXXXXXXX,XXXXXXXXX,3,14958
12526,Rhoda,Stephenson,XXXXXXXXX,XXXXXXXXX,3,10604
12527,Hedy,Nicholson,XXXXXXXXX,XXXXXXXXX,2,6528
12528,Anjolie,Crosby,XXXXXXXXX,XXXXXXXXX,1,3314
12529,Anika,Gutierrez,XXXXXXXXX,XXXXXXXXX,1,6633
12530,Amena,Colon,XXXXXXXXX,XXXXXXXXX,1,15118
12531,Morgan,Richardson,XXXXXXXXX,XXXXXXXXX,2,4676
12532,Remedios,Benjamin,XXXXXXXXX,XXXXXXXXX,2,9526
12533,Lani,Galloway,XXXXXXXXX,XXXXXXXXX,1,867
12534,Sharon,Christian,XXXXXXXXX,XXXXXXXXX,2,6707
12535,Justina,Browning,XXXXXXXXX,XXXXXXXXX,2,16107
12536,Quyn,Fuentes,XXXXXXXXX,XXXXXXXXX,2,5737
12537,Aspen,Mcgee,XXXXXXXXX,XXXXXXXXX,2,13511
12538,Kalia,Salas,XXXXXXXXX,XXXXXXXXX,1,8263
12539,Tatiana,Roach,XXXXXXXXX,XXXXXXXXX,1,6512
12540,Courtney,Serrano,XXXXXXXXX,XXXXXXXXX,1,13342
12541,Desiree,Mccormick,XXXXXXXXX,XXXXXXXXX,1,14207
12542,Mallory,Ruiz,XXXXXXXXX,XXXXXXXXX,1,3274
12543,Jayme,Howe,XXXXXXXXX,XXXXXXXXX,1,836
12544,Jordan,Weber,XXXXXXXXX,XXXXXXXXX,2,6691
12545,Kameko,Barnett,XXXXXXXXX,XXXXXXXXX,1,14108
12546,Tatiana,Alston,XXXXXXXXX,XXXXXXXXX,1,918
12547,Lynn,Chambers,XXXXXXXXX,XXXXXXXXX,1,14294
12548,Stella,Hahn,XXXXXXXXX,XXXXXXXXX,1,16208
12549,Martina,Flowers,XXXXXXXXX,XXXXXXXXX,1,2706
12550,Justina,Curtis,XXXXXXXXX,XXXXXXXXX,1,6648
12551,Lacy,Snider,XXXXXXXXX,XXXXXXXXX,2,1188
12552,Serina,Stevenson,XXXXXXXXX,XXXXXXXXX,2,5516
12553,Octavia,Oconnor,XXXXXXXXX,XXXXXXXXX,2,9486
12554,Raya,Mills,XXXXXXXXX,XXXXXXXXX,2,15643
12555,Carolyn,Lang,XXXXXXXXX,XXXXXXXXX,3,8480
12556,Basia,Tillman,XXXXXXXXX,XXXXXXXXX,3,12705
12557,Xandra,Wells,XXXXXXXXX,XXXXXXXXX,3,4620
12558,Freya,Mckay,XXXXXXXXX,XXXXXXXXX,1,12116
12559,Tatyana,Hensley,XXXXXXXXX,XXXXXXXXX,2,12331
12560,Alice,Mcintosh,XXXXXXXXX,XXXXXXXXX,1,14925
12561,Doris,Casey,XXXXXXXXX,XXXXXXXXX,1,16233
12562,Eugenia,Jenkins,XXXXXXXXX,XXXXXXXXX,2,13860
12563,Gwendolyn,Taylor,XXXXXXXXX,XXXXXXXXX,3,6215
12564,Madonna,Beach,XXXXXXXXX,XXXXXXXXX,1,15716
12565,Cheyenne,Moss,XXXXXXXXX,XXXXXXXXX,1,4836
12566,Sophia,Simpson,XXXXXXXXX,XXXXXXXXX,2,16412
12567,Karleigh,Parsons,XXXXXXXXX,XXXXXXXXX,2,14071
12568,Maxine,Mclean,XXXXXXXXX,XXXXXXXXX,1,329
12569,Ursa,Hart,XXXXXXXXX,XXXXXXXXX,2,15558
12570,Lydia,Cantu,XXXXXXXXX,XXXXXXXXX,3,1314
12571,Quintessa,Heath,XXXXXXXXX,XXXXXXXXX,1,15816
12572,India,Mcclure,XXXXXXXXX,XXXXXXXXX,2,12853
12573,Charissa,Nelson,XXXXXXXXX,XXXXXXXXX,2,1569
12574,Zena,Saunders,XXXXXXXXX,XXXXXXXXX,1,15682
12575,Haviva,Fields,XXXXXXXXX,XXXXXXXXX,1,15551
12576,Ainsley,Ray,XXXXXXXXX,XXXXXXXXX,1,8845
12577,Meredith,Hobbs,XXXXXXXXX,XXXXXXXXX,1,1008
12578,Leila,Solomon,XXXXXXXXX,XXXXXXXXX,1,13150
12579,Quincy,Graves,XXXXXXXXX,XXXXXXXXX,2,12587
12580,Madison,Peterson,XXXXXXXXX,XXXXXXXXX,1,13415
12581,Rhonda,Nielsen,XXXXXXXXX,XXXXXXXXX,1,13452
12582,Risa,Holloway,XXXXXXXXX,XXXXXXXXX,1,774
12583,Kiayada,Avila,XXXXXXXXX,XXXXXXXXX,1,6367
12584,Nevada,Holloway,XXXXXXXXX,XXXXXXXXX,1,2682
12585,Gemma,Obrien,XXXXXXXXX,XXXXXXXXX,1,16021
12586,Cleo,Harrison,XXXXXXXXX,XXXXXXXXX,1,8655
12587,Julie,Mcclain,XXXXXXXXX,XXXXXXXXX,1,16153
12588,Galena,Carson,XXXXXXXXX,XXXXXXXXX,1,13489
12589,Alfreda,Finley,XXXXXXXXX,XXXXXXXXX,1,13690
12590,Minerva,Delaney,XXXXXXXXX,XXXXXXXXX,1,10667
12591,Summer,Hardin,XXXXXXXXX,XXXXXXXXX,2,1529
12592,Leandra,Jefferson,XXXXXXXXX,XXXXXXXXX,2,2399
12593,Hadassah,Gentry,XXXXXXXXX,XXXXXXXXX,2,11375
12594,Jenna,Boone,XXXXXXXXX,XXXXXXXXX,2,8550
12595,Chantale,Church,XXXXXXXXX,XXXXXXXXX,2,7549
12596,Cynthia,Melton,XXXXXXXXX,XXXXXXXXX,2,4066
12597,Hiroko,Kennedy,XXXXXXXXX,XXXXXXXXX,1,10994
12598,Aileen,Richard,XXXXXXXXX,XXXXXXXXX,2,8395
12599,Ivy,Bender,XXXXXXXXX,XXXXXXXXX,3,10926
12600,Rosalyn,Skinner,XXXXXXXXX,XXXXXXXXX,3,6547
12601,Venus,Evans,XXXXXXXXX,XXXXXXXXX,3,11394
12602,Simone,Ochoa,XXXXXXXXX,XXXXXXXXX,3,3320
12603,Ila,Case,XXXXXXXXX,XXXXXXXXX,1,15162
12604,Shay,Nieves,XXXXXXXXX,XXXXXXXXX,1,3525
12605,Amy,Thomas,XXXXXXXXX,XXXXXXXXX,2,3964
12606,Jolie,Justice,XXXXXXXXX,XXXXXXXXX,3,1944
12607,Jenna,Cantu,XXXXXXXXX,XXXXXXXXX,3,1268
12608,Shay,Frazier,XXXXXXXXX,XXXXXXXXX,2,9784
12609,Ainsley,Brown,XXXXXXXXX,XXXXXXXXX,3,4462
12610,Iola,Cline,XXXXXXXXX,XXXXXXXXX,1,10054
12611,Pearl,Kinney,XXXXXXXXX,XXXXXXXXX,1,13406
12612,Candice,Odom,XXXXXXXXX,XXXXXXXXX,3,969
12613,Gretchen,Herrera,XXXXXXXXX,XXXXXXXXX,3,11215
12614,Nelle,May,XXXXXXXXX,XXXXXXXXX,3,12145
12615,Audrey,Preston,XXXXXXXXX,XXXXXXXXX,3,14597
12616,Lacota,Guerra,XXXXXXXXX,XXXXXXXXX,2,1981
12617,Patricia,Durham,XXXXXXXXX,XXXXXXXXX,3,1350
12618,Selma,Camacho,XXXXXXXXX,XXXXXXXXX,1,11864
12619,Caryn,Salazar,XXXXXXXXX,XXXXXXXXX,1,5916
12620,Mikayla,Burt,XXXXXXXXX,XXXXXXXXX,1,4692
12621,Venus,Blevins,XXXXXXXXX,XXXXXXXXX,1,15243
12622,Stephanie,Ashley,XXXXXXXXX,XXXXXXXXX,1,12136
12623,Ria,Maddox,XXXXXXXXX,XXXXXXXXX,2,14337
12624,Christen,Brock,XXXXXXXXX,XXXXXXXXX,3,12382
12625,Winifred,Bean,XXXXXXXXX,XXXXXXXXX,2,6369
12626,September,Camacho,XXXXXXXXX,XXXXXXXXX,2,5089
12627,Ariel,Oneill,XXXXXXXXX,XXXXXXXXX,3,13447
12628,Rebekah,Watts,XXXXXXXXX,XXXXXXXXX,3,4212
12629,Nerea,Pennington,XXXXXXXXX,XXXXXXXXX,2,934
12630,Josephine,Holt,XXXXXXXXX,XXXXXXXXX,1,395
12631,Moana,Patrick,XXXXXXXXX,XXXXXXXXX,2,15326
12632,Fiona,Mccall,XXXXXXXXX,XXXXXXXXX,2,5874
12633,Laura,Shaffer,XXXXXXXXX,XXXXXXXXX,1,2454
12634,Phyllis,Brock,XXXXXXXXX,XXXXXXXXX,2,7689
12635,Iola,Cotton,XXXXXXXXX,XXXXXXXXX,2,14891
12636,Nayda,Ochoa,XXXXXXXXX,XXXXXXXXX,2,15276
12637,Alea,Bray,XXXXXXXXX,XXXXXXXXX,1,1592
12638,Yetta,Irwin,XXXXXXXXX,XXXXXXXXX,1,9132
12639,Molly,Travis,XXXXXXXXX,XXXXXXXXX,2,8477
12640,Mikayla,Mcleod,XXXXXXXXX,XXXXXXXXX,2,10334
12641,Rinah,Gilbert,XXXXXXXXX,XXXXXXXXX,1,14919
12642,Hedy,West,XXXXXXXXX,XXXXXXXXX,1,8019
12643,Carissa,Wheeler,XXXXXXXXX,XXXXXXXXX,1,5420
12644,Bertha,Branch,XXXXXXXXX,XXXXXXXXX,1,5166
12645,Jade,Reilly,XXXXXXXXX,XXXXXXXXX,1,3374
12646,Christine,Byers,XXXXXXXXX,XXXXXXXXX,1,6140
12647,Guinevere,Brock,XXXXXXXXX,XXXXXXXXX,1,7080
12648,Maryam,Gregory,XXXXXXXXX,XXXXXXXXX,1,8886
12649,Iona,Mitchell,XXXXXXXXX,XXXXXXXXX,1,5238
12650,Phyllis,Ortega,XXXXXXXXX,XXXXXXXXX,1,3872
12651,Ivana,Allen,XXXXXXXXX,XXXXXXXXX,1,8207
12652,Ella,Gamble,XXXXXXXXX,XXXXXXXXX,1,11900
12653,Megan,Mcclain,XXXXXXXXX,XXXXXXXXX,2,910
12654,Jael,Warner,XXXXXXXXX,XXXXXXXXX,2,7224
12655,Sheila,Harrington,XXXXXXXXX,XXXXXXXXX,2,14743
12656,Alma,Berger,XXXXXXXXX,XXXXXXXXX,2,6767
12657,Kevyn,Black,XXXXXXXXX,XXXXXXXXX,2,11888
12658,Roary,Trujillo,XXXXXXXXX,XXXXXXXXX,2,16341
12659,Wynter,Lynch,XXXXXXXXX,XXXXXXXXX,2,11644
12660,Dawn,Fowler,XXXXXXXXX,XXXXXXXXX,2,14369
12661,Myra,Odonnell,XXXXXXXXX,XXXXXXXXX,1,11673
12662,Cassandra,Fisher,XXXXXXXXX,XXXXXXXXX,1,6688
12663,Michelle,Lowery,XXXXXXXXX,XXXXXXXXX,1,9585
12664,Jolene,Rosales,XXXXXXXXX,XXXXXXXXX,1,7901
12665,Jolene,Taylor,XXXXXXXXX,XXXXXXXXX,1,6115
12666,Abigail,Downs,XXXXXXXXX,XXXXXXXXX,1,9096
12667,Laurel,Whitehead,XXXXXXXXX,XXXXXXXXX,1,3197
12668,Farrah,Gordon,XXXXXXXXX,XXXXXXXXX,2,5910
12669,Carolyn,Simpson,XXXXXXXXX,XXXXXXXXX,2,10089
12670,Jaquelyn,Gilmore,XXXXXXXXX,XXXXXXXXX,2,4915
12671,Jessica,Silva,XXXXXXXXX,XXXXXXXXX,3,11967
12672,Rina,Joyner,XXXXXXXXX,XXXXXXXXX,3,11201
12673,Audrey,Boyle,XXXXXXXXX,XXXXXXXXX,3,4096
12674,Ariana,Larsen,XXXXXXXXX,XXXXXXXXX,3,12454
12675,Emerald,Garcia,XXXXXXXXX,XXXXXXXXX,3,8553
12676,Melanie,Hickman,XXXXXXXXX,XXXXXXXXX,3,219
12677,Aileen,Barrera,XXXXXXXXX,XXXXXXXXX,3,15487
12678,Katelyn,Ryan,XXXXXXXXX,XXXXXXXXX,3,8060
12679,Willow,Barr,XXXXXXXXX,XXXXXXXXX,3,12283
12680,Vera,Compton,XXXXXXXXX,XXXXXXXXX,3,6516
12681,Martha,Compton,XXXXXXXXX,XXXXXXXXX,2,10181
12682,Pandora,Carver,XXXXXXXXX,XXXXXXXXX,1,16140
12683,Allegra,Petty,XXXXXXXXX,XXXXXXXXX,1,12620
12684,Courtney,Mueller,XXXXXXXXX,XXXXXXXXX,3,5122
12685,Wynter,Chase,XXXXXXXXX,XXXXXXXXX,3,9424
12686,Sybill,England,XXXXXXXXX,XXXXXXXXX,3,6087
12687,Constance,Walls,XXXXXXXXX,XXXXXXXXX,3,8735
12688,Illana,Beck,XXXXXXXXX,XXXXXXXXX,1,11383
12689,Kendall,Goff,XXXXXXXXX,XXXXXXXXX,2,13522
12690,Darryl,Gibson,XXXXXXXXX,XXXXXXXXX,1,9279
12691,Leigh,Moses,XXXXXXXXX,XXXXXXXXX,1,10858
12692,Jena,Pitts,XXXXXXXXX,XXXXXXXXX,1,12237
12693,Karleigh,Buckner,XXXXXXXXX,XXXXXXXXX,1,14987
12694,Mikayla,Velazquez,XXXXXXXXX,XXXXXXXXX,2,14454
12695,Lenore,Armstrong,XXXXXXXXX,XXXXXXXXX,3,5090
12696,Piper,Bean,XXXXXXXXX,XXXXXXXXX,1,11151
12697,Bell,Ross,XXXXXXXXX,XXXXXXXXX,1,10259
12698,Margaret,Holcomb,XXXXXXXXX,XXXXXXXXX,1,13547
12699,Halee,Levine,XXXXXXXXX,XXXXXXXXX,2,11993
12700,Rama,Nieves,XXXXXXXXX,XXXXXXXXX,2,11506
12701,Claire,Holloway,XXXXXXXXX,XXXXXXXXX,2,4355
12702,TaShya,Merritt,XXXXXXXXX,XXXXXXXXX,2,13744
12703,Lenore,Vaughan,XXXXXXXXX,XXXXXXXXX,1,12218
12704,Portia,Collier,XXXXXXXXX,XXXXXXXXX,1,2750
12705,Celeste,Fields,XXXXXXXXX,XXXXXXXXX,1,7158
12706,Eugenia,Franklin,XXXXXXXXX,XXXXXXXXX,1,4274
12707,Veronica,Logan,XXXXXXXXX,XXXXXXXXX,2,7362
12708,Jade,Morse,XXXXXXXXX,XXXXXXXXX,3,5624
12709,Blossom,Ramos,XXXXXXXXX,XXXXXXXXX,2,14644
12710,Blythe,Figueroa,XXXXXXXXX,XXXXXXXXX,3,7766
12711,Jolie,Reed,XXXXXXXXX,XXXXXXXXX,3,15753
12712,Kirby,Brock,XXXXXXXXX,XXXXXXXXX,3,6683
12713,Brianna,Pena,XXXXXXXXX,XXXXXXXXX,3,2056
12714,Azalia,Boyle,XXXXXXXXX,XXXXXXXXX,1,10116
12715,Suki,Riley,XXXXXXXXX,XXXXXXXXX,1,11781
12716,Regan,Buckley,XXXXXXXXX,XXXXXXXXX,1,7407
12717,Madonna,Horne,XXXXXXXXX,XXXXXXXXX,1,9020
12718,Xyla,Shaffer,XXXXXXXXX,XXXXXXXXX,1,453
12719,Faith,Holmes,XXXXXXXXX,XXXXXXXXX,1,16120
12720,Beverly,Stokes,XXXXXXXXX,XXXXXXXXX,1,13183
12721,Gwendolyn,Kaufman,XXXXXXXXX,XXXXXXXXX,1,12180
12722,Glenna,Montgomery,XXXXXXXXX,XXXXXXXXX,1,1466
12723,Emily,Robles,XXXXXXXXX,XXXXXXXXX,1,5425
12724,Sage,Wilkinson,XXXXXXXXX,XXXXXXXXX,3,4046
12725,Maia,Phillips,XXXXXXXXX,XXXXXXXXX,3,4686
12726,Kirsten,Acevedo,XXXXXXXXX,XXXXXXXXX,2,1741
12727,Aspen,Velasquez,XXXXXXXXX,XXXXXXXXX,2,15969
12728,Abra,Weiss,XXXXXXXXX,XXXXXXXXX,3,9353
12729,Margaret,Curry,XXXXXXXXX,XXXXXXXXX,1,1872
12730,Madeson,Berry,XXXXXXXXX,XXXXXXXXX,2,9430
12731,Jolene,Estes,XXXXXXXXX,XXXXXXXXX,2,13186
12732,Karina,Reeves,XXXXXXXXX,XXXXXXXXX,2,11765
12733,Blair,Woods,XXXXXXXXX,XXXXXXXXX,3,3857
12734,Robin,Vaughn,XXXXXXXXX,XXXXXXXXX,3,12358
12735,Octavia,Fernandez,XXXXXXXXX,XXXXXXXXX,2,12312
12736,Illiana,Hubbard,XXXXXXXXX,XXXXXXXXX,1,10585
12737,Lareina,Potter,XXXXXXXXX,XXXXXXXXX,1,11108
12738,Libby,Riddle,XXXXXXXXX,XXXXXXXXX,1,4650
12739,Gwendolyn,Klein,XXXXXXXXX,XXXXXXXXX,1,4086
12740,Maya,Ballard,XXXXXXXXX,XXXXXXXXX,3,4193
12741,Alexa,Guthrie,XXXXXXXXX,XXXXXXXXX,1,676
12742,Chastity,Underwood,XXXXXXXXX,XXXXXXXXX,1,12025
12743,Christen,Joyner,XXXXXXXXX,XXXXXXXXX,2,2609
12744,Indira,Craig,XXXXXXXXX,XXXXXXXXX,2,6832
12745,Rosalyn,Barry,XXXXXXXXX,XXXXXXXXX,1,6797
12746,Minerva,Petty,XXXXXXXXX,XXXXXXXXX,1,584
12747,Rosalyn,Head,XXXXXXXXX,XXXXXXXXX,1,9934
12748,Xaviera,Sullivan,XXXXXXXXX,XXXXXXXXX,2,2095
12749,Olga,Welch,XXXXXXXXX,XXXXXXXXX,1,6591
12750,Martena,Hodge,XXXXXXXXX,XXXXXXXXX,2,10561
12751,Kelsie,Harrison,XXXXXXXXX,XXXXXXXXX,2,1660
12752,Roanna,Cervantes,XXXXXXXXX,XXXXXXXXX,1,7583
12753,Cassandra,Little,XXXXXXXXX,XXXXXXXXX,1,3127
12754,Jana,Snider,XXXXXXXXX,XXXXXXXXX,1,5398
12755,Hedy,Sheppard,XXXXXXXXX,XXXXXXXXX,1,16246
12756,Sacha,Rhodes,XXXXXXXXX,XXXXXXXXX,2,5627
12757,Hope,Scott,XXXXXXXXX,XXXXXXXXX,2,2355
12758,Abra,Nash,XXXXXXXXX,XXXXXXXXX,2,7346
12759,Jaquelyn,Johnston,XXXXXXXXX,XXXXXXXXX,2,4964
12760,Imani,Horton,XXXXXXXXX,XXXXXXXXX,2,11013
12761,Cecilia,Kramer,XXXXXXXXX,XXXXXXXXX,2,3245
12762,Brynne,Reynolds,XXXXXXXXX,XXXXXXXXX,1,9385
12763,Amanda,Baldwin,XXXXXXXXX,XXXXXXXXX,1,7261
12764,Alice,Boyle,XXXXXXXXX,XXXXXXXXX,2,7386
12765,Bo,Hale,XXXXXXXXX,XXXXXXXXX,2,7623
12766,Kaitlin,Perry,XXXXXXXXX,XXXXXXXXX,2,9264
12767,Zenaida,Thornton,XXXXXXXXX,XXXXXXXXX,2,4134
12768,Madonna,Rich,XXXXXXXXX,XXXXXXXXX,1,13659
12769,Mary,Diaz,XXXXXXXXX,XXXXXXXXX,1,10931
12770,Doris,Cabrera,XXXXXXXXX,XXXXXXXXX,1,9502
12771,Juliet,Myers,XXXXXXXXX,XXXXXXXXX,2,194
12772,Skyler,Bernard,XXXXXXXXX,XXXXXXXXX,2,9640
12773,Violet,Hernandez,XXXXXXXXX,XXXXXXXXX,2,15612
12774,Lareina,Rodriquez,XXXXXXXXX,XXXXXXXXX,2,8050
12775,Amena,Alexander,XXXXXXXXX,XXXXXXXXX,2,6026
12776,Zoe,Duffy,XXXXXXXXX,XXXXXXXXX,2,2514
12777,Alma,Kirk,XXXXXXXXX,XXXXXXXXX,1,787
12778,Hillary,Shepard,XXXXXXXXX,XXXXXXXXX,2,2983
12779,Bree,Ball,XXXXXXXXX,XXXXXXXXX,3,11652
12780,Melinda,Grimes,XXXXXXXXX,XXXXXXXXX,3,11604
12781,Raya,Craft,XXXXXXXXX,XXXXXXXXX,1,7998
12782,Nayda,Blackburn,XXXXXXXXX,XXXXXXXXX,1,7782
12783,Jane,Keller,XXXXXXXXX,XXXXXXXXX,1,9257
12784,Olympia,Hurst,XXXXXXXXX,XXXXXXXXX,1,1956
12785,Yoko,Hunter,XXXXXXXXX,XXXXXXXXX,1,2128
12786,Shelley,Clarke,XXXXXXXXX,XXXXXXXXX,1,1481
12787,Kimberly,Guerrero,XXXXXXXXX,XXXXXXXXX,1,11904
12788,Dacey,Mccullough,XXXXXXXXX,XXXXXXXXX,3,10710
12789,Lilah,Stuart,XXXXXXXXX,XXXXXXXXX,1,2634
12790,Fatima,Todd,XXXXXXXXX,XXXXXXXXX,3,334
12791,Charissa,Haney,XXXXXXXXX,XXXXXXXXX,1,10420
12792,Beatrice,Turner,XXXXXXXXX,XXXXXXXXX,1,14005
12793,Felicia,Butler,XXXXXXXXX,XXXXXXXXX,1,2427
12794,Nayda,Rhodes,XXXXXXXXX,XXXXXXXXX,1,15593
12795,Shannon,Carson,XXXXXXXXX,XXXXXXXXX,1,12590
12796,Kiayada,Wiggins,XXXXXXXXX,XXXXXXXXX,1,8726
12797,Maya,Noel,XXXXXXXXX,XXXXXXXXX,1,9717
12798,Heather,Salazar,XXXXXXXXX,XXXXXXXXX,1,1019
12799,Pearl,Mercado,XXXXXXXXX,XXXXXXXXX,1,16277
12800,Martha,Henderson,XXXXXXXXX,XXXXXXXXX,1,10010
12801,Kelly,Greene,XXXXXXXXX,XXXXXXXXX,1,244
12802,Tallulah,Tyler,XXXXXXXXX,XXXXXXXXX,1,6067
12803,Cora,Quinn,XXXXXXXXX,XXXXXXXXX,2,16134
12804,Jacqueline,Phillips,XXXXXXXXX,XXXXXXXXX,1,13284
12805,Leigh,Baker,XXXXXXXXX,XXXXXXXXX,1,5826
12806,Clio,Delacruz,XXXXXXXXX,XXXXXXXXX,1,9689
12807,Farrah,Dawson,XXXXXXXXX,XXXXXXXXX,1,308
12808,Petra,Stewart,XXXXXXXXX,XXXXXXXXX,1,10830
12809,Debra,Valenzuela,XXXXXXXXX,XXXXXXXXX,2,11927
12810,Destiny,Cooke,XXXXXXXXX,XXXXXXXXX,2,5614
12811,Xyla,Mckinney,XXXXXXXXX,XXXXXXXXX,2,11848
12812,Fay,Frye,XXXXXXXXX,XXXXXXXXX,2,10248
12813,Ina,Rose,XXXXXXXXX,XXXXXXXXX,2,4118
12814,Yvette,Henry,XXXXXXXXX,XXXXXXXXX,2,2205
12815,Alma,Day,XXXXXXXXX,XXXXXXXXX,2,5225
12816,Hyacinth,Silva,XXXXXXXXX,XXXXXXXXX,2,10147
12817,Quail,Marshall,XXXXXXXXX,XXXXXXXXX,2,4456
12818,Kelsie,Torres,XXXXXXXXX,XXXXXXXXX,1,12319
12819,Ila,Sykes,XXXXXXXXX,XXXXXXXXX,1,14557
12820,Daria,Washington,XXXXXXXXX,XXXXXXXXX,2,13087
12821,Xyla,Turner,XXXXXXXXX,XXXXXXXXX,3,14526
12822,Brianna,Fox,XXXXXXXXX,XXXXXXXXX,3,5527
12823,Mercedes,Merrill,XXXXXXXXX,XXXXXXXXX,3,15533
12824,Amena,Leon,XXXXXXXXX,XXXXXXXXX,1,4529
12825,Patience,Tyson,XXXXXXXXX,XXXXXXXXX,2,1714
12826,Reagan,Alvarez,XXXXXXXXX,XXXXXXXXX,1,7157
12827,Jamalia,Burke,XXXXXXXXX,XXXXXXXXX,1,9781
12828,Rae,Mcclain,XXXXXXXXX,XXXXXXXXX,1,6739
12829,Mariam,Wright,XXXXXXXXX,XXXXXXXXX,1,8999
12830,Imelda,Gentry,XXXXXXXXX,XXXXXXXXX,1,842
12831,Amber,Schwartz,XXXXXXXXX,XXXXXXXXX,1,16452
12832,Constance,Barron,XXXXXXXXX,XXXXXXXXX,1,11797
12833,Moana,Hutchinson,XXXXXXXXX,XXXXXXXXX,1,232
12834,Orli,Mclean,XXXXXXXXX,XXXXXXXXX,1,14070
12835,Demetria,Ward,XXXXXXXXX,XXXXXXXXX,1,10387
12836,Kylie,Dean,XXXXXXXXX,XXXXXXXXX,1,12046
12837,Whitney,Todd,XXXXXXXXX,XXXXXXXXX,1,9592
12838,Aiko,Hunt,XXXXXXXXX,XXXXXXXXX,1,7472
12839,Lenore,Acosta,XXXXXXXXX,XXXXXXXXX,2,14712
12840,Heidi,Riggs,XXXXXXXXX,XXXXXXXXX,2,5035
12841,Jorden,Hess,XXXXXXXXX,XXXXXXXXX,1,11722
12842,Cara,Rich,XXXXXXXXX,XXXXXXXXX,1,2702
12843,Audrey,Dean,XXXXXXXXX,XXXXXXXXX,1,3674
12844,Blythe,Beasley,XXXXXXXXX,XXXXXXXXX,1,12836
12845,Mechelle,Sanchez,XXXXXXXXX,XXXXXXXXX,1,11766
12846,Kendall,Snider,XXXXXXXXX,XXXXXXXXX,2,13594
12847,Unity,Hernandez,XXXXXXXXX,XXXXXXXXX,2,1964
12848,Hope,Acosta,XXXXXXXXX,XXXXXXXXX,1,7866
12849,Heather,Pearson,XXXXXXXXX,XXXXXXXXX,1,9593
12850,Alyssa,Mcgee,XXXXXXXXX,XXXXXXXXX,1,16242
12851,Lilah,Berry,XXXXXXXXX,XXXXXXXXX,1,5499
12852,Ella,Snider,XXXXXXXXX,XXXXXXXXX,1,5329
12853,Lilah,Pierce,XXXXXXXXX,XXXXXXXXX,1,1318
12854,Geraldine,Velazquez,XXXXXXXXX,XXXXXXXXX,1,1534
12855,Emma,Bray,XXXXXXXXX,XXXXXXXXX,1,9506
12856,Tara,David,XXXXXXXXX,XXXXXXXXX,1,8790
12857,Genevieve,Stevenson,XXXXXXXXX,XXXXXXXXX,1,11743
12858,Sybil,Cabrera,XXXXXXXXX,XXXXXXXXX,2,2834
12859,Blossom,Clay,XXXXXXXXX,XXXXXXXXX,2,4138
12860,Dana,Gordon,XXXXXXXXX,XXXXXXXXX,2,268
12861,Anika,Witt,XXXXXXXXX,XXXXXXXXX,2,12685
12862,Geraldine,Weaver,XXXXXXXXX,XXXXXXXXX,2,8812
12863,Jayme,Fulton,XXXXXXXXX,XXXXXXXXX,1,15044
12864,Amity,Patrick,XXXXXXXXX,XXXXXXXXX,2,11194
12865,Joan,Mcfadden,XXXXXXXXX,XXXXXXXXX,2,11836
12866,Illiana,Figueroa,XXXXXXXXX,XXXXXXXXX,3,4447
12867,Morgan,Palmer,XXXXXXXXX,XXXXXXXXX,3,243
12868,Rhonda,Carey,XXXXXXXXX,XXXXXXXXX,1,14130
12869,Xerxes,Hinton,XXXXXXXXX,XXXXXXXXX,3,9942
12870,Clare,Battle,XXXXXXXXX,XXXXXXXXX,1,4299
12871,Taylor,Cortez,XXXXXXXXX,XXXXXXXXX,1,3994
12872,Violet,Gardner,XXXXXXXXX,XXXXXXXXX,2,10440
12873,Hedy,Lucas,XXXXXXXXX,XXXXXXXXX,2,3168
12874,Lara,English,XXXXXXXXX,XXXXXXXXX,2,13269
12875,Hermione,Ashley,XXXXXXXXX,XXXXXXXXX,1,14031
12876,Denise,Jordan,XXXXXXXXX,XXXXXXXXX,3,3519
12877,Eliana,Hull,XXXXXXXXX,XXXXXXXXX,3,3631
12878,Emma,Wiley,XXXXXXXXX,XXXXXXXXX,3,10826
12879,Sopoline,Mcneil,XXXXXXXXX,XXXXXXXXX,3,13674
12880,Summer,Burke,XXXXXXXXX,XXXXXXXXX,1,3016
12881,Kitra,Rosa,XXXXXXXXX,XXXXXXXXX,1,4335
12882,Ifeoma,Petty,XXXXXXXXX,XXXXXXXXX,1,3817
12883,Tatyana,Burks,XXXXXXXXX,XXXXXXXXX,2,10014
12884,Brenna,Gill,XXXXXXXXX,XXXXXXXXX,2,15408
12885,Olga,Downs,XXXXXXXXX,XXXXXXXXX,1,6788
12886,Karly,Jones,XXXXXXXXX,XXXXXXXXX,1,11398
12887,Katelyn,Rowland,XXXXXXXXX,XXXXXXXXX,2,16256
12888,Breanna,Guerrero,XXXXXXXXX,XXXXXXXXX,1,10325
12889,Blossom,Jennings,XXXXXXXXX,XXXXXXXXX,2,7814
12890,Aimee,Hudson,XXXXXXXXX,XXXXXXXXX,2,13914
12891,Nelle,Barron,XXXXXXXXX,XXXXXXXXX,2,1450
12892,Phyllis,May,XXXXXXXXX,XXXXXXXXX,2,3986
12893,Tamara,Chapman,XXXXXXXXX,XXXXXXXXX,1,15208
12894,Nell,Hanson,XXXXXXXXX,XXXXXXXXX,1,14487
12895,Charity,Chambers,XXXXXXXXX,XXXXXXXXX,2,2336
12896,Ria,Lane,XXXXXXXXX,XXXXXXXXX,1,4677
12897,Beatrice,Curtis,XXXXXXXXX,XXXXXXXXX,1,713
12898,Chloe,Cherry,XXXXXXXXX,XXXXXXXXX,1,16160
12899,Medge,Hunt,XXXXXXXXX,XXXXXXXXX,1,12207
12900,Myra,Bell,XXXXXXXXX,XXXXXXXXX,1,478
12901,Cynthia,Walton,XXXXXXXXX,XXXXXXXXX,3,9335
12902,Emi,Herman,XXXXXXXXX,XXXXXXXXX,3,10842
12903,Tana,Park,XXXXXXXXX,XXXXXXXXX,3,10029
12904,Lilah,Rosa,XXXXXXXXX,XXXXXXXXX,1,7104
12905,May,Sears,XXXXXXXXX,XXXXXXXXX,1,2798
12906,Linda,Padilla,XXXXXXXXX,XXXXXXXXX,1,16435
12907,Rose,Burgess,XXXXXXXXX,XXXXXXXXX,2,3084
12908,Odessa,Warner,XXXXXXXXX,XXXXXXXXX,2,3608
12909,Cherokee,Emerson,XXXXXXXXX,XXXXXXXXX,1,9228
12910,Tamekah,Mcgowan,XXXXXXXXX,XXXXXXXXX,1,8561
12911,Iola,Wallace,XXXXXXXXX,XXXXXXXXX,1,14964
12912,Renee,Barker,XXXXXXXXX,XXXXXXXXX,1,8813
12913,Hadley,Patel,XXXXXXXXX,XXXXXXXXX,1,5066
12914,Yoshi,Cunningham,XXXXXXXXX,XXXXXXXXX,3,8086
12915,Madeline,Bowen,XXXXXXXXX,XXXXXXXXX,3,3357
12916,Gillian,Hicks,XXXXXXXXX,XXXXXXXXX,1,2395
12917,Beverly,Brady,XXXXXXXXX,XXXXXXXXX,1,8212
12918,Chloe,Robbins,XXXXXXXXX,XXXXXXXXX,1,1140
12919,Danielle,May,XXXXXXXXX,XXXXXXXXX,1,11437
12920,Miriam,Patrick,XXXXXXXXX,XXXXXXXXX,1,1749
12921,Carolyn,Preston,XXXXXXXXX,XXXXXXXXX,1,540
12922,Inez,Delacruz,XXXXXXXXX,XXXXXXXXX,1,16416
12923,Kylynn,Dixon,XXXXXXXXX,XXXXXXXXX,1,9713
12924,Fallon,Swanson,XXXXXXXXX,XXXXXXXXX,1,9055
12925,Dakota,Shepherd,XXXXXXXXX,XXXXXXXXX,3,3288
12926,Rylee,Sanford,XXXXXXXXX,XXXXXXXXX,1,13317
12927,Patience,Gamble,XXXXXXXXX,XXXXXXXXX,2,14044
12928,Lana,Bird,XXXXXXXXX,XXXXXXXXX,2,3544
12929,Naida,Horton,XXXXXXXXX,XXXXXXXXX,1,3881
12930,Maryam,Mccarty,XXXXXXXXX,XXXXXXXXX,1,11430
12931,Noel,Wiley,XXXXXXXXX,XXXXXXXXX,1,11298
12932,Xerxes,Powell,XXXXXXXXX,XXXXXXXXX,1,12962
12933,Emma,Harrison,XXXXXXXXX,XXXXXXXXX,1,14348
12934,Hyacinth,Waller,XXXXXXXXX,XXXXXXXXX,1,5106
12935,Wynter,Cameron,XXXXXXXXX,XXXXXXXXX,2,10552
12936,Cally,Aguilar,XXXXXXXXX,XXXXXXXXX,2,13357
12937,Cleo,Joseph,XXXXXXXXX,XXXXXXXXX,3,12712
12938,Mara,Ramsey,XXXXXXXXX,XXXXXXXXX,3,7827
12939,Jennifer,Serrano,XXXXXXXXX,XXXXXXXXX,1,15821
12940,Yetta,Hensley,XXXXXXXXX,XXXXXXXXX,2,15730
12941,Lavinia,Wilkerson,XXXXXXXXX,XXXXXXXXX,2,9887
12942,Hayfa,Wilder,XXXXXXXXX,XXXXXXXXX,1,2227
12943,Wanda,Berger,XXXXXXXXX,XXXXXXXXX,2,9797
12944,Felicia,Scott,XXXXXXXXX,XXXXXXXXX,2,5751
12945,Taylor,Singleton,XXXXXXXXX,XXXXXXXXX,2,5900
12946,Marah,Obrien,XXXXXXXXX,XXXXXXXXX,2,8334
12947,Stacy,Fernandez,XXXXXXXXX,XXXXXXXXX,2,15478
12948,Kay,Carr,XXXXXXXXX,XXXXXXXXX,1,5580
12949,Sybill,Richmond,XXXXXXXXX,XXXXXXXXX,2,7313
12950,Adele,Mccormick,XXXXXXXXX,XXXXXXXXX,2,1195
12951,Dacey,Osborne,XXXXXXXXX,XXXXXXXXX,2,16293
12952,Deanna,Booth,XXXXXXXXX,XXXXXXXXX,2,1840
12953,Karina,Ware,XXXXXXXXX,XXXXXXXXX,2,4106
12954,Ivory,Burns,XXXXXXXXX,XXXXXXXXX,3,11994
12955,Amy,Waters,XXXXXXXXX,XXXXXXXXX,1,3779
12956,Libby,Peck,XXXXXXXXX,XXXXXXXXX,1,2312
12957,Aurora,Graham,XXXXXXXXX,XXXXXXXXX,1,10693
12958,Ainsley,Snider,XXXXXXXXX,XXXXXXXXX,1,12065
12959,Dominique,Charles,XXXXXXXXX,XXXXXXXXX,1,12187
12960,Basia,Camacho,XXXXXXXXX,XXXXXXXXX,1,2864
12961,Joan,Nixon,XXXXXXXXX,XXXXXXXXX,1,13422
12962,Teagan,Stuart,XXXXXXXXX,XXXXXXXXX,1,12991
12963,Jael,Hobbs,XXXXXXXXX,XXXXXXXXX,1,1578
12964,Evelyn,Davenport,XXXXXXXXX,XXXXXXXXX,1,16230
12965,Hannah,Wood,XXXXXXXXX,XXXXXXXXX,1,1631
12966,Quail,Mason,XXXXXXXXX,XXXXXXXXX,3,15392
12967,Roary,Howard,XXXXXXXXX,XXXXXXXXX,1,6376
12968,Simone,Pace,XXXXXXXXX,XXXXXXXXX,3,14762
12969,Lucy,Rodriquez,XXXXXXXXX,XXXXXXXXX,3,1018
12970,Yeo,Norman,XXXXXXXXX,XXXXXXXXX,2,7463
12971,Alma,Avila,XXXXXXXXX,XXXXXXXXX,2,9438
12972,Kellie,Brennan,XXXXXXXXX,XXXXXXXXX,1,12498
12973,Kim,Lloyd,XXXXXXXXX,XXXXXXXXX,1,7200
12974,Bo,Ewing,XXXXXXXXX,XXXXXXXXX,2,1663
12975,Ciara,Walter,XXXXXXXXX,XXXXXXXXX,2,13582
12976,Brynne,Estrada,XXXXXXXXX,XXXXXXXXX,1,8978
12977,Sade,Sweeney,XXXXXXXXX,XXXXXXXXX,2,13347
12978,Kimberley,Sellers,XXXXXXXXX,XXXXXXXXX,2,3576
12979,Natalie,Gould,XXXXXXXXX,XXXXXXXXX,2,2421
12980,Cassandra,Lucas,XXXXXXXXX,XXXXXXXXX,2,14582
12981,Freya,Munoz,XXXXXXXXX,XXXXXXXXX,1,15356
12982,Germane,Guerra,XXXXXXXXX,XXXXXXXXX,1,15239
12983,Oprah,Eaton,XXXXXXXXX,XXXXXXXXX,1,1455
12984,Nichole,Guzman,XXXXXXXXX,XXXXXXXXX,1,14759
12985,Erica,Meyer,XXXXXXXXX,XXXXXXXXX,3,3032
12986,Constance,Webster,XXXXXXXXX,XXXXXXXXX,3,4628
12987,Kimberly,Harmon,XXXXXXXXX,XXXXXXXXX,1,5677
12988,Orli,Waters,XXXXXXXXX,XXXXXXXXX,2,8044
12989,Tana,Vega,XXXXXXXXX,XXXXXXXXX,2,7161
12990,Gillian,Decker,XXXXXXXXX,XXXXXXXXX,2,15544
12991,Irene,Wooten,XXXXXXXXX,XXXXXXXXX,3,10507
12992,Clementine,Henson,XXXXXXXXX,XXXXXXXXX,2,10882
12993,Abigail,James,XXXXXXXXX,XXXXXXXXX,2,16502
12994,Tatyana,Hale,XXXXXXXXX,XXXXXXXXX,2,7398
12995,Zoe,Lawson,XXXXXXXXX,XXXXXXXXX,2,3502
12996,Mikayla,Hamilton,XXXXXXXXX,XXXXXXXXX,2,11139
12997,Martina,Spears,XXXXXXXXX,XXXXXXXXX,1,1989
12998,Zelda,David,XXXXXXXXX,XXXXXXXXX,1,364
12999,Daryl,Sandoval,XXXXXXXXX,XXXXXXXXX,1,12779
13000,Vivian,Frank,XXXXXXXXX,XXXXXXXXX,1,12217
13001,Hannah,Vaughn,XXXXXXXXX,XXXXXXXXX,1,14547
13002,Illana,Holden,XXXXXXXXX,XXXXXXXXX,1,6327
13003,Avye,Simpson,XXXXXXXXX,XXXXXXXXX,1,2484
13004,Rhoda,Workman,XXXXXXXXX,XXXXXXXXX,1,14326
13005,Ursula,Whitaker,XXXXXXXXX,XXXXXXXXX,3,7188
13006,Zenaida,Kline,XXXXXXXXX,XXXXXXXXX,3,7722
13007,Mechelle,Garner,XXXXXXXXX,XXXXXXXXX,1,13335
13008,Rosalyn,Hawkins,XXXXXXXXX,XXXXXXXXX,1,15694
13009,Quin,Banks,XXXXXXXXX,XXXXXXXXX,2,2909
13010,Naida,Sharp,XXXXXXXXX,XXXXXXXXX,2,5766
13011,Keelie,Whitney,XXXXXXXXX,XXXXXXXXX,1,6043
13012,Quincy,Bowers,XXXXXXXXX,XXXXXXXXX,2,3851
13013,Ingrid,Thompson,XXXXXXXXX,XXXXXXXXX,1,10362
13014,Selma,Goff,XXXXXXXXX,XXXXXXXXX,2,1152
13015,Victoria,Mann,XXXXXXXXX,XXXXXXXXX,3,13654
13016,Simone,Knapp,XXXXXXXXX,XXXXXXXXX,3,8919
13017,Freya,Little,XXXXXXXXX,XXXXXXXXX,3,4033
13018,Veronica,Mcleod,XXXXXXXXX,XXXXXXXXX,2,5020
13019,Madonna,Lopez,XXXXXXXXX,XXXXXXXXX,2,16278
13020,Harriet,Middleton,XXXXXXXXX,XXXXXXXXX,2,5279
13021,Christen,Norris,XXXXXXXXX,XXXXXXXXX,3,3787
13022,Constance,Gomez,XXXXXXXXX,XXXXXXXXX,2,1245
13023,Clio,Torres,XXXXXXXXX,XXXXXXXXX,1,12672
13024,Giselle,Farrell,XXXXXXXXX,XXXXXXXXX,1,4899
13025,Mallory,Benton,XXXXXXXXX,XXXXXXXXX,1,11301
13026,Brynn,Williamson,XXXXXXXXX,XXXXXXXXX,1,10162
13027,Hayfa,Hendrix,XXXXXXXXX,XXXXXXXXX,1,9997
13028,Basia,Rowland,XXXXXXXXX,XXXXXXXXX,2,11611
13029,Rachel,Stark,XXXXXXXXX,XXXXXXXXX,3,12954
13030,Cora,Everett,XXXXXXXXX,XXXXXXXXX,3,12152
13031,Briar,Allen,XXXXXXXXX,XXXXXXXXX,3,4073
13032,Winter,Mcfarland,XXXXXXXXX,XXXXXXXXX,1,16027
13033,Tamara,Navarro,XXXXXXXXX,XXXXXXXXX,1,6248
13034,Jade,Owens,XXXXXXXXX,XXXXXXXXX,3,3797
13035,Belle,Booker,XXXXXXXXX,XXXXXXXXX,1,8780
13036,Roanna,Morse,XXXXXXXXX,XXXXXXXXX,2,16018
13037,Carissa,Patrick,XXXXXXXXX,XXXXXXXXX,3,4632
13038,Imani,Preston,XXXXXXXXX,XXXXXXXXX,3,4755
13039,Azalia,Henson,XXXXXXXXX,XXXXXXXXX,2,12170
13040,Dahlia,Baird,XXXXXXXXX,XXXXXXXXX,2,12924
13041,Imani,Miles,XXXXXXXXX,XXXXXXXXX,2,6050
13042,Ima,Aguirre,XXXXXXXXX,XXXXXXXXX,1,13605
13043,Jillian,Marsh,XXXXXXXXX,XXXXXXXXX,1,1862
13044,Simone,Kidd,XXXXXXXXX,XXXXXXXXX,1,11023
13045,Sarah,Wagner,XXXXXXXXX,XXXXXXXXX,1,9549
13046,Martina,Thornton,XXXXXXXXX,XXXXXXXXX,1,10785
13047,September,Morton,XXXXXXXXX,XXXXXXXXX,3,16343
13048,Hilary,Atkins,XXXXXXXXX,XXXXXXXXX,3,8575
13049,Kelsie,Vincent,XXXXXXXXX,XXXXXXXXX,3,3724
13050,Lael,Dale,XXXXXXXXX,XXXXXXXXX,3,15062
13051,Alexa,Lynch,XXXXXXXXX,XXXXXXXXX,3,5099
13052,Rowan,Hopkins,XXXXXXXXX,XXXXXXXXX,1,10915
13053,Kirby,Gallegos,XXXXXXXXX,XXXXXXXXX,1,5780
13054,Whilemina,Nash,XXXXXXXXX,XXXXXXXXX,1,15086
13055,Brooke,Hull,XXXXXXXXX,XXXXXXXXX,1,13026
13056,Alyssa,Cole,XXXXXXXXX,XXXXXXXXX,1,10186
13057,Irma,Sherman,XXXXXXXXX,XXXXXXXXX,1,2746
13058,Bree,Kent,XXXXXXXXX,XXXXXXXXX,3,6465
13059,Macy,Leblanc,XXXXXXXXX,XXXXXXXXX,1,4023
13060,Minerva,Hurley,XXXXXXXXX,XXXXXXXXX,1,2766
13061,Gwendolyn,Boone,XXXXXXXXX,XXXXXXXXX,1,2489
13062,Evangeline,Rogers,XXXXXXXXX,XXXXXXXXX,1,14126
13063,Tatiana,Rodriquez,XXXXXXXXX,XXXXXXXXX,1,6968
13064,Lynn,Baldwin,XXXXXXXXX,XXXXXXXXX,1,16347
13065,Sydnee,Melton,XXXXXXXXX,XXXXXXXXX,1,16467
13066,Darrel,Marsh,XXXXXXXXX,XXXXXXXXX,1,11649
13067,Dominique,Mccarty,XXXXXXXXX,XXXXXXXXX,1,1735
13068,Iris,Moss,XXXXXXXXX,XXXXXXXXX,1,2282
13069,Harriet,Haney,XXXXXXXXX,XXXXXXXXX,3,5472
13070,Megan,Haley,XXXXXXXXX,XXXXXXXXX,3,8443
13071,Mara,Mills,XXXXXXXXX,XXXXXXXXX,3,14036
13072,Xandra,Velazquez,XXXXXXXXX,XXXXXXXXX,3,15248
13073,Marah,Goodman,XXXXXXXXX,XXXXXXXXX,3,16359
13074,Fay,Romero,XXXXXXXXX,XXXXXXXXX,1,5163
13075,Winifred,Thornton,XXXXXXXXX,XXXXXXXXX,3,12120
13076,Ainsley,Alston,XXXXXXXXX,XXXXXXXXX,3,16334
13077,Virginia,William,XXXXXXXXX,XXXXXXXXX,3,4525
13078,Rachel,Paul,XXXXXXXXX,XXXXXXXXX,3,8109
13079,Yael,Walter,XXXXXXXXX,XXXXXXXXX,1,15255
13080,Mara,Duffy,XXXXXXXXX,XXXXXXXXX,1,7302
13081,Willa,Landry,XXXXXXXXX,XXXXXXXXX,1,13369
13082,Maisie,Bowen,XXXXXXXXX,XXXXXXXXX,2,14261
13083,Deanna,Padilla,XXXXXXXXX,XXXXXXXXX,2,5845
13084,Sopoline,Hutchinson,XXXXXXXXX,XXXXXXXXX,2,4277
13085,Nomlanga,Greene,XXXXXXXXX,XXXXXXXXX,1,10515
13086,Alma,Hickman,XXXXXXXXX,XXXXXXXXX,2,6856
13087,Gemma,Brooks,XXXXXXXXX,XXXXXXXXX,2,6939
13088,Jillian,Vang,XXXXXXXXX,XXXXXXXXX,2,9974
13089,Donna,Ware,XXXXXXXXX,XXXXXXXXX,2,15457
13090,Xantha,Shannon,XXXXXXXXX,XXXXXXXXX,2,2534
13091,Kylie,Garner,XXXXXXXXX,XXXXXXXXX,1,3655
13092,Aubrey,Potter,XXXXXXXXX,XXXXXXXXX,1,16405
13093,Blossom,Buckner,XXXXXXXXX,XXXXXXXXX,1,6235
13094,Jessamine,Barrera,XXXXXXXXX,XXXXXXXXX,1,14340
13095,Dana,Hogan,XXXXXXXXX,XXXXXXXXX,1,7251
13096,Genevieve,Mcfarland,XXXXXXXXX,XXXXXXXXX,2,11663
13097,Eve,Young,XXXXXXXXX,XXXXXXXXX,1,12047
13098,Whoopi,Walton,XXXXXXXXX,XXXXXXXXX,1,6333
13099,Sade,Ross,XXXXXXXXX,XXXXXXXXX,2,16287
13100,Britanni,Rich,XXXXXXXXX,XXXXXXXXX,3,5232
13101,Lila,Pratt,XXXXXXXXX,XXXXXXXXX,3,1952
13102,Jordan,Garrison,XXXXXXXXX,XXXXXXXXX,3,14231
13103,Adele,Velez,XXXXXXXXX,XXXXXXXXX,1,14957
13104,Jillian,Bartlett,XXXXXXXXX,XXXXXXXXX,1,3514
13105,Sara,Sullivan,XXXXXXXXX,XXXXXXXXX,1,14850
13106,Ocean,Hodges,XXXXXXXXX,XXXXXXXXX,1,16265
13107,Genevieve,Mathis,XXXXXXXXX,XXXXXXXXX,2,9757
13108,Hillary,Montoya,XXXXXXXXX,XXXXXXXXX,2,8751
13109,Anika,Chaney,XXXXXXXXX,XXXXXXXXX,2,9300
13110,Isabella,Holman,XXXXXXXXX,XXXXXXXXX,1,8075
13111,Deborah,Long,XXXXXXXXX,XXXXXXXXX,1,4932
13112,Kyla,Blake,XXXXXXXXX,XXXXXXXXX,3,2321
13113,Carol,Valencia,XXXXXXXXX,XXXXXXXXX,3,4984
13114,Phoebe,Mcintosh,XXXXXXXXX,XXXXXXXXX,3,8970
13115,Caryn,Fernandez,XXXXXXXXX,XXXXXXXXX,1,6786
13116,Zia,Fry,XXXXXXXXX,XXXXXXXXX,1,10412
13117,Alexandra,Head,XXXXXXXXX,XXXXXXXXX,2,5643
13118,Sydney,Garza,XXXXXXXXX,XXXXXXXXX,2,828
13119,Calista,Bonner,XXXXXXXXX,XXXXXXXXX,2,1766
13120,Yolanda,Lopez,XXXXXXXXX,XXXXXXXXX,1,1194
13121,Aimee,Britt,XXXXXXXXX,XXXXXXXXX,1,2773
13122,Darryl,Ellis,XXXXXXXXX,XXXXXXXXX,1,7357
13123,Halee,Ford,XXXXXXXXX,XXXXXXXXX,1,13203
13124,Sydnee,King,XXXXXXXXX,XXXXXXXXX,1,2760
13125,Evelyn,Trevino,XXXXXXXXX,XXXXXXXXX,2,7880
13126,Raya,Owens,XXXXXXXXX,XXXXXXXXX,2,14765
13127,Katelyn,Mcpherson,XXXXXXXXX,XXXXXXXXX,1,4161
13128,Yvonne,Mcmillan,XXXXXXXXX,XXXXXXXXX,1,8185
13129,Signe,Riddle,XXXXXXXXX,XXXXXXXXX,3,24
13130,Stella,Hutchinson,XXXXXXXXX,XXXXXXXXX,2,3468
13131,Mira,Boone,XXXXXXXXX,XXXXXXXXX,2,5800
13132,Demetria,Franco,XXXXXXXXX,XXXXXXXXX,3,6416
13133,Winifred,Gill,XXXXXXXXX,XXXXXXXXX,1,6161
13134,Carol,Fuentes,XXXXXXXXX,XXXXXXXXX,1,1701
13135,Deborah,Castaneda,XXXXXXXXX,XXXXXXXXX,1,14619
13136,Aphrodite,Graves,XXXXXXXXX,XXXXXXXXX,1,6178
13137,Basia,Bishop,XXXXXXXXX,XXXXXXXXX,1,7515
13138,Constance,Albert,XXXXXXXXX,XXXXXXXXX,1,10150
13139,Shafira,Hampton,XXXXXXXXX,XXXXXXXXX,1,16383
13140,Priscilla,Lowery,XXXXXXXXX,XXXXXXXXX,1,16523
13141,Clare,Vincent,XXXXXXXXX,XXXXXXXXX,1,16159
13142,Blythe,Carrillo,XXXXXXXXX,XXXXXXXXX,1,4782
13143,Macy,Greene,XXXXXXXXX,XXXXXXXXX,1,9960
13144,Velma,Underwood,XXXXXXXXX,XXXXXXXXX,3,6359
13145,Guinevere,Clarke,XXXXXXXXX,XXXXXXXXX,3,15650
13146,Astra,French,XXXXXXXXX,XXXXXXXXX,3,6322
13147,Illana,Ortega,XXXXXXXXX,XXXXXXXXX,1,15523
13148,Demetria,Bullock,XXXXXXXXX,XXXXXXXXX,3,3619
13149,Velma,Mccullough,XXXXXXXXX,XXXXXXXXX,3,3165
13150,Mary,Barry,XXXXXXXXX,XXXXXXXXX,3,13299
13151,Ivana,Hayden,XXXXXXXXX,XXXXXXXXX,3,3681
13152,Lacota,Rosales,XXXXXXXXX,XXXXXXXXX,1,7859
13153,Farrah,Dennis,XXXXXXXXX,XXXXXXXXX,1,7222
13154,Farrah,French,XXXXXXXXX,XXXXXXXXX,1,2275
13155,Lysandra,Herring,XXXXXXXXX,XXXXXXXXX,1,3715
13156,Kirsten,Wilcox,XXXXXXXXX,XXXXXXXXX,1,15288
13157,Idola,Miles,XXXXXXXXX,XXXXXXXXX,1,2432
13158,Kirestin,Delacruz,XXXXXXXXX,XXXXXXXXX,1,9359
13159,Calista,Nichols,XXXXXXXXX,XXXXXXXXX,2,9756
13160,Vielka,Owen,XXXXXXXXX,XXXXXXXXX,2,11626
13161,Sloane,Justice,XXXXXXXXX,XXXXXXXXX,2,3218
13162,Ora,Ward,XXXXXXXXX,XXXXXXXXX,2,3895
13163,Sydnee,Nolan,XXXXXXXXX,XXXXXXXXX,1,16221
13164,Sonia,Tate,XXXXXXXXX,XXXXXXXXX,1,5652
13165,Myra,Wong,XXXXXXXXX,XXXXXXXXX,1,5002
13166,Shaine,Williamson,XXXXXXXXX,XXXXXXXXX,3,2565
13167,Francesca,Aguirre,XXXXXXXXX,XXXXXXXXX,3,135
13168,Maite,Mejia,XXXXXXXXX,XXXXXXXXX,3,7863
13169,Heidi,Norton,XXXXXXXXX,XXXXXXXXX,3,2316
13170,Hanae,Avila,XXXXXXXXX,XXXXXXXXX,3,9903
13171,Quemby,Collier,XXXXXXXXX,XXXXXXXXX,3,12594
13172,Shannon,Hodges,XXXXXXXXX,XXXXXXXXX,1,13066
13173,Noelani,Carrillo,XXXXXXXXX,XXXXXXXXX,2,13034
13174,Nora,Baker,XXXXXXXXX,XXXXXXXXX,2,4664
13175,Ainsley,Fitzgerald,XXXXXXXXX,XXXXXXXXX,2,10957
13176,Renee,Pennington,XXXXXXXXX,XXXXXXXXX,2,406
13177,Leigh,Garcia,XXXXXXXXX,XXXXXXXXX,1,12842
13178,Carla,Ball,XXXXXXXXX,XXXXXXXXX,1,12188
13179,Ila,Knight,XXXXXXXXX,XXXXXXXXX,1,3066
13180,Lynn,Dillard,XXXXXXXXX,XXXXXXXXX,2,2340
13181,Larissa,Cooke,XXXXXXXXX,XXXXXXXXX,2,8147
13182,Zenaida,Brock,XXXXXXXXX,XXXXXXXXX,1,11317
13183,Tasha,Moss,XXXXXXXXX,XXXXXXXXX,1,13551
13184,Renee,Gallagher,XXXXXXXXX,XXXXXXXXX,1,1279
13185,Isabella,Murphy,XXXXXXXXX,XXXXXXXXX,2,8043
13186,Zephr,Hatfield,XXXXXXXXX,XXXXXXXXX,2,3012
13187,Whitney,Case,XXXXXXXXX,XXXXXXXXX,2,16099
13188,Karina,Walsh,XXXXXXXXX,XXXXXXXXX,1,12211
13189,Ann,Ratliff,XXXXXXXXX,XXXXXXXXX,3,12091
13190,Whitney,Henderson,XXXXXXXXX,XXXXXXXXX,1,8038
13191,Cally,Melton,XXXXXXXXX,XXXXXXXXX,1,4221
13192,Audrey,Taylor,XXXXXXXXX,XXXXXXXXX,1,4265
13193,Jennifer,Mayer,XXXXXXXXX,XXXXXXXXX,1,1488
13194,Riley,Jones,XXXXXXXXX,XXXXXXXXX,1,10101
13195,Sybill,Murphy,XXXXXXXXX,XXXXXXXXX,1,4805
13196,Lani,Nash,XXXXXXXXX,XXXXXXXXX,1,8977
13197,Brenna,Duncan,XXXXXXXXX,XXXXXXXXX,2,3130
13198,Jocelyn,Mckay,XXXXXXXXX,XXXXXXXXX,2,10756
13199,Hannah,Edwards,XXXXXXXXX,XXXXXXXXX,2,4191
13200,Paula,Garrett,XXXXXXXXX,XXXXXXXXX,2,2193
13201,Desiree,Craft,XXXXXXXXX,XXXXXXXXX,1,7425
13202,Illana,Townsend,XXXXXXXXX,XXXXXXXXX,1,8504
13203,Xena,Graham,XXXXXXXXX,XXXXXXXXX,2,2841
13204,Gay,Nieves,XXXXXXXXX,XXXXXXXXX,1,8611
13205,Katell,Norton,XXXXXXXXX,XXXXXXXXX,1,15056
13206,Zia,Davis,XXXXXXXXX,XXXXXXXXX,1,5111
13207,April,Cain,XXXXXXXXX,XXXXXXXXX,2,16531
13208,Jamalia,Benton,XXXXXXXXX,XXXXXXXXX,3,1415
13209,Willow,Norton,XXXXXXXXX,XXXXXXXXX,3,16224
13210,Aubrey,Moody,XXXXXXXXX,XXXXXXXXX,2,3965
13211,Lacy,Medina,XXXXXXXXX,XXXXXXXXX,3,15281
13212,Susan,Haley,XXXXXXXXX,XXXXXXXXX,1,13049
13213,Iola,Odonnell,XXXXXXXXX,XXXXXXXXX,3,13072
13214,Carly,Malone,XXXXXXXXX,XXXXXXXXX,1,15749
13215,Adrienne,Williams,XXXXXXXXX,XXXXXXXXX,1,3116
13216,Helen,Miles,XXXXXXXXX,XXXXXXXXX,3,7319
13217,Cleo,Ortega,XXXXXXXXX,XXXXXXXXX,3,15484
13218,Rhoda,Hewitt,XXXXXXXXX,XXXXXXXXX,3,12900
13219,Gillian,Hardy,XXXXXXXXX,XXXXXXXXX,3,2417
13220,Iona,Berger,XXXXXXXXX,XXXXXXXXX,3,12871
13221,Azalia,Booker,XXXXXXXXX,XXXXXXXXX,3,13858
13222,Charlotte,Raymond,XXXXXXXXX,XXXXXXXXX,3,9714
13223,Haviva,Zimmerman,XXXXXXXXX,XXXXXXXXX,3,5286
13224,Hedda,Mullins,XXXXXXXXX,XXXXXXXXX,3,2288
13225,Brenna,Whitley,XXXXXXXXX,XXXXXXXXX,1,7987
13226,Audrey,Hoffman,XXXXXXXXX,XXXXXXXXX,2,8746
13227,Cynthia,Wilcox,XXXXXXXXX,XXXXXXXXX,3,11098
13228,Morgan,Kirk,XXXXXXXXX,XXXXXXXXX,2,4296
13229,Cynthia,Tyler,XXXXXXXXX,XXXXXXXXX,3,725
13230,Ivory,Acevedo,XXXXXXXXX,XXXXXXXXX,3,7801
13231,Brianna,Horne,XXXXXXXXX,XXXXXXXXX,2,8993
13232,Olympia,Craft,XXXXXXXXX,XXXXXXXXX,1,2301
13233,Winter,Norman,XXXXXXXXX,XXXXXXXXX,1,13303
13234,Zorita,Mcbride,XXXXXXXXX,XXXXXXXXX,1,8524
13235,Lara,Reyes,XXXXXXXXX,XXXXXXXXX,1,11161
13236,Sybil,Fields,XXXXXXXXX,XXXXXXXXX,3,4392
13237,Astra,Bullock,XXXXXXXXX,XXXXXXXXX,1,9116
13238,Xaviera,Noel,XXXXXXXXX,XXXXXXXXX,3,10740
13239,Halla,Miller,XXXXXXXXX,XXXXXXXXX,1,1085
13240,Jorden,Michael,XXXXXXXXX,XXXXXXXXX,1,6752
13241,Belle,Haynes,XXXXXXXXX,XXXXXXXXX,2,13391
13242,Brittany,Sims,XXXXXXXXX,XXXXXXXXX,2,12232
13243,Cassady,Gilmore,XXXXXXXXX,XXXXXXXXX,2,12073
13244,Willow,Holloway,XXXXXXXXX,XXXXXXXXX,2,7307
13245,Maia,Farley,XXXXXXXXX,XXXXXXXXX,2,3756
13246,Anastasia,Moore,XXXXXXXXX,XXXXXXXXX,2,13403
13247,Brianna,Palmer,XXXXXXXXX,XXXXXXXXX,1,10556
13248,Ivory,Curry,XXXXXXXXX,XXXXXXXXX,1,6401
13249,Elaine,Dixon,XXXXXXXXX,XXXXXXXXX,2,11212
13250,Camille,Knapp,XXXXXXXXX,XXXXXXXXX,2,5622
13251,Maggy,Hobbs,XXXXXXXXX,XXXXXXXXX,1,15030
13252,Emily,Harrison,XXXXXXXXX,XXXXXXXXX,1,14901
13253,Ulla,Blake,XXXXXXXXX,XXXXXXXXX,1,3574
13254,Amity,Lucas,XXXXXXXXX,XXXXXXXXX,1,1651
13255,Brianna,Fowler,XXXXXXXXX,XXXXXXXXX,1,1464
13256,Nora,Downs,XXXXXXXXX,XXXXXXXXX,1,1637
13257,Holly,Beard,XXXXXXXXX,XXXXXXXXX,1,614
13258,Ayanna,Pacheco,XXXXXXXXX,XXXXXXXXX,2,3927
13259,Eden,Mcdaniel,XXXXXXXXX,XXXXXXXXX,1,8470
13260,Danielle,Walls,XXXXXXXXX,XXXXXXXXX,1,1001
13261,Quon,Murphy,XXXXXXXXX,XXXXXXXXX,3,9874
13262,Deborah,Case,XXXXXXXXX,XXXXXXXXX,2,129
13263,Hedda,Sloan,XXXXXXXXX,XXXXXXXXX,2,8510
13264,Athena,King,XXXXXXXXX,XXXXXXXXX,3,5331
13265,Kelsie,Noel,XXXXXXXXX,XXXXXXXXX,1,9395
13266,Lee,Carpenter,XXXXXXXXX,XXXXXXXXX,1,7665
13267,Jenette,Hunt,XXXXXXXXX,XXXXXXXXX,1,4156
13268,Mollie,Wright,XXXXXXXXX,XXXXXXXXX,2,11751
13269,Gretchen,Durham,XXXXXXXXX,XXXXXXXXX,2,15075
13270,Marah,Patterson,XXXXXXXXX,XXXXXXXXX,3,663
13271,Karyn,Juarez,XXXXXXXXX,XXXXXXXXX,3,5037
13272,Germaine,Velazquez,XXXXXXXXX,XXXXXXXXX,3,11462
13273,Cathleen,Mullins,XXXXXXXXX,XXXXXXXXX,3,14434
13274,Frances,Cannon,XXXXXXXXX,XXXXXXXXX,2,5962
13275,Aphrodite,Little,XXXXXXXXX,XXXXXXXXX,1,12600
13276,Carissa,Lambert,XXXXXXXXX,XXXXXXXXX,1,6981
13277,Melissa,Roberts,XXXXXXXXX,XXXXXXXXX,1,4977
13278,Kaitlin,Mullins,XXXXXXXXX,XXXXXXXXX,1,2401
13279,Hyacinth,Hurst,XXXXXXXXX,XXXXXXXXX,2,3025
13280,Maggie,Workman,XXXXXXXXX,XXXXXXXXX,2,2349
13281,Roanna,Garrett,XXXXXXXXX,XXXXXXXXX,3,5334
13282,Jacqueline,Black,XXXXXXXXX,XXXXXXXXX,1,4722
13283,Minerva,Huff,XXXXXXXXX,XXXXXXXXX,1,1321
13284,Jayme,Spence,XXXXXXXXX,XXXXXXXXX,1,7099
13285,Naomi,Stafford,XXXXXXXXX,XXXXXXXXX,1,15782
13286,Shelley,Johnston,XXXXXXXXX,XXXXXXXXX,1,3976
13287,Lee,Huff,XXXXXXXXX,XXXXXXXXX,1,8309
13288,Chava,Love,XXXXXXXXX,XXXXXXXXX,1,9832
13289,Stacey,Luna,XXXXXXXXX,XXXXXXXXX,2,4109
13290,Cally,Fox,XXXXXXXXX,XXXXXXXXX,3,3067
13291,Cherokee,Daniels,XXXXXXXXX,XXXXXXXXX,1,882
13292,Katelyn,Ware,XXXXXXXXX,XXXXXXXXX,2,2754
13293,Nell,Reed,XXXXXXXXX,XXXXXXXXX,2,6197
13294,Fiona,Irwin,XXXXXXXXX,XXXXXXXXX,2,14552
13295,Alisa,Park,XXXXXXXXX,XXXXXXXXX,1,15534
13296,Donna,Carpenter,XXXXXXXXX,XXXXXXXXX,2,2540
13297,Desirae,Guzman,XXXXXXXXX,XXXXXXXXX,2,11330
13298,Kelsie,Leon,XXXXXXXXX,XXXXXXXXX,1,6618
13299,Mona,Drake,XXXXXXXXX,XXXXXXXXX,1,7592
13300,Remedios,Fry,XXXXXXXXX,XXXXXXXXX,2,701
13301,Calista,Ratliff,XXXXXXXXX,XXXXXXXXX,2,5350
13302,Irma,Pickett,XXXXXXXXX,XXXXXXXXX,1,6259
13303,Katell,Scott,XXXXXXXXX,XXXXXXXXX,1,7622
13304,Kitra,Mcdowell,XXXXXXXXX,XXXXXXXXX,1,14011
13305,Katell,Rivers,XXXXXXXXX,XXXXXXXXX,1,7315
13306,Chelsea,Mercado,XXXXXXXXX,XXXXXXXXX,1,13207
13307,Madeline,Barber,XXXXXXXXX,XXXXXXXXX,1,7813
13308,Bertha,Hodge,XXXXXXXXX,XXXXXXXXX,1,6703
13309,Patience,Mcgee,XXXXXXXXX,XXXXXXXXX,1,5309
13310,Darryl,Phelps,XXXXXXXXX,XXXXXXXXX,1,8372
13311,Carolyn,Delgado,XXXXXXXXX,XXXXXXXXX,1,7960
13312,Montana,Barr,XXXXXXXXX,XXXXXXXXX,1,9345
13313,Hedwig,Bishop,XXXXXXXXX,XXXXXXXXX,1,8959
13314,Chava,Rowe,XXXXXXXXX,XXXXXXXXX,1,2388
13315,Eve,Harrington,XXXXXXXXX,XXXXXXXXX,1,6782
13316,Gloria,Cline,XXXXXXXXX,XXXXXXXXX,2,15518
13317,Mariko,Humphrey,XXXXXXXXX,XXXXXXXXX,2,5268
13318,Evelyn,Melendez,XXXXXXXXX,XXXXXXXXX,2,2189
13319,Brenna,Alvarado,XXXXXXXXX,XXXXXXXXX,1,10819
13320,Cassandra,Moody,XXXXXXXXX,XXXXXXXXX,1,13133
13321,Belle,Grant,XXXXXXXXX,XXXXXXXXX,1,9391
13322,Inga,Stein,XXXXXXXXX,XXXXXXXXX,1,6402
13323,Angelica,Kirk,XXXXXXXXX,XXXXXXXXX,1,11293
13324,Dominique,Coffey,XXXXXXXXX,XXXXXXXXX,1,14336
13325,Virginia,Price,XXXXXXXXX,XXXXXXXXX,1,6448
13326,Zoe,Fox,XXXXXXXXX,XXXXXXXXX,1,10816
13327,Blythe,Morris,XXXXXXXXX,XXXXXXXXX,3,597
13328,Chantale,Small,XXXXXXXXX,XXXXXXXXX,1,4760
13329,Cheryl,Booker,XXXXXXXXX,XXXXXXXXX,2,15104
13330,Raya,Blake,XXXXXXXXX,XXXXXXXXX,2,14572
13331,Mechelle,Tate,XXXXXXXXX,XXXXXXXXX,2,1036
13332,Petra,Carney,XXXXXXXXX,XXXXXXXXX,2,10366
13333,Josephine,Ward,XXXXXXXXX,XXXXXXXXX,3,5019
13334,Ila,Larson,XXXXXXXXX,XXXXXXXXX,1,2799
13335,Felicia,Juarez,XXXXXXXXX,XXXXXXXXX,3,1397
13336,Quin,Cole,XXXXXXXXX,XXXXXXXXX,3,2103
13337,Meredith,Bird,XXXXXXXXX,XXXXXXXXX,3,6773
13338,Abra,Puckett,XXXXXXXXX,XXXXXXXXX,1,640
13339,Cherokee,Michael,XXXXXXXXX,XXXXXXXXX,1,12795
13340,Ignacia,Riley,XXXXXXXXX,XXXXXXXXX,1,8710
13341,Melanie,Walton,XXXXXXXXX,XXXXXXXXX,1,13797
13342,Zia,Cunningham,XXXXXXXXX,XXXXXXXXX,1,4416
13343,Yvette,Fulton,XXXXXXXXX,XXXXXXXXX,1,10125
13344,Deanna,Gutierrez,XXXXXXXXX,XXXXXXXXX,1,12613
13345,Blythe,Klein,XXXXXXXXX,XXXXXXXXX,1,1092
13346,Ivory,Mclean,XXXXXXXXX,XXXXXXXXX,2,6756
13347,Melyssa,Hobbs,XXXXXXXXX,XXXXXXXXX,2,15511
13348,Kim,Ashley,XXXXXXXXX,XXXXXXXXX,2,10967
13349,Pascale,Lyons,XXXXXXXXX,XXXXXXXXX,2,7937
13350,Orli,Young,XXXXXXXXX,XXXXXXXXX,2,2017
13351,Wynter,Baird,XXXXXXXXX,XXXXXXXXX,2,14758
13352,Jaime,Jordan,XXXXXXXXX,XXXXXXXXX,2,9881
13353,Karina,Strickland,XXXXXXXXX,XXXXXXXXX,2,5503
13354,Isabella,Manning,XXXXXXXXX,XXXXXXXXX,2,15826
13355,Xerxes,Chandler,XXXXXXXXX,XXXXXXXXX,2,14675
13356,Nita,Hardy,XXXXXXXXX,XXXXXXXXX,1,14051
13357,Anika,Dyer,XXXXXXXXX,XXXXXXXXX,1,10269
13358,Remedios,Myers,XXXXXXXXX,XXXXXXXXX,1,7729
13359,Ori,Mcconnell,XXXXXXXXX,XXXXXXXXX,1,16321
13360,Iona,Strickland,XXXXXXXXX,XXXXXXXXX,2,8416
13361,Signe,Melendez,XXXXXXXXX,XXXXXXXXX,2,11410
13362,Danielle,Meyers,XXXXXXXXX,XXXXXXXXX,1,14934
13363,Madonna,Ingram,XXXXXXXXX,XXXXXXXXX,1,14852
13364,Karly,Robinson,XXXXXXXXX,XXXXXXXXX,1,14912
13365,Liberty,Whitehead,XXXXXXXXX,XXXXXXXXX,1,1694
13366,Deirdre,Dotson,XXXXXXXXX,XXXXXXXXX,2,1160
13367,Darrel,Trujillo,XXXXXXXXX,XXXXXXXXX,3,2274
13368,Geraldine,Collins,XXXXXXXXX,XXXXXXXXX,2,12068
13369,Morgan,Terrell,XXXXXXXXX,XXXXXXXXX,1,9989
13370,Linda,Rowe,XXXXXXXXX,XXXXXXXXX,3,11146
13371,Xerxes,Francis,XXXXXXXXX,XXXXXXXXX,3,245
13372,Ainsley,Lynn,XXXXXXXXX,XXXXXXXXX,3,15922
13373,Faith,Wilcox,XXXXXXXXX,XXXXXXXXX,1,5893
13374,Jolene,Holland,XXXXXXXXX,XXXXXXXXX,1,9700
13375,Gail,Cherry,XXXXXXXXX,XXXXXXXXX,1,13350
13376,Karina,Rutledge,XXXXXXXXX,XXXXXXXXX,1,10363
13377,Sydney,Mejia,XXXXXXXXX,XXXXXXXXX,1,8132
13378,Shelley,Herrera,XXXXXXXXX,XXXXXXXXX,1,10900
13379,Kathleen,Dominguez,XXXXXXXXX,XXXXXXXXX,1,7118
13380,Alfreda,Sparks,XXXXXXXXX,XXXXXXXXX,1,14673
13381,Noel,Boyer,XXXXXXXXX,XXXXXXXXX,1,1602
13382,Aimee,Fischer,XXXXXXXXX,XXXXXXXXX,2,11683
13383,Hollee,Barnes,XXXXXXXXX,XXXXXXXXX,3,6147
13384,Charity,Benson,XXXXXXXXX,XXXXXXXXX,1,2649
13385,Imani,Battle,XXXXXXXXX,XXXXXXXXX,1,15061
13386,Caryn,Lamb,XXXXXXXXX,XXXXXXXXX,1,6680
13387,Ainsley,Foley,XXXXXXXXX,XXXXXXXXX,1,7940
13388,Astra,Irwin,XXXXXXXXX,XXXXXXXXX,2,7555
13389,Echo,Wiggins,XXXXXXXXX,XXXXXXXXX,2,9249
13390,Stella,Ray,XXXXXXXXX,XXXXXXXXX,1,11004
13391,Nichole,Yates,XXXXXXXXX,XXXXXXXXX,2,8343
13392,Desiree,Rowland,XXXXXXXXX,XXXXXXXXX,3,8300
13393,Ginger,Daniels,XXXXXXXXX,XXXXXXXXX,2,16325
13394,Jaden,White,XXXXXXXXX,XXXXXXXXX,3,1387
13395,Harriet,Frederick,XXXXXXXXX,XXXXXXXXX,1,3237
13396,Sloane,Carr,XXXXXXXXX,XXXXXXXXX,1,11157
13397,Fallon,Hudson,XXXXXXXXX,XXXXXXXXX,1,12563
13398,Orli,Lindsay,XXXXXXXXX,XXXXXXXXX,1,911
13399,Martha,Kent,XXXXXXXXX,XXXXXXXXX,1,8246
13400,Maggie,Singleton,XXXXXXXXX,XXXXXXXXX,1,11986
13401,Hillary,Garrett,XXXXXXXXX,XXXXXXXXX,1,5025
13402,Oprah,Clements,XXXXXXXXX,XXXXXXXXX,2,10000
13403,Denise,Vasquez,XXXXXXXXX,XXXXXXXXX,2,14200
13404,Anastasia,Oliver,XXXXXXXXX,XXXXXXXXX,1,9921
13405,Ocean,Pratt,XXXXXXXXX,XXXXXXXXX,1,7127
13406,Lydia,Mcmillan,XXXXXXXXX,XXXXXXXXX,1,11050
13407,Lois,Mcknight,XXXXXXXXX,XXXXXXXXX,1,6217
13408,Idona,Poole,XXXXXXXXX,XXXXXXXXX,1,2386
13409,Victoria,Travis,XXXXXXXXX,XXXXXXXXX,1,8048
13410,Shay,Wolfe,XXXXXXXXX,XXXXXXXXX,1,11239
13411,Beatrice,House,XXXXXXXXX,XXXXXXXXX,1,12919
13412,Sydnee,Strickland,XXXXXXXXX,XXXXXXXXX,2,7077
13413,Tatiana,Lynn,XXXXXXXXX,XXXXXXXXX,2,11583
13414,Barbara,Moran,XXXXXXXXX,XXXXXXXXX,2,1283
13415,Brianna,Bennett,XXXXXXXXX,XXXXXXXXX,1,16546
13416,Abra,Pope,XXXXXXXXX,XXXXXXXXX,1,12445
13417,Rowan,Adams,XXXXXXXXX,XXXXXXXXX,1,4019
13418,Florence,Cannon,XXXXXXXXX,XXXXXXXXX,1,7335
13419,Cara,Cortez,XXXXXXXXX,XXXXXXXXX,1,8731
13420,Bree,Franco,XXXXXXXXX,XXXXXXXXX,1,6873
13421,May,Howard,XXXXXXXXX,XXXXXXXXX,1,12571
13422,Blythe,Hays,XXXXXXXXX,XXXXXXXXX,1,4772
13423,Idola,Merritt,XXXXXXXXX,XXXXXXXXX,1,15792
13424,Medge,Mckee,XXXXXXXXX,XXXXXXXXX,2,15431
13425,Lois,Espinoza,XXXXXXXXX,XXXXXXXXX,1,1780
13426,September,Bentley,XXXXXXXXX,XXXXXXXXX,2,6008
13427,Lacey,Howell,XXXXXXXXX,XXXXXXXXX,3,12493
13428,Bertha,Garcia,XXXXXXXXX,XXXXXXXXX,1,6955
13429,Kay,Bryan,XXXXXXXXX,XXXXXXXXX,1,441
13430,Remedios,Nguyen,XXXXXXXXX,XXXXXXXXX,1,1807
13431,Melyssa,Estes,XXXXXXXXX,XXXXXXXXX,1,7457
13432,Adena,Adkins,XXXXXXXXX,XXXXXXXXX,1,11179
13433,Christine,Burch,XXXXXXXXX,XXXXXXXXX,1,2871
13434,Amela,Gates,XXXXXXXXX,XXXXXXXXX,3,9543
13435,Xerxes,Dominguez,XXXXXXXXX,XXXXXXXXX,3,15717
13436,Nola,Cash,XXXXXXXXX,XXXXXXXXX,3,4733
13437,Kerry,Rivera,XXXXXXXXX,XXXXXXXXX,3,13692
13438,Quemby,Shepherd,XXXXXXXXX,XXXXXXXXX,2,15537
13439,Whitney,Wiley,XXXXXXXXX,XXXXXXXXX,2,16158
13440,Diana,Hogan,XXXXXXXXX,XXXXXXXXX,2,5955
13441,Daryl,Odonnell,XXXXXXXXX,XXXXXXXXX,1,649
13442,Farrah,Dickerson,XXXXXXXXX,XXXXXXXXX,1,6761
13443,Octavia,Davis,XXXXXXXXX,XXXXXXXXX,2,9272
13444,Dorothy,Hooper,XXXXXXXXX,XXXXXXXXX,1,10278
13445,Quincy,Klein,XXXXXXXXX,XXXXXXXXX,1,6312
13446,Alyssa,Fulton,XXXXXXXXX,XXXXXXXXX,2,9660
13447,Iris,Fowler,XXXXXXXXX,XXXXXXXXX,2,13121
13448,Kim,Donaldson,XXXXXXXXX,XXXXXXXXX,1,2263
13449,Marny,Roy,XXXXXXXXX,XXXXXXXXX,1,7974
13450,Sheila,Clark,XXXXXXXXX,XXXXXXXXX,1,3018
13451,Leilani,Merritt,XXXXXXXXX,XXXXXXXXX,1,8656
13452,Oprah,Weiss,XXXXXXXXX,XXXXXXXXX,1,5771
13453,Shea,Hopkins,XXXXXXXXX,XXXXXXXXX,1,7693
13454,Ina,Banks,XXXXXXXXX,XXXXXXXXX,2,15925
13455,Hope,Adkins,XXXXXXXXX,XXXXXXXXX,2,1813
13456,Tamara,Beard,XXXXXXXXX,XXXXXXXXX,2,2033
13457,Ora,Cleveland,XXXXXXXXX,XXXXXXXXX,2,14277
13458,Sarah,Hardy,XXXXXXXXX,XXXXXXXXX,2,695
13459,Leigh,David,XXXXXXXXX,XXXXXXXXX,3,4749
13460,Courtney,Reese,XXXXXXXXX,XXXXXXXXX,1,6692
13461,Mechelle,Parker,XXXXXXXXX,XXXXXXXXX,1,740
13462,Amber,Leon,XXXXXXXXX,XXXXXXXXX,1,15553
13463,Adara,Lindsay,XXXXXXXXX,XXXXXXXXX,1,14214
13464,Lara,Hayden,XXXXXXXXX,XXXXXXXXX,1,1505
13465,Pascale,Stokes,XXXXXXXXX,XXXXXXXXX,1,4470
13466,Tamara,Garza,XXXXXXXXX,XXXXXXXXX,2,12097
13467,Lesley,Medina,XXXXXXXXX,XXXXXXXXX,3,10344
13468,Kessie,Ratliff,XXXXXXXXX,XXXXXXXXX,3,12105
13469,Kaitlin,Chavez,XXXXXXXXX,XXXXXXXXX,3,2374
13470,Ivy,Terry,XXXXXXXXX,XXXXXXXXX,1,13554
13471,Moana,Cain,XXXXXXXXX,XXXXXXXXX,1,5821
13472,Ivy,Page,XXXXXXXXX,XXXXXXXXX,1,5342
13473,Rachel,Robles,XXXXXXXXX,XXXXXXXXX,1,4432
13474,Rowan,Paul,XXXXXXXXX,XXXXXXXXX,1,11386
13475,Britanney,Cote,XXXXXXXXX,XXXXXXXXX,1,9625
13476,Cheryl,Vaughn,XXXXXXXXX,XXXXXXXXX,1,2479
13477,Destiny,Baxter,XXXXXXXXX,XXXXXXXXX,1,12519
13478,Rebecca,Thompson,XXXXXXXXX,XXXXXXXXX,1,1026
13479,Emi,Barr,XXXXXXXXX,XXXXXXXXX,1,5987
13480,Odette,Whitfield,XXXXXXXXX,XXXXXXXXX,1,7757
13481,Chloe,Marks,XXXXXXXXX,XXXXXXXXX,1,6132
13482,Linda,Pratt,XXXXXXXXX,XXXXXXXXX,1,13083
13483,Hadley,Moreno,XXXXXXXXX,XXXXXXXXX,1,7214
13484,Buffy,Nelson,XXXXXXXXX,XXXXXXXXX,1,9340
13485,Amity,Russell,XXXXXXXXX,XXXXXXXXX,1,9004
13486,Madonna,Mercado,XXXXXXXXX,XXXXXXXXX,1,2923
13487,Evangeline,May,XXXXXXXXX,XXXXXXXXX,1,13668
13488,Gloria,Gaines,XXXXXXXXX,XXXXXXXXX,1,2801
13489,Leigh,Myers,XXXXXXXXX,XXXXXXXXX,2,16395
13490,Glenna,Meyer,XXXXXXXXX,XXXXXXXXX,1,14114
13491,Claudia,Stanton,XXXXXXXXX,XXXXXXXXX,2,2927
13492,Amanda,Hardy,XXXXXXXXX,XXXXXXXXX,2,13022
13493,Kim,Figueroa,XXXXXXXXX,XXXXXXXXX,2,1881
13494,Reagan,Kelley,XXXXXXXXX,XXXXXXXXX,3,11734
13495,Bethany,Sims,XXXXXXXXX,XXXXXXXXX,2,3143
13496,Dorothy,Irwin,XXXXXXXXX,XXXXXXXXX,3,10100
13497,Ocean,Taylor,XXXXXXXXX,XXXXXXXXX,2,2204
13498,Alexis,Avery,XXXXXXXXX,XXXXXXXXX,2,5247
13499,Shelley,Mcclure,XXXXXXXXX,XXXXXXXXX,2,869
13500,Leslie,Lane,XXXXXXXXX,XXXXXXXXX,1,13770
13501,Quail,Alexander,XXXXXXXXX,XXXXXXXXX,1,6304
13502,Zenaida,Sawyer,XXXXXXXXX,XXXXXXXXX,1,2442
13503,Willow,Charles,XXXXXXXXX,XXXXXXXXX,1,5958
13504,Hedwig,Dorsey,XXXXXXXXX,XXXXXXXXX,1,1167
13505,Clio,Bradley,XXXXXXXXX,XXXXXXXXX,1,5471
13506,Ria,Meyers,XXXXXXXXX,XXXXXXXXX,1,4199
13507,Evangeline,Carver,XXXXXXXXX,XXXXXXXXX,1,8874
13508,Hope,Nash,XXXXXXXXX,XXXXXXXXX,1,8394
13509,Isabella,Mccoy,XXXXXXXXX,XXXXXXXXX,1,1098
13510,Indigo,Rose,XXXXXXXXX,XXXXXXXXX,1,3858
13511,Rhiannon,Freeman,XXXXXXXXX,XXXXXXXXX,1,11220
13512,Mara,Padilla,XXXXXXXXX,XXXXXXXXX,1,12713
13513,Destiny,Valentine,XXXXXXXXX,XXXXXXXXX,1,2614
13514,Juliet,Santiago,XXXXXXXXX,XXXXXXXXX,1,6455
13515,Katell,Page,XXXXXXXXX,XXXXXXXXX,1,2214
13516,Clio,Hood,XXXXXXXXX,XXXXXXXXX,1,9953
13517,Ayanna,Freeman,XXXXXXXXX,XXXXXXXXX,1,2825
13518,Ramona,Castaneda,XXXXXXXXX,XXXXXXXXX,1,5145
13519,Chelsea,Atkinson,XXXXXXXXX,XXXXXXXXX,1,6952
13520,Quyn,Graves,XXXXXXXXX,XXXXXXXXX,2,1324
13521,Ila,Bond,XXXXXXXXX,XXXXXXXXX,2,6506
13522,Mari,Armstrong,XXXXXXXXX,XXXXXXXXX,1,1785
13523,Rylee,Taylor,XXXXXXXXX,XXXXXXXXX,1,15348
13524,Neve,Graves,XXXXXXXXX,XXXXXXXXX,1,2886
13525,Rowan,Dorsey,XXXXXXXXX,XXXXXXXXX,2,2835
13526,Rhoda,Workman,XXXXXXXXX,XXXXXXXXX,2,15396
13527,Chantale,Hubbard,XXXXXXXXX,XXXXXXXXX,1,15720
13528,Skyler,Roman,XXXXXXXXX,XXXXXXXXX,1,12039
13529,Brynn,Hernandez,XXXXXXXXX,XXXXXXXXX,1,1416
13530,Faith,Knox,XXXXXXXXX,XXXXXXXXX,2,13540
13531,Quintessa,Mcgowan,XXXXXXXXX,XXXXXXXXX,2,15246
13532,Naida,Holloway,XXXXXXXXX,XXXXXXXXX,1,15054
13533,Violet,Ellison,XXXXXXXXX,XXXXXXXXX,3,10798
13534,Blair,Durham,XXXXXXXXX,XXXXXXXXX,3,8597
13535,Wynne,Thornton,XXXXXXXXX,XXXXXXXXX,3,1185
13536,Lucy,Cardenas,XXXXXXXXX,XXXXXXXXX,3,9243
13537,Ainsley,Nicholson,XXXXXXXXX,XXXXXXXXX,2,16198
13538,Dacey,Smith,XXXXXXXXX,XXXXXXXXX,2,1441
13539,Delilah,Trevino,XXXXXXXXX,XXXXXXXXX,2,9059
13540,Shellie,Osborn,XXXXXXXXX,XXXXXXXXX,2,7541
13541,Myra,Slater,XXXXXXXXX,XXXXXXXXX,2,9295
13542,Audra,Brennan,XXXXXXXXX,XXXXXXXXX,2,5523
13543,Hiroko,Mueller,XXXXXXXXX,XXXXXXXXX,3,1555
13544,Frances,Santana,XXXXXXXXX,XXXXXXXXX,3,3610
13545,Hanna,Pierce,XXXXXXXXX,XXXXXXXXX,3,5374
13546,Petra,Rivera,XXXXXXXXX,XXXXXXXXX,2,2962
13547,Camilla,Ward,XXXXXXXXX,XXXXXXXXX,1,2704
13548,Jescie,Sims,XXXXXXXXX,XXXXXXXXX,1,11952
13549,Melyssa,Sears,XXXXXXXXX,XXXXXXXXX,1,16534
13550,Grace,Sweeney,XXXXXXXXX,XXXXXXXXX,1,11365
13551,Kevyn,Nunez,XXXXXXXXX,XXXXXXXXX,3,15779
13552,Shelby,Koch,XXXXXXXXX,XXXXXXXXX,1,13635
13553,Sara,Wells,XXXXXXXXX,XXXXXXXXX,2,10905
13554,Chanda,Barrett,XXXXXXXXX,XXXXXXXXX,2,12297
13555,Ocean,Jones,XXXXXXXXX,XXXXXXXXX,2,13482
13556,Eleanor,Mcclure,XXXXXXXXX,XXXXXXXXX,2,15037
13557,Xaviera,Summers,XXXXXXXXX,XXXXXXXXX,2,13069
13558,Abigail,Carver,XXXXXXXXX,XXXXXXXXX,2,1265
13559,Charde,Caldwell,XXXXXXXXX,XXXXXXXXX,2,9676
13560,Nyssa,Colon,XXXXXXXXX,XXXXXXXXX,2,7910
13561,Piper,Everett,XXXXXXXXX,XXXXXXXXX,1,9376
13562,Fredericka,Salinas,XXXXXXXXX,XXXXXXXXX,2,4145
13563,Rhoda,Burris,XXXXXXXXX,XXXXXXXXX,2,384
13564,Taylor,Morton,XXXXXXXXX,XXXXXXXXX,1,9952
13565,Nicole,Sharpe,XXXXXXXXX,XXXXXXXXX,1,2067
13566,Darryl,Gould,XXXXXXXXX,XXXXXXXXX,2,1313
13567,Madeson,Donaldson,XXXXXXXXX,XXXXXXXXX,1,11918
13568,Quin,Trevino,XXXXXXXXX,XXXXXXXXX,2,12812
13569,Dominique,Patel,XXXXXXXXX,XXXXXXXXX,1,14471
13570,Sloane,Rojas,XXXXXXXXX,XXXXXXXXX,2,15415
13571,Mariam,Ortega,XXXXXXXXX,XXXXXXXXX,2,13940
13572,Cleo,Webster,XXXXXXXXX,XXXXXXXXX,2,2572
13573,Alfreda,Mcdaniel,XXXXXXXXX,XXXXXXXXX,3,1783
13574,Irma,Goodman,XXXXXXXXX,XXXXXXXXX,1,1883
13575,Sacha,Barnes,XXXXXXXXX,XXXXXXXXX,2,12226
13576,Iris,Holcomb,XXXXXXXXX,XXXXXXXXX,1,14870
13577,Dorothy,Atkinson,XXXXXXXXX,XXXXXXXXX,1,14476
13578,Yuri,Cabrera,XXXXXXXXX,XXXXXXXXX,1,4036
13579,Selma,Curry,XXXXXXXXX,XXXXXXXXX,1,15129
13580,Miranda,Sanchez,XXXXXXXXX,XXXXXXXXX,1,208
13581,Jaquelyn,Matthews,XXXXXXXXX,XXXXXXXXX,1,2792
13582,Dora,Espinoza,XXXXXXXXX,XXXXXXXXX,1,3200
13583,Kaye,Carpenter,XXXXXXXXX,XXXXXXXXX,1,7900
13584,Jael,Church,XXXXXXXXX,XXXXXXXXX,1,11503
13585,Eden,Vargas,XXXXXXXXX,XXXXXXXXX,2,7309
13586,Diana,Duffy,XXXXXXXXX,XXXXXXXXX,1,15350
13587,Lee,Thomas,XXXXXXXXX,XXXXXXXXX,1,15731
13588,Rhoda,French,XXXXXXXXX,XXXXXXXXX,2,3943
13589,Kitra,Blackburn,XXXXXXXXX,XXXXXXXXX,2,8816
13590,Eve,Camacho,XXXXXXXXX,XXXXXXXXX,3,11283
13591,Kimberley,Witt,XXXXXXXXX,XXXXXXXXX,3,14189
13592,Gloria,Torres,XXXXXXXXX,XXXXXXXXX,3,2978
13593,Stella,Haynes,XXXXXXXXX,XXXXXXXXX,1,15822
13594,Mariam,Colon,XXXXXXXXX,XXXXXXXXX,1,7871
13595,Mia,Scott,XXXXXXXXX,XXXXXXXXX,1,12527
13596,Imani,Benjamin,XXXXXXXXX,XXXXXXXXX,1,2285
13597,Sara,Mejia,XXXXXXXXX,XXXXXXXXX,1,6533
13598,Kyra,Porter,XXXXXXXXX,XXXXXXXXX,1,16181
13599,Ruth,Delaney,XXXXXXXXX,XXXXXXXXX,3,3760
13600,Susan,Livingston,XXXXXXXXX,XXXXXXXXX,1,11231
13601,Camilla,Melton,XXXXXXXXX,XXXXXXXXX,1,3541
13602,Sheila,Yates,XXXXXXXXX,XXXXXXXXX,1,10175
13603,Miranda,Harrell,XXXXXXXXX,XXXXXXXXX,1,8786
13604,Latifah,Barrett,XXXXXXXXX,XXXXXXXXX,1,15604
13605,India,Lane,XXXXXXXXX,XXXXXXXXX,1,119
13606,Renee,Berry,XXXXXXXXX,XXXXXXXXX,1,115
13607,Carolyn,Richards,XXXXXXXXX,XXXXXXXXX,2,8514
13608,Natalie,Miranda,XXXXXXXXX,XXXXXXXXX,2,670
13609,Florence,Carlson,XXXXXXXXX,XXXXXXXXX,1,12621
13610,Faith,Morse,XXXXXXXXX,XXXXXXXXX,1,15349
13611,Melodie,Meyer,XXXXXXXXX,XXXXXXXXX,1,7697
13612,Reagan,Mcmillan,XXXXXXXXX,XXXXXXXXX,1,9833
13613,Amity,Ross,XXXXXXXXX,XXXXXXXXX,1,4613
13614,Ila,Rivers,XXXXXXXXX,XXXXXXXXX,3,2197
13615,Ann,Newton,XXXXXXXXX,XXXXXXXXX,1,4823
13616,Meghan,Dean,XXXXXXXXX,XXXXXXXXX,3,7199
13617,Callie,Henson,XXXXXXXXX,XXXXXXXXX,2,13479
13618,Veronica,Hayes,XXXXXXXXX,XXXXXXXXX,2,8219
13619,Zelda,Rasmussen,XXXXXXXXX,XXXXXXXXX,2,11627
13620,Dakota,Mccormick,XXXXXXXXX,XXXXXXXXX,2,15961
13621,Nadine,Romero,XXXXXXXXX,XXXXXXXXX,2,2498
13622,Yolanda,Nieves,XXXXXXXXX,XXXXXXXXX,2,6933
13623,Fatima,Craig,XXXXXXXXX,XXXXXXXXX,2,4739
13624,Gemma,Lawrence,XXXXXXXXX,XXXXXXXXX,2,14566
13625,Callie,Taylor,XXXXXXXXX,XXXXXXXXX,2,8676
13626,Aphrodite,Alvarez,XXXXXXXXX,XXXXXXXXX,2,9705
13627,Nicole,Rutledge,XXXXXXXXX,XXXXXXXXX,1,1033
13628,Fay,Wyatt,XXXXXXXXX,XXXXXXXXX,1,14921
13629,Rosalyn,Velez,XXXXXXXXX,XXXXXXXXX,2,15319
13630,Sylvia,Combs,XXXXXXXXX,XXXXXXXXX,3,9708
13631,Sonia,Phelps,XXXXXXXXX,XXXXXXXXX,3,7049
13632,Venus,Wiley,XXXXXXXXX,XXXXXXXXX,3,6889
13633,Iola,Rosario,XXXXXXXXX,XXXXXXXXX,1,10252
13634,Josephine,Barrett,XXXXXXXXX,XXXXXXXXX,2,10490
13635,Regina,Savage,XXXXXXXXX,XXXXXXXXX,1,4807
13636,Lesley,Brady,XXXXXXXXX,XXXXXXXXX,1,10878
13637,Lacey,Perkins,XXXXXXXXX,XXXXXXXXX,1,16306
13638,Christine,Domingue,XXXXXXXXX,XXXXXXXXX,3,9230
13639,Zena,Hendricks,XXXXXXXXX,XXXXXXXXX,3,8213
13640,Aphrodite,Knapp,XXXXXXXXX,XXXXXXXXX,3,4165
13641,Hillary,Gill,XXXXXXXXX,XXXXXXXXX,3,15263
13642,Nita,Reeves,XXXXXXXXX,XXXXXXXXX,3,8101
13643,Miriam,Fisher,XXXXXXXXX,XXXXXXXXX,3,1560
13644,Donna,Chambers,XXXXXXXXX,XXXXXXXXX,2,1452
13645,Maggie,Barker,XXXXXXXXX,XXXXXXXXX,2,2493
13646,Shellie,Brewer,XXXXXXXXX,XXXXXXXXX,2,7184
13647,Grace,Waller,XXXXXXXXX,XXXXXXXXX,2,6776
13648,Marcia,Maxwell,XXXXXXXXX,XXXXXXXXX,2,4076
13649,Cathleen,Sullivan,XXXXXXXXX,XXXXXXXXX,2,7777
13650,Idona,Jenkins,XXXXXXXXX,XXXXXXXXX,2,3068
13651,Emma,Pollard,XXXXXXXXX,XXXXXXXXX,1,12767
13652,Chiquita,Levine,XXXXXXXXX,XXXXXXXXX,3,350
13653,Nadine,Velazquez,XXXXXXXXX,XXXXXXXXX,3,10006
13654,Shelley,Hubbard,XXXXXXXXX,XXXXXXXXX,1,165
13655,Iola,Sandoval,XXXXXXXXX,XXXXXXXXX,1,16012
13656,Sybill,Hammond,XXXXXXXXX,XXXXXXXXX,1,9635
13657,Alma,Hawkins,XXXXXXXXX,XXXXXXXXX,1,13431
13658,Blair,Mcfadden,XXXXXXXXX,XXXXXXXXX,3,14767
13659,Briar,Gates,XXXXXXXXX,XXXXXXXXX,1,1240
13660,Tara,Rodgers,XXXXXXXXX,XXXXXXXXX,1,4232
13661,Carol,Chambers,XXXXXXXXX,XXXXXXXXX,2,1740
13662,Lacy,Maxwell,XXXXXXXXX,XXXXXXXXX,2,2237
13663,Xena,Ashley,XXXXXXXXX,XXXXXXXXX,1,5060
13664,Sonya,Mcmahon,XXXXXXXXX,XXXXXXXXX,1,4039
13665,Blair,Daugherty,XXXXXXXXX,XXXXXXXXX,1,5976
13666,Danielle,Palmer,XXXXXXXXX,XXXXXXXXX,3,1169
13667,Gisela,Joyner,XXXXXXXXX,XXXXXXXXX,3,8428
13668,Lilah,Crawford,XXXXXXXXX,XXXXXXXXX,3,14253
13669,Shelby,Bridges,XXXXXXXXX,XXXXXXXXX,1,14091
13670,Rose,Ryan,XXXXXXXXX,XXXXXXXXX,3,3209
13671,Alexis,Parrish,XXXXXXXXX,XXXXXXXXX,3,9251
13672,Stacy,Michael,XXXXXXXXX,XXXXXXXXX,1,9289
13673,Kevyn,Watson,XXXXXXXXX,XXXXXXXXX,2,12860
13674,Kirby,Meyers,XXXXXXXXX,XXXXXXXXX,2,6180
13675,Veronica,Medina,XXXXXXXXX,XXXXXXXXX,2,15819
13676,Amanda,Pratt,XXXXXXXXX,XXXXXXXXX,1,2830
13677,Lareina,Dorsey,XXXXXXXXX,XXXXXXXXX,1,5149
13678,Teegan,Bruce,XXXXXXXXX,XXXXXXXXX,1,12146
13679,Moana,Boyer,XXXXXXXXX,XXXXXXXXX,2,1414
13680,Moana,Malone,XXXXXXXXX,XXXXXXXXX,2,10487
13681,Shana,Carver,XXXXXXXXX,XXXXXXXXX,2,10648
13682,Carly,Mueller,XXXXXXXXX,XXXXXXXXX,2,889
13683,Camille,Butler,XXXXXXXXX,XXXXXXXXX,2,14938
13684,Stella,King,XXXXXXXXX,XXXXXXXXX,2,5133
13685,Hedwig,Gordon,XXXXXXXXX,XXXXXXXXX,1,10784
13686,Fatima,Nixon,XXXXXXXXX,XXXXXXXXX,2,16014
13687,Felicia,Mcmillan,XXXXXXXXX,XXXXXXXXX,2,5746
13688,Robin,Wheeler,XXXXXXXXX,XXXXXXXXX,2,14122
13689,Mari,Blankenship,XXXXXXXXX,XXXXXXXXX,1,15302
13690,Ruth,Small,XXXXXXXXX,XXXXXXXXX,1,13314
13691,Martha,Booth,XXXXXXXXX,XXXXXXXXX,1,11518
13692,Mona,Collier,XXXXXXXXX,XXXXXXXXX,1,14889
13693,Ciara,Sullivan,XXXXXXXXX,XXXXXXXXX,3,13059
13694,Hanna,Finch,XXXXXXXXX,XXXXXXXXX,3,10701
13695,Cora,Best,XXXXXXXXX,XXXXXXXXX,3,2531
13696,Kimberly,Vazquez,XXXXXXXXX,XXXXXXXXX,2,10450
13697,Cassandra,Hines,XXXXXXXXX,XXXXXXXXX,1,1224
13698,Cheyenne,Hoover,XXXXXXXXX,XXXXXXXXX,1,6800
13699,Victoria,Leblanc,XXXXXXXXX,XXXXXXXXX,2,9702
13700,Chastity,Joyce,XXXXXXXXX,XXXXXXXXX,2,3950
13701,Eleanor,Davis,XXXXXXXXX,XXXXXXXXX,2,10522
13702,McKenzie,Mclaughli,XXXXXXXXX,XXXXXXXXX,1,10481
13703,September,Allison,XXXXXXXXX,XXXXXXXXX,3,14242
13704,Alexis,Potter,XXXXXXXXX,XXXXXXXXX,3,10290
13705,Kelsey,Manning,XXXXXXXXX,XXXXXXXXX,3,12333
13706,Lilah,Velazquez,XXXXXXXXX,XXXXXXXXX,3,14749
13707,Sierra,Norton,XXXXXXXXX,XXXXXXXXX,1,52
13708,Wendy,Bauer,XXXXXXXXX,XXXXXXXXX,1,15020
13709,Uta,Owens,XXXXXXXXX,XXXXXXXXX,2,9265
13710,Xerxes,Walker,XXXXXXXXX,XXXXXXXXX,2,14152
13711,Zephr,Fox,XXXXXXXXX,XXXXXXXXX,1,11457
13712,Fiona,Cardenas,XXXXXXXXX,XXXXXXXXX,1,11241
13713,Darryl,Lynch,XXXXXXXXX,XXXXXXXXX,2,1917
13714,Mariko,English,XXXXXXXXX,XXXXXXXXX,3,2576
13715,Xandra,Mack,XXXXXXXXX,XXXXXXXXX,3,7238
13716,Dorothy,Woodward,XXXXXXXXX,XXXXXXXXX,2,15134
13717,Paloma,Gilliam,XXXXXXXXX,XXXXXXXXX,3,608
13718,Jenette,Ortega,XXXXXXXXX,XXXXXXXXX,3,7089
13719,Dahlia,Brock,XXXXXXXXX,XXXXXXXXX,1,3969
13720,Alika,Morales,XXXXXXXXX,XXXXXXXXX,2,1986
13721,Wynter,Wheeler,XXXXXXXXX,XXXXXXXXX,1,11482
13722,Azalia,Wilkerson,XXXXXXXXX,XXXXXXXXX,1,7255
13723,Patience,Castro,XXXXXXXXX,XXXXXXXXX,2,8858
13724,Lydia,Miranda,XXXXXXXXX,XXXXXXXXX,2,12846
13725,Eden,Brown,XXXXXXXXX,XXXXXXXXX,1,1471
13726,Hollee,Jenkins,XXXXXXXXX,XXXXXXXXX,2,12662
13727,Kameko,Gay,XXXXXXXXX,XXXXXXXXX,1,5318
13728,Petra,Frank,XXXXXXXXX,XXXXXXXXX,1,13271
13729,Amela,Mcgee,XXXXXXXXX,XXXXXXXXX,1,16102
13730,Daryl,Powell,XXXXXXXXX,XXXXXXXXX,1,11307
13731,Hiroko,Morton,XXXXXXXXX,XXXXXXXXX,1,6452
13732,Carolyn,Fisher,XXXXXXXXX,XXXXXXXXX,1,16308
13733,Kylynn,Patrick,XXXXXXXXX,XXXXXXXXX,1,668
13734,Joan,Lindsey,XXXXXXXXX,XXXXXXXXX,2,5936
13735,Joelle,Kaufman,XXXXXXXXX,XXXXXXXXX,3,13015
13736,Demetria,Stephenso,XXXXXXXXX,XXXXXXXXX,1,11393
13737,Tatyana,Barrera,XXXXXXXXX,XXXXXXXXX,1,15379
13738,Yuri,Terrell,XXXXXXXXX,XXXXXXXXX,1,591
13739,Veronica,Everett,XXXXXXXXX,XXXXXXXXX,1,5460
13740,Madeline,Harmon,XXXXXXXXX,XXXXXXXXX,1,2382
13741,Mallory,Bishop,XXXXXXXXX,XXXXXXXXX,1,6357
13742,Olivia,Massey,XXXXXXXXX,XXXXXXXXX,2,6740
13743,Hedy,Pruitt,XXXXXXXXX,XXXXXXXXX,1,569
13744,Kylynn,Suarez,XXXXXXXXX,XXXXXXXXX,3,11768
13745,Nell,Frank,XXXXXXXXX,XXXXXXXXX,1,11813
13746,Ila,Burke,XXXXXXXXX,XXXXXXXXX,1,1142
13747,Aphrodite,Whitley,XXXXXXXXX,XXXXXXXXX,1,12123
13748,Renee,Lynn,XXXXXXXXX,XXXXXXXXX,3,4410
13749,Daryl,Barrett,XXXXXXXXX,XXXXXXXXX,1,645
13750,Moana,Mercer,XXXXXXXXX,XXXXXXXXX,1,12553
13751,Sacha,Woodward,XXXXXXXXX,XXXXXXXXX,1,11822
13752,Calista,Giles,XXXXXXXXX,XXXXXXXXX,1,8830
13753,Sage,Fischer,XXXXXXXXX,XXXXXXXXX,1,13614
13754,Quynn,Dejesus,XXXXXXXXX,XXXXXXXXX,1,7942
13755,Lani,Wiley,XXXXXXXXX,XXXXXXXXX,3,4880
13756,Cassady,Everett,XXXXXXXXX,XXXXXXXXX,1,13012
13757,Maris,Donovan,XXXXXXXXX,XXXXXXXXX,1,15083
13758,Pascale,Benton,XXXXXXXXX,XXXXXXXXX,1,1961
13759,Jaden,Barron,XXXXXXXXX,XXXXXXXXX,1,11233
13760,Mira,Curtis,XXXXXXXXX,XXXXXXXXX,1,11141
13761,Giselle,Pope,XXXXXXXXX,XXXXXXXXX,1,13364
13762,Whoopi,Griffin,XXXXXXXXX,XXXXXXXXX,1,8277
13763,Hillary,Garrison,XXXXXXXXX,XXXXXXXXX,1,11131
13764,Reagan,Avila,XXXXXXXXX,XXXXXXXXX,2,14687
13765,Shana,Hendricks,XXXXXXXXX,XXXXXXXXX,1,11225
13766,Keiko,Kramer,XXXXXXXXX,XXXXXXXXX,1,4611
13767,Christine,Talley,XXXXXXXXX,XXXXXXXXX,1,11255
13768,Amela,Glover,XXXXXXXXX,XXXXXXXXX,2,15759
13769,Sylvia,Obrien,XXXXXXXXX,XXXXXXXXX,1,16315
13770,Tatum,Stokes,XXXXXXXXX,XXXXXXXXX,3,14497
13771,Eliana,Harrison,XXXXXXXXX,XXXXXXXXX,3,5728
13772,Penelope,Le,XXXXXXXXX,XXXXXXXXX,3,5899
13773,Yvonne,Cole,XXXXXXXXX,XXXXXXXXX,3,9087
13774,Skyler,Bryan,XXXXXXXXX,XXXXXXXXX,2,4344
13775,Emma,Steele,XXXXXXXXX,XXXXXXXXX,2,15502
13776,Sybil,Gillespie,XXXXXXXXX,XXXXXXXXX,2,7179
13777,Mechelle,Combs,XXXXXXXXX,XXXXXXXXX,2,10304
13778,Sophia,Reilly,XXXXXXXXX,XXXXXXXXX,2,5606
13779,Maxine,Knox,XXXXXXXXX,XXXXXXXXX,2,2654
13780,Suki,Norris,XXXXXXXXX,XXXXXXXXX,2,5131
13781,Jeanette,Daniel,XXXXXXXXX,XXXXXXXXX,1,3174
13782,Cailin,Newman,XXXXXXXXX,XXXXXXXXX,2,7376
13783,Cameron,Estes,XXXXXXXXX,XXXXXXXXX,1,9597
13784,Aileen,Gilbert,XXXXXXXXX,XXXXXXXXX,2,8535
13785,Marny,Cross,XXXXXXXXX,XXXXXXXXX,2,9518
13786,Dawn,Beard,XXXXXXXXX,XXXXXXXXX,1,15496
13787,Candice,Copeland,XXXXXXXXX,XXXXXXXXX,1,3868
13788,Cara,Reynolds,XXXXXXXXX,XXXXXXXXX,1,13147
13789,Simone,Santos,XXXXXXXXX,XXXXXXXXX,1,9613
13790,Chantale,Charles,XXXXXXXXX,XXXXXXXXX,2,8579
13791,Quon,Duncan,XXXXXXXXX,XXXXXXXXX,2,10969
13792,Hilary,Moon,XXXXXXXXX,XXXXXXXXX,1,1803
13793,Karly,Hays,XXXXXXXXX,XXXXXXXXX,1,8142
13794,Noel,Maxwell,XXXXXXXXX,XXXXXXXXX,2,872
13795,Lesley,Rowland,XXXXXXXXX,XXXXXXXXX,2,9579
13796,Mary,Lindsay,XXXXXXXXX,XXXXXXXXX,2,16460
13797,Nita,Mcmillan,XXXXXXXXX,XXXXXXXXX,2,1437
13798,Dawn,Wilkins,XXXXXXXXX,XXXXXXXXX,2,2397
13799,Camille,Barton,XXXXXXXXX,XXXXXXXXX,2,2936
13800,Imelda,Velez,XXXXXXXXX,XXXXXXXXX,1,15957
13801,Angela,Salinas,XXXXXXXXX,XXXXXXXXX,1,2690
13802,Sage,Reed,XXXXXXXXX,XXXXXXXXX,1,6247
13803,Jane,Terry,XXXXXXXXX,XXXXXXXXX,1,12309
13804,Leandra,Hewitt,XXXXXXXXX,XXXXXXXXX,1,10598
13805,Shoshana,William,XXXXXXXXX,XXXXXXXXX,1,1069
13806,Heather,Ford,XXXXXXXXX,XXXXXXXXX,1,16303
13807,Stella,Oneal,XXXXXXXXX,XXXXXXXXX,2,864
13808,Whitney,Carpenter,XXXXXXXXX,XXXXXXXXX,2,5537
13809,Danielle,Charles,XXXXXXXXX,XXXXXXXXX,1,12863
13810,Cassandra,Sanchez,XXXXXXXXX,XXXXXXXXX,2,8507
13811,Hope,Skinner,XXXXXXXXX,XXXXXXXXX,2,5372
13812,Brynn,Fernandez,XXXXXXXXX,XXXXXXXXX,2,7163
13813,Orli,Yang,XXXXXXXXX,XXXXXXXXX,2,14782
13814,Darrel,Lynch,XXXXXXXXX,XXXXXXXXX,2,9569
13815,Karly,Preston,XXXXXXXXX,XXXXXXXXX,2,11295
13816,Karleigh,Blair,XXXXXXXXX,XXXXXXXXX,1,4600
13817,Margaret,Ross,XXXXXXXXX,XXXXXXXXX,2,11816
13818,Samantha,Benjamin,XXXXXXXXX,XXXXXXXXX,2,7736
13819,Ariel,Martinez,XXXXXXXXX,XXXXXXXXX,2,12251
13820,Madeson,Odom,XXXXXXXXX,XXXXXXXXX,1,1772
13821,Bryar,Nunez,XXXXXXXXX,XXXXXXXXX,1,1365
13822,Imani,Baldwin,XXXXXXXXX,XXXXXXXXX,1,10599
13823,Yen,Hudson,XXXXXXXXX,XXXXXXXXX,1,10530
13824,Clementine,Cooley,XXXXXXXXX,XXXXXXXXX,1,739
13825,Jaime,Pittman,XXXXXXXXX,XXXXXXXXX,1,2858
13826,Veda,Cervantes,XXXXXXXXX,XXXXXXXXX,1,4257
13827,Shaeleigh,Ramos,XXXXXXXXX,XXXXXXXXX,3,9106
13828,Erica,Roth,XXXXXXXXX,XXXXXXXXX,1,15425
13829,Roanna,Velazquez,XXXXXXXXX,XXXXXXXXX,1,14316
13830,Basia,Powell,XXXXXXXXX,XXXXXXXXX,2,14865
13831,Madeline,Alexander,XXXXXXXXX,XXXXXXXXX,1,13383
13832,Isabelle,Huff,XXXXXXXXX,XXXXXXXXX,1,5484
13833,Angelica,Montoya,XXXXXXXXX,XXXXXXXXX,1,11300
13834,Joan,Berger,XXXXXXXXX,XXXXXXXXX,1,6964
13835,Dakota,Randolph,XXXXXXXXX,XXXXXXXXX,1,6587
13836,Amelia,Schroeder,XXXXXXXXX,XXXXXXXXX,1,10296
13837,Kiara,Sargent,XXXXXXXXX,XXXXXXXXX,1,4339
13838,Rachel,Garcia,XXXXXXXXX,XXXXXXXXX,1,2497
13839,Heidi,Copeland,XXXXXXXXX,XXXXXXXXX,1,11859
13840,Stella,Walls,XXXXXXXXX,XXXXXXXXX,1,5935
13841,Autumn,Perkins,XXXXXXXXX,XXXXXXXXX,3,12764
13842,Carol,Davenport,XXXXXXXXX,XXXXXXXXX,3,6808
13843,Aretha,Stewart,XXXXXXXXX,XXXXXXXXX,3,6023
13844,Amena,Phillips,XXXXXXXXX,XXXXXXXXX,1,6349
13845,Isadora,Thomas,XXXXXXXXX,XXXXXXXXX,1,13534
13846,Kylynn,Foster,XXXXXXXXX,XXXXXXXXX,1,6828
13847,Adele,Mayer,XXXXXXXXX,XXXXXXXXX,1,11127
13848,Aiko,Pearson,XXXXXXXXX,XXXXXXXXX,2,9841
13849,Pandora,Shepherd,XXXXXXXXX,XXXXXXXXX,2,10911
13850,Beatrice,Yates,XXXXXXXXX,XXXXXXXXX,1,4449
13851,Angelica,Tanner,XXXXXXXXX,XXXXXXXXX,3,12227
13852,Lareina,Moreno,XXXXXXXXX,XXXXXXXXX,1,12447
13853,Olympia,Shannon,XXXXXXXXX,XXXXXXXXX,1,15676
13854,Rae,Logan,XXXXXXXXX,XXXXXXXXX,1,15790
13855,Shellie,Mcgowan,XXXXXXXXX,XXXXXXXXX,1,10734
13856,Rana,Bennett,XXXXXXXXX,XXXXXXXXX,1,7649
13857,Freya,Long,XXXXXXXXX,XXXXXXXXX,1,5393
13858,Martina,Kemp,XXXXXXXXX,XXXXXXXXX,1,10669
13859,Tatiana,Schultz,XXXXXXXXX,XXXXXXXXX,2,2899
13860,Brenda,Ruiz,XXXXXXXXX,XXXXXXXXX,2,5616
13861,Imogene,Jimenez,XXXXXXXXX,XXXXXXXXX,1,4435
13862,Olga,Jennings,XXXXXXXXX,XXXXXXXXX,1,10306
13863,Giselle,Santiago,XXXXXXXXX,XXXXXXXXX,2,15850
13864,Lacota,Cooley,XXXXXXXXX,XXXXXXXXX,3,6101
13865,Kimberly,Giles,XXXXXXXXX,XXXXXXXXX,2,11134
13866,Jenette,Luna,XXXXXXXXX,XXXXXXXXX,1,15403
13867,Camille,Cote,XXXXXXXXX,XXXXXXXXX,1,3368
13868,Pamela,Avery,XXXXXXXXX,XXXXXXXXX,1,15683
13869,Vivien,Vang,XXXXXXXXX,XXXXXXXXX,1,15796
13870,Simone,Oneill,XXXXXXXXX,XXXXXXXXX,3,11933
13871,Tallulah,Ray,XXXXXXXXX,XXXXXXXXX,3,15560
13872,Alfreda,Oneal,XXXXXXXXX,XXXXXXXXX,3,14046
13873,Carla,Reed,XXXXXXXXX,XXXXXXXXX,2,6287
13874,Lacy,Erickson,XXXXXXXXX,XXXXXXXXX,2,3645
13875,Lisandra,Casey,XXXXXXXXX,XXXXXXXXX,2,14833
13876,Kellie,Kelley,XXXXXXXXX,XXXXXXXXX,2,15146
13877,Rhonda,Smith,XXXXXXXXX,XXXXXXXXX,1,2583
13878,Ariel,Forbes,XXXXXXXXX,XXXXXXXXX,1,16033
13879,Quon,Wilson,XXXXXXXXX,XXXXXXXXX,1,13562
13880,Oprah,Barlow,XXXXXXXXX,XXXXXXXXX,1,2372
13881,Rosalyn,Jarvis,XXXXXXXXX,XXXXXXXXX,3,16104
13882,Mari,Roth,XXXXXXXXX,XXXXXXXXX,3,684
13883,Rowan,Palmer,XXXXXXXXX,XXXXXXXXX,3,3721
13884,Odette,Warner,XXXXXXXXX,XXXXXXXXX,3,12424
13885,Kai,Wade,XXXXXXXXX,XXXXXXXXX,1,11774
13886,Charissa,Sparks,XXXXXXXXX,XXXXXXXXX,1,3295
13887,Hedda,Gilbert,XXXXXXXXX,XXXXXXXXX,1,7587
13888,Nayda,Maldonado,XXXXXXXXX,XXXXXXXXX,1,11547
13889,Ori,Bird,XXXXXXXXX,XXXXXXXXX,1,12636
13890,Karleigh,Bryant,XXXXXXXXX,XXXXXXXXX,1,886
13891,Dora,Justice,XXXXXXXXX,XXXXXXXXX,1,1115
13892,Sheila,Lloyd,XXXXXXXXX,XXXXXXXXX,1,15584
13893,Rhiannon,Le,XXXXXXXXX,XXXXXXXXX,1,2904
13894,Amelia,Mcclain,XXXXXXXXX,XXXXXXXXX,3,14943
13895,Kaitlin,Reed,XXXXXXXXX,XXXXXXXXX,2,6463
13896,Lois,Middleton,XXXXXXXXX,XXXXXXXXX,2,9861
13897,Idola,Ryan,XXXXXXXXX,XXXXXXXXX,2,6174
13898,Irma,Hodges,XXXXXXXXX,XXXXXXXXX,3,9018
13899,Ria,Klein,XXXXXXXXX,XXXXXXXXX,1,14289
13900,Avye,Weeks,XXXXXXXXX,XXXXXXXXX,1,1079
13901,Tatum,Lynch,XXXXXXXXX,XXXXXXXXX,1,13818
13902,Chava,Francis,XXXXXXXXX,XXXXXXXXX,1,8186
13903,Joelle,Reilly,XXXXXXXXX,XXXXXXXXX,1,4583
13904,Rebecca,Lancaster,XXXXXXXXX,XXXXXXXXX,1,13287
13905,Jordan,Sampson,XXXXXXXXX,XXXXXXXXX,1,12927
13906,Anjolie,Barnes,XXXXXXXXX,XXXXXXXXX,3,6477
13907,Regina,Duncan,XXXXXXXXX,XXXXXXXXX,1,16201
13908,Keelie,Robertson,XXXXXXXXX,XXXXXXXXX,2,5853
13909,Ainsley,Burris,XXXXXXXXX,XXXXXXXXX,2,11703
13910,Wynter,Bryant,XXXXXXXXX,XXXXXXXXX,2,1556
13911,Rachel,Gentry,XXXXXXXXX,XXXXXXXXX,2,10069
13912,Germane,Williamson,XXXXXXXXX,XXXXXXXXX,2,12693
13913,Shellie,Jones,XXXXXXXXX,XXXXXXXXX,2,8083
13914,Leilani,Parks,XXXXXXXXX,XXXXXXXXX,3,3897
13915,Noelle,Kinney,XXXXXXXXX,XXXXXXXXX,1,498
13916,Lillian,Hickman,XXXXXXXXX,XXXXXXXXX,1,5867
13917,Nell,Mckay,XXXXXXXXX,XXXXXXXXX,1,2218
13918,Lesley,Francis,XXXXXXXXX,XXXXXXXXX,1,1616
13919,Ursa,Weaver,XXXXXXXXX,XXXXXXXXX,2,5802
13920,Briar,Mullins,XXXXXXXXX,XXXXXXXXX,2,2266
13921,Ruth,Oneal,XXXXXXXXX,XXXXXXXXX,2,6212
13922,Blaine,Weiss,XXXXXXXXX,XXXXXXXXX,2,3987
13923,Camilla,Sims,XXXXXXXXX,XXXXXXXXX,3,9744
13924,Catherine,Wise,XXXXXXXXX,XXXXXXXXX,1,5440
13925,Susan,Cruz,XXXXXXXXX,XXXXXXXXX,1,15473
13926,Iona,Sexton,XXXXXXXXX,XXXXXXXXX,2,3263
13927,Leigh,Hughes,XXXXXXXXX,XXXXXXXXX,2,1231
13928,Hannah,Mason,XXXXXXXXX,XXXXXXXXX,1,5061
13929,Felicia,Gaines,XXXXXXXXX,XXXXXXXXX,1,8291
13930,Deanna,Hughes,XXXXXXXXX,XXXXXXXXX,3,4070
13931,Callie,Kent,XXXXXXXXX,XXXXXXXXX,1,1754
13932,Basia,Wagner,XXXXXXXXX,XXXXXXXXX,1,6316
13933,Desirae,Dillard,XXXXXXXXX,XXXXXXXXX,3,14177
13934,Haley,Wooten,XXXXXXXXX,XXXXXXXXX,3,6474
13935,Sylvia,Jackson,XXXXXXXXX,XXXXXXXXX,1,6062
13936,Aspen,Bridges,XXXXXXXXX,XXXXXXXXX,1,14510
13937,September,Knight,XXXXXXXXX,XXXXXXXXX,2,365
13938,Rhea,Ferrell,XXXXXXXXX,XXXXXXXXX,2,7284
13939,Regan,Cleveland,XXXXXXXXX,XXXXXXXXX,2,9408
13940,Paloma,Valdez,XXXXXXXXX,XXXXXXXXX,3,4306
13941,Zenia,Daugherty,XXXXXXXXX,XXXXXXXXX,3,8908
13942,Scarlett,Combs,XXXXXXXXX,XXXXXXXXX,3,9893
13943,Kelsey,Barnett,XXXXXXXXX,XXXXXXXXX,2,6185
13944,Leila,Joyner,XXXXXXXXX,XXXXXXXXX,1,4477
13945,Donna,Buckner,XXXXXXXXX,XXXXXXXXX,2,4817
13946,Amela,Sampson,XXXXXXXXX,XXXXXXXXX,2,10443
13947,Britanney,Hooper,XXXXXXXXX,XXXXXXXXX,2,10893
13948,Quyn,Hull,XXXXXXXXX,XXXXXXXXX,2,3490
13949,Skyler,Wall,XXXXXXXXX,XXXXXXXXX,2,4069
13950,Jemima,Langley,XXXXXXXXX,XXXXXXXXX,2,3509
13951,Lillith,Kelly,XXXXXXXXX,XXXXXXXXX,1,12781
13952,Tashya,Lamb,XXXXXXXXX,XXXXXXXXX,1,161
13953,Moana,Lowe,XXXXXXXXX,XXXXXXXXX,1,3148
13954,Mia,Tate,XXXXXXXXX,XXXXXXXXX,1,15933
13955,Quail,Holder,XXXXXXXXX,XXXXXXXXX,3,11919
13956,Lunea,Armstrong,XXXXXXXXX,XXXXXXXXX,1,13856
13957,Bo,Harrington,XXXXXXXXX,XXXXXXXXX,1,193
13958,Yvette,Woods,XXXXXXXXX,XXXXXXXXX,1,11353
13959,Nevada,Travis,XXXXXXXXX,XXXXXXXXX,2,12010
13960,Xantha,Sanders,XXXXXXXXX,XXXXXXXXX,2,9869
13961,Kevyn,Workman,XXXXXXXXX,XXXXXXXXX,2,8191
13962,Martina,Vance,XXXXXXXXX,XXXXXXXXX,2,5837
13963,Bertha,Miles,XXXXXXXXX,XXXXXXXXX,2,9843
13964,Neve,Robles,XXXXXXXXX,XXXXXXXXX,2,9695
13965,Aubrey,Ewing,XXXXXXXXX,XXXXXXXXX,2,5382
13966,McKenzie,Hull,XXXXXXXXX,XXXXXXXXX,2,1511
13967,Nomlanga,Hays,XXXXXXXXX,XXXXXXXXX,1,11248
13968,Jessamine,Hurst,XXXXXXXXX,XXXXXXXXX,1,2627
13969,Cally,Poole,XXXXXXXXX,XXXXXXXXX,1,15640
13970,Felicia,Morse,XXXXXXXXX,XXXXXXXXX,1,3717
13971,Martina,Merritt,XXXXXXXXX,XXXXXXXXX,1,7821
13972,Serina,Lindsay,XXXXXXXXX,XXXXXXXXX,3,5100
13973,Brenna,Juarez,XXXXXXXXX,XXXXXXXXX,1,7453
13974,Deanna,Mcfadden,XXXXXXXXX,XXXXXXXXX,1,9931
13975,Emma,Wood,XXXXXXXXX,XXXXXXXXX,1,14632
13976,Kelsey,Sharp,XXXXXXXXX,XXXXXXXXX,1,1800
13977,Lillian,Harrell,XXXXXXXXX,XXXXXXXXX,1,13746
13978,Melinda,Leon,XXXXXXXXX,XXXXXXXXX,3,11200
13979,Jena,Lambert,XXXXXXXXX,XXXXXXXXX,2,7493
13980,Teegan,Brady,XXXXXXXXX,XXXXXXXXX,2,7597
13981,Anastasia,Estes,XXXXXXXXX,XXXXXXXXX,2,4436
13982,Yoshi,Farrell,XXXXXXXXX,XXXXXXXXX,2,8368
13983,Kylie,Patterson,XXXXXXXXX,XXXXXXXXX,3,10221
13984,Lael,Blackburn,XXXXXXXXX,XXXXXXXXX,3,16212
13985,Linda,Robinson,XXXXXXXXX,XXXXXXXXX,2,2865
13986,Destiny,Richmond,XXXXXXXXX,XXXXXXXXX,3,8995
13987,Imogene,Best,XXXXXXXXX,XXXXXXXXX,3,9993
13988,Shafira,Battle,XXXXXXXXX,XXXXXXXXX,1,15941
13989,Kai,Ayala,XXXXXXXXX,XXXXXXXXX,2,387
13990,Deanna,Wolfe,XXXXXXXXX,XXXXXXXXX,1,10263
13991,Signe,Levine,XXXXXXXXX,XXXXXXXXX,1,5586
13992,Nora,Wise,XXXXXXXXX,XXXXXXXXX,1,7009
13993,Avye,Baird,XXXXXXXXX,XXXXXXXXX,1,12760
13994,Nadine,Duncan,XXXXXXXXX,XXXXXXXXX,1,15389
13995,Shannon,Dudley,XXXXXXXXX,XXXXXXXXX,1,16260
13996,Hiroko,Whitaker,XXXXXXXXX,XXXXXXXXX,1,2586
13997,Leilani,Rowland,XXXXXXXXX,XXXXXXXXX,1,4301
13998,Rhoda,Medina,XXXXXXXXX,XXXXXXXXX,1,2762
13999,Hedy,Martinez,XXXXXXXXX,XXXXXXXXX,1,976
14000,Anjolie,Whitney,XXXXXXXXX,XXXXXXXXX,2,15774
14001,Anika,Mccullough,XXXXXXXXX,XXXXXXXXX,2,13976
14002,Amena,Robinson,XXXXXXXXX,XXXXXXXXX,2,12171
14003,Morgan,Yang,XXXXXXXXX,XXXXXXXXX,1,10791
14004,Remedios,Weber,XXXXXXXXX,XXXXXXXXX,2,15574
14005,Lani,Rodgers,XXXXXXXXX,XXXXXXXXX,3,8525
14006,Sharon,Cruz,XXXXXXXXX,XXXXXXXXX,3,13877
14007,Justina,Bolton,XXXXXXXXX,XXXXXXXXX,3,8948
14008,Quyn,Neal,XXXXXXXXX,XXXXXXXXX,3,5524
14009,Aspen,Lowe,XXXXXXXXX,XXXXXXXXX,1,13437
14010,Kalia,Barton,XXXXXXXXX,XXXXXXXXX,1,15032
14011,Tatiana,Huber,XXXXXXXXX,XXXXXXXXX,1,4350
14012,Courtney,French,XXXXXXXXX,XXXXXXXXX,1,3034
14013,Desiree,Morin,XXXXXXXXX,XXXXXXXXX,1,8015
14014,Mallory,Marshall,XXXXXXXXX,XXXXXXXXX,3,10946
14015,Jayme,Buckner,XXXXXXXXX,XXXXXXXXX,1,9350
14016,Jordan,Henry,XXXXXXXXX,XXXXXXXXX,1,9014
14017,Kameko,Suarez,XXXXXXXXX,XXXXXXXXX,1,14785
14018,Tatiana,Patton,XXXXXXXXX,XXXXXXXXX,3,14118
14019,Lynn,Turner,XXXXXXXXX,XXXXXXXXX,3,2501
14020,Stella,Copeland,XXXXXXXXX,XXXXXXXXX,1,13424
14021,Martina,Atkinson,XXXXXXXXX,XXXXXXXXX,3,6884
14022,Justina,Duran,XXXXXXXXX,XXXXXXXXX,2,11657
14023,Lacy,Gilliam,XXXXXXXXX,XXXXXXXXX,2,13838
14024,Serina,Reynolds,XXXXXXXXX,XXXXXXXXX,1,13748
14025,Octavia,Robles,XXXXXXXXX,XXXXXXXXX,3,9420
14026,Raya,Perkins,XXXXXXXXX,XXXXXXXXX,1,13774
14027,Carolyn,Carter,XXXXXXXXX,XXXXXXXXX,1,8161
14028,Basia,Logan,XXXXXXXXX,XXXXXXXXX,1,4346
14029,Xandra,Martinez,XXXXXXXXX,XXXXXXXXX,1,12
14030,Freya,Rosario,XXXXXXXXX,XXXXXXXXX,1,11562
14031,Tatyana,Hickman,XXXXXXXXX,XXXXXXXXX,1,10873
14032,Alice,Maldonado,XXXXXXXXX,XXXXXXXXX,2,11260
14033,Doris,Bond,XXXXXXXXX,XXXXXXXXX,2,7210
14034,Eugenia,Mcdowell,XXXXXXXXX,XXXXXXXXX,2,15968
14035,Gwendolyn,Zimmerman,XXXXXXXXX,XXXXXXXXX,1,7150
14036,Madonna,Pacheco,XXXXXXXXX,XXXXXXXXX,1,13181
14037,Cheyenne,Cooke,XXXXXXXXX,XXXXXXXXX,1,8920
14038,Sophia,Goodwin,XXXXXXXXX,XXXXXXXXX,1,16092
14039,Karleigh,Christian,XXXXXXXXX,XXXXXXXXX,1,3768
14040,Maxine,Salazar,XXXXXXXXX,XXXXXXXXX,1,172
14041,Ursa,Solis,XXXXXXXXX,XXXXXXXXX,1,13270
14042,Lydia,Velazquez,XXXXXXXXX,XXXXXXXXX,1,9631
14043,Quintessa,Klein,XXXXXXXXX,XXXXXXXXX,3,8833
14044,India,Guzman,XXXXXXXXX,XXXXXXXXX,3,3260
14045,Charissa,Cobb,XXXXXXXXX,XXXXXXXXX,2,12296
14046,Zena,Elliott,XXXXXXXXX,XXXXXXXXX,1,16550
14047,Haviva,Vang,XXXXXXXXX,XXXXXXXXX,1,3860
14048,Ainsley,Wiley,XXXXXXXXX,XXXXXXXXX,1,12777
14049,Meredith,Hendricks,XXXXXXXXX,XXXXXXXXX,1,4141
14050,Leila,Morales,XXXXXXXXX,XXXXXXXXX,3,861
14051,Quincy,Mendez,XXXXXXXXX,XXXXXXXXX,1,14330
14052,Madison,Gallegos,XXXXXXXXX,XXXXXXXXX,2,1257
14053,Rhonda,Dale,XXXXXXXXX,XXXXXXXXX,2,15440
14054,Risa,Dillard,XXXXXXXXX,XXXXXXXXX,3,1527
14055,Kiayada,Cox,XXXXXXXXX,XXXXXXXXX,3,6095
14056,Nevada,Madden,XXXXXXXXX,XXXXXXXXX,2,10638
14057,Gemma,England,XXXXXXXXX,XXXXXXXXX,2,175
14058,Cleo,Hess,XXXXXXXXX,XXXXXXXXX,1,210
14059,Julie,Howe,XXXXXXXXX,XXXXXXXXX,3,11357
14060,Galena,Medina,XXXXXXXXX,XXXXXXXXX,1,13101
14061,Alfreda,Jennings,XXXXXXXXX,XXXXXXXXX,1,9110
14062,Minerva,Downs,XXXXXXXXX,XXXXXXXXX,1,8566
14063,Summer,Grimes,XXXXXXXXX,XXXXXXXXX,3,11676
14064,Leandra,Sullivan,XXXXXXXXX,XXXXXXXXX,2,7819
14065,Hadassah,Solis,XXXXXXXXX,XXXXXXXXX,2,13092
14066,Jenna,Greene,XXXXXXXXX,XXXXXXXXX,2,1337
14067,Chantale,Booth,XXXXXXXXX,XXXXXXXXX,2,7032
14068,Cynthia,Cline,XXXXXXXXX,XXXXXXXXX,1,13912
14069,Hiroko,Ferguson,XXXXXXXXX,XXXXXXXXX,1,5548
14070,Aileen,Velez,XXXXXXXXX,XXXXXXXXX,1,6644
14071,Ivy,Morse,XXXXXXXXX,XXXXXXXXX,1,156
14072,Rosalyn,Pierce,XXXXXXXXX,XXXXXXXXX,1,15338
14073,Venus,Carson,XXXXXXXXX,XXXXXXXXX,1,14639
14074,Simone,Herrera,XXXXXXXXX,XXXXXXXXX,1,8158
14075,Ila,Robertson,XXXXXXXXX,XXXXXXXXX,2,16145
14076,Shay,Burris,XXXXXXXXX,XXXXXXXXX,2,3746
14077,Amy,Robinson,XXXXXXXXX,XXXXXXXXX,2,2307
14078,Jolie,Mejia,XXXXXXXXX,XXXXXXXXX,1,10061
14079,Jenna,Harrell,XXXXXXXXX,XXXXXXXXX,1,5048
14080,Shay,Cline,XXXXXXXXX,XXXXXXXXX,3,9477
14081,Ainsley,Dixon,XXXXXXXXX,XXXXXXXXX,3,5608
14082,Iola,Hubbard,XXXXXXXXX,XXXXXXXXX,1,8073
14083,Pearl,Flores,XXXXXXXXX,XXXXXXXXX,2,12507
14084,Candice,Herrera,XXXXXXXXX,XXXXXXXXX,1,5162
14085,Gretchen,Duncan,XXXXXXXXX,XXXXXXXXX,2,525
14086,Nelle,Hyde,XXXXXXXXX,XXXXXXXXX,3,2606
14087,Audrey,Acosta,XXXXXXXXX,XXXXXXXXX,1,14668
14088,Lacota,Macias,XXXXXXXXX,XXXXXXXXX,2,15311
14089,Patricia,Chaney,XXXXXXXXX,XXXXXXXXX,2,1204
14090,Selma,Melton,XXXXXXXXX,XXXXXXXXX,2,3480
14091,Caryn,Herrera,XXXXXXXXX,XXXXXXXXX,2,11034
14092,Mikayla,Guthrie,XXXXXXXXX,XXXXXXXXX,2,14899
14093,Venus,Knight,XXXXXXXXX,XXXXXXXXX,2,888
14094,Stephanie,Serrano,XXXXXXXXX,XXXXXXXXX,1,10902
14095,Ria,Mclean,XXXXXXXXX,XXXXXXXXX,3,4555
14096,Christen,Holder,XXXXXXXXX,XXXXXXXXX,2,5687
14097,Winifred,Alexander,XXXXXXXXX,XXXXXXXXX,1,859
14098,September,Leonard,XXXXXXXXX,XXXXXXXXX,2,11876
14099,Ariel,Collier,XXXXXXXXX,XXXXXXXXX,2,1821
14100,Rebekah,Velasquez,XXXXXXXXX,XXXXXXXXX,2,11830
14101,Nerea,Cantrell,XXXXXXXXX,XXXXXXXXX,1,13566
14102,Josephine,Blankenship,XXXXXXXXX,XXXXXXXXX,1,10918
14103,Moana,Waters,XXXXXXXXX,XXXXXXXXX,1,4821
14104,Fiona,Bush,XXXXXXXXX,XXXXXXXXX,1,5479
14105,Laura,Gilmore,XXXXXXXXX,XXXXXXXXX,1,8136
14106,Phyllis,Stephenson,XXXXXXXXX,XXXXXXXXX,1,3104
14107,Iola,Baker,XXXXXXXXX,XXXXXXXXX,1,14656
14108,Nayda,Kane,XXXXXXXXX,XXXXXXXXX,1,2729
14109,Alea,Reid,XXXXXXXXX,XXXXXXXXX,1,7567
14110,Yetta,Reilly,XXXXXXXXX,XXXXXXXXX,1,12036
14111,Molly,Gilliam,XXXXXXXXX,XXXXXXXXX,1,13922
14112,Mikayla,Dickerson,XXXXXXXXX,XXXXXXXXX,1,13615
14113,Rinah,Landry,XXXXXXXXX,XXXXXXXXX,1,4621
14114,Hedy,Baird,XXXXXXXXX,XXXXXXXXX,2,5939
14115,Carissa,Day,XXXXXXXXX,XXXXXXXXX,2,4849
14116,Bertha,Love,XXXXXXXXX,XXXXXXXXX,2,176
14117,Jade,Pate,XXXXXXXXX,XXXXXXXXX,1,9166
14118,Christine,Greer,XXXXXXXXX,XXXXXXXXX,1,11056
14119,Guinevere,Hill,XXXXXXXXX,XXXXXXXXX,1,1575
14120,Maryam,Hamilton,XXXXXXXXX,XXXXXXXXX,1,16094
14121,Iona,Curtis,XXXXXXXXX,XXXXXXXXX,1,6256
14122,Phyllis,Sherman,XXXXXXXXX,XXXXXXXXX,1,2447
14123,Ivana,Buckley,XXXXXXXXX,XXXXXXXXX,1,16378
14124,Ella,Santos,XXXXXXXXX,XXXXXXXXX,1,11352
14125,Megan,Carpenter,XXXXXXXXX,XXXXXXXXX,1,6077
14126,Jael,Kerr,XXXXXXXXX,XXXXXXXXX,1,13241
14127,Sheila,Brady,XXXXXXXXX,XXXXXXXXX,1,1237
14128,Alma,Lowery,XXXXXXXXX,XXXXXXXXX,1,2828
14129,Kevyn,Fleming,XXXXXXXXX,XXXXXXXXX,1,4723
14130,Roary,Monroe,XXXXXXXXX,XXXXXXXXX,1,13374
14131,Wynter,Castillo,XXXXXXXXX,XXXXXXXXX,1,15671
14132,Dawn,Moore,XXXXXXXXX,XXXXXXXXX,1,8724
14133,Myra,Trevino,XXXXXXXXX,XXXXXXXXX,1,574
14134,Cassandra,Roth,XXXXXXXXX,XXXXXXXXX,1,4531
14135,Michelle,Kline,XXXXXXXXX,XXXXXXXXX,1,3592
14136,Jolene,Ford,XXXXXXXXX,XXXXXXXXX,2,5858
14137,Jolene,Clayton,XXXXXXXXX,XXXXXXXXX,3,1817
14138,Abigail,Oneill,XXXXXXXXX,XXXXXXXXX,1,10674
14139,Laurel,Vincent,XXXXXXXXX,XXXXXXXXX,1,4637
14140,Farrah,Reid,XXXXXXXXX,XXXXXXXXX,1,680
14141,Carolyn,Gibson,XXXXXXXXX,XXXXXXXXX,1,242
14142,Jaquelyn,Holman,XXXXXXXXX,XXXXXXXXX,2,6975
14143,Jessica,Blankenship,XXXXXXXXX,XXXXXXXXX,2,2105
14144,Rina,Rosales,XXXXXXXXX,XXXXXXXXX,2,14698
14145,Audrey,Talley,XXXXXXXXX,XXXXXXXXX,2,602
14146,Ariana,Preston,XXXXXXXXX,XXXXXXXXX,3,6907
14147,Emerald,Sosa,XXXXXXXXX,XXXXXXXXX,3,11026
14148,Melanie,Evans,XXXXXXXXX,XXXXXXXXX,3,643
14149,Aileen,Mcmillan,XXXXXXXXX,XXXXXXXXX,1,10399
14150,Katelyn,Burris,XXXXXXXXX,XXXXXXXXX,2,12220
14151,Willow,Levine,XXXXXXXXX,XXXXXXXXX,2,6292
14152,Vera,Hess,XXXXXXXXX,XXXXXXXXX,2,14794
14153,Martha,Jefferson,XXXXXXXXX,XXXXXXXXX,1,13117
14154,Pandora,Cole,XXXXXXXXX,XXXXXXXXX,1,6744
14155,Allegra,Reeves,XXXXXXXXX,XXXXXXXXX,1,4024
14156,Courtney,Long,XXXXXXXXX,XXXXXXXXX,2,252
14157,Wynter,Ferguson,XXXXXXXXX,XXXXXXXXX,1,13590
14158,Sybill,Tyler,XXXXXXXXX,XXXXXXXXX,1,8290
14159,Constance,Pearson,XXXXXXXXX,XXXXXXXXX,1,15113
14160,Illana,Beasley,XXXXXXXXX,XXXXXXXXX,1,10834
14161,Kendall,Harrison,XXXXXXXXX,XXXXXXXXX,1,511
14162,Darryl,Mcguire,XXXXXXXXX,XXXXXXXXX,1,7690
14163,Leigh,Sharp,XXXXXXXXX,XXXXXXXXX,1,11502
14164,Jena,Prince,XXXXXXXXX,XXXXXXXXX,1,15358
14165,Karleigh,Hale,XXXXXXXXX,XXXXXXXXX,1,12205
14166,Mikayla,Jefferson,XXXXXXXXX,XXXXXXXXX,1,6262
14167,Lenore,Marquez,XXXXXXXXX,XXXXXXXXX,1,7467
14168,Piper,Blackwell,XXXXXXXXX,XXXXXXXXX,1,6186
14169,Bell,Estes,XXXXXXXXX,XXXXXXXXX,1,9161
14170,Margaret,Foreman,XXXXXXXXX,XXXXXXXXX,3,1911
14171,Halee,Parks,XXXXXXXXX,XXXXXXXXX,3,9260
14172,Rama,Saunders,XXXXXXXXX,XXXXXXXXX,3,11364
14173,Claire,Hernandez,XXXXXXXXX,XXXXXXXXX,3,9731
14174,TaShya,Deleon,XXXXXXXXX,XXXXXXXXX,3,1790
14175,Lenore,Lindsay,XXXXXXXXX,XXXXXXXXX,3,7745
14176,Portia,Ware,XXXXXXXXX,XXXXXXXXX,1,2843
14177,Celeste,Conrad,XXXXXXXXX,XXXXXXXXX,1,7507
14178,Eugenia,Roberson,XXXXXXXXX,XXXXXXXXX,1,1830
14179,Veronica,Faulkner,XXXXXXXXX,XXXXXXXXX,1,10438
14180,Jade,Smith,XXXXXXXXX,XXXXXXXXX,2,10275
14181,Blossom,Neal,XXXXXXXXX,XXXXXXXXX,2,11939
14182,Blythe,Lowe,XXXXXXXXX,XXXXXXXXX,3,5533
14183,Jolie,Valentine,XXXXXXXXX,XXXXXXXXX,1,11937
14184,Kirby,Albert,XXXXXXXXX,XXXXXXXXX,1,1239
14185,Brianna,Black,XXXXXXXXX,XXXXXXXXX,1,2684
14186,Azalia,Gonzales,XXXXXXXXX,XXXXXXXXX,2,6572
14187,Suki,Ware,XXXXXXXXX,XXXXXXXXX,2,7402
14188,Regan,Berger,XXXXXXXXX,XXXXXXXXX,2,10729
14189,Madonna,Cohen,XXXXXXXXX,XXXXXXXXX,2,9365
14190,Xyla,Townsend,XXXXXXXXX,XXXXXXXXX,1,7718
14191,Faith,Haley,XXXXXXXXX,XXXXXXXXX,1,2234
14192,Beverly,Larson,XXXXXXXXX,XXXXXXXXX,1,11943
14193,Gwendolyn,Mccarthy,XXXXXXXXX,XXXXXXXXX,1,10677
14194,Glenna,Bentley,XXXXXXXXX,XXXXXXXXX,1,2781
14195,Emily,Ramirez,XXXXXXXXX,XXXXXXXXX,3,86
14196,Sage,Pruitt,XXXXXXXXX,XXXXXXXXX,2,13609
14197,Maia,Cunningham,XXXXXXXXX,XXXXXXXXX,1,2165
14198,Kirsten,Woods,XXXXXXXXX,XXXXXXXXX,1,2298
14199,Aspen,Jenkins,XXXXXXXXX,XXXXXXXXX,1,8737
14200,Abra,Copeland,XXXXXXXXX,XXXXXXXXX,2,6829
14201,Margaret,Joseph,XXXXXXXXX,XXXXXXXXX,2,7934
14202,Madeson,Guzman,XXXXXXXXX,XXXXXXXXX,3,2040
14203,Jolene,Bass,XXXXXXXXX,XXXXXXXXX,3,1434
14204,Karina,Brooks,XXXXXXXXX,XXXXXXXXX,3,6806
14205,Blair,Castro,XXXXXXXXX,XXXXXXXXX,3,8439
14206,Robin,Moreno,XXXXXXXXX,XXXXXXXXX,3,9100
14207,Octavia,Hayes,XXXXXXXXX,XXXXXXXXX,3,4948
14208,Illiana,Burnett,XXXXXXXXX,XXXXXXXXX,1,12878
14209,Lareina,Greer,XXXXXXXXX,XXXXXXXXX,1,2358
14210,Libby,Charles,XXXXXXXXX,XXXXXXXXX,1,15401
14211,Gwendolyn,Hickman,XXXXXXXXX,XXXXXXXXX,2,6685
14212,Maya,Goff,XXXXXXXXX,XXXXXXXXX,2,8536
14213,Alexa,Hubbard,XXXXXXXXX,XXXXXXXXX,2,559
14214,Chastity,Shannon,XXXXXXXXX,XXXXXXXXX,2,12969
14215,Christen,Bowen,XXXXXXXXX,XXXXXXXXX,2,4522
14216,Indira,Carpenter,XXXXXXXXX,XXXXXXXXX,2,9292
14217,Rosalyn,Morrison,XXXXXXXXX,XXXXXXXXX,2,6986
14218,Minerva,England,XXXXXXXXX,XXXXXXXXX,2,3540
14219,Rosalyn,Hodge,XXXXXXXXX,XXXXXXXXX,2,15735
14220,Xaviera,Swanson,XXXXXXXXX,XXXXXXXXX,1,16289
14221,Olga,Mcintosh,XXXXXXXXX,XXXXXXXXX,1,2562
14222,Martena,Harding,XXXXXXXXX,XXXXXXXXX,2,7397
14223,Kelsie,Guerrero,XXXXXXXXX,XXXXXXXXX,2,2318
14224,Roanna,Velasquez,XXXXXXXXX,XXXXXXXXX,2,12013
14225,Cassandra,Wilkerson,XXXXXXXXX,XXXXXXXXX,2,3562
14226,Jana,Lawson,XXXXXXXXX,XXXXXXXXX,1,14413
14227,Hedy,Richardson,XXXXXXXXX,XXXXXXXXX,3,8838
14228,Sacha,Hensley,XXXXXXXXX,XXXXXXXXX,1,16511
14229,Hope,Macdonald,XXXXXXXXX,XXXXXXXXX,1,784
14230,Abra,Vance,XXXXXXXXX,XXXXXXXXX,1,7120
14231,Jaquelyn,Shepherd,XXXXXXXXX,XXXXXXXXX,1,3125
14232,Imani,Stein,XXXXXXXXX,XXXXXXXXX,1,14872
14233,Cecilia,Castaneda,XXXXXXXXX,XXXXXXXXX,1,2058
14234,Brynne,Smith,XXXXXXXXX,XXXXXXXXX,1,14530
14235,Amanda,Pugh,XXXXXXXXX,XXXXXXXXX,1,2281
14236,Alice,Barker,XXXXXXXXX,XXXXXXXXX,1,3504
14237,Bo,Anthony,XXXXXXXXX,XXXXXXXXX,1,9157
14238,Kaitlin,Kinney,XXXXXXXXX,XXXXXXXXX,1,12682
14239,Zenaida,Woodward,XXXXXXXXX,XXXXXXXXX,1,4247
14240,Madonna,Kane,XXXXXXXXX,XXXXXXXXX,1,721
14241,Mary,Morrow,XXXXXXXXX,XXXXXXXXX,1,5667
14242,Doris,Gregory,XXXXXXXXX,XXXXXXXXX,1,1546
14243,Juliet,Dickerson,XXXXXXXXX,XXXXXXXXX,1,12630
14244,Skyler,Gillespie,XXXXXXXXX,XXXXXXXXX,1,16189
14245,Violet,Key,XXXXXXXXX,XXXXXXXXX,3,2995
14246,Lareina,Ortiz,XXXXXXXXX,XXXXXXXXX,2,7791
14247,Amena,Lawson,XXXXXXXXX,XXXXXXXXX,2,8933
14248,Zoe,Fernandez,XXXXXXXXX,XXXXXXXXX,2,3672
14249,Alma,Sullivan,XXXXXXXXX,XXXXXXXXX,2,12671
14250,Hillary,Cleveland,XXXXXXXXX,XXXXXXXXX,2,7897
14251,Bree,Spears,XXXXXXXXX,XXXXXXXXX,2,1724
14252,Melinda,Garza,XXXXXXXXX,XXXXXXXXX,1,15092
14253,Raya,Mccullough,XXXXXXXXX,XXXXXXXXX,1,10617
14254,Nayda,Kidd,XXXXXXXXX,XXXXXXXXX,3,7637
14255,Jane,Baker,XXXXXXXXX,XXXXXXXXX,3,10621
14256,Olympia,Norman,XXXXXXXXX,XXXXXXXXX,3,13584
14257,Yoko,Dotson,XXXXXXXXX,XXXXXXXXX,1,10369
14258,Shelley,House,XXXXXXXXX,XXXXXXXXX,1,7139
14259,Kimberly,Ayers,XXXXXXXXX,XXXXXXXXX,3,9313
14260,Dacey,Morton,XXXXXXXXX,XXXXXXXXX,3,14841
14261,Lilah,Haney,XXXXXXXXX,XXXXXXXXX,1,10723
14262,Fatima,Potter,XXXXXXXXX,XXXXXXXXX,1,3802
14263,Charissa,Adams,XXXXXXXXX,XXXXXXXXX,2,15601
14264,Beatrice,Byrd,XXXXXXXXX,XXXXXXXXX,1,3595
14265,Felicia,Harrison,XXXXXXXXX,XXXXXXXXX,1,7561
14266,Nayda,Foreman,XXXXXXXXX,XXXXXXXXX,1,12978
14267,Shannon,Barry,XXXXXXXXX,XXXXXXXXX,2,2776
14268,Kiayada,Saunders,XXXXXXXXX,XXXXXXXXX,1,4278
14269,Maya,Howard,XXXXXXXXX,XXXXXXXXX,1,14960
14270,Heather,Ingram,XXXXXXXXX,XXXXXXXXX,2,7752
14271,Pearl,Strong,XXXXXXXXX,XXXXXXXXX,1,13596
14272,Martha,Mckee,XXXXXXXXX,XXXXXXXXX,2,10587
14273,Kelly,Terry,XXXXXXXXX,XXXXXXXXX,1,6112
14274,Tallulah,Frazier,XXXXXXXXX,XXXXXXXXX,2,4369
14275,Cora,Oconnor,XXXXXXXXX,XXXXXXXXX,2,3842
14276,Jacqueline,Barron,XXXXXXXXX,XXXXXXXXX,2,6021
14277,Leigh,Bates,XXXXXXXXX,XXXXXXXXX,2,6350
14278,Clio,Clay,XXXXXXXXX,XXXXXXXXX,2,1011
14279,Farrah,Villarreal,XXXXXXXXX,XXXXXXXXX,2,8345
14280,Petra,Arnold,XXXXXXXXX,XXXXXXXXX,1,16168
14281,Debra,Kirby,XXXXXXXXX,XXXXXXXXX,1,1254
14282,Destiny,Wall,XXXXXXXXX,XXXXXXXXX,1,4517
14283,Xyla,Curtis,XXXXXXXXX,XXXXXXXXX,1,1129
14284,Fay,Barrett,XXXXXXXXX,XXXXXXXXX,2,14529
14285,Ina,Doyle,XXXXXXXXX,XXXXXXXXX,1,7994
14286,Yvette,Cantu,XXXXXXXXX,XXXXXXXXX,1,3277
14287,Alma,Delgado,XXXXXXXXX,XXXXXXXXX,1,11599
14288,Hyacinth,Vazquez,XXXXXXXXX,XXXXXXXXX,1,522
14289,Quail,Callahan,XXXXXXXXX,XXXXXXXXX,3,5693
14290,Kelsie,George,XXXXXXXXX,XXXXXXXXX,3,15585
14291,Ila,Morton,XXXXXXXXX,XXXXXXXXX,3,14116
14292,Daria,Wong,XXXXXXXXX,XXXXXXXXX,3,2267
14293,Xyla,Cain,XXXXXXXXX,XXXXXXXXX,2,11996
14294,Brianna,Knox,XXXXXXXXX,XXXXXXXXX,2,2726
14295,Mercedes,Koch,XXXXXXXXX,XXXXXXXXX,2,11992
14296,Amena,Munoz,XXXXXXXXX,XXXXXXXXX,3,12377
14297,Patience,Ellis,XXXXXXXXX,XXXXXXXXX,3,13886
14298,Reagan,Williams,XXXXXXXXX,XXXXXXXXX,3,6746
14299,Jamalia,Ortega,XXXXXXXXX,XXXXXXXXX,3,7885
14300,Rae,Ayala,XXXXXXXXX,XXXXXXXXX,3,10034
14301,Mariam,Cross,XXXXXXXXX,XXXXXXXXX,2,12099
14302,Imelda,Henry,XXXXXXXXX,XXXXXXXXX,2,1377
14303,Amber,Acosta,XXXXXXXXX,XXXXXXXXX,2,8522
14304,Constance,Hebert,XXXXXXXXX,XXXXXXXXX,2,4291
14305,Moana,Anderson,XXXXXXXXX,XXXXXXXXX,2,5877
14306,Orli,Mcmillan,XXXXXXXXX,XXXXXXXXX,3,863
14307,Demetria,Kline,XXXXXXXXX,XXXXXXXXX,1,10606
14308,Kylie,Holman,XXXXXXXXX,XXXXXXXXX,1,16402
14309,Whitney,Durham,XXXXXXXXX,XXXXXXXXX,1,6057
14310,Aiko,Owen,XXXXXXXXX,XXXXXXXXX,1,9374
14311,Lenore,Hewitt,XXXXXXXXX,XXXXXXXXX,1,8863
14312,Heidi,Kerr,XXXXXXXXX,XXXXXXXXX,1,1914
14313,Jorden,Pate,XXXXXXXXX,XXXXXXXXX,1,9873
14314,Cara,Finch,XXXXXXXXX,XXXXXXXXX,1,15234
14315,Audrey,Mcfarland,XXXXXXXXX,XXXXXXXXX,1,13232
14316,Blythe,Petty,XXXXXXXXX,XXXXXXXXX,1,10652
14317,Mechelle,Marsh,XXXXXXXXX,XXXXXXXXX,1,11374
14318,Kendall,Lynn,XXXXXXXXX,XXXXXXXXX,1,5854
14319,Unity,Carr,XXXXXXXXX,XXXXXXXXX,1,11165
14320,Hope,Bonner,XXXXXXXXX,XXXXXXXXX,1,15210
14321,Heather,Hopkins,XXXXXXXXX,XXXXXXXXX,1,14406
14322,Alyssa,Contreras,XXXXXXXXX,XXXXXXXXX,1,16326
14323,Lilah,Curry,XXXXXXXXX,XXXXXXXXX,1,6126
14324,Ella,Langley,XXXXXXXXX,XXXXXXXXX,2,9151
14325,Lilah,Olson,XXXXXXXXX,XXXXXXXXX,1,5694
14326,Geraldine,Lang,XXXXXXXXX,XXXXXXXXX,1,8518
14327,Emma,Kline,XXXXXXXXX,XXXXXXXXX,1,1524
14328,Tara,Campos,XXXXXXXXX,XXXXXXXXX,1,12411
14329,Genevieve,Blackburn,XXXXXXXXX,XXXXXXXXX,1,1022
14330,Sybil,Nicholson,XXXXXXXXX,XXXXXXXXX,1,666
14331,Blossom,Burton,XXXXXXXXX,XXXXXXXXX,2,8323
14332,Dana,Ray,XXXXXXXXX,XXXXXXXXX,1,2941
14333,Anika,Phelps,XXXXXXXXX,XXXXXXXXX,1,8307
14334,Geraldine,Albert,XXXXXXXXX,XXXXXXXXX,1,10961
14335,Jayme,Glenn,XXXXXXXXX,XXXXXXXXX,3,12449
14336,Amity,Hampton,XXXXXXXXX,XXXXXXXXX,3,11227
14337,Joan,Kennedy,XXXXXXXXX,XXXXXXXXX,1,13311
14338,Illiana,Mccormick,XXXXXXXXX,XXXXXXXXX,3,1292
14339,Morgan,Avery,XXXXXXXXX,XXXXXXXXX,1,10342
14340,Rhonda,Cameron,XXXXXXXXX,XXXXXXXXX,1,9302
14341,Xerxes,Nixon,XXXXXXXXX,XXXXXXXXX,1,1584
14342,Clare,Rhodes,XXXXXXXXX,XXXXXXXXX,2,11242
14343,Taylor,Lyons,XXXXXXXXX,XXXXXXXXX,2,15336
14344,Violet,Lane,XXXXXXXXX,XXXXXXXXX,2,1158
14345,Hedy,Hester,XXXXXXXXX,XXXXXXXXX,2,13362
14346,Lara,Bartlett,XXXXXXXXX,XXXXXXXXX,1,11646
14347,Hermione,Rush,XXXXXXXXX,XXXXXXXXX,1,6734
14348,Denise,Mosley,XXXXXXXXX,XXXXXXXXX,1,1252
14349,Eliana,Waller,XXXXXXXXX,XXXXXXXXX,1,15651
14350,Emma,Foreman,XXXXXXXXX,XXXXXXXXX,1,3182
14351,Sopoline,Rush,XXXXXXXXX,XXXXXXXXX,1,13361
14352,Summer,Barron,XXXXXXXXX,XXXXXXXXX,3,5327
14353,Kitra,Vaughan,XXXXXXXXX,XXXXXXXXX,3,15115
14354,Ifeoma,Nolan,XXXXXXXXX,XXXXXXXXX,2,9944
14355,Tatyana,Abbott,XXXXXXXXX,XXXXXXXXX,2,5656
14356,Brenna,Shelton,XXXXXXXXX,XXXXXXXXX,2,3232
14357,Olga,Buck,XXXXXXXXX,XXXXXXXXX,2,4945
14358,Karly,Beck,XXXXXXXXX,XXXXXXXXX,3,10419
14359,Katelyn,Chaney,XXXXXXXXX,XXXXXXXXX,1,1044
14360,Breanna,Sampson,XXXXXXXXX,XXXXXXXXX,3,13514
14361,Blossom,Torres,XXXXXXXXX,XXXXXXXXX,1,14772
14362,Aimee,Carter,XXXXXXXXX,XXXXXXXXX,1,1860
14363,Nelle,Foley,XXXXXXXXX,XXXXXXXXX,1,2822
14364,Phyllis,Conley,XXXXXXXXX,XXXXXXXXX,3,1691
14365,Tamara,Sweet,XXXXXXXXX,XXXXXXXXX,3,7429
14366,Nell,Rose,XXXXXXXXX,XXXXXXXXX,3,13226
14367,Charity,Caldwell,XXXXXXXXX,XXXXXXXXX,3,6274
14368,Ria,Murray,XXXXXXXXX,XXXXXXXXX,2,11908
14369,Beatrice,Conway,XXXXXXXXX,XXXXXXXXX,2,5504
14370,Chloe,Huber,XXXXXXXXX,XXXXXXXXX,1,10749
14371,Medge,Hudson,XXXXXXXXX,XXXXXXXXX,1,770
14372,Myra,Mccall,XXXXXXXXX,XXXXXXXXX,1,9432
14373,Cynthia,Graves,XXXXXXXXX,XXXXXXXXX,1,8889
14374,Emi,Warren,XXXXXXXXX,XXXXXXXXX,2,9991
14375,Tana,Johnston,XXXXXXXXX,XXXXXXXXX,3,6066
14376,Lilah,Gilliam,XXXXXXXXX,XXXXXXXXX,2,14149
14377,May,Huff,XXXXXXXXX,XXXXXXXXX,2,11454
14378,Linda,Armstrong,XXXXXXXXX,XXXXXXXXX,3,7174
14379,Rose,Skinner,XXXXXXXXX,XXXXXXXXX,2,6793
14380,Odessa,Melendez,XXXXXXXXX,XXXXXXXXX,2,16476
14381,Cherokee,Wiley,XXXXXXXXX,XXXXXXXXX,2,10091
14382,Tamekah,Parrish,XXXXXXXXX,XXXXXXXXX,2,5126
14383,Iola,Gonzales,XXXXXXXXX,XXXXXXXXX,1,6883
14384,Renee,Noel,XXXXXXXXX,XXXXXXXXX,1,9288
14385,Hadley,Waller,XXXXXXXXX,XXXXXXXXX,1,7751
14386,Yoshi,Whitfield,XXXXXXXXX,XXXXXXXXX,2,15227
14387,Madeline,Christensen,XXXXXXXXX,XXXXXXXXX,1,6988
14388,Gillian,Rowe,XXXXXXXXX,XXXXXXXXX,2,15291
14389,Beverly,Buckner,XXXXXXXXX,XXXXXXXXX,1,14493
14390,Chloe,Fox,XXXXXXXXX,XXXXXXXXX,1,11757
14391,Danielle,Briggs,XXXXXXXXX,XXXXXXXXX,1,7967
14392,Miriam,Randall,XXXXXXXXX,XXXXXXXXX,2,8581
14393,Carolyn,Chambers,XXXXXXXXX,XXXXXXXXX,2,3853
14394,Inez,Savage,XXXXXXXXX,XXXXXXXXX,3,14757
14395,Kylynn,Durham,XXXXXXXXX,XXXXXXXXX,3,11947
14396,Fallon,Ayers,XXXXXXXXX,XXXXXXXXX,3,10990
14397,Dakota,Pickett,XXXXXXXXX,XXXXXXXXX,3,12243
14398,Rylee,Hardin,XXXXXXXXX,XXXXXXXXX,3,1461
14399,Patience,Zamora,XXXXXXXXX,XXXXXXXXX,2,15597
14400,Lana,Willis,XXXXXXXXX,XXXXXXXXX,1,8198
14401,Naida,Goff,XXXXXXXXX,XXXXXXXXX,2,1053
14402,Maryam,Baker,XXXXXXXXX,XXXXXXXXX,3,3007
14403,Noel,Whitaker,XXXXXXXXX,XXXXXXXXX,2,9879
14404,Xerxes,Bowers,XXXXXXXXX,XXXXXXXXX,2,13916
14405,Emma,French,XXXXXXXXX,XXXXXXXXX,3,5829
14406,Hyacinth,Graham,XXXXXXXXX,XXXXXXXXX,2,4736
14407,Wynter,Mcdaniel,XXXXXXXXX,XXXXXXXXX,3,3399
14408,Cally,Haley,XXXXXXXXX,XXXXXXXXX,1,548
14409,Cleo,Carlson,XXXXXXXXX,XXXXXXXXX,1,13726
14410,Mara,Jimenez,XXXXXXXXX,XXXXXXXXX,2,5303
14411,Jennifer,Graves,XXXXXXXXX,XXXXXXXXX,1,12572
14412,Yetta,Knapp,XXXXXXXXX,XXXXXXXXX,3,2140
14413,Lavinia,Petty,XXXXXXXXX,XXXXXXXXX,2,8755
14414,Hayfa,Rios,XXXXXXXXX,XXXXXXXXX,1,16193
14415,Wanda,Lynn,XXXXXXXXX,XXXXXXXXX,2,4254
14416,Felicia,Velasquez,XXXXXXXXX,XXXXXXXXX,2,3211
14417,Taylor,Jensen,XXXXXXXXX,XXXXXXXXX,2,12353
14418,Marah,Gonzalez,XXXXXXXXX,XXXXXXXXX,2,4543
14419,Stacy,Taylor,XXXXXXXXX,XXXXXXXXX,2,1848
14420,Kay,Tanner,XXXXXXXXX,XXXXXXXXX,2,12726
14421,Sybill,Russell,XXXXXXXXX,XXXXXXXXX,2,12366
14422,Adele,Singleton,XXXXXXXXX,XXXXXXXXX,1,14654
14423,Dacey,Leach,XXXXXXXXX,XXXXXXXXX,1,14061
14424,Deanna,Lawson,XXXXXXXXX,XXXXXXXXX,2,4042
14425,Karina,Burgess,XXXXXXXXX,XXXXXXXXX,1,15451
14426,Ivory,Burke,XXXXXXXXX,XXXXXXXXX,2,9979
14427,Amy,Nguyen,XXXXXXXXX,XXXXXXXXX,2,16375
14428,Libby,Anthony,XXXXXXXXX,XXXXXXXXX,1,2485
14429,Aurora,House,XXXXXXXXX,XXXXXXXXX,2,2851
14430,Ainsley,Green,XXXXXXXXX,XXXXXXXXX,2,5788
14431,Dominique,Ayala,XXXXXXXXX,XXXXXXXXX,1,6410
14432,Basia,Torres,XXXXXXXXX,XXXXXXXXX,2,2641
14433,Joan,Wyatt,XXXXXXXXX,XXXXXXXXX,1,3390
14434,Teagan,Chase,XXXXXXXXX,XXXXXXXXX,2,898
14435,Jael,Ashley,XXXXXXXXX,XXXXXXXXX,2,14366
14436,Evelyn,Keller,XXXXXXXXX,XXXXXXXXX,1,6913
14437,Hannah,Weaver,XXXXXXXXX,XXXXXXXXX,1,5805
14438,Quail,Green,XXXXXXXXX,XXXXXXXXX,2,11567
14439,Roary,Barlow,XXXXXXXXX,XXXXXXXXX,2,4286
14440,Simone,Mcclain,XXXXXXXXX,XXXXXXXXX,2,170
14441,Lucy,Acevedo,XXXXXXXXX,XXXXXXXXX,2,7194
14442,Yeo,Wolfe,XXXXXXXXX,XXXXXXXXX,3,9816
14443,Alma,Beach,XXXXXXXXX,XXXXXXXXX,3,12272
14444,Kellie,Guzman,XXXXXXXXX,XXXXXXXXX,3,13124
14445,Kim,Conner,XXXXXXXXX,XXXXXXXXX,3,13647
14446,York,,XXXXXXXXX,XXXXXXXXX,3,3455
14447,Ciara,Benjamin,XXXXXXXXX,XXXXXXXXX,1,1174
14448,Brynne,Neal,XXXXXXXXX,XXXXXXXXX,1,12790
14449,Sade,Hahn,XXXXXXXXX,XXXXXXXXX,1,7055
14450,Kimberley,Rodriguez,XXXXXXXXX,XXXXXXXXX,1,10564
14451,Natalie,Beard,XXXXXXXXX,XXXXXXXXX,1,2599
14452,Cassandra,Hughes,XXXXXXXXX,XXXXXXXXX,1,7607
14453,Freya,Ortiz,XXXXXXXXX,XXXXXXXXX,1,3789
14454,Germane,Sullivan,XXXXXXXXX,XXXXXXXXX,1,12633
14455,Oprah,Cohen,XXXXXXXXX,XXXXXXXXX,1,14803
14456,Nichole,Ramos,XXXXXXXXX,XXXXXXXXX,2,4786
14457,Erica,Davidson,XXXXXXXXX,XXXXXXXXX,2,6406
14458,Constance,Garrett,XXXXXXXXX,XXXXXXXXX,2,4428
14459,Kimberly,Kelly,XXXXXXXXX,XXXXXXXXX,2,8223
14460,Orli,Farley,XXXXXXXXX,XXXXXXXXX,2,13123
14461,Tana,Pratt,XXXXXXXXX,XXXXXXXXX,2,10291
14462,Gillian,Boyle,XXXXXXXXX,XXXXXXXXX,1,5088
14463,Irene,Hawkins,XXXXXXXXX,XXXXXXXXX,1,8688
14464,Clementine,Valencia,XXXXXXXXX,XXXXXXXXX,1,3252
14465,Abigail,Bowers,XXXXXXXXX,XXXXXXXXX,1,13234
14466,Tatyana,Mendoza,XXXXXXXXX,XXXXXXXXX,1,14520
14467,Zoe,Banks,XXXXXXXXX,XXXXXXXXX,1,818
14468,Mikayla,Kinney,XXXXXXXXX,XXXXXXXXX,1,7510
14469,Martina,Carver,XXXXXXXXX,XXXXXXXXX,1,2036
14470,Zelda,Benjamin,XXXXXXXXX,XXXXXXXXX,1,7676
14471,Daryl,Garza,XXXXXXXXX,XXXXXXXXX,2,12369
14472,Vivian,Hays,XXXXXXXXX,XXXXXXXXX,1,16294
14473,Hannah,Byrd,XXXXXXXXX,XXXXXXXXX,1,10597
14474,Illana,Tillman,XXXXXXXXX,XXXXXXXXX,3,10955
14475,Avye,Dorsey,XXXXXXXXX,XXXXXXXXX,1,6724
14476,Rhoda,Byrd,XXXXXXXXX,XXXXXXXXX,1,10389
14477,Ursula,Wilkinson,XXXXXXXXX,XXXXXXXXX,2,158
14478,Zenaida,Reyes,XXXXXXXXX,XXXXXXXXX,2,13805
14479,Mechelle,Byrd,XXXXXXXXX,XXXXXXXXX,2,13601
14480,Rosalyn,Lawson,XXXXXXXXX,XXXXXXXXX,2,2021
14481,Quin,Wall,XXXXXXXXX,XXXXXXXXX,1,10637
14482,Naida,Salas,XXXXXXXXX,XXXXXXXXX,1,7668
14483,Keelie,Fowler,XXXXXXXXX,XXXXXXXXX,1,455
14484,Quincy,Hart,XXXXXXXXX,XXXXXXXXX,1,5461
14485,Ingrid,Jordan,XXXXXXXXX,XXXXXXXXX,2,16422
14486,Selma,Rivas,XXXXXXXXX,XXXXXXXXX,2,13541
14487,Victoria,Leon,XXXXXXXXX,XXXXXXXXX,2,13880
14488,Simone,Navarro,XXXXXXXXX,XXXXXXXXX,1,14304
14489,Freya,Compton,XXXXXXXXX,XXXXXXXXX,2,65
14490,Veronica,Watkins,XXXXXXXXX,XXXXXXXXX,2,16459
14491,Madonna,Lucas,XXXXXXXXX,XXXXXXXXX,1,7020
14492,Harriet,Fernandez,XXXXXXXXX,XXXXXXXXX,3,845
14493,Christen,Chang,XXXXXXXXX,XXXXXXXXX,2,8172
14494,Constance,Jennings,XXXXXXXXX,XXXXXXXXX,1,315
14495,Clio,Quinn,XXXXXXXXX,XXXXXXXXX,1,6551
14496,Giselle,Hyde,XXXXXXXXX,XXXXXXXXX,2,16238
14497,Mallory,Carroll,XXXXXXXXX,XXXXXXXXX,3,2132
14498,Brynn,Rowland,XXXXXXXXX,XXXXXXXXX,1,8732
14499,Hayfa,Porter,XXXXXXXXX,XXXXXXXXX,1,6846
14500,Basia,Mclean,XXXXXXXXX,XXXXXXXXX,1,7304
14501,Rachel,Moss,XXXXXXXXX,XXXXXXXXX,1,4997
14502,Cora,Ramos,XXXXXXXXX,XXXXXXXXX,1,15419
14503,Briar,Wells,XXXXXXXXX,XXXXXXXXX,2,15970
14504,Winter,Dejesus,XXXXXXXXX,XXXXXXXXX,1,1333
14505,Tamara,Campbell,XXXXXXXXX,XXXXXXXXX,1,9806
14506,Jade,Miranda,XXXXXXXXX,XXXXXXXXX,1,8366
14507,Belle,Clemons,XXXXXXXXX,XXXXXXXXX,1,6910
14508,Roanna,Martin,XXXXXXXXX,XXXXXXXXX,1,6425
14509,Carissa,Mosley,XXXXXXXXX,XXXXXXXXX,1,16178
14510,Imani,Castaneda,XXXXXXXXX,XXXXXXXXX,1,8487
14511,Azalia,Wright,XXXXXXXXX,XXXXXXXXX,1,5261
14512,Dahlia,Parrish,XXXXXXXXX,XXXXXXXXX,1,6344
14513,Imani,Kelly,XXXXXXXXX,XXXXXXXXX,1,3679
14514,Ima,Bradley,XXXXXXXXX,XXXXXXXXX,1,1253
14515,Jillian,Lara,XXXXXXXXX,XXXXXXXXX,1,11413
14516,Simone,Brewer,XXXXXXXXX,XXXXXXXXX,1,1304
14517,Sarah,Gomez,XXXXXXXXX,XXXXXXXXX,1,410
14518,Martina,House,XXXXXXXXX,XXXXXXXXX,1,13266
14519,September,Craft,XXXXXXXXX,XXXXXXXXX,2,5192
14520,Hilary,Wall,XXXXXXXXX,XXXXXXXXX,2,2334
14521,Kelsie,Dale,XXXXXXXXX,XXXXXXXXX,2,2007
14522,Lael,Baker,XXXXXXXXX,XXXXXXXXX,2,10634
14523,Alexa,Monroe,XXXXXXXXX,XXXXXXXXX,2,16234
14524,Rowan,Roach,XXXXXXXXX,XXXXXXXXX,2,13885
14525,Kirby,Reeves,XXXXXXXXX,XXXXXXXXX,2,11358
14526,Whilemina,Ewing,XXXXXXXXX,XXXXXXXXX,2,13572
14527,Brooke,Herman,XXXXXXXXX,XXXXXXXXX,2,3712
14528,Alyssa,Powers,XXXXXXXXX,XXXXXXXXX,3,16396
14529,Irma,Wooten,XXXXXXXXX,XXXXXXXXX,2,14854
14530,Bree,Burch,XXXXXXXXX,XXXXXXXXX,1,5832
14531,Macy,Mclaughlin,XXXXXXXXX,XXXXXXXXX,3,15148
14532,Minerva,Melton,XXXXXXXXX,XXXXXXXXX,3,14676
14533,Gwendolyn,Ruiz,XXXXXXXXX,XXXXXXXXX,3,5283
14534,Evangeline,Combs,XXXXXXXXX,XXXXXXXXX,2,3750
14535,Tatiana,Hardy,XXXXXXXXX,XXXXXXXXX,1,990
14536,Lynn,Mckinney,XXXXXXXXX,XXXXXXXXX,1,1719
14537,Sydnee,Smith,XXXXXXXXX,XXXXXXXXX,1,3387
14538,Darrel,Greer,XXXXXXXXX,XXXXXXXXX,1,13905
14539,Dominique,Burnett,XXXXXXXXX,XXXXXXXXX,1,12414
14540,Iris,Holt,XXXXXXXXX,XXXXXXXXX,2,5447
14541,Harriet,Hubbard,XXXXXXXXX,XXXXXXXXX,2,5887
14542,Megan,Chang,XXXXXXXXX,XXXXXXXXX,3,2445
14543,Mara,Ford,XXXXXXXXX,XXXXXXXXX,3,14700
14544,Xandra,Bowen,XXXXXXXXX,XXXXXXXXX,3,404
14545,Marah,Bradshaw,XXXXXXXXX,XXXXXXXXX,2,11107
14546,Fay,Duran,XXXXXXXXX,XXXXXXXXX,2,3000
14547,Winifred,Johnston,XXXXXXXXX,XXXXXXXXX,2,5556
14548,Ainsley,Morrison,XXXXXXXXX,XXXXXXXXX,1,3170
14549,Virginia,Best,XXXXXXXXX,XXXXXXXXX,3,9202
14550,Rachel,Pope,XXXXXXXXX,XXXXXXXXX,1,10998
14551,Yael,Ryan,XXXXXXXXX,XXXXXXXXX,1,5043
14552,Mara,Bruce,XXXXXXXXX,XXXXXXXXX,1,8423
14553,Willa,Potter,XXXXXXXXX,XXXXXXXXX,1,8092
14554,Maisie,Albert,XXXXXXXXX,XXXXXXXXX,1,11245
14555,Deanna,Fletcher,XXXXXXXXX,XXXXXXXXX,1,10210
14556,Sopoline,Harrington,XXXXXXXXX,XXXXXXXXX,1,2423
14557,Nomlanga,Douglas,XXXXXXXXX,XXXXXXXXX,1,6450
14558,Alma,Patton,XXXXXXXXX,XXXXXXXXX,3,9785
14559,Gemma,York,XXXXXXXXX,XXXXXXXXX,2,5657
14560,Jillian,Randolph,XXXXXXXXX,XXXXXXXXX,1,9522
14561,Donna,Odom,XXXXXXXXX,XXXXXXXXX,2,5262
14562,Xantha,Brock,XXXXXXXXX,XXXXXXXXX,1,8150
14563,Kylie,Weber,XXXXXXXXX,XXXXXXXXX,1,346
14564,Aubrey,Edwards,XXXXXXXXX,XXXXXXXXX,1,11101
14565,Blossom,Bray,XXXXXXXXX,XXXXXXXXX,3,10493
14566,Jessamine,Wright,XXXXXXXXX,XXXXXXXXX,2,10373
14567,Dana,Santos,XXXXXXXXX,XXXXXXXXX,3,7806
14568,Genevieve,Kinney,XXXXXXXXX,XXXXXXXXX,3,7410
14569,Eve,Griffin,XXXXXXXXX,XXXXXXXXX,3,12313
14570,Whoopi,Fry,XXXXXXXXX,XXXXXXXXX,3,15869
14571,Sade,Mcdonald,XXXXXXXXX,XXXXXXXXX,3,15052
14572,Britanni,Bridges,XXXXXXXXX,XXXXXXXXX,3,294
14573,Lila,Trevino,XXXXXXXXX,XXXXXXXXX,1,5594
14574,Jordan,Porter,XXXXXXXXX,XXXXXXXXX,1,11963
14575,Adele,Flowers,XXXXXXXXX,XXXXXXXXX,1,11844
14576,Jillian,Rosario,XXXXXXXXX,XXXXXXXXX,1,9047
14577,Sara,Foreman,XXXXXXXXX,XXXXXXXXX,1,16552
14578,Ocean,Hopkins,XXXXXXXXX,XXXXXXXXX,1,8361
14579,Genevieve,Slater,XXXXXXXXX,XXXXXXXXX,1,34
14580,Hillary,Travis,XXXXXXXXX,XXXXXXXXX,1,9281
14581,Anika,Estrada,XXXXXXXXX,XXXXXXXXX,2,6868
14582,Isabella,Mccall,XXXXXXXXX,XXXXXXXXX,3,5696
14583,Deborah,Doyle,XXXXXXXXX,XXXXXXXXX,2,13160
14584,Kyla,Lawrence,XXXXXXXXX,XXXXXXXXX,3,13176
14585,Carol,Buckley,XXXXXXXXX,XXXXXXXXX,2,3405
14586,Phoebe,Hancock,XXXXXXXXX,XXXXXXXXX,3,7762
14587,Caryn,Howard,XXXXXXXXX,XXXXXXXXX,1,4091
14588,Zia,Guthrie,XXXXXXXXX,XXXXXXXXX,1,14364
14589,Alexandra,Pate,XXXXXXXXX,XXXXXXXXX,1,4845
14590,Sydney,Blair,XXXXXXXXX,XXXXXXXXX,1,3470
14591,Calista,Freeman,XXXXXXXXX,XXXXXXXXX,1,3380
14592,Yolanda,Haney,XXXXXXXXX,XXXXXXXXX,1,13671
14593,Aimee,Workman,XXXXXXXXX,XXXXXXXXX,1,3794
14594,Darryl,Atkins,XXXXXXXXX,XXXXXXXXX,1,5690
14595,Halee,Dyer,XXXXXXXXX,XXXXXXXXX,2,13724
14596,Sydnee,Padilla,XXXXXXXXX,XXXXXXXXX,3,1654
14597,Evelyn,Grimes,XXXXXXXXX,XXXXXXXXX,3,7394
14598,Raya,Hays,XXXXXXXXX,XXXXXXXXX,3,9839
14599,Katelyn,Cochran,XXXXXXXXX,XXXXXXXXX,1,8585
14600,Yvonne,Stevenson,XXXXXXXXX,XXXXXXXXX,1,16519
14601,Signe,Patton,XXXXXXXXX,XXXXXXXXX,1,15152
14602,Stella,Hines,XXXXXXXXX,XXXXXXXXX,1,1210
14603,Mira,Warren,XXXXXXXXX,XXXXXXXXX,1,6027
14604,Demetria,Jarvis,XXXXXXXXX,XXXXXXXXX,1,7248
14605,Winifred,Sullivan,XXXXXXXXX,XXXXXXXXX,2,1330
14606,Carol,Booker,XXXXXXXXX,XXXXXXXXX,2,8971
14607,Deborah,Robinson,XXXXXXXXX,XXXXXXXXX,2,14474
14608,Aphrodite,Henson,XXXXXXXXX,XXXXXXXXX,1,9397
14609,Basia,Kinney,XXXXXXXXX,XXXXXXXXX,2,6835
14610,Constance,Howe,XXXXXXXXX,XXXXXXXXX,2,16488
14611,Shafira,Ashley,XXXXXXXXX,XXXXXXXXX,2,514
14612,Priscilla,Daugherty,XXXXXXXXX,XXXXXXXXX,2,10258
14613,Clare,Dunlap,XXXXXXXXX,XXXXXXXXX,1,8122
14614,Blythe,Smith,XXXXXXXXX,XXXXXXXXX,1,1476
14615,Macy,Roy,XXXXXXXXX,XXXXXXXXX,1,12559
14616,Velma,Palmer,XXXXXXXXX,XXXXXXXXX,1,14157
14617,Guinevere,Ramsey,XXXXXXXXX,XXXXXXXXX,2,7558
14618,Astra,Hurley,XXXXXXXXX,XXXXXXXXX,2,2738
14619,Illana,Bonner,XXXXXXXXX,XXXXXXXXX,2,8929
14620,Demetria,Fisher,XXXXXXXXX,XXXXXXXXX,2,10822
14621,Velma,Weeks,XXXXXXXXX,XXXXXXXXX,2,249
14622,Mary,Page,XXXXXXXXX,XXXXXXXXX,2,3919
14623,Ivana,Orr,XXXXXXXXX,XXXXXXXXX,1,2813
14624,Lacota,Guerrero,XXXXXXXXX,XXXXXXXXX,2,10466
14625,Farrah,James,XXXXXXXXX,XXXXXXXXX,3,11190
14626,Farrah,Pierce,XXXXXXXXX,XXXXXXXXX,3,1688
14627,Lysandra,Barry,XXXXXXXXX,XXXXXXXXX,1,15258
14628,Kirsten,Cook,XXXXXXXXX,XXXXXXXXX,1,12000
14629,Idola,Tillman,XXXXXXXXX,XXXXXXXXX,1,1922
14630,Kirestin,Barr,XXXXXXXXX,XXXXXXXXX,1,6961
14631,Calista,Phillips,XXXXXXXXX,XXXXXXXXX,1,15150
14632,Vielka,Strong,XXXXXXXXX,XXXXXXXXX,1,15770
14633,Sloane,Long,XXXXXXXXX,XXXXXXXXX,1,6706
14634,Ora,Hammond,XXXXXXXXX,XXXXXXXXX,1,5136
14635,Sydnee,Cooke,XXXXXXXXX,XXXXXXXXX,2,5155
14636,Sonia,Mckee,XXXXXXXXX,XXXXXXXXX,3,11808
14637,Myra,Barron,XXXXXXXXX,XXXXXXXXX,3,12399
14638,Shaine,Goodman,XXXXXXXXX,XXXXXXXXX,3,8420
14639,Francesca,Barlow,XXXXXXXXX,XXXXXXXXX,2,16469
14640,Maite,Sparks,XXXXXXXXX,XXXXXXXXX,2,6926
14641,Heidi,Mayer,XXXXXXXXX,XXXXXXXXX,1,7243
14642,Hanae,Weber,XXXXXXXXX,XXXXXXXXX,1,12365
14643,Quemby,Becker,XXXXXXXXX,XXXXXXXXX,2,3772
14644,Shannon,Vaughn,XXXXXXXXX,XXXXXXXXX,2,6822
14645,Noelani,Hyde,XXXXXXXXX,XXXXXXXXX,1,572
14646,Nora,Monroe,XXXXXXXXX,XXXXXXXXX,1,4898
14647,Ainsley,Bird,XXXXXXXXX,XXXXXXXXX,1,11539
14648,Renee,Carver,XXXXXXXXX,XXXXXXXXX,1,12744
14649,Leigh,Peterson,XXXXXXXXX,XXXXXXXXX,1,14256
14650,Carla,Guzman,XXXXXXXXX,XXXXXXXXX,2,10455
14651,Ila,Pope,XXXXXXXXX,XXXXXXXXX,2,6750
14652,Lynn,Montgomery,XXXXXXXXX,XXXXXXXXX,2,8511
14653,Larissa,Cobb,XXXXXXXXX,XXXXXXXXX,2,9803
14654,Zenaida,Robinson,XXXXXXXXX,XXXXXXXXX,3,1134
14655,Tasha,Potts,XXXXXXXXX,XXXXXXXXX,1,9820
14656,Renee,Norton,XXXXXXXXX,XXXXXXXXX,3,1957
14657,Isabella,Carrillo,XXXXXXXXX,XXXXXXXXX,1,3784
14658,Zephr,Villarreal,XXXXXXXXX,XXXXXXXXX,1,7349
14659,Whitney,Woodward,XXXXXXXXX,XXXXXXXXX,2,11030
14660,Karina,Fitzpatrick,XXXXXXXXX,XXXXXXXXX,1,10085
14661,Ann,Velasquez,XXXXXXXXX,XXXXXXXXX,1,1296
14662,Whitney,Gutierrez,XXXXXXXXX,XXXXXXXXX,1,5282
14663,Cally,Moody,XXXXXXXXX,XXXXXXXXX,1,1634
14664,Audrey,Mejia,XXXXXXXXX,XXXXXXXXX,1,1841
14665,Jennifer,Stokes,XXXXXXXXX,XXXXXXXXX,1,7955
14666,Riley,Humphrey,XXXXXXXXX,XXXXXXXXX,1,11163
14667,Sybill,Roy,XXXXXXXXX,XXXXXXXXX,2,3438
14668,Lani,Emerson,XXXXXXXXX,XXXXXXXXX,3,3206
14669,Brenna,Kelly,XXXXXXXXX,XXXXXXXXX,1,6158
14670,Jocelyn,Stokes,XXXXXXXXX,XXXXXXXXX,3,12418
14671,Hannah,Olson,XXXXXXXXX,XXXXXXXXX,2,10886
14672,Paula,Jordan,XXXXXXXXX,XXXXXXXXX,2,5364
14673,Desiree,Huff,XXXXXXXXX,XXXXXXXXX,2,3385
14674,Illana,Blankenship,XXXXXXXXX,XXXXXXXXX,2,8070
14675,Xena,Sargent,XXXXXXXXX,XXXXXXXXX,1,15619
14676,Gay,Harper,XXXXXXXXX,XXXXXXXXX,1,11634
14677,Katell,Beck,XXXXXXXXX,XXXXXXXXX,1,16514
14678,Zia,Mccarthy,XXXXXXXXX,XXXXXXXXX,1,11568
14679,April,Clements,XXXXXXXXX,XXXXXXXXX,1,2724
14680,Jamalia,Hudson,XXXXXXXXX,XXXXXXXXX,2,14792
14681,Willow,Conner,XXXXXXXXX,XXXXXXXXX,1,1065
14682,Aubrey,Byrd,XXXXXXXXX,XXXXXXXXX,2,11057
14683,Lacy,Burris,XXXXXXXXX,XXXXXXXXX,3,1093
14684,Susan,Forbes,XXXXXXXXX,XXXXXXXXX,3,9535
14685,Iola,Burns,XXXXXXXXX,XXXXXXXXX,1,4746
14686,Carly,Walker,XXXXXXXXX,XXXXXXXXX,2,11578
14687,Adrienne,Jennings,XXXXXXXXX,XXXXXXXXX,1,4938
14688,Helen,Stein,XXXXXXXXX,XXXXXXXXX,1,1367
14689,Cleo,Henson,XXXXXXXXX,XXXXXXXXX,3,2158
14690,Rhoda,Guzman,XXXXXXXXX,XXXXXXXXX,3,8036
14691,Gillian,Williams,XXXXXXXXX,XXXXXXXXX,1,9348
14692,Iona,Stokes,XXXXXXXXX,XXXXXXXXX,1,14196
14693,Azalia,Mccray,XXXXXXXXX,XXXXXXXXX,2,15570
14694,Charlotte,Huff,XXXXXXXXX,XXXXXXXXX,1,10861
14695,Haviva,Bass,XXXXXXXXX,XXXXXXXXX,2,13038
14696,Hedda,Rich,XXXXXXXXX,XXXXXXXXX,2,7444
14697,Brenna,Wilson,XXXXXXXXX,XXXXXXXXX,2,1564
14698,Audrey,Kerr,XXXXXXXXX,XXXXXXXXX,2,12731
14699,Cynthia,Duke,XXXXXXXXX,XXXXXXXXX,1,6870
14700,Morgan,Drake,XXXXXXXXX,XXXXXXXXX,1,4289
14701,Cynthia,Fields,XXXXXXXXX,XXXXXXXXX,1,13956
14702,Ivory,Horn,XXXXXXXXX,XXXXXXXXX,1,16056
14703,Brianna,Dale,XXXXXXXXX,XXXXXXXXX,1,915
14704,Olympia,Atkins,XXXXXXXXX,XXXXXXXXX,1,7506
14705,Winter,William,XXXXXXXXX,XXXXXXXXX,1,1060
14706,Zorita,Frost,XXXXXXXXX,XXXXXXXXX,1,15252
14707,Lara,Roman,XXXXXXXXX,XXXXXXXXX,2,6436
14708,Sybil,Clarke,XXXXXXXXX,XXXXXXXXX,2,11337
14709,Astra,Morgan,XXXXXXXXX,XXXXXXXXX,2,5819
14710,Xaviera,Miranda,XXXXXXXXX,XXXXXXXXX,1,9798
14711,Halla,Knight,XXXXXXXXX,XXXXXXXXX,1,13798
14712,Jorden,Peck,XXXXXXXXX,XXXXXXXXX,1,16217
14713,Belle,Parker,XXXXXXXXX,XXXXXXXXX,1,9189
14714,Brittany,Workman,XXXXXXXXX,XXXXXXXXX,1,5857
14715,Cassady,Baker,XXXXXXXXX,XXXXXXXXX,3,1842
14716,Willow,Steele,XXXXXXXXX,XXXXXXXXX,3,736
14717,Maia,Cruz,XXXXXXXXX,XXXXXXXXX,3,6471
14718,Anastasia,Coffey,XXXXXXXXX,XXXXXXXXX,3,10988
14719,Brianna,William,XXXXXXXXX,XXXXXXXXX,3,493
14720,Ivory,Middleton,XXXXXXXXX,XXXXXXXXX,1,2383
14721,Elaine,Cherry,XXXXXXXXX,XXXXXXXXX,1,15606
14722,Camille,Vaughn,XXXXXXXXX,XXXXXXXXX,1,10282
14723,Maggy,Barrett,XXXXXXXXX,XXXXXXXXX,1,15217
14724,Emily,Reyes,XXXXXXXXX,XXXXXXXXX,1,1496
14725,Ulla,Soto,XXXXXXXXX,XXXXXXXXX,1,15173
14726,Amity,Lopez,XXXXXXXXX,XXXXXXXXX,1,5391
14727,Brianna,Fitzpatrick,XXXXXXXXX,XXXXXXXXX,1,2404
14728,Nora,Reed,XXXXXXXXX,XXXXXXXXX,1,16009
14729,Holly,Gill,XXXXXXXXX,XXXXXXXXX,1,16312
14730,Ayanna,Baxter,XXXXXXXXX,XXXXXXXXX,1,4704
14731,Eden,Britt,XXXXXXXXX,XXXXXXXXX,1,12491
14732,Danielle,Ellis,XXXXXXXXX,XXXXXXXXX,1,14058
14733,Quon,Jones,XXXXXXXXX,XXXXXXXXX,3,14769
14734,Deborah,Rodgers,XXXXXXXXX,XXXXXXXXX,3,12289
14735,Hedda,Blackwell,XXXXXXXXX,XXXXXXXXX,3,8613
14736,Athena,Bryant,XXXXXXXXX,XXXXXXXXX,2,58
14737,Kelsie,Bates,XXXXXXXXX,XXXXXXXXX,1,5714
14738,Lee,Dickerson,XXXXXXXXX,XXXXXXXXX,1,3629
14739,Jenette,Valencia,XXXXXXXXX,XXXXXXXXX,1,13576
14740,Mollie,Spears,XXXXXXXXX,XXXXXXXXX,3,7435
14741,Gretchen,Orr,XXXXXXXXX,XXXXXXXXX,1,11354
14742,Marah,Huffman,XXXXXXXXX,XXXXXXXXX,3,14101
14743,Karyn,Pace,XXXXXXXXX,XXXXXXXXX,1,2577
14744,Germaine,Horn,XXXXXXXXX,XXXXXXXXX,1,5042
14745,Cathleen,Jensen,XXXXXXXXX,XXXXXXXXX,2,7327
14746,Frances,Anderson,XXXXXXXXX,XXXXXXXXX,3,9957
14747,Aphrodite,Castaneda,XXXXXXXXX,XXXXXXXXX,2,4629
14748,Carissa,Riggs,XXXXXXXXX,XXXXXXXXX,3,14503
14749,Melissa,Tanner,XXXXXXXXX,XXXXXXXXX,1,8382
14750,Kaitlin,Guerra,XXXXXXXXX,XXXXXXXXX,1,16076
14751,Hyacinth,Bolton,XXXXXXXXX,XXXXXXXXX,1,12643
14752,Maggie,Bass,XXXXXXXXX,XXXXXXXXX,2,10169
14753,Roanna,Adkins,XXXXXXXXX,XXXXXXXXX,2,3499
14754,Jacqueline,Knox,XXXXXXXXX,XXXXXXXXX,1,4007
14755,Minerva,Gregory,XXXXXXXXX,XXXXXXXXX,1,4699
14756,Jayme,Long,XXXXXXXXX,XXXXXXXXX,1,3341
14757,Naomi,Saunders,XXXXXXXXX,XXXXXXXXX,1,1690
14758,Shelley,Navarro,XXXXXXXXX,XXXXXXXXX,1,3907
14759,Lee,Mcdaniel,XXXXXXXXX,XXXXXXXXX,1,3534
14760,Chava,Kidd,XXXXXXXXX,XXXXXXXXX,1,15226
14761,Stacey,Huffman,XXXXXXXXX,XXXXXXXXX,1,6801
14762,Cally,Robbins,XXXXXXXXX,XXXXXXXXX,1,13136
14763,Cherokee,Bonner,XXXXXXXXX,XXXXXXXXX,1,15653
14764,Katelyn,Malone,XXXXXXXXX,XXXXXXXXX,1,6874
14765,Nell,Simpson,XXXXXXXXX,XXXXXXXXX,1,11661
14766,Fiona,Bass,XXXXXXXXX,XXXXXXXXX,1,15685
14767,Alisa,Ferguson,XXXXXXXXX,XXXXXXXXX,1,12810
14768,Donna,Ramirez,XXXXXXXXX,XXXXXXXXX,1,12679
14769,Desirae,Massey,XXXXXXXXX,XXXXXXXXX,2,1146
14770,Kelsie,Tate,XXXXXXXXX,XXXXXXXXX,1,6208
14771,Mona,Jarvis,XXXXXXXXX,XXXXXXXXX,3,10533
14772,Remedios,Banks,XXXXXXXXX,XXXXXXXXX,3,8267
14773,Calista,Fuentes,XXXXXXXXX,XXXXXXXXX,2,3603
14774,Irma,Allen,XXXXXXXXX,XXXXXXXXX,2,3179
14775,Katell,Terry,XXXXXXXXX,XXXXXXXXX,2,5565
14776,Kitra,Lang,XXXXXXXXX,XXXXXXXXX,2,8687
14777,Katell,Arnold,XXXXXXXXX,XXXXXXXXX,1,14235
14778,Chelsea,Spencer,XXXXXXXXX,XXXXXXXXX,1,1166
14779,Madeline,Griffin,XXXXXXXXX,XXXXXXXXX,2,8934
14780,Bertha,Jacobs,XXXXXXXXX,XXXXXXXXX,1,563
14781,Patience,Terry,XXXXXXXXX,XXXXXXXXX,2,147
14782,Darryl,Henry,XXXXXXXXX,XXXXXXXXX,2,5725
14783,Carolyn,Chapman,XXXXXXXXX,XXXXXXXXX,2,7630
14784,Montana,Nguyen,XXXXXXXXX,XXXXXXXXX,2,16440
14785,Hedwig,Nieves,XXXXXXXXX,XXXXXXXXX,2,8258
14786,Chava,Montgomery,XXXXXXXXX,XXXXXXXXX,2,10993
14787,Eve,Wooten,XXXXXXXXX,XXXXXXXXX,2,13307
14788,Gloria,Wiley,XXXXXXXXX,XXXXXXXXX,2,2670
14789,Mariko,Juarez,XXXXXXXXX,XXXXXXXXX,2,6638
14790,Evelyn,Merritt,XXXXXXXXX,XXXXXXXXX,1,15661
14791,Brenna,Salinas,XXXXXXXXX,XXXXXXXXX,1,1782
14792,Cassandra,Lynn,XXXXXXXXX,XXXXXXXXX,1,3624
14793,Belle,Aguilar,XXXXXXXXX,XXXXXXXXX,1,15018
14794,Inga,Zamora,XXXXXXXXX,XXXXXXXXX,2,6824
14795,Angelica,Freeman,XXXXXXXXX,XXXXXXXXX,2,14924
14796,Dominique,Richard,XXXXXXXXX,XXXXXXXXX,2,3021
14797,Virginia,Schmidt,XXXXXXXXX,XXXXXXXXX,3,3312
14798,Zoe,Jimenez,XXXXXXXXX,XXXXXXXXX,2,11376
14799,Blythe,Brown,XXXXXXXXX,XXXXXXXXX,1,8823
14800,Chantale,Spencer,XXXXXXXXX,XXXXXXXXX,2,14824
14801,Cheryl,Joseph,XXXXXXXXX,XXXXXXXXX,2,12902
14802,Raya,Bass,XXXXXXXXX,XXXXXXXXX,2,1227
14803,Mechelle,Sloan,XXXXXXXXX,XXXXXXXXX,1,1522
14804,Petra,Callahan,XXXXXXXXX,XXXXXXXXX,1,15618
14805,Josephine,Lyons,XXXXXXXXX,XXXXXXXXX,1,3226
14806,Ila,Cabrera,XXXXXXXXX,XXXXXXXXX,1,819
14807,Felicia,Guerrero,XXXXXXXXX,XXXXXXXXX,1,14751
14808,Quin,Potts,XXXXXXXXX,XXXXXXXXX,1,2960
14809,Meredith,Compton,XXXXXXXXX,XXXXXXXXX,1,5469
14810,Abra,Mullen,XXXXXXXXX,XXXXXXXXX,1,8530
14811,Cherokee,Martinez,XXXXXXXXX,XXXXXXXXX,1,9355
14812,Ignacia,Osborn,XXXXXXXXX,XXXXXXXXX,1,10657
14813,Melanie,Jarvis,XXXXXXXXX,XXXXXXXXX,1,6702
14814,Zia,Miranda,XXXXXXXXX,XXXXXXXXX,2,519
14815,Yvette,Hyde,XXXXXXXXX,XXXXXXXXX,2,14179
14816,Deanna,Kinney,XXXXXXXXX,XXXXXXXXX,2,2838
14817,Blythe,Vazquez,XXXXXXXXX,XXXXXXXXX,2,4781
14818,Ivory,Church,XXXXXXXXX,XXXXXXXXX,3,12513
14819,Melyssa,Cotton,XXXXXXXXX,XXXXXXXXX,2,10329
14820,Kim,Alexander,XXXXXXXXX,XXXXXXXXX,1,483
14821,Pascale,Randolph,XXXXXXXXX,XXXXXXXXX,3,831
14822,Orli,Bullock,XXXXXXXXX,XXXXXXXXX,3,1201
14823,Wynter,Mccullough,XXXXXXXXX,XXXXXXXXX,1,2073
14824,Jaime,Todd,XXXXXXXXX,XXXXXXXXX,1,749
14825,Karina,Barber,XXXXXXXXX,XXXXXXXXX,1,11103
14826,Isabella,Clemons,XXXXXXXXX,XXXXXXXXX,1,1217
14827,Xerxes,Gilbert,XXXXXXXXX,XXXXXXXXX,1,7958
14828,Nita,Webb,XXXXXXXXX,XXXXXXXXX,1,447
14829,Anika,Adkins,XXXXXXXXX,XXXXXXXXX,1,14311
14830,Remedios,Barrett,XXXXXXXXX,XXXXXXXXX,2,13929
14831,Ori,Kirkland,XXXXXXXXX,XXXXXXXXX,1,16245
14832,Iona,Morales,XXXXXXXXX,XXXXXXXXX,1,11042
14833,Signe,Frye,XXXXXXXXX,XXXXXXXXX,3,11516
14834,Danielle,Frank,XXXXXXXXX,XXXXXXXXX,1,4248
14835,Madonna,Kline,XXXXXXXXX,XXXXXXXXX,1,7415
14836,Karly,Moon,XXXXXXXXX,XXXXXXXXX,1,15009
14837,Liberty,Lester,XXXXXXXXX,XXXXXXXXX,1,12823
14838,Deirdre,Gilliam,XXXXXXXXX,XXXXXXXXX,1,10780
14839,Darrel,Hunt,XXXXXXXXX,XXXXXXXXX,1,10970
14840,Geraldine,Faulkner,XXXXXXXXX,XXXXXXXXX,1,14837
14841,Morgan,Conner,XXXXXXXXX,XXXXXXXXX,2,5796
14842,Linda,Chandler,XXXXXXXXX,XXXXXXXXX,2,4691
14843,Xerxes,Clarke,XXXXXXXXX,XXXXXXXXX,2,257
14844,Ainsley,Sweeney,XXXXXXXXX,XXXXXXXXX,3,10337
14845,Faith,Duran,XXXXXXXXX,XXXXXXXXX,3,711
14846,Jolene,Kelley,XXXXXXXXX,XXXXXXXXX,3,15022
14847,Gail,Flowers,XXXXXXXXX,XXXXXXXXX,2,3266
14848,Karina,Harper,XXXXXXXXX,XXXXXXXXX,1,6130
14849,Sydney,Poole,XXXXXXXXX,XXXXXXXXX,1,4700
14850,Shelley,Cooley,XXXXXXXXX,XXXXXXXXX,1,12948
14851,Kathleen,Ayers,XXXXXXXXX,XXXXXXXXX,1,4503
14852,Alfreda,Mathis,XXXXXXXXX,XXXXXXXXX,2,8804
14853,Noel,Ballard,XXXXXXXXX,XXXXXXXXX,1,4680
14854,Aimee,Ross,XXXXXXXXX,XXXXXXXXX,1,15945
14855,Hollee,Hendricks,XXXXXXXXX,XXXXXXXXX,2,5123
14856,Charity,Fry,XXXXXXXXX,XXXXXXXXX,1,5220
14857,Imani,Hall,XXXXXXXXX,XXXXXXXXX,1,15992
14858,Caryn,Prince,XXXXXXXXX,XXXXXXXXX,1,1623
14859,Ainsley,Yates,XXXXXXXXX,XXXXXXXXX,2,14796
14860,Astra,Aguirre,XXXXXXXXX,XXXXXXXXX,2,4210
14861,Echo,Sullivan,XXXXXXXXX,XXXXXXXXX,2,11982
14862,Stella,Kelly,XXXXXXXXX,XXXXXXXXX,2,202
14863,Nichole,Cardenas,XXXXXXXXX,XXXXXXXXX,2,6721
14864,Desiree,Vang,XXXXXXXXX,XXXXXXXXX,2,11359
14865,Ginger,Mathis,XXXXXXXXX,XXXXXXXXX,1,7113
14866,Jaden,Albert,XXXXXXXXX,XXXXXXXXX,1,7445
14867,Harriet,Joseph,XXXXXXXXX,XXXXXXXXX,1,12531
14868,Sloane,Heath,XXXXXXXXX,XXXXXXXXX,1,15438
14869,Fallon,Mcmillan,XXXXXXXXX,XXXXXXXXX,1,2804
14870,Farley,,XXXXXXXXX,XXXXXXXXX,1,2848
14871,Martha,Chase,XXXXXXXXX,XXXXXXXXX,1,11016
14872,Maggie,Strickland,XXXXXXXXX,XXXXXXXXX,2,13569
14873,Hillary,Dennis,XXXXXXXXX,XXXXXXXXX,2,10138
14874,Oprah,Burnett,XXXXXXXXX,XXXXXXXXX,2,454
14875,Denise,Luna,XXXXXXXXX,XXXXXXXXX,2,11431
14876,Anastasia,Moss,XXXXXXXXX,XXXXXXXXX,2,3157
14877,Ocean,Holman,XXXXXXXXX,XXXXXXXXX,3,14244
14878,Lydia,Carver,XXXXXXXXX,XXXXXXXXX,3,16509
14879,Lois,Daniel,XXXXXXXXX,XXXXXXXXX,2,13794
14880,Idona,Humphrey,XXXXXXXXX,XXXXXXXXX,1,16148
14881,Victoria,Rodriquez,XXXXXXXXX,XXXXXXXXX,1,15266
14882,Shay,Nixon,XXXXXXXXX,XXXXXXXXX,1,13162
14883,Beatrice,Fischer,XXXXXXXXX,XXXXXXXXX,1,2919
14884,Sydnee,Freeman,XXXXXXXXX,XXXXXXXXX,1,12819
14885,Tatiana,Oneill,XXXXXXXXX,XXXXXXXXX,1,10944
14886,Barbara,Hamilton,XXXXXXXXX,XXXXXXXXX,1,5630
14887,Brianna,Mccray,XXXXXXXXX,XXXXXXXXX,1,2653
14888,Abra,Mcdonald,XXXXXXXXX,XXXXXXXXX,1,4822
14889,Rowan,Buck,XXXXXXXXX,XXXXXXXXX,3,6209
14890,Florence,Roberson,XXXXXXXXX,XXXXXXXXX,1,3889
14891,Cara,Olsen,XXXXXXXXX,XXXXXXXXX,1,2174
14892,Bree,Hale,XXXXXXXXX,XXXXXXXXX,1,13465
14893,May,Monroe,XXXXXXXXX,XXXXXXXXX,3,16269
14894,Blythe,Osborne,XXXXXXXXX,XXXXXXXXX,1,1180
14895,Idola,Ellison,XXXXXXXXX,XXXXXXXXX,1,11615
14896,Medge,Brewer,XXXXXXXXX,XXXXXXXXX,1,11789
14897,Lois,Peterson,XXXXXXXXX,XXXXXXXXX,1,11072
14898,September,Hutchinson,XXXXXXXXX,XXXXXXXXX,1,13639
14899,Lacey,Fuller,XXXXXXXXX,XXXXXXXXX,3,12714
14900,Bertha,Velazquez,XXXXXXXXX,XXXXXXXXX,3,10380
14901,Kay,Mack,XXXXXXXXX,XXXXXXXXX,3,4914
14902,Remedios,Kirkland,XXXXXXXXX,XXXXXXXXX,1,11592
14903,Melyssa,Dunlap,XXXXXXXXX,XXXXXXXXX,1,3212
14904,Adena,Weber,XXXXXXXXX,XXXXXXXXX,1,10694
14905,Christine,Mooney,XXXXXXXXX,XXXXXXXXX,3,11950
14906,Amela,Lane,XXXXXXXXX,XXXXXXXXX,3,7966
14907,Xerxes,Villarreal,XXXXXXXXX,XXXXXXXXX,2,11790
14908,Nola,Nelson,XXXXXXXXX,XXXXXXXXX,2,13969
14909,Contreras,,XXXXXXXXX,XXXXXXXXX,2,2587
14910,Quemby,Cole,XXXXXXXXX,XXXXXXXXX,2,12490
14911,Whitney,Jones,XXXXXXXXX,XXXXXXXXX,1,2515
14912,Diana,Lawson,XXXXXXXXX,XXXXXXXXX,1,15342
14913,Daryl,Thornton,XXXXXXXXX,XXXXXXXXX,1,7013
14914,Farrah,Baldwin,XXXXXXXXX,XXXXXXXXX,1,13750
14915,Octavia,French,XXXXXXXXX,XXXXXXXXX,1,14952
14916,Dorothy,Reynolds,XXXXXXXXX,XXXXXXXXX,1,9759
14917,Quincy,Reed,XXXXXXXXX,XXXXXXXXX,1,2660
14918,Alyssa,Brewer,XXXXXXXXX,XXXXXXXXX,1,12006
14919,Iris,Douglas,XXXXXXXXX,XXXXXXXXX,1,11053
14920,Kim,Rivers,XXXXXXXXX,XXXXXXXXX,3,13295
14921,Marny,Duke,XXXXXXXXX,XXXXXXXXX,1,6012
14922,Sheila,Walters,XXXXXXXXX,XXXXXXXXX,1,6221
14923,Leilani,Bishop,XXXXXXXXX,XXXXXXXXX,1,751
14924,Oprah,Olson,XXXXXXXXX,XXXXXXXXX,3,12052
14925,Shea,Buck,XXXXXXXXX,XXXXXXXXX,1,11363
14926,Ina,Pope,XXXXXXXXX,XXXXXXXXX,1,7601
14927,Hope,Weiss,XXXXXXXXX,XXXXXXXXX,1,4507
14928,Tamara,Kane,XXXXXXXXX,XXXXXXXXX,2,7257
14929,Lara,Frye,XXXXXXXXX,XXXXXXXXX,2,15564
14930,Pascale,Gould,XXXXXXXXX,XXXXXXXXX,2,12045
14931,Tamara,Schultz,XXXXXXXXX,XXXXXXXXX,3,10548
14932,Lesley,Wynn,XXXXXXXXX,XXXXXXXXX,3,12941
14933,Kessie,Fischer,XXXXXXXXX,XXXXXXXXX,3,5757
14934,Kaitlin,Jackson,XXXXXXXXX,XXXXXXXXX,3,13704
14935,Ivy,Gomez,XXXXXXXXX,XXXXXXXXX,1,16046
14936,Moana,Richmond,XXXXXXXXX,XXXXXXXXX,1,6036
14937,Ivy,Guerrero,XXXXXXXXX,XXXXXXXXX,1,15803
14938,Rachel,Cherry,XXXXXXXXX,XXXXXXXXX,1,12143
14939,Rowan,Mckee,XXXXXXXXX,XXXXXXXXX,1,4000
14940,Britanney,Jefferson,XXXXXXXXX,XXXXXXXXX,1,1063
14941,Cheryl,Bird,XXXXXXXXX,XXXXXXXXX,1,1853
14942,Destiny,Cooke,XXXXXXXXX,XXXXXXXXX,1,13319
14943,Rebecca,Pennington,XXXXXXXXX,XXXXXXXXX,1,555
14944,Emi,Shields,XXXXXXXXX,XXXXXXXXX,1,8689
14945,Odette,Rutledge,XXXXXXXXX,XXXXXXXXX,3,607
14946,Chloe,Delgado,XXXXXXXXX,XXXXXXXXX,2,13734
14947,Linda,Campbell,XXXXXXXXX,XXXXXXXXX,2,470
14948,Hadley,Gross,XXXXXXXXX,XXXXXXXXX,1,13933
14949,Buffy,Graves,XXXXXXXXX,XXXXXXXXX,1,2392
14950,Amity,Ramirez,XXXXXXXXX,XXXXXXXXX,1,8600
14951,Madonna,Solomon,XXXXXXXXX,XXXXXXXXX,1,8364
14952,Evangeline,Best,XXXXXXXXX,XXXXXXXXX,1,8866
14953,Gloria,Clements,XXXXXXXXX,XXXXXXXXX,1,7887
14954,Leigh,Trevino,XXXXXXXXX,XXXXXXXXX,1,13321
14955,Glenna,Bird,XXXXXXXXX,XXXXXXXXX,1,5093
14956,Claudia,Houston,XXXXXXXXX,XXXXXXXXX,1,4510
14957,Amanda,Osborn,XXXXXXXXX,XXXXXXXXX,1,627
14958,Kim,Marshall,XXXXXXXXX,XXXXXXXXX,2,256
14959,Reagan,Raymond,XXXXXXXXX,XXXXXXXXX,1,11981
14960,Bethany,Townsend,XXXXXXXXX,XXXXXXXXX,2,7923
14961,Dorothy,Kennedy,XXXXXXXXX,XXXXXXXXX,2,6729
14962,Ocean,Cervantes,XXXXXXXXX,XXXXXXXXX,2,16320
14963,Alexis,Head,XXXXXXXXX,XXXXXXXXX,1,373
14964,Shelley,Paul,XXXXXXXXX,XXXXXXXXX,1,5291
14965,Leslie,Benton,XXXXXXXXX,XXXXXXXXX,1,14085
14966,Quail,Mullins,XXXXXXXXX,XXXXXXXXX,1,2407
14967,Zenaida,Hopkins,XXXXXXXXX,XXXXXXXXX,2,6553
14968,Willow,Cameron,XXXXXXXXX,XXXXXXXXX,2,6775
14969,Hedwig,Summers,XXXXXXXXX,XXXXXXXXX,2,10895
14970,Clio,Leon,XXXXXXXXX,XXXXXXXXX,1,5079
14971,Ria,Maynard,XXXXXXXXX,XXXXXXXXX,1,5235
14972,Evangeline,Sanders,XXXXXXXXX,XXXXXXXXX,2,2186
14973,Hope,Ballard,XXXXXXXXX,XXXXXXXXX,1,6486
14974,Isabella,Montoya,XXXXXXXXX,XXXXXXXXX,1,6600
14975,Indigo,Cotton,XXXXXXXXX,XXXXXXXXX,1,7133
14976,Rhiannon,Montgomery,XXXXXXXXX,XXXXXXXXX,1,7662
14977,Mara,Holder,XXXXXXXXX,XXXXXXXXX,1,4114
14978,Destiny,Wagner,XXXXXXXXX,XXXXXXXXX,3,4372
14979,Juliet,Rivera,XXXXXXXXX,XXXXXXXXX,1,11913
14980,Katell,Chapman,XXXXXXXXX,XXXXXXXXX,1,3458
14981,Clio,Gonzalez,XXXXXXXXX,XXXXXXXXX,1,1310
14982,Ayanna,Lawson,XXXXXXXXX,XXXXXXXXX,1,6867
14983,Ramona,Mercado,XXXXXXXXX,XXXXXXXXX,1,11906
14984,Chelsea,Rasmussen,XXXXXXXXX,XXXXXXXXX,1,15433
14985,Quyn,Baxter,XXXXXXXXX,XXXXXXXXX,1,11420
14986,Ila,Salas,XXXXXXXXX,XXXXXXXXX,1,13961
14987,Mari,Blackburn,XXXXXXXXX,XXXXXXXXX,2,15740
14988,Rylee,Crawford,XXXXXXXXX,XXXXXXXXX,3,3409
14989,Neve,Crosby,XXXXXXXXX,XXXXXXXXX,2,6957
14990,Rowan,James,XXXXXXXXX,XXXXXXXXX,2,15804
14991,Rhoda,Hays,XXXXXXXXX,XXXXXXXXX,2,54
14992,Chantale,Ashley,XXXXXXXXX,XXXXXXXXX,2,1595
14993,Skyler,Odom,XXXXXXXXX,XXXXXXXXX,1,13890
14994,Brynn,Maynard,XXXXXXXXX,XXXXXXXXX,2,5753
14995,Faith,Daniel,XXXXXXXXX,XXXXXXXXX,1,5056
14996,Quintessa,Harrison,XXXXXXXXX,XXXXXXXXX,1,10003
14997,Naida,Foley,XXXXXXXXX,XXXXXXXXX,1,6560
14998,Violet,Delacruz,XXXXXXXXX,XXXXXXXXX,1,13305
14999,Blair,Olsen,XXXXXXXXX,XXXXXXXXX,1,6848
15000,Wynne,Stevens,XXXXXXXXX,XXXXXXXXX,1,9491
15001,Lucy,Terrell,XXXXXXXXX,XXXXXXXXX,1,3430
15002,Ainsley,Flowers,XXXXXXXXX,XXXXXXXXX,1,6063
15003,Dacey,Hendricks,XXXXXXXXX,XXXXXXXXX,1,16444
15004,Delilah,Tate,XXXXXXXXX,XXXXXXXXX,1,4544
15005,Shellie,Maldonado,XXXXXXXXX,XXXXXXXXX,1,6490
15006,Myra,Luna,XXXXXXXXX,XXXXXXXXX,2,8880
15007,Audra,Lawrence,XXXXXXXXX,XXXXXXXXX,1,12162
15008,Hiroko,Pruitt,XXXXXXXXX,XXXXXXXXX,1,9311
15009,Frances,Spencer,XXXXXXXXX,XXXXXXXXX,2,7370
15010,Hanna,Bush,XXXXXXXXX,XXXXXXXXX,1,9415
15011,Petra,Spence,XXXXXXXXX,XXXXXXXXX,1,7505
15012,Camilla,King,XXXXXXXXX,XXXXXXXXX,3,1445
15013,Jescie,Cochran,XXXXXXXXX,XXXXXXXXX,3,11392
15014,Melyssa,Webster,XXXXXXXXX,XXXXXXXXX,2,4282
15015,Grace,Terrell,XXXXXXXXX,XXXXXXXXX,2,5198
15016,Kevyn,Ayala,XXXXXXXXX,XXXXXXXXX,2,8541
15017,Shelby,Wilkerson,XXXXXXXXX,XXXXXXXXX,3,9203
15018,Sara,Clarke,XXXXXXXXX,XXXXXXXXX,1,6108
15019,Chanda,Cabrera,XXXXXXXXX,XXXXXXXXX,1,1572
15020,Ocean,Spence,XXXXXXXXX,XXXXXXXXX,1,6385
15021,Eleanor,Horn,XXXXXXXXX,XXXXXXXXX,3,12752
15022,Xaviera,Chase,XXXXXXXXX,XXXXXXXXX,3,778
15023,Abigail,Nielsen,XXXXXXXXX,XXXXXXXXX,1,7512
15024,Charde,Ewing,XXXXXXXXX,XXXXXXXXX,1,938
15025,Nyssa,Benson,XXXXXXXXX,XXXXXXXXX,1,15163
15026,Piper,Ashley,XXXXXXXXX,XXXXXXXXX,1,8199
15027,Fredericka,Gray,XXXXXXXXX,XXXXXXXXX,1,11083
15028,Rhoda,Hogan,XXXXXXXXX,XXXXXXXXX,3,1041
15029,Taylor,Gonzales,XXXXXXXXX,XXXXXXXXX,1,3997
15030,Nicole,Zamora,XXXXXXXXX,XXXXXXXXX,1,6468
15031,Darryl,Tucker,XXXXXXXXX,XXXXXXXXX,2,10732
15032,Madeson,Vega,XXXXXXXXX,XXXXXXXXX,1,13755
15033,Quin,Rodriquez,XXXXXXXXX,XXXXXXXXX,1,3488
15034,Dominique,Nash,XXXXXXXXX,XXXXXXXXX,1,12475
15035,Sloane,Schroeder,XXXXXXXXX,XXXXXXXXX,1,8815
15036,Mariam,Valdez,XXXXXXXXX,XXXXXXXXX,1,15404
15037,Cleo,Schneider,XXXXXXXXX,XXXXXXXXX,1,13009
15038,Alfreda,Roberson,XXXXXXXXX,XXXXXXXXX,1,2755
15039,Irma,Barnett,XXXXXXXXX,XXXXXXXXX,1,15873
15040,Sacha,Russo,XXXXXXXXX,XXXXXXXXX,2,7651
15041,Iris,Faulkner,XXXXXXXXX,XXXXXXXXX,2,7475
15042,Dorothy,Bennett,XXXXXXXXX,XXXXXXXXX,1,3112
15043,Yuri,Shannon,XXXXXXXXX,XXXXXXXXX,1,7482
15044,Selma,Mayo,XXXXXXXXX,XXXXXXXXX,1,6753
15045,Miranda,Combs,XXXXXXXXX,XXXXXXXXX,1,1867
15046,Jaquelyn,Taylor,XXXXXXXXX,XXXXXXXXX,1,3963
15047,Dora,Wilkerson,XXXXXXXXX,XXXXXXXXX,3,14558
15048,Kaye,Barber,XXXXXXXXX,XXXXXXXXX,2,7053
15049,Jael,Cantu,XXXXXXXXX,XXXXXXXXX,3,534
15050,Eden,Mcdowell,XXXXXXXXX,XXXXXXXXX,1,14458
15051,Diana,Jenkins,XXXXXXXXX,XXXXXXXXX,3,14884
15052,Lee,Farley,XXXXXXXXX,XXXXXXXXX,3,6335
15053,Rhoda,Vaughn,XXXXXXXXX,XXXXXXXXX,3,7521
15054,Kitra,Watson,XXXXXXXXX,XXXXXXXXX,3,5833
15055,Eve,Wise,XXXXXXXXX,XXXXXXXXX,3,9792
15056,Kimberley,Eaton,XXXXXXXXX,XXXXXXXXX,2,10794
15057,Gloria,Weiss,XXXXXXXXX,XXXXXXXXX,3,15605
15058,Stella,Bowers,XXXXXXXXX,XXXXXXXXX,3,466
15059,Mariam,Goodwin,XXXXXXXXX,XXXXXXXXX,2,13470
15060,Mia,Shields,XXXXXXXXX,XXXXXXXXX,2,5769
15061,Imani,Benton,XXXXXXXXX,XXXXXXXXX,2,4955
15062,Sara,Pate,XXXXXXXXX,XXXXXXXXX,3,7119
15063,Kyra,Parrish,XXXXXXXXX,XXXXXXXXX,3,1824
15064,Ruth,Christian,XXXXXXXXX,XXXXXXXXX,3,10137
15065,Susan,Oconnor,XXXXXXXXX,XXXXXXXXX,3,12067
15066,Cami,Sears,XXXXXXXXX,XXXXXXXXX,1,16380
15067,Sheila,Christensen,XXXXXXXXX,XXXXXXXXX,2,5903
15068,Miranda,Cantu,XXXXXXXXX,XXXXXXXXX,1,8113
15069,Latifah,Frost,XXXXXXXXX,XXXXXXXXX,1,6404
15070,India,Vasquez,XXXXXXXXX,XXXXXXXXX,1,5849
15071,Renee,Suarez,XXXXXXXXX,XXXXXXXXX,2,12189
15072,Carolyn,Michael,XXXXXXXXX,XXXXXXXXX,1,269
15073,Natalie,Mccarthy,XXXXXXXXX,XXXXXXXXX,2,8690
15074,Florence,Faulkner,XXXXXXXXX,XXXXXXXXX,2,11700
15075,Faith,Mcguire,XXXXXXXXX,XXXXXXXXX,2,1126
15076,Melodie,Levine,XXXXXXXXX,XXXXXXXXX,3,4886
15077,Reagan,Dotson,XXXXXXXXX,XXXXXXXXX,3,10133
15078,Amity,Whitley,XXXXXXXXX,XXXXXXXXX,1,1553
15079,Ila,Farmer,XXXXXXXXX,XXXXXXXXX,1,10457
15080,Ann,Emerson,XXXXXXXXX,XXXXXXXXX,2,10501
15081,Meghan,Johnson,XXXXXXXXX,XXXXXXXXX,2,5716
15082,Callie,Hill,XXXXXXXXX,XXXXXXXXX,1,12404
15083,Veronica,Ellison,XXXXXXXXX,XXXXXXXXX,1,495
15084,Zelda,Bradley,XXXXXXXXX,XXXXXXXXX,1,8134
15085,Dakota,Conrad,XXXXXXXXX,XXXXXXXXX,1,15810
15086,Nadine,Moses,XXXXXXXXX,XXXXXXXXX,1,12262
15087,Yolanda,Solis,XXXXXXXXX,XXXXXXXXX,1,16429
15088,Fatima,Poole,XXXXXXXXX,XXXXXXXXX,2,13494
15089,Gemma,Pruitt,XXXXXXXXX,XXXXXXXXX,2,12277
15090,Callie,Mckinney,XXXXXXXXX,XXXXXXXXX,2,8287
15091,Aphrodite,Pope,XXXXXXXXX,XXXXXXXXX,2,1136
15092,Nicole,Ayers,XXXXXXXXX,XXXXXXXXX,1,3477
15093,Fay,Cooley,XXXXXXXXX,XXXXXXXXX,1,4266
15094,Rosalyn,Hayden,XXXXXXXXX,XXXXXXXXX,1,3055
15095,Sylvia,Johnston,XXXXXXXXX,XXXXXXXXX,2,14435
15096,Sonia,Wooten,XXXXXXXXX,XXXXXXXXX,1,2175
15097,Venus,Randolph,XXXXXXXXX,XXXXXXXXX,1,5322
15098,Iola,Workman,XXXXXXXXX,XXXXXXXXX,1,14624
15099,Josephine,David,XXXXXXXXX,XXXXXXXXX,1,14521
15100,Regina,Wagner,XXXXXXXXX,XXXXXXXXX,2,7708
15101,Lesley,Shields,XXXXXXXXX,XXXXXXXXX,3,9036
15102,Lacey,Brooks,XXXXXXXXX,XXXXXXXXX,2,15221
15103,Christine,Gallagher,XXXXXXXXX,XXXXXXXXX,2,14575
15104,Zena,Pennington,XXXXXXXXX,XXXXXXXXX,2,3947
15105,Aphrodite,Hudson,XXXXXXXXX,XXXXXXXXX,2,14295
15106,Hillary,Walters,XXXXXXXXX,XXXXXXXXX,2,1306
15107,Nita,Oneill,XXXXXXXXX,XXXXXXXXX,2,8229
15108,Miriam,Ruiz,XXXXXXXXX,XXXXXXXXX,2,427
15109,Donna,Moran,XXXXXXXXX,XXXXXXXXX,1,14839
15110,Maggie,Cochran,XXXXXXXXX,XXXXXXXXX,1,16537
15111,Shellie,Mcmillan,XXXXXXXXX,XXXXXXXXX,1,8834
15112,Grace,Daniels,XXXXXXXXX,XXXXXXXXX,1,150
15113,Marcia,Brown,XXXXXXXXX,XXXXXXXXX,1,10170
15114,Cathleen,Wise,XXXXXXXXX,XXXXXXXXX,1,7029
15115,Idona,Brennan,XXXXXXXXX,XXXXXXXXX,1,12963
15116,Emma,Cherry,XXXXXXXXX,XXXXXXXXX,1,12456
15117,Chiquita,Mcgee,XXXXXXXXX,XXXXXXXXX,1,4648
15118,Nadine,Bray,XXXXXXXXX,XXXXXXXXX,2,8346
15119,Shelley,Howard,XXXXXXXXX,XXXXXXXXX,2,12614
15120,Iola,Farley,XXXXXXXXX,XXXXXXXXX,3,2113
15121,Sybill,Vance,XXXXXXXXX,XXXXXXXXX,3,535
15122,Alma,Deleon,XXXXXXXXX,XXXXXXXXX,1,13823
15123,Blair,Stanton,XXXXXXXXX,XXXXXXXXX,1,5337
15124,Briar,Marshall,XXXXXXXXX,XXXXXXXXX,1,9063
15125,Tara,Webster,XXXXXXXXX,XXXXXXXXX,1,12574
15126,Carol,Daugherty,XXXXXXXXX,XXXXXXXXX,1,6798
15127,Lacy,Stafford,XXXXXXXXX,XXXXXXXXX,1,16426
15128,Xena,Ramsey,XXXXXXXXX,XXXXXXXXX,2,11181
15129,Sonya,Velazquez,XXXXXXXXX,XXXXXXXXX,2,11287
15130,Blair,Rojas,XXXXXXXXX,XXXXXXXXX,1,8179
15131,Danielle,Flowers,XXXXXXXXX,XXXXXXXXX,1,11880
15132,Gisela,Gray,XXXXXXXXX,XXXXXXXXX,2,342
15133,Lilah,Schneider,XXXXXXXXX,XXXXXXXXX,3,13996
15134,Shelby,Bond,XXXXXXXXX,XXXXXXXXX,1,5705
15135,Rose,Petty,XXXXXXXXX,XXXXXXXXX,1,9175
15136,Alexis,Downs,XXXXXXXXX,XXXXXXXXX,1,5378
15137,Stacy,Mercer,XXXXXXXXX,XXXXXXXXX,1,2428
15138,Kevyn,Weber,XXXXXXXXX,XXXXXXXXX,2,10309
15139,Kirby,Francis,XXXXXXXXX,XXXXXXXXX,3,14302
15140,Veronica,Castro,XXXXXXXXX,XXXXXXXXX,1,16249
15141,Amanda,Poole,XXXXXXXXX,XXXXXXXXX,2,14183
15142,Lareina,Kline,XXXXXXXXX,XXXXXXXXX,3,4875
15143,Teegan,Beach,XXXXXXXXX,XXXXXXXXX,1,14750
15144,Moana,Hayes,XXXXXXXXX,XXXXXXXXX,3,169
15145,Moana,Lara,XXXXXXXXX,XXXXXXXXX,2,6667
15146,Shana,Elliott,XXXXXXXXX,XXXXXXXXX,2,3220
15147,Carly,Hines,XXXXXXXXX,XXXXXXXXX,2,3183
15148,Camille,Powers,XXXXXXXXX,XXXXXXXXX,2,636
15149,Stella,Cline,XXXXXXXXX,XXXXXXXXX,1,5210
15150,Hedwig,Roman,XXXXXXXXX,XXXXXXXXX,1,8930
15151,Fatima,Knowles,XXXXXXXXX,XXXXXXXXX,2,8282
15152,Felicia,Livingston,XXXXXXXXX,XXXXXXXXX,1,513
15153,Robin,Schultz,XXXXXXXXX,XXXXXXXXX,1,3998
15154,Mari,Clemons,XXXXXXXXX,XXXXXXXXX,1,12974
15155,Ruth,Flowers,XXXXXXXXX,XXXXXXXXX,2,5347
15156,Martha,Baxter,XXXXXXXXX,XXXXXXXXX,3,5607
15157,Mona,Ruiz,XXXXXXXXX,XXXXXXXXX,3,420
15158,Ciara,Terry,XXXXXXXXX,XXXXXXXXX,1,5292
15159,Hanna,Conrad,XXXXXXXXX,XXXXXXXXX,1,11510
15160,Cora,Lamb,XXXXXXXXX,XXXXXXXXX,2,2643
15161,Kimberly,Roy,XXXXXXXXX,XXXXXXXXX,1,13898
15162,Cassandra,Bradley,XXXXXXXXX,XXXXXXXXX,1,2313
15163,Cheyenne,Bray,XXXXXXXXX,XXXXXXXXX,1,413
15164,Victoria,Herring,XXXXXXXXX,XXXXXXXXX,3,2720
15165,Chastity,Reyes,XXXXXXXXX,XXXXXXXXX,3,8968
15166,Eleanor,Collins,XXXXXXXXX,XXXXXXXXX,3,1392
15167,McKenzie,Cox,XXXXXXXXX,XXXXXXXXX,1,9510
15168,September,Cantu,XXXXXXXXX,XXXXXXXXX,3,8027
15169,Alexis,Rogers,XXXXXXXXX,XXXXXXXXX,2,7408
15170,Kelsey,Reid,XXXXXXXXX,XXXXXXXXX,2,13619
15171,Lilah,Roberson,XXXXXXXXX,XXXXXXXXX,2,7569
15172,Sierra,Hawkins,XXXXXXXXX,XXXXXXXXX,2,3398
15173,Wendy,Leach,XXXXXXXXX,XXXXXXXXX,2,8339
15174,Uta,Mcpherson,XXXXXXXXX,XXXXXXXXX,1,14328
15175,Xerxes,Ryan,XXXXXXXXX,XXXXXXXXX,1,4890
15176,Zephr,Kim,XXXXXXXXX,XXXXXXXXX,1,7614
15177,Fiona,Humphrey,XXXXXXXXX,XXXXXXXXX,1,14586
15178,Darryl,Vinson,XXXXXXXXX,XXXXXXXXX,1,671
15179,Mariko,Vaughn,XXXXXXXXX,XXXXXXXXX,1,402
15180,Xandra,Lowe,XXXXXXXXX,XXXXXXXXX,1,5744
15181,Dorothy,Harper,XXXXXXXXX,XXXXXXXXX,1,15067
15182,Paloma,Garrett,XXXXXXXXX,XXXXXXXXX,1,9603
15183,Jenette,Casey,XXXXXXXXX,XXXXXXXXX,1,10984
15184,Dahlia,Benjamin,XXXXXXXXX,XXXXXXXXX,1,10475
15185,Alika,Dalton,XXXXXXXXX,XXXXXXXXX,1,6250
15186,Wynter,Noble,XXXXXXXXX,XXXXXXXXX,1,8270
15187,Azalia,Hayden,XXXXXXXXX,XXXXXXXXX,1,8935
15188,Patience,Navarro,XXXXXXXXX,XXXXXXXXX,1,3108
15189,Lydia,Reyes,XXXXXXXXX,XXXXXXXXX,1,15863
15190,Eden,Mckee,XXXXXXXXX,XXXXXXXXX,2,11898
15191,Hollee,Skinner,XXXXXXXXX,XXXXXXXXX,2,4420
15192,Kameko,Duffy,XXXXXXXXX,XXXXXXXXX,2,1163
15193,Petra,Ramsey,XXXXXXXXX,XXXXXXXXX,2,12535
15194,Amela,Powers,XXXXXXXXX,XXXXXXXXX,2,7699
15195,Daryl,Elliott,XXXXXXXXX,XXXXXXXXX,2,9619
15196,Hiroko,Crane,XXXXXXXXX,XXXXXXXXX,2,2933
15197,Carolyn,Pitts,XXXXXXXXX,XXXXXXXXX,1,11384
15198,Kylynn,Sparks,XXXXXXXXX,XXXXXXXXX,1,4443
15199,Joan,Garrison,XXXXXXXXX,XXXXXXXXX,1,1199
15200,Joelle,Wood,XXXXXXXXX,XXXXXXXXX,2,4727
15201,Demetria,Burton,XXXXXXXXX,XXXXXXXXX,2,4293
15202,Tatyana,Woodard,XXXXXXXXX,XXXXXXXXX,2,5186
15203,Yuri,Watkins,XXXXXXXXX,XXXXXXXXX,2,9442
15204,Veronica,Glenn,XXXXXXXXX,XXXXXXXXX,2,4919
15205,Madeline,Nguyen,XXXXXXXXX,XXXXXXXXX,3,2224
15206,Mallory,Mccormick,XXXXXXXXX,XXXXXXXXX,3,181
15207,Olivia,Downs,XXXXXXXXX,XXXXXXXXX,3,14906
15208,Hedy,Witt,XXXXXXXXX,XXXXXXXXX,3,15137
15209,Kylynn,Cote,XXXXXXXXX,XXXXXXXXX,3,2856
15210,Nell,Shepherd,XXXXXXXXX,XXXXXXXXX,3,13165
15211,Ila,Hopkins,XXXXXXXXX,XXXXXXXXX,2,14137
15212,Aphrodite,Bass,XXXXXXXXX,XXXXXXXXX,2,14686
15213,Renee,Chase,XXXXXXXXX,XXXXXXXXX,1,7007
15214,Daryl,Atkins,XXXXXXXXX,XXXXXXXXX,1,2456
15215,Moana,Lee,XXXXXXXXX,XXXXXXXXX,1,8154
15216,Sacha,Elliott,XXXXXXXXX,XXXXXXXXX,2,8163
15217,Calista,Prince,XXXXXXXXX,XXXXXXXXX,2,5793
15218,Sage,Banks,XXXXXXXXX,XXXXXXXXX,2,109
15219,Quynn,Knapp,XXXXXXXXX,XXXXXXXXX,2,9130
15220,Lani,Glover,XXXXXXXXX,XXXXXXXXX,2,5507
15221,Cassady,Wilson,XXXXXXXXX,XXXXXXXXX,3,9768
15222,Maris,Vazquez,XXXXXXXXX,XXXXXXXXX,1,8620
15223,Pascale,York,XXXXXXXXX,XXXXXXXXX,1,5591
15224,Jaden,Schwartz,XXXXXXXXX,XXXXXXXXX,3,2198
15225,Mira,Brady,XXXXXXXXX,XXXXXXXXX,2,8098
15226,Giselle,Stevens,XXXXXXXXX,XXXXXXXXX,1,4055
15227,Whoopi,Velez,XXXXXXXXX,XXXXXXXXX,1,11891
15228,Hillary,Harrison,XXXXXXXXX,XXXXXXXXX,1,6123
15229,Reagan,Chan,XXXXXXXXX,XXXXXXXXX,1,5866
15230,Shana,Leonard,XXXXXXXXX,XXXXXXXXX,3,5553
15231,Keiko,Compton,XXXXXXXXX,XXXXXXXXX,3,8701
15232,Christine,Frost,XXXXXXXXX,XXXXXXXXX,2,4411
15233,Amela,Compton,XXXXXXXXX,XXXXXXXXX,2,7114
15234,Sylvia,Hoover,XXXXXXXXX,XXXXXXXXX,2,8558
15235,Tatum,Weiss,XXXXXXXXX,XXXXXXXXX,2,10643
15236,Eliana,Adams,XXXXXXXXX,XXXXXXXXX,2,12168
15237,Penelope,Ball,XXXXXXXXX,XXXXXXXXX,2,15874
15238,Yvonne,Hudson,XXXXXXXXX,XXXXXXXXX,1,7655
15239,Skyler,Sullivan,XXXXXXXXX,XXXXXXXXX,2,9570
15240,Emma,Garrett,XXXXXXXXX,XXXXXXXXX,2,14535
15241,Sybil,Blankenship,XXXXXXXXX,XXXXXXXXX,1,10082
15242,Mechelle,Gardner,XXXXXXXXX,XXXXXXXXX,1,9749
15243,Sophia,Giles,XXXXXXXXX,XXXXXXXXX,1,5444
15244,Maxine,Norris,XXXXXXXXX,XXXXXXXXX,1,472
15245,Suki,Sandoval,XXXXXXXXX,XXXXXXXXX,2,1727
15246,Jeanette,Valdez,XXXXXXXXX,XXXXXXXXX,1,13326
15247,Cailin,Harmon,XXXXXXXXX,XXXXXXXXX,1,15285
15248,Cameron,Mcbride,XXXXXXXXX,XXXXXXXXX,1,3203
15249,Aileen,Holder,XXXXXXXXX,XXXXXXXXX,3,2956
15250,Whitney,Gallegos,XXXXXXXXX,XXXXXXXXX,1,16188
15251,Alea,Vasquez,XXXXXXXXX,XXXXXXXXX,2,9766
15252,Hedwig,Branch,XXXXXXXXX,XXXXXXXXX,2,6038
15253,Ocean,Kline,XXXXXXXXX,XXXXXXXXX,2,10391
15254,Xena,Lindsay,XXXXXXXXX,XXXXXXXXX,2,9677
15255,Rachel,Morgan,XXXXXXXXX,XXXXXXXXX,2,12874
15256,Janna,Walter,XXXXXXXXX,XXXXXXXXX,2,3798
15257,Carolyn,Robinson,XXXXXXXXX,XXXXXXXXX,2,4784
15258,Aspen,Boyer,XXXXXXXXX,XXXXXXXXX,2,12725
15259,Carla,Webster,XXXXXXXXX,XXXXXXXXX,2,4716
15260,Sara,Donaldson,XXXXXXXXX,XXXXXXXXX,2,1493
15261,Jayme,Pate,XXXXXXXXX,XXXXXXXXX,2,3827
15262,Isabella,Griffith,XXXXXXXXX,XXXXXXXXX,2,10592
15263,Zelda,Singleton,XXXXXXXXX,XXXXXXXXX,1,6328
15264,Charlotte,Parrish,XXXXXXXXX,XXXXXXXXX,1,4101
15265,Jaime,Hill,XXXXXXXXX,XXXXXXXXX,1,11349
15266,Raven,Rasmussen,XXXXXXXXX,XXXXXXXXX,1,15883
15267,Mariam,Fischer,XXXXXXXXX,XXXXXXXXX,2,5065
15268,Vivien,Becker,XXXXXXXXX,XXXXXXXXX,2,2744
15269,Maile,Lopez,XXXXXXXXX,XXXXXXXXX,2,6231
15270,Germaine,Sargent,XXXXXXXXX,XXXXXXXXX,2,4111
15271,Karyn,Suarez,XXXXXXXXX,XXXXXXXXX,1,2377
15272,Jane,Kramer,XXXXXXXXX,XXXXXXXXX,2,11814
15273,Hilary,Shaffer,XXXXXXXXX,XXXXXXXXX,1,10222
15274,Quyn,Briggs,XXXXXXXXX,XXXXXXXXX,1,9172
15275,Ayanna,Steele,XXXXXXXXX,XXXXXXXXX,2,13835
15276,Cheryl,Mendoza,XXXXXXXXX,XXXXXXXXX,2,12806
15277,Azalia,Solis,XXXXXXXXX,XXXXXXXXX,2,2043
15278,Marny,Bailey,XXXXXXXXX,XXXXXXXXX,3,4478
15279,Dawn,Meadows,XXXXXXXXX,XXXXXXXXX,3,12966
15280,Candice,Dunn,XXXXXXXXX,XXXXXXXXX,1,896
15281,Cara,Durham,XXXXXXXXX,XXXXXXXXX,1,4481
15282,Simone,Hendricks,XXXXXXXXX,XXXXXXXXX,1,5069
15283,Chantale,Ross,XXXXXXXXX,XXXXXXXXX,1,6974
15284,Quon,Sweet,XXXXXXXXX,XXXXXXXXX,1,753
15285,Hilary,Turner,XXXXXXXXX,XXXXXXXXX,1,6863
15286,Karly,Joyner,XXXXXXXXX,XXXXXXXXX,1,7298
15287,Noel,Lynn,XXXXXXXXX,XXXXXXXXX,3,1474
15288,Lesley,Ochoa,XXXXXXXXX,XXXXXXXXX,1,1717
15289,Mary,Byrd,XXXXXXXXX,XXXXXXXXX,2,6890
15290,Nita,Riddle,XXXXXXXXX,XXXXXXXXX,2,6294
15291,Dawn,Burnett,XXXXXXXXX,XXXXXXXXX,3,8063
15292,Camille,Howell,XXXXXXXXX,XXXXXXXXX,2,14077
15293,Imelda,Houston,XXXXXXXXX,XXXXXXXXX,1,15849
15294,Angela,Massey,XXXXXXXXX,XXXXXXXXX,1,4589
15295,Sage,Wiggins,XXXXXXXXX,XXXXXXXXX,1,9530
15296,Jane,Marks,XXXXXXXXX,XXXXXXXXX,1,13992
15297,Leandra,Roach,XXXXXXXXX,XXXXXXXXX,1,11066
15298,Shoshana,Cleveland,XXXXXXXXX,XXXXXXXXX,1,4913
15299,Heather,Fletcher,XXXXXXXXX,XXXXXXXXX,1,1827
15300,Stella,Burke,XXXXXXXXX,XXXXXXXXX,2,1635
15301,Whitney,Lindsey,XXXXXXXXX,XXXXXXXXX,1,8661
15302,Danielle,Greer,XXXXXXXXX,XXXXXXXXX,1,15977
15303,Cassandra,Guthrie,XXXXXXXXX,XXXXXXXXX,1,3017
15304,Hope,Sullivan,XXXXXXXXX,XXXXXXXXX,1,5506
15305,Brynn,Bass,XXXXXXXXX,XXXXXXXXX,1,14112
15306,Orli,Mcintosh,XXXXXXXXX,XXXXXXXXX,2,11178
15307,Darrel,Reynolds,XXXXXXXXX,XXXXXXXXX,2,9531
15308,Karly,Mccall,XXXXXXXXX,XXXXXXXXX,3,16065
15309,Karleigh,Mercado,XXXXXXXXX,XXXXXXXXX,3,295
15310,Margaret,Stuart,XXXXXXXXX,XXXXXXXXX,3,11253
15311,Samantha,Duke,XXXXXXXXX,XXXXXXXXX,3,2252
15312,Ariel,Ayers,XXXXXXXXX,XXXXXXXXX,3,9179
15313,Madeson,Diaz,XXXXXXXXX,XXXXXXXXX,3,3323
15314,Bryar,Rojas,XXXXXXXXX,XXXXXXXXX,1,6950
15315,Imani,Vaughan,XXXXXXXXX,XXXXXXXXX,1,5576
15316,Yen,Bray,XXXXXXXXX,XXXXXXXXX,1,400
15317,Clementine,Moody,XXXXXXXXX,XXXXXXXXX,2,3132
15318,Jaime,Decker,XXXXXXXXX,XXXXXXXXX,1,10889
15319,Veda,Riddle,XXXXXXXXX,XXXXXXXXX,1,4
15320,Shaeleigh,Fox,XXXXXXXXX,XXXXXXXXX,1,7490
15321,Erica,Sanford,XXXXXXXXX,XXXXXXXXX,1,13556
15322,Roanna,Wright,XXXXXXXXX,XXXXXXXXX,3,3128
15323,Basia,Hartman,XXXXXXXXX,XXXXXXXXX,1,14930
15324,Madeline,Brady,XXXXXXXXX,XXXXXXXXX,1,9847
15325,Isabelle,Armstrong,XXXXXXXXX,XXXXXXXXX,1,13845
15326,Angelica,David,XXXXXXXXX,XXXXXXXXX,1,13630
15327,Joan,Mitchell,XXXXXXXXX,XXXXXXXXX,3,13651
15328,Dakota,Warren,XXXXXXXXX,XXXXXXXXX,1,10310
15329,Amelia,Nash,XXXXXXXXX,XXXXXXXXX,2,1707
15330,Kiara,Kane,XXXXXXXXX,XXXXXXXXX,2,12937
15331,Rachel,Jennings,XXXXXXXXX,XXXXXXXXX,2,15807
15332,Heidi,Wong,XXXXXXXXX,XXXXXXXXX,2,2974
15333,Stella,Leach,XXXXXXXXX,XXXXXXXXX,1,10574
15334,Autumn,Hutchinson,XXXXXXXXX,XXXXXXXXX,1,131
15335,Carol,Whitley,XXXXXXXXX,XXXXXXXXX,1,13893
15336,Aretha,Phelps,XXXXXXXXX,XXXXXXXXX,1,2694
15337,Amena,Bender,XXXXXXXXX,XXXXXXXXX,1,10907
15338,Isadora,Pennington,XXXXXXXXX,XXXXXXXXX,1,13686
15339,Kylynn,Murphy,XXXXXXXXX,XXXXXXXXX,1,5009
15340,Adele,Buck,XXXXXXXXX,XXXXXXXXX,1,480
15341,Aiko,Acosta,XXXXXXXXX,XXXXXXXXX,1,16039
15342,Pandora,Weber,XXXXXXXXX,XXXXXXXXX,1,8183
15343,Beatrice,Kennedy,XXXXXXXXX,XXXXXXXXX,1,11018
15344,Angelica,Robinson,XXXXXXXXX,XXXXXXXXX,1,3187
15345,Lareina,Stone,XXXXXXXXX,XXXXXXXXX,1,6242
15346,Olympia,Carpenter,XXXXXXXXX,XXXXXXXXX,1,9138
15347,Rae,Bullock,XXXXXXXXX,XXXXXXXXX,1,15038
15348,Shellie,Merritt,XXXXXXXXX,XXXXXXXXX,1,7433
15349,Rana,Hess,XXXXXXXXX,XXXXXXXXX,1,13164
15350,Freya,Fitzgerald,XXXXXXXXX,XXXXXXXXX,3,2996
15351,Martina,Koch,XXXXXXXXX,XXXXXXXXX,1,12642
15352,Tatiana,Frost,XXXXXXXXX,XXXXXXXXX,1,3915
15353,Brenda,Byers,XXXXXXXXX,XXXXXXXXX,1,12255
15354,Imogene,Berg,XXXXXXXXX,XXXXXXXXX,1,2796
15355,Olga,Merritt,XXXXXXXXX,XXXXXXXXX,1,7001
15356,Giselle,Richard,XXXXXXXXX,XXXXXXXXX,1,10128
15357,Lacota,Ferrell,XXXXXXXXX,XXXXXXXXX,1,7829
15358,Kimberly,Haley,XXXXXXXXX,XXXXXXXXX,1,11873
15359,Jenette,Newman,XXXXXXXXX,XXXXXXXXX,1,5084
15360,Camille,Carney,XXXXXXXXX,XXXXXXXXX,1,13636
15361,Pamela,Perez,XXXXXXXXX,XXXXXXXXX,1,12568
15362,Vivien,Church,XXXXXXXXX,XXXXXXXXX,1,1573
15363,Simone,Levy,XXXXXXXXX,XXXXXXXXX,2,5456
15364,Tallulah,Rush,XXXXXXXXX,XXXXXXXXX,2,16103
15365,Alfreda,Mitchell,XXXXXXXXX,XXXXXXXXX,3,6927
15366,Carla,Navarro,XXXXXXXXX,XXXXXXXXX,3,1117
15367,Lacy,Hooper,XXXXXXXXX,XXXXXXXXX,2,9017
15368,Lisandra,Farmer,XXXXXXXXX,XXXXXXXXX,3,14002
15369,Kellie,Conrad,XXXXXXXXX,XXXXXXXXX,1,1926
15370,Rhonda,Chase,XXXXXXXXX,XXXXXXXXX,1,430
15371,Ariel,Moreno,XXXXXXXXX,XXXXXXXXX,1,9363
15372,Quon,Drake,XXXXXXXXX,XXXXXXXXX,1,15143
15373,Oprah,Shaffer,XXXXXXXXX,XXXXXXXXX,1,8674
15374,Rosalyn,Morton,XXXXXXXXX,XXXXXXXXX,2,1880
15375,Mari,Beach,XXXXXXXXX,XXXXXXXXX,2,986
15376,Rowan,Morin,XXXXXXXXX,XXXXXXXXX,1,14155
15377,Odette,Mullins,XXXXXXXXX,XXXXXXXXX,1,4840
15378,Kai,Shepherd,XXXXXXXXX,XXXXXXXXX,1,15297
15379,Charissa,Burton,XXXXXXXXX,XXXXXXXXX,1,12249
15380,Hedda,Vega,XXXXXXXXX,XXXXXXXXX,1,3184
15381,Nayda,Keller,XXXXXXXXX,XXXXXXXXX,1,9434
15382,Ori,Castro,XXXXXXXXX,XXXXXXXXX,1,14573
15383,Karleigh,Wheeler,XXXXXXXXX,XXXXXXXXX,3,13616
15384,Dora,Sheppard,XXXXXXXXX,XXXXXXXXX,3,11660
15385,Sheila,Romero,XXXXXXXXX,XXXXXXXXX,3,6201
15386,Rhiannon,Brock,XXXXXXXXX,XXXXXXXXX,1,9454
15387,Amelia,Moody,XXXXXXXXX,XXXXXXXXX,1,10738
15388,Kaitlin,Hancock,XXXXXXXXX,XXXXXXXXX,1,4827
15389,Lois,Kennedy,XXXXXXXXX,XXXXXXXXX,1,6805
15390,Idola,Conrad,XXXXXXXXX,XXXXXXXXX,1,13485
15391,Irma,Todd,XXXXXXXXX,XXXXXXXXX,2,6339
15392,Ria,Reynolds,XXXXXXXXX,XXXXXXXXX,1,6441
15393,Avye,Tillman,XXXXXXXXX,XXXXXXXXX,2,11754
15394,Tatum,Rowland,XXXXXXXXX,XXXXXXXXX,2,12645
15395,Chava,Carrillo,XXXXXXXXX,XXXXXXXXX,2,137
15396,Joelle,Winters,XXXXXXXXX,XXXXXXXXX,2,15728
15397,Rebecca,Vega,XXXXXXXXX,XXXXXXXXX,2,2889
15398,Jordan,Hoffman,XXXXXXXXX,XXXXXXXXX,1,4044
15399,Anjolie,Booker,XXXXXXXXX,XXXXXXXXX,1,1084
15400,Regina,Herring,XXXXXXXXX,XXXXXXXXX,2,16428
15401,Keelie,Ortiz,XXXXXXXXX,XXXXXXXXX,1,12996
15402,Ainsley,Wagner,XXXXXXXXX,XXXXXXXXX,1,14444
15403,Wynter,Brady,XXXXXXXXX,XXXXXXXXX,3,16501
15404,Rachel,Daniels,XXXXXXXXX,XXXXXXXXX,1,3694
15405,Germane,Coffey,XXXXXXXXX,XXXXXXXXX,1,14081
15406,Shellie,Kemp,XXXXXXXXX,XXXXXXXXX,3,2010
15407,Leilani,Whitfield,XXXXXXXXX,XXXXXXXXX,1,2554
15408,Noelle,Sampson,XXXXXXXXX,XXXXXXXXX,2,9767
15409,Lillian,Beck,XXXXXXXXX,XXXXXXXXX,1,651
15410,Nell,Delacruz,XXXXXXXXX,XXXXXXXXX,1,12692
15411,Lesley,Abbott,XXXXXXXXX,XXXXXXXXX,1,13341
15412,Ursa,Miller,XXXXXXXXX,XXXXXXXXX,1,11553
15413,Briar,Mckenzie,XXXXXXXXX,XXXXXXXXX,1,10615
15414,Ruth,Lynch,XXXXXXXXX,XXXXXXXXX,1,13019
15415,Blaine,York,XXXXXXXXX,XXXXXXXXX,1,13559
15416,Camilla,Guerrero,XXXXXXXXX,XXXXXXXXX,2,8826
15417,Catherine,Boyer,XXXXXXXXX,XXXXXXXXX,2,7769
15418,Susan,Gallegos,XXXXXXXXX,XXXXXXXXX,2,288
15419,Iona,Noel,XXXXXXXXX,XXXXXXXXX,1,43
15420,Leigh,Graves,XXXXXXXXX,XXXXXXXXX,3,16122
15421,Hannah,Copeland,XXXXXXXXX,XXXXXXXXX,3,1618
15422,Felicia,Callahan,XXXXXXXXX,XXXXXXXXX,3,11204
15423,Deanna,Colon,XXXXXXXXX,XXXXXXXXX,3,12325
15424,Callie,Rodriguez,XXXXXXXXX,XXXXXXXXX,3,1641
15425,Basia,Rose,XXXXXXXXX,XXXXXXXXX,2,3726
15426,Desirae,Barr,XXXXXXXXX,XXXXXXXXX,2,11224
15427,Haley,Howe,XXXXXXXXX,XXXXXXXXX,2,15697
15428,Sylvia,Nunez,XXXXXXXXX,XXXXXXXXX,2,14793
15429,Aspen,Juarez,XXXXXXXXX,XXXXXXXXX,3,4657
15430,September,Ward,XXXXXXXXX,XXXXXXXXX,1,12774
15431,Rhea,Haynes,XXXXXXXXX,XXXXXXXXX,1,7740
15432,Regan,Cabrera,XXXXXXXXX,XXXXXXXXX,2,4267
15433,Paloma,Franklin,XXXXXXXXX,XXXXXXXXX,1,12738
15434,Zenia,Baldwin,XXXXXXXXX,XXXXXXXXX,2,9482
15435,Scarlett,Deleon,XXXXXXXXX,XXXXXXXXX,2,12923
15436,Kelsey,Hunter,XXXXXXXXX,XXXXXXXXX,3,5949
15437,Leila,Slater,XXXXXXXXX,XXXXXXXXX,1,10441
15438,Donna,Stone,XXXXXXXXX,XXXXXXXXX,1,11731
15439,Amela,Roman,XXXXXXXXX,XXXXXXXXX,1,4330
15440,Britanney,Mccoy,XXXXXXXXX,XXXXXXXXX,1,1263
15441,Quyn,Blake,XXXXXXXXX,XXXXXXXXX,2,9199
15442,Skyler,Rose,XXXXXXXXX,XXXXXXXXX,1,9860
15443,Jemima,Long,XXXXXXXXX,XXXXXXXXX,1,13941
15444,Lillith,Fischer,XXXXXXXXX,XXXXXXXXX,1,10591
15445,Tashya,Mccarty,XXXXXXXXX,XXXXXXXXX,1,11655
15446,Moana,Kim,XXXXXXXXX,XXXXXXXXX,1,4366
15447,Mia,Foley,XXXXXXXXX,XXXXXXXXX,2,13197
15448,Quail,Gonzales,XXXXXXXXX,XXXXXXXXX,1,12385
15449,Lunea,Johns,XXXXXXXXX,XXXXXXXXX,1,1891
15450,Bo,Hansen,XXXXXXXXX,XXXXXXXXX,1,4322
15451,Yvette,Rodriquez,XXXXXXXXX,XXXXXXXXX,1,4373
15452,Nevada,Benton,XXXXXXXXX,XXXXXXXXX,1,11278
15453,Xantha,Nieves,XXXXXXXXX,XXXXXXXXX,2,13641
15454,Kevyn,Lott,XXXXXXXXX,XXXXXXXXX,1,7219
15455,Martina,Wolf,XXXXXXXXX,XXXXXXXXX,1,9334
15456,Bertha,Bennett,XXXXXXXXX,XXXXXXXXX,2,9853
15457,Neve,Merrill,XXXXXXXXX,XXXXXXXXX,2,11244
15458,Aubrey,Cherry,XXXXXXXXX,XXXXXXXXX,2,6642
15459,McKenzie,Gray,XXXXXXXXX,XXXXXXXXX,1,5789
15460,Nomlanga,Snider,XXXXXXXXX,XXXXXXXXX,3,1124
15461,Jessamine,Pace,XXXXXXXXX,XXXXXXXXX,1,2505
15462,Cally,Hart,XXXXXXXXX,XXXXXXXXX,1,8151
15463,Felicia,Ashley,XXXXXXXXX,XXXXXXXXX,3,9553
15464,Martina,Henderson,XXXXXXXXX,XXXXXXXXX,1,15997
15465,Serina,Owens,XXXXXXXXX,XXXXXXXXX,3,4653
15466,Brenna,Wynn,XXXXXXXXX,XXXXXXXXX,3,4743
15467,Deanna,Mullen,XXXXXXXXX,XXXXXXXXX,3,5835
15468,Emma,Stuart,XXXXXXXXX,XXXXXXXXX,2,12577
15469,Kelsey,Hale,XXXXXXXXX,XXXXXXXXX,2,14734
15470,Lillian,Stevens,XXXXXXXXX,XXXXXXXXX,2,14979
15471,Melinda,Holman,XXXXXXXXX,XXXXXXXXX,2,1693
15472,Jena,Wilcox,XXXXXXXXX,XXXXXXXXX,2,12352
15473,Teegan,Brandy,XXXXXXXXX,XXXXXXXXX,2,7898
15474,Anastasia,Christensen,XXXXXXXXX,XXXXXXXXX,2,9737
15475,Yoshi,Best,XXXXXXXXX,XXXXXXXXX,2,11791
15476,Kylie,Bond,XXXXXXXXX,XXXXXXXXX,2,3077
15477,Lael,Rush,XXXXXXXXX,XXXXXXXXX,2,12850
15478,Linda,Workman,XXXXXXXXX,XXXXXXXXX,2,14459
15479,Destiny,Smith,XXXXXXXXX,XXXXXXXXX,2,13004
15480,Imogene,Valentine,XXXXXXXXX,XXXXXXXXX,3,16462
15481,Shafira,Gallegos,XXXXXXXXX,XXXXXXXXX,2,13901
15482,Kai,Roach,XXXXXXXXX,XXXXXXXXX,3,8629
15483,Deanna,Hunt,XXXXXXXXX,XXXXXXXXX,2,13906
15484,Signe,Henson,XXXXXXXXX,XXXXXXXXX,2,14401
15485,Nora,Goff,XXXXXXXXX,XXXXXXXXX,1,9890
15486,Avye,Martin,XXXXXXXXX,XXXXXXXXX,2,12808
15487,Nadine,Tran,XXXXXXXXX,XXXXXXXXX,1,15695
15488,Shannon,Jennings,XXXXXXXXX,XXXXXXXXX,2,11009
15489,Hiroko,Welch,XXXXXXXXX,XXXXXXXXX,2,6413
15490,Leilani,Clarke,XXXXXXXXX,XXXXXXXXX,2,94
15491,Rhoda,Burgess,XXXXXXXXX,XXXXXXXXX,2,2876
15492,Hedy,Giles,XXXXXXXXX,XXXXXXXXX,3,4696
15493,Anjolie,Jackson,XXXXXXXXX,XXXXXXXXX,1,4132
15494,Anika,Graham,XXXXXXXXX,XXXXXXXXX,1,434
15495,Amena,Maxwell,XXXXXXXXX,XXXXXXXXX,1,6356
15496,Morgan,James,XXXXXXXXX,XXXXXXXXX,1,4403
15497,Remedios,Cooke,XXXXXXXXX,XXXXXXXXX,2,9418
15498,Lani,Gonzalez,XXXXXXXXX,XXXXXXXXX,2,12176
15499,Sharon,Knowles,XXXXXXXXX,XXXXXXXXX,1,5925
15500,Justina,Sampson,XXXXXXXXX,XXXXXXXXX,2,5373
15501,Quyn,Hancock,XXXXXXXXX,XXXXXXXXX,2,15882
15502,Aspen,Herring,XXXXXXXXX,XXXXXXXXX,1,481
15503,Kalia,Doyle,XXXXXXXXX,XXXXXXXXX,2,16059
15504,Tatiana,Mathis,XXXXXXXXX,XXXXXXXXX,3,13239
15505,Courtney,Kinney,XXXXXXXXX,XXXXXXXXX,2,486
15506,Desiree,Wilkins,XXXXXXXXX,XXXXXXXXX,2,14252
15507,Mallory,Whitfield,XXXXXXXXX,XXXXXXXXX,1,9095
15508,Jayme,Sampson,XXXXXXXXX,XXXXXXXXX,1,4458
15509,Jordan,Beck,XXXXXXXXX,XXXXXXXXX,1,12346
15510,Kameko,Delacruz,XXXXXXXXX,XXXXXXXXX,1,5227
15511,Tatiana,Abbott,XXXXXXXXX,XXXXXXXXX,1,4235
15512,Lynn,Miller,XXXXXXXXX,XXXXXXXXX,3,12505
15513,Stella,Mckenzie,XXXXXXXXX,XXXXXXXXX,2,5203
15514,Martina,Lynch,XXXXXXXXX,XXXXXXXXX,2,3350
15515,Justina,York,XXXXXXXXX,XXXXXXXXX,2,15725
15516,Lacy,Guerrero,XXXXXXXXX,XXXXXXXXX,2,13979
15517,Serina,Boyer,XXXXXXXXX,XXXXXXXXX,1,1393
15518,Octavia,Gallegos,XXXXXXXXX,XXXXXXXXX,1,12242
15519,Raya,Noel,XXXXXXXXX,XXXXXXXXX,2,12765
15520,Carolyn,Graves,XXXXXXXXX,XXXXXXXXX,2,7848
15521,Basia,Copeland,XXXXXXXXX,XXXXXXXXX,2,5930
15522,Xandra,Callahan,XXXXXXXXX,XXXXXXXXX,2,2777
15523,Freya,Colon,XXXXXXXXX,XXXXXXXXX,3,1973
15524,Tatyana,Rodriguez,XXXXXXXXX,XXXXXXXXX,1,4050
15525,Alice,Rose,XXXXXXXXX,XXXXXXXXX,2,14055
15526,Doris,Barr,XXXXXXXXX,XXXXXXXXX,2,8437
15527,Eugenia,Howe,XXXXXXXXX,XXXXXXXXX,2,16374
15528,Gwendolyn,Nunez,XXXXXXXXX,XXXXXXXXX,1,1777
15529,Madonna,Juarez,XXXXXXXXX,XXXXXXXXX,3,1645
15530,Cheyenne,Ward,XXXXXXXXX,XXXXXXXXX,1,425
15531,Sophia,Haynes,XXXXXXXXX,XXXXXXXXX,3,8943
15532,Karleigh,Cabrera,XXXXXXXXX,XXXXXXXXX,1,3644
15533,Maxine,Franklin,XXXXXXXXX,XXXXXXXXX,2,281
15534,Ursa,Baldwin,XXXXXXXXX,XXXXXXXXX,2,13254
15535,Lydia,Deleon,XXXXXXXXX,XXXXXXXXX,1,8896
15536,Quintessa,Hunter,XXXXXXXXX,XXXXXXXXX,2,8357
15537,India,Slater,XXXXXXXXX,XXXXXXXXX,2,14219
15538,Charissa,Stone,XXXXXXXXX,XXXXXXXXX,2,8715
15539,Zena,Roman,XXXXXXXXX,XXXXXXXXX,2,458
15540,Haviva,Mccoy,XXXXXXXXX,XXXXXXXXX,1,8067
15541,Ainsley,Blake,XXXXXXXXX,XXXXXXXXX,1,13849
15542,Meredith,Rose,XXXXXXXXX,XXXXXXXXX,1,4565
15543,Leila,Long,XXXXXXXXX,XXXXXXXXX,1,7844
15544,Quincy,Fischer,XXXXXXXXX,XXXXXXXXX,1,9007
15545,Madison,Mccarty,XXXXXXXXX,XXXXXXXXX,1,9163
15546,Rhonda,Kim,XXXXXXXXX,XXXXXXXXX,2,12982
15547,Risa,Foley,XXXXXXXXX,XXXXXXXXX,2,13539
15548,Kiayada,Gonzales,XXXXXXXXX,XXXXXXXXX,2,2633
15549,Nevada,Johns,XXXXXXXXX,XXXXXXXXX,2,15664
15550,Gemma,Hansen,XXXXXXXXX,XXXXXXXXX,3,8058
15551,Cleo,Rodriquez,XXXXXXXXX,XXXXXXXXX,1,6492
15552,Julie,Benton,XXXXXXXXX,XXXXXXXXX,1,9118
15553,Galena,Nieves,XXXXXXXXX,XXXXXXXXX,1,4408
15554,Alfreda,Lott,XXXXXXXXX,XXXXXXXXX,2,2857
15555,Minerva,Wolf,XXXXXXXXX,XXXXXXXXX,1,1791
15556,Summer,Bennett,XXXXXXXXX,XXXXXXXXX,3,12125
15557,Leandra,Merrill,XXXXXXXXX,XXXXXXXXX,3,4970
15558,Hadassah,Cherry,XXXXXXXXX,XXXXXXXXX,3,14805
15559,Jenna,Gray,XXXXXXXXX,XXXXXXXXX,1,4081
15560,Chantale,Snider,XXXXXXXXX,XXXXXXXXX,2,4445
15561,Cynthia,Pace,XXXXXXXXX,XXXXXXXXX,1,3433
15562,Hiroko,Hart,XXXXXXXXX,XXXXXXXXX,2,11945
15563,Aileen,Ashley,XXXXXXXXX,XXXXXXXXX,2,16049
15564,Ivy,Henderson,XXXXXXXXX,XXXXXXXXX,2,5531
15565,Rosalyn,Owens,XXXXXXXXX,XXXXXXXXX,1,3139
15566,Venus,Wynn,XXXXXXXXX,XXXXXXXXX,1,16005
15567,Simone,Mullen,XXXXXXXXX,XXXXXXXXX,2,4223
15568,Ila,Stuart,XXXXXXXXX,XXXXXXXXX,1,4371
15569,Shay,Hale,XXXXXXXXX,XXXXXXXXX,2,16536
15570,Amy,Stevens,XXXXXXXXX,XXXXXXXXX,1,2916
15571,Jolie,Holman,XXXXXXXXX,XXXXXXXXX,1,987
15572,Jenna,Wilcox,XXXXXXXXX,XXXXXXXXX,1,10503
15573,Shay,Brady,XXXXXXXXX,XXXXXXXXX,1,14533
15574,Ainsley,Christensen,XXXXXXXXX,XXXXXXXXX,1,10601
15575,Iola,Best,XXXXXXXXX,XXXXXXXXX,2,14561
15576,Pearl,Bond,XXXXXXXXX,XXXXXXXXX,1,15171
15577,Candice,Rush,XXXXXXXXX,XXXXXXXXX,1,4425
15578,Gretchen,Workman,XXXXXXXXX,XXXXXXXXX,1,6166
15579,Nelle,Smith,XXXXXXXXX,XXXXXXXXX,1,4862
15580,Audrey,Valentine,XXXXXXXXX,XXXXXXXXX,1,3330
15581,Lacota,Gallegos,XXXXXXXXX,XXXXXXXXX,1,6382
15582,Patricia,Roach,XXXXXXXXX,XXXXXXXXX,1,5328
15583,Selma,Hunt,XXXXXXXXX,XXXXXXXXX,2,7074
15584,Caryn,Henson,XXXXXXXXX,XXXXXXXXX,1,1047
15585,Mikayla,Goff,XXXXXXXXX,XXXXXXXXX,1,14151
15586,Venus,Martin,XXXXXXXXX,XXXXXXXXX,1,5778
15587,Stephanie,Tran,XXXXXXXXX,XXXXXXXXX,1,15190
15588,Ria,Jennings,XXXXXXXXX,XXXXXXXXX,1,10976
15589,Christen,Welch,XXXXXXXXX,XXXXXXXXX,1,565
15590,Winifred,Clarke,XXXXXXXXX,XXXXXXXXX,1,11638
15591,September,Burgess,XXXXXXXXX,XXXXXXXXX,1,12483
15592,Ariel,Giles,XXXXXXXXX,XXXXXXXXX,1,2837
15593,Rebekah,Jackson,XXXXXXXXX,XXXXXXXXX,1,10885
15594,Nerea,Graham,XXXXXXXXX,XXXXXXXXX,2,3774
15595,Josephine,Maxwell,XXXXXXXXX,XXXXXXXXX,2,8464
15596,Moana,James,XXXXXXXXX,XXXXXXXXX,2,7905
15597,Fiona,Cooke,XXXXXXXXX,XXXXXXXXX,2,8116
15598,Laura,Gonzalez,XXXXXXXXX,XXXXXXXXX,2,7276
15599,Phyllis,Knowles,XXXXXXXXX,XXXXXXXXX,2,11630
15600,Iola,Sampson,XXXXXXXXX,XXXXXXXXX,2,10053
15601,Nayda,Hancock,XXXXXXXXX,XXXXXXXXX,2,14992
15602,Alea,Herring,XXXXXXXXX,XXXXXXXXX,2,14004
15603,Yetta,Doyle,XXXXXXXXX,XXXXXXXXX,2,10464
15604,Molly,Mathis,XXXXXXXXX,XXXXXXXXX,2,3474
15605,Mikayla,Kiney,XXXXXXXXX,XXXXXXXXX,1,10462
15606,Rinah,Wilkins,XXXXXXXXX,XXXXXXXXX,2,12113
15607,Hedy,Levy,XXXXXXXXX,XXXXXXXXX,1,68
15608,Carissa,Bauer,XXXXXXXXX,XXXXXXXXX,2,4209
15609,Bertha,Lowery,XXXXXXXXX,XXXXXXXXX,2,8348
15610,Jade,Rose,XXXXXXXXX,XXXXXXXXX,2,15361
15611,Christine,Jarvis,XXXXXXXXX,XXXXXXXXX,2,14692
15612,Guinevere,Kane,XXXXXXXXX,XXXXXXXXX,2,4357
15613,Maryam,Mcneil,XXXXXXXXX,XXXXXXXXX,2,14379
15614,Iona,Rios,XXXXXXXXX,XXXXXXXXX,2,10305
15615,Phyllis,Rodriquez,XXXXXXXXX,XXXXXXXXX,2,7841
15616,Ivana,Rodgers,XXXXXXXXX,XXXXXXXXX,2,13233
15617,Ella,Copeland,XXXXXXXXX,XXXXXXXXX,1,5647
15618,Megan,Barker,XXXXXXXXX,XXXXXXXXX,1,12549
15619,Jael,Wilson,XXXXXXXXX,XXXXXXXXX,1,12288
15620,Sheila,Norman,XXXXXXXXX,XXXXXXXXX,2,4119
15621,Alma,Schwartz,XXXXXXXXX,XXXXXXXXX,2,1118
15622,Kevyn,Stanton,XXXXXXXXX,XXXXXXXXX,1,2924
15623,Roary,Mckenzie,XXXXXXXXX,XXXXXXXXX,1,5255
15624,Wynter,Blake,XXXXXXXXX,XXXXXXXXX,2,15214
15625,Dawn,Richard,XXXXXXXXX,XXXXXXXXX,1,11777
15626,Myra,Flores,XXXXXXXXX,XXXXXXXXX,1,2188
15627,Cassandra,Alford,XXXXXXXXX,XXXXXXXXX,1,4514
15628,Michelle,Guerra,XXXXXXXXX,XXXXXXXXX,1,4966
15629,Jolene,Santiago,XXXXXXXXX,XXXXXXXXX,1,10534
15630,Jolene,Hull,XXXXXXXXX,XXXXXXXXX,1,5637
15631,Abigail,Stevens,XXXXXXXXX,XXXXXXXXX,1,3172
15632,Laurel,Gutierrez,XXXXXXXXX,XXXXXXXXX,1,15633
15633,Farrah,Valencia,XXXXXXXXX,XXXXXXXXX,1,10191
15634,Carolyn,Horne,XXXXXXXXX,XXXXXXXXX,3,177
15635,Jaquelyn,Dudley,XXXXXXXXX,XXXXXXXXX,1,6202
15636,Jessica,Emerson,XXXXXXXXX,XXXXXXXXX,1,12939
15637,Rina,Mullins,XXXXXXXXX,XXXXXXXXX,3,14931
15638,Audrey,Cortez,XXXXXXXXX,XXXXXXXXX,1,14103
15639,Ariana,Vazquez,XXXXXXXXX,XXXXXXXXX,1,7369
15640,Emerald,Hatfield,XXXXXXXXX,XXXXXXXXX,1,6074
15641,Melanie,Heath,XXXXXXXXX,XXXXXXXXX,1,4857
15642,Aileen,Rodriguez,XXXXXXXXX,XXXXXXXXX,1,4697
15643,Katelyn,Colon,XXXXXXXXX,XXXXXXXXX,1,1551
15644,Willow,Ellison,XXXXXXXXX,XXXXXXXXX,1,4776
15645,Vera,Briggs,XXXXXXXXX,XXXXXXXXX,1,3648
15646,Martha,Hood,XXXXXXXXX,XXXXXXXXX,2,8242
15647,Pandora,Weaver,XXXXXXXXX,XXXXXXXXX,1,8741
15648,Allegra,Powell,XXXXXXXXX,XXXXXXXXX,1,2099
15649,Courtney,Velez,XXXXXXXXX,XXXXXXXXX,2,1743
15650,Wynter,Kerr,XXXXXXXXX,XXXXXXXXX,2,9663
15651,Sybill,Solis,XXXXXXXXX,XXXXXXXXX,2,7330
15652,Constance,Mcclure,XXXXXXXXX,XXXXXXXXX,2,689
15653,Illana,Nicholson,XXXXXXXXX,XXXXXXXXX,2,223
15654,Kendall,Morse,XXXXXXXXX,XXXXXXXXX,1,7115
15655,Darryl,Obrien,XXXXXXXXX,XXXXXXXXX,2,7325
15656,Leigh,Oneal,XXXXXXXXX,XXXXXXXXX,2,5482
15657,Jena,Todd,XXXXXXXXX,XXXXXXXXX,1,2070
15658,Karleigh,Conley,XXXXXXXXX,XXXXXXXXX,2,1442
15659,Mikayla,Durham,XXXXXXXXX,XXXXXXXXX,2,4494
15660,Lenore,Sears,XXXXXXXXX,XXXXXXXXX,2,14856
15661,Piper,Jennings,XXXXXXXXX,XXXXXXXXX,2,4099
15662,Bell,Stark,XXXXXXXXX,XXXXXXXXX,1,8128
15663,Margaret,Robles,XXXXXXXXX,XXXXXXXXX,1,8760
15664,Halee,Melton,XXXXXXXXX,XXXXXXXXX,2,14605
15665,Rama,Gallegos,XXXXXXXXX,XXXXXXXXX,1,1406
15666,Claire,Wood,XXXXXXXXX,XXXXXXXXX,1,3659
15667,TaShya,Raymond,XXXXXXXXX,XXXXXXXXX,1,13675
15668,Lenore,Campbell,XXXXXXXXX,XXXXXXXXX,1,13656
15669,Portia,Montoya,XXXXXXXXX,XXXXXXXXX,1,90
15670,Celeste,Mason,XXXXXXXXX,XXXXXXXXX,1,6909
15671,Eugenia,Pugh,XXXXXXXXX,XXXXXXXXX,1,2569
15672,Veronica,Rojas,XXXXXXXXX,XXXXXXXXX,1,3402
15673,Jade,Herman,XXXXXXXXX,XXXXXXXXX,1,14490
15674,Blossom,Ferguson,XXXXXXXXX,XXXXXXXXX,1,14726
15675,Blythe,Best,XXXXXXXXX,XXXXXXXXX,2,16545
15676,Jolie,Frank,XXXXXXXXX,XXXXXXXXX,2,996
15677,Kirby,Clark,XXXXXXXXX,XXXXXXXXX,2,2080
15678,Brianna,Foster,XXXXXXXXX,XXXXXXXXX,2,7474
15679,Azalia,Randolph,XXXXXXXXX,XXXXXXXXX,2,3198
15680,Suki,Mcintyre,XXXXXXXXX,XXXXXXXXX,1,3955
15681,Regan,Singleton,XXXXXXXXX,XXXXXXXXX,1,7972
15682,Madonna,Oliver,XXXXXXXXX,XXXXXXXXX,1,7225
15683,Xyla,Ruiz,XXXXXXXXX,XXXXXXXXX,1,8033
15684,Faith,Bradshaw,XXXXXXXXX,XXXXXXXXX,1,2488
15685,Beverly,Solomon,XXXXXXXXX,XXXXXXXXX,1,5741
15686,Gwendolyn,Herring,XXXXXXXXX,XXXXXXXXX,1,15975
15687,Glenna,Davenport,XXXXXXXXX,XXXXXXXXX,1,552
15688,Emily,Rodriquez,XXXXXXXXX,XXXXXXXXX,2,4498
15689,Sage,Mckinney,XXXXXXXXX,XXXXXXXXX,1,15231
15690,Maia,Holman,XXXXXXXXX,XXXXXXXXX,1,1132
15691,Kirsten,Mcfadden,XXXXXXXXX,XXXXXXXXX,1,3215
15692,Aspen,Cobb,XXXXXXXXX,XXXXXXXXX,2,15200
15693,Abra,Cunningham,XXXXXXXXX,XXXXXXXXX,3,12534
15694,Margaret,Gilmore,XXXXXXXXX,XXXXXXXXX,3,15469
15695,Madeson,David,XXXXXXXXX,XXXXXXXXX,3,8188
15696,Jolene,Craft,XXXXXXXXX,XXXXXXXXX,3,3240
15697,Karina,Hebert,XXXXXXXXX,XXXXXXXXX,1,6763
15698,Blair,Sexton,XXXXXXXXX,XXXXXXXXX,1,11180
15699,Robin,Jarvis,XXXXXXXXX,XXXXXXXXX,1,4757
15700,Octavia,Durham,XXXXXXXXX,XXXXXXXXX,1,14528
15701,Illiana,Garcia,XXXXXXXXX,XXXXXXXXX,2,14145
15702,Lareina,Cooper,XXXXXXXXX,XXXXXXXXX,2,13253
15703,Libby,Daugherty,XXXXXXXXX,XXXXXXXXX,2,2216
15704,Gwendolyn,Clarke,XXXXXXXXX,XXXXXXXXX,1,10166
15705,Maya,Steele,XXXXXXXXX,XXXXXXXXX,2,14352
15706,Alexa,Watson,XXXXXXXXX,XXXXXXXXX,1,7778
15707,Chastity,Baker,XXXXXXXXX,XXXXXXXXX,2,14247
15708,Christen,Velez,XXXXXXXXX,XXXXXXXXX,1,8924
15709,Indira,Sanford,XXXXXXXXX,XXXXXXXXX,1,5738
15710,Rosalyn,Chandler,XXXXXXXXX,XXXXXXXXX,1,6742
15711,Minerva,Alford,XXXXXXXXX,XXXXXXXXX,1,11793
15712,Rosalyn,Huffman,XXXXXXXXX,XXXXXXXXX,1,13159
15713,Xaviera,Collins,XXXXXXXXX,XXXXXXXXX,2,6005
15714,Olga,Erickson,XXXXXXXXX,XXXXXXXXX,2,8221
15715,Martena,Howard,XXXXXXXXX,XXXXXXXXX,2,7695
15716,Kelsie,Ferrell,XXXXXXXXX,XXXXXXXXX,2,6813
15717,Roanna,Mathis,XXXXXXXXX,XXXXXXXXX,1,9218
15718,Cassandra,Landry,XXXXXXXXX,XXXXXXXXX,1,14887
15719,Jana,Black,XXXXXXXXX,XXXXXXXXX,1,5242
15720,Hedy,Cooper,XXXXXXXXX,XXXXXXXXX,1,12230
15721,Sacha,Bentley,XXXXXXXXX,XXXXXXXXX,1,1878
15722,Hope,Gardner,XXXXXXXXX,XXXXXXXXX,1,2462
15723,Abra,Combs,XXXXXXXXX,XXXXXXXXX,3,1903
15724,Jaquelyn,Sharp,XXXXXXXXX,XXXXXXXXX,3,13714
15725,Imani,Golden,XXXXXXXXX,XXXXXXXXX,3,13618
15726,Cecilia,Anthony,XXXXXXXXX,XXXXXXXXX,3,8640
15727,Brynne,Cooper,XXXXXXXXX,XXXXXXXXX,1,16186
15728,Amanda,Morrison,XXXXXXXXX,XXXXXXXXX,1,14685
15729,Alice,Herman,XXXXXXXXX,XXXXXXXXX,1,9383
15730,Bo,Crane,XXXXXXXXX,XXXXXXXXX,1,5207
15731,Kaitlin,Edwards,XXXXXXXXX,XXXXXXXXX,1,14411
15732,Zenaida,Kramer,XXXXXXXXX,XXXXXXXXX,2,13235
15733,Madonna,Bishop,XXXXXXXXX,XXXXXXXXX,1,2231
15734,Mary,Trevino,XXXXXXXXX,XXXXXXXXX,1,11958
15735,Doris,Rivas,XXXXXXXXX,XXXXXXXXX,1,13400
15736,Juliet,Cain,XXXXXXXXX,XXXXXXXXX,1,2413
15737,Skyler,Flynn,XXXXXXXXX,XXXXXXXXX,1,16025
15738,Violet,Wall,XXXXXXXXX,XXXXXXXXX,1,1370
15739,Lareina,Kelley,XXXXXXXXX,XXXXXXXXX,1,8388
15740,Amena,Cole,XXXXXXXXX,XXXXXXXXX,1,12848
15741,Zoe,Dean,XXXXXXXXX,XXXXXXXXX,1,10406
15742,Alma,Medina,XXXXXXXXX,XXXXXXXXX,1,13410
15743,Hillary,Petty,XXXXXXXXX,XXXXXXXXX,1,9066
15744,Bree,Gill,XXXXXXXXX,XXXXXXXXX,1,13727
15745,Melinda,Compton,XXXXXXXXX,XXXXXXXXX,1,14170
15746,Raya,Bridges,XXXXXXXXX,XXXXXXXXX,1,16144
15747,Nayda,Rocha,XXXXXXXXX,XXXXXXXXX,1,13950
15748,Jane,Ford,XXXXXXXXX,XXXXXXXXX,1,9604
15749,Olympia,Schwartz,XXXXXXXXX,XXXXXXXXX,3,12655
15750,Yoko,Chaney,XXXXXXXXX,XXXXXXXXX,1,2816
15751,Shelley,Sanders,XXXXXXXXX,XXXXXXXXX,3,13246
15752,Kimberly,Jacobson,XXXXXXXXX,XXXXXXXXX,3,13390
15753,Dacey,Lowe,XXXXXXXXX,XXXXXXXXX,1,621
15754,Lilah,Robbins,XXXXXXXXX,XXXXXXXXX,1,6418
15755,Fatima,Benson,XXXXXXXXX,XXXXXXXXX,1,2379
15756,Charissa,Guerra,XXXXXXXXX,XXXXXXXXX,1,1374
15757,Beatrice,Hinton,XXXXXXXXX,XXXXXXXXX,2,6152
15758,Felicia,Booth,XXXXXXXXX,XXXXXXXXX,1,7710
15759,Nayda,Francis,XXXXXXXXX,XXXXXXXXX,1,7999
15760,Shannon,Drake,XXXXXXXXX,XXXXXXXXX,1,2573
15761,Kiayada,Carson,XXXXXXXXX,XXXXXXXXX,1,16163
15762,Maya,Owens,XXXXXXXXX,XXXXXXXXX,2,566
15763,Heather,Long,XXXXXXXXX,XXXXXXXXX,1,1620
15764,Pearl,Hopkins,XXXXXXXXX,XXXXXXXXX,2,12391
15765,Martha,Munoz,XXXXXXXXX,XXXXXXXXX,1,15986
15766,Kelly,Patton,XXXXXXXXX,XXXXXXXXX,1,15912
15767,Tallulah,Knapp,XXXXXXXXX,XXXXXXXXX,1,1599
15768,Cora,Bush,XXXXXXXXX,XXXXXXXXX,2,8274
15769,Jacqueline,Trujillo,XXXXXXXXX,XXXXXXXXX,3,8065
15770,Leigh,Goff,XXXXXXXXX,XXXXXXXXX,2,12656
15771,Clio,Stokes,XXXXXXXXX,XXXXXXXXX,3,1088
15772,Farrah,Delgado,XXXXXXXXX,XXXXXXXXX,3,10080
15773,Petra,Kirkland,XXXXXXXXX,XXXXXXXXX,3,14946
15774,Debra,Gentry,XXXXXXXXX,XXXXXXXXX,3,13096
15775,Destiny,Mccoy,XXXXXXXXX,XXXXXXXXX,3,5967
15776,Xyla,Dejesus,XXXXXXXXX,XXXXXXXXX,2,10283
15777,Fay,Sanford,XXXXXXXXX,XXXXXXXXX,2,9192
15778,Ina,Wolf,XXXXXXXXX,XXXXXXXXX,2,727
15779,Yvette,Jefferson,XXXXXXXXX,XXXXXXXXX,3,1242
15780,Alma,Schultz,XXXXXXXXX,XXXXXXXXX,2,4025
15781,Hyacinth,Daniels,XXXXXXXXX,XXXXXXXXX,2,1095
15782,Quail,Shepard,XXXXXXXXX,XXXXXXXXX,1,15557
15783,Kelsie,Carey,XXXXXXXXX,XXXXXXXXX,1,10250
15784,Ila,Hale,XXXXXXXXX,XXXXXXXXX,2,15855
15785,Daria,Robinson,XXXXXXXXX,XXXXXXXXX,1,698
15786,Xyla,Richardson,XXXXXXXXX,XXXXXXXXX,1,328
15787,Brianna,Pace,XXXXXXXXX,XXXXXXXXX,1,11842
15788,Mercedes,Jones,XXXXXXXXX,XXXXXXXXX,1,2735
15789,Amena,Short,XXXXXXXXX,XXXXXXXXX,1,6289
15790,Patience,Velazquez,XXXXXXXXX,XXXXXXXXX,1,7794
15791,Reagan,Mooney,XXXXXXXXX,XXXXXXXXX,1,7888
15792,Jamalia,Velazquez,XXXXXXXXX,XXXXXXXXX,3,16366
15793,Rae,Diaz,XXXXXXXXX,XXXXXXXXX,1,2396
15794,Mariam,Kirby,XXXXXXXXX,XXXXXXXXX,3,14641
15795,Imelda,Atkinson,XXXXXXXXX,XXXXXXXXX,1,12374
15796,Amber,Burke,XXXXXXXXX,XXXXXXXXX,1,12741
15797,Constance,Miranda,XXXXXXXXX,XXXXXXXXX,3,13088
15798,Moana,Preston,XXXXXXXXX,XXXXXXXXX,3,13830
15799,Orli,Vang,XXXXXXXXX,XXXXXXXXX,3,7145
15800,Demetria,Holt,XXXXXXXXX,XXXXXXXXX,3,1712
15801,Kylie,Mitchell,XXXXXXXXX,XXXXXXXXX,1,11805
15802,Whitney,Spence,XXXXXXXXX,XXXXXXXXX,1,6392
15803,Aiko,Wooten,XXXXXXXXX,XXXXXXXXX,1,1898
15804,Lenore,Figueroa,XXXXXXXXX,XXXXXXXXX,1,3705
15805,Heidi,Douglas,XXXXXXXXX,XXXXXXXXX,2,13078
15806,Jorden,Edwards,XXXXXXXXX,XXXXXXXXX,2,8877
15807,Cara,Hinton,XXXXXXXXX,XXXXXXXXX,2,11276
15808,Audrey,Obrien,XXXXXXXXX,XXXXXXXXX,2,3788
15809,Blythe,Cabrera,XXXXXXXXX,XXXXXXXXX,2,16080
15810,Mechelle,Schultz,XXXXXXXXX,XXXXXXXXX,2,42
15811,Kendall,Hammond,XXXXXXXXX,XXXXXXXXX,1,9681
15812,Unity,Vargas,XXXXXXXXX,XXXXXXXXX,1,1801
15813,Hope,Little,XXXXXXXXX,XXXXXXXXX,1,6601
15814,Heather,Robinson,XXXXXXXXX,XXXXXXXXX,2,1521
15815,Alyssa,Whitaker,XXXXXXXXX,XXXXXXXXX,2,14403
15816,Lilah,Anderson,XXXXXXXXX,XXXXXXXXX,3,6319
15817,Ella,Workman,XXXXXXXXX,XXXXXXXXX,1,16017
15818,Lilah,Nieves,XXXXXXXXX,XXXXXXXXX,2,111
15819,Geraldine,Bolton,XXXXXXXXX,XXXXXXXXX,2,8123
15820,Emma,Owens,XXXXXXXXX,XXXXXXXXX,2,3419
15821,Tara,Dorsey,XXXXXXXXX,XXXXXXXXX,1,3446
15822,Genevieve,Myers,XXXXXXXXX,XXXXXXXXX,2,5215
15823,Sybil,Frederick,XXXXXXXXX,XXXXXXXXX,2,7191
15824,Ana,Ferguson,XXXXXXXXX,XXXXXXXXX,1,8951
15825,Dana,Lucas,XXXXXXXXX,XXXXXXXXX,1,4581
15826,Anika,Oneil,XXXXXXXXX,XXXXXXXXX,1,14416
15827,Geraldine,Case,XXXXXXXXX,XXXXXXXXX,1,11378
15828,Jayme,Bryan,XXXXXXXXX,XXXXXXXXX,1,9794
15829,Amity,Phillips,XXXXXXXXX,XXXXXXXXX,1,5377
15830,Joan,Lott,XXXXXXXXX,XXXXXXXXX,2,6283
15831,Illiana,Hopkins,XXXXXXXXX,XXXXXXXXX,2,6659
15832,Morgan,Castro,XXXXXXXXX,XXXXXXXXX,2,9641
15833,Rhonda,Faulkner,XXXXXXXXX,XXXXXXXXX,2,9210
15834,Xerxes,Casey,XXXXXXXXX,XXXXXXXXX,2,10776
15835,Clare,Yang,XXXXXXXXX,XXXXXXXXX,2,10236
15836,Taylor,Nixon,XXXXXXXXX,XXXXXXXXX,1,10725
15837,Violet,Harper,XXXXXXXXX,XXXXXXXXX,2,4986
15838,Hedy,Obrien,XXXXXXXXX,XXXXXXXXX,1,16330
15839,Lara,Mccarthy,XXXXXXXXX,XXXXXXXXX,1,1379
15840,Hermione,Herring,XXXXXXXXX,XXXXXXXXX,2,12628
15841,Denise,Thomas,XXXXXXXXX,XXXXXXXXX,2,14505
15842,Eliana,Hartman,XXXXXXXXX,XXXXXXXXX,3,14954
15843,Emma,Mckenzie,XXXXXXXXX,XXXXXXXXX,2,10888
15844,Sopoline,Watts,XXXXXXXXX,XXXXXXXXX,2,8820
15845,Summer,Long,XXXXXXXXX,XXXXXXXXX,3,11715
15846,Kitra,Horton,XXXXXXXXX,XXXXXXXXX,3,7212
15847,Ifeoma,Castaneda,XXXXXXXXX,XXXXXXXXX,2,12510
15848,Tatyana,Ramsey,XXXXXXXXX,XXXXXXXXX,2,3953
15849,Brenna,Graves,XXXXXXXXX,XXXXXXXXX,2,12799
15850,Olga,Franks,XXXXXXXXX,XXXXXXXXX,2,2506
15851,Karly,Daniels,XXXXXXXXX,XXXXXXXXX,3,5434
15852,Katelyn,Weiss,XXXXXXXXX,XXXXXXXXX,3,11857
15853,Breanna,Lancaster,XXXXXXXXX,XXXXXXXXX,3,6529
15854,Blossom,Berry,XXXXXXXXX,XXXXXXXXX,3,9827
15855,Aimee,Collier,XXXXXXXXX,XXXXXXXXX,3,7716
15856,Nelle,Dodson,XXXXXXXXX,XXXXXXXXX,2,12436
15857,Phyllis,Fernandez,XXXXXXXXX,XXXXXXXXX,2,13990
15858,Tamara,Foreman,XXXXXXXXX,XXXXXXXXX,2,3036
15859,Nell,Lara,XXXXXXXXX,XXXXXXXXX,2,2915
15860,Charity,Sandoval,XXXXXXXXX,XXXXXXXXX,2,1344
15861,Ria,Thompson,XXXXXXXXX,XXXXXXXXX,2,10066
15862,Beatrice,Pacheco,XXXXXXXXX,XXXXXXXXX,2,9382
15863,Chloe,Battle,XXXXXXXXX,XXXXXXXXX,2,5253
15864,Medge,Rhodes,XXXXXXXXX,XXXXXXXXX,1,13780
15865,Myra,Coleman,XXXXXXXXX,XXXXXXXXX,1,14398
15866,Cynthia,Bryan,XXXXXXXXX,XXXXXXXXX,2,7823
15867,Emi,Randolph,XXXXXXXXX,XXXXXXXXX,1,9727
15868,Tana,Pickett,XXXXXXXXX,XXXXXXXXX,2,6091
15869,Lilah,Floyd,XXXXXXXXX,XXXXXXXXX,2,6634
15870,May,Cleveland,XXXXXXXXX,XXXXXXXXX,2,16388
15871,Linda,Duran,XXXXXXXXX,XXXXXXXXX,3,16448
15872,Rose,Reyes,XXXXXXXXX,XXXXXXXXX,2,4441
15873,Odessa,Schneider,XXXXXXXXX,XXXXXXXXX,2,11341
15874,Cherokee,Grant,XXXXXXXXX,XXXXXXXXX,2,4236
15875,Tamekah,Roberson,XXXXXXXXX,XXXXXXXXX,3,12468
15876,Iola,Payne,XXXXXXXXX,XXXXXXXXX,3,8617
15877,Renee,Ashley,XXXXXXXXX,XXXXXXXXX,2,13634
15878,Hadley,Newman,XXXXXXXXX,XXXXXXXXX,2,10584
15879,Yoshi,Wagner,XXXXXXXXX,XXXXXXXXX,1,13294
15880,Madeline,Cook,XXXXXXXXX,XXXXXXXXX,1,1485
15881,Gillian,Nixon,XXXXXXXXX,XXXXXXXXX,1,12732
15882,Beverly,Hutchinson,XXXXXXXXX,XXXXXXXXX,1,4189
15883,Chloe,Aguirre,XXXXXXXXX,XXXXXXXXX,1,248
15884,Danielle,Lopez,XXXXXXXXX,XXXXXXXXX,2,1927
15885,Miriam,Shaw,XXXXXXXXX,XXXXXXXXX,2,13441
15886,Carolyn,Sellers,XXXXXXXXX,XXXXXXXXX,2,3336
15887,Inez,Avery,XXXXXXXXX,XXXXXXXXX,2,12221
15888,Kylynn,French,XXXXXXXXX,XXXXXXXXX,2,5229
15889,Fallon,Compton,XXXXXXXXX,XXXXXXXXX,2,6119
15890,Dakota,Melendez,XXXXXXXXX,XXXXXXXXX,2,3386
15891,Rylee,Holmes,XXXXXXXXX,XXXXXXXXX,1,14318
15892,Patience,Martin,XXXXXXXXX,XXXXXXXXX,1,15710
15893,Lana,Warner,XXXXXXXXX,XXXXXXXXX,1,1101
15894,Naida,Little,XXXXXXXXX,XXXXXXXXX,2,8024
15895,Maryam,Haynes,XXXXXXXXX,XXXXXXXXX,1,12523
15896,Noel,Dalton,XXXXXXXXX,XXXXXXXXX,3,9456
15897,Xerxes,Barlow,XXXXXXXXX,XXXXXXXXX,1,2993
15898,Emma,Knapp,XXXXXXXXX,XXXXXXXXX,1,383
15899,Hyacinth,Albert,XXXXXXXXX,XXXXXXXXX,3,4506
15900,Wynter,Pollard,XXXXXXXXX,XXXXXXXXX,3,982
15901,Cally,Hobbs,XXXXXXXXX,XXXXXXXXX,3,2199
15902,Cleo,Pierce,XXXXXXXXX,XXXXXXXXX,2,14829
15903,Mara,West,XXXXXXXXX,XXXXXXXXX,1,16231
15904,Jennifer,Bailey,XXXXXXXXX,XXXXXXXXX,1,13648
15905,Yetta,Campbell,XXXXXXXXX,XXXXXXXXX,1,8562
15906,Lavinia,Coffey,XXXXXXXXX,XXXXXXXXX,1,10951
15907,Hayfa,Mathews,XXXXXXXXX,XXXXXXXXX,1,465
15908,Wanda,Puckett,XXXXXXXXX,XXXXXXXXX,1,7203
15909,Felicia,Perez,XXXXXXXXX,XXXXXXXXX,1,3122
15910,Taylor,Grant,XXXXXXXXX,XXXXXXXXX,1,8589
15911,Marah,Jordan,XXXXXXXXX,XXXXXXXXX,1,3395
15912,Stacy,Galloway,XXXXXXXXX,XXXXXXXXX,1,1250
15913,Kay,Mosley,XXXXXXXXX,XXXXXXXXX,1,759
15914,Sybill,Baxter,XXXXXXXXX,XXXXXXXXX,1,8627
15915,Adele,Ward,XXXXXXXXX,XXXXXXXXX,1,3731
15916,Dacey,Bradley,XXXXXXXXX,XXXXXXXXX,1,2667
15917,Deanna,Gilliam,XXXXXXXXX,XXXXXXXXX,1,8056
15918,Karina,Goodwin,XXXXXXXXX,XXXXXXXXX,3,13687
15919,Ivory,Glenn,XXXXXXXXX,XXXXXXXXX,3,8011
15920,Amy,Walton,XXXXXXXXX,XXXXXXXXX,3,10675
15921,Libby,Beasley,XXXXXXXXX,XXXXXXXXX,3,14492
15922,Aurora,Kane,XXXXXXXXX,XXXXXXXXX,1,11828
15923,Ainsley,Dominguez,XXXXXXXXX,XXXXXXXXX,2,3821
15924,Dominique,Davenport,XXXXXXXXX,XXXXXXXXX,2,5299
15925,Basia,Soto,XXXXXXXXX,XXXXXXXXX,1,8195
15926,Joan,Witt,XXXXXXXXX,XXXXXXXXX,1,332
15927,Teagan,Keller,XXXXXXXXX,XXXXXXXXX,1,1087
15928,Jael,Roy,XXXXXXXXX,XXXXXXXXX,2,15013
15929,Evelyn,Williams,XXXXXXXXX,XXXXXXXXX,1,11342
15930,Hannah,Jennings,XXXXXXXXX,XXXXXXXXX,3,8847
15931,Quail,Hawkins,XXXXXXXXX,XXXXXXXXX,1,7446
15932,Roary,Nash,XXXXXXXXX,XXXXXXXXX,1,14738
15933,Simone,Hess,XXXXXXXXX,XXXXXXXXX,1,10202
15934,Lucy,Orr,XXXXXXXXX,XXXXXXXXX,1,11712
15935,Yeo,Turner,XXXXXXXXX,XXXXXXXXX,1,3737
15936,Alma,Jackson,XXXXXXXXX,XXXXXXXXX,1,11843
15937,Kellie,Mayo,XXXXXXXXX,XXXXXXXXX,1,15829
15938,Kim,Rodriguez,XXXXXXXXX,XXXXXXXXX,2,12153
15939,Bo,Nolan,XXXXXXXXX,XXXXXXXXX,2,712
15940,Ciara,Blevins,XXXXXXXXX,XXXXXXXXX,3,14265
15941,Brynne,Tran,XXXXXXXXX,XXXXXXXXX,1,13625
15942,Sade,Byers,XXXXXXXXX,XXXXXXXXX,1,1769
15943,Kimberley,David,XXXXXXXXX,XXXXXXXXX,1,13371
15944,Natalie,Parks,XXXXXXXXX,XXXXXXXXX,1,1145
15945,Cassandra,Larson,XXXXXXXXX,XXXXXXXXX,2,13201
15946,Freya,Odonnell,XXXXXXXXX,XXXXXXXXX,2,3177
15947,Germane,Vargas,XXXXXXXXX,XXXXXXXXX,2,960
15948,Oprah,Olsen,XXXXXXXXX,XXXXXXXXX,1,9790
15949,Nichole,Holloway,XXXXXXXXX,XXXXXXXXX,1,2222
15950,Erica,Robinson,XXXXXXXXX,XXXXXXXXX,1,10224
15951,Constance,Austin,XXXXXXXXX,XXXXXXXXX,1,8915
15952,Kimberly,Lopez,XXXXXXXXX,XXXXXXXXX,3,1420
15953,Orli,Atkinson,XXXXXXXXX,XXXXXXXXX,1,2544
15954,Tana,Austin,XXXXXXXXX,XXXXXXXXX,3,11871
15955,Gillian,Baker,XXXXXXXXX,XXXXXXXXX,2,5724
15956,Irene,Rhodes,XXXXXXXXX,XXXXXXXXX,2,14983
15957,Clementine,Cohen,XXXXXXXXX,XXXXXXXXX,1,5645
15958,Abigail,Sykes,XXXXXXXXX,XXXXXXXXX,1,6717
15959,Tatyana,Greer,XXXXXXXXX,XXXXXXXXX,1,955
15960,Zoe,Ballard,XXXXXXXXX,XXXXXXXXX,1,3027
15961,Mikayla,Alexander,XXXXXXXXX,XXXXXXXXX,1,138
15962,Martina,Brennan,XXXXXXXXX,XXXXXXXXX,1,7092
15963,Zelda,Rivas,XXXXXXXXX,XXXXXXXXX,3,7041
15964,Daryl,Montgomery,XXXXXXXXX,XXXXXXXXX,1,11659
15965,Vivian,Trujillo,XXXXXXXXX,XXXXXXXXX,2,2771
15966,Hannah,Ortega,XXXXXXXXX,XXXXXXXXX,1,10869
15967,Illana,Douglas,XXXXXXXXX,XXXXXXXXX,3,13416
15968,Avye,Whitney,XXXXXXXXX,XXXXXXXXX,1,1900
15969,Rhoda,York,XXXXXXXXX,XXXXXXXXX,1,4866
15970,Ursula,Patterson,XXXXXXXXX,XXXXXXXXX,2,7971
15971,Zenaida,Eaton,XXXXXXXXX,XXXXXXXXX,2,1469
15972,Mechelle,Foley,XXXXXXXXX,XXXXXXXXX,2,3493
15973,Ursula,Andrade,XXXXXXXXX,XXXXXXXXX,2,11188
15974,Quin,Mcleod,XXXXXXXXX,XXXXXXXXX,2,9810
15975,Naida,Sharpe,XXXXXXXXX,XXXXXXXXX,2,9652
15976,Keelie,Holt,XXXXXXXXX,XXXXXXXXX,2,5672
15977,Quincy,Mccarthy,XXXXXXXXX,XXXXXXXXX,3,13224
15978,Ingrid,Delacruz,XXXXXXXXX,XXXXXXXXX,3,5141
15979,Selma,Shepherd,XXXXXXXXX,XXXXXXXXX,3,3745
15980,Victoria,Whitney,XXXXXXXXX,XXXXXXXXX,3,205
15981,Simone,Ayers,XXXXXXXXX,XXXXXXXXX,3,13157
15982,Freya,Larson,XXXXXXXXX,XXXXXXXXX,3,3870
15983,Veronica,Wise,XXXXXXXXX,XXXXXXXXX,1,13649
15984,Madonna,Cooke,XXXXXXXXX,XXXXXXXXX,1,16492
15985,Harriet,Witt,XXXXXXXXX,XXXXXXXXX,1,2326
15986,Christen,Madden,XXXXXXXXX,XXXXXXXXX,1,2006
15987,Constance,Pate,XXXXXXXXX,XXXXXXXXX,3,12247
15988,Clio,Mccall,XXXXXXXXX,XXXXXXXXX,2,7452
15989,Giselle,Robbins,XXXXXXXXX,XXXXXXXXX,1,16050
15990,Mallory,Cardenas,XXXXXXXXX,XXXXXXXXX,2,10551
15991,Brynn,Clayton,XXXXXXXXX,XXXXXXXXX,2,7024
15992,Hayfa,Hines,XXXXXXXXX,XXXXXXXXX,2,1512
15993,Basia,Haley,XXXXXXXXX,XXXXXXXXX,2,10750
15994,Rachel,Morton,XXXXXXXXX,XXXXXXXXX,2,7674
15995,Cora,Cotton,XXXXXXXXX,XXXXXXXXX,2,7933
15996,Briar,Sutton,XXXXXXXXX,XXXXXXXXX,1,2918
15997,Winter,Pitts,XXXXXXXXX,XXXXXXXXX,2,15188
15998,Tamara,Scott,XXXXXXXXX,XXXXXXXXX,2,61
15999,Jade,Mendez,XXXXXXXXX,XXXXXXXXX,1,1427
16000,Belle,Mccall,XXXXXXXXX,XXXXXXXXX,2,1002
16001,Roanna,Gillespie,XXXXXXXXX,XXXXXXXXX,2,4705
16002,Carissa,Potts,XXXXXXXXX,XXXXXXXXX,2,6541
16003,Imani,Hunter,XXXXXXXXX,XXXXXXXXX,2,12973
16004,Azalia,Jacobson,XXXXXXXXX,XXXXXXXXX,2,5381
16005,Dahlia,Holmes,XXXXXXXXX,XXXXXXXXX,3,4511
16006,Imani,Guerra,XXXXXXXXX,XXXXXXXXX,2,5315
16007,Ima,Avery,XXXXXXXXX,XXXXXXXXX,3,8257
16008,Jillian,Roman,XXXXXXXXX,XXXXXXXXX,1,2631
16009,Simone,Branch,XXXXXXXXX,XXXXXXXXX,2,1874
16010,Sarah,Adkins,XXXXXXXXX,XXXXXXXXX,2,2361
16011,Martina,Bridges,XXXXXXXXX,XXXXXXXXX,2,2200
16012,September,Hurst,XXXXXXXXX,XXXXXXXXX,2,234
16013,Hillary,Atkins,XXXXXXXXX,XXXXXXXXX,2,4902
16014,Kelsie,Forbes,XXXXXXXXX,XXXXXXXXX,1,11025
16015,Lael,Mayo,XXXXXXXXX,XXXXXXXXX,1,4939
16016,Alexa,Andrews,XXXXXXXXX,XXXXXXXXX,2,11563
16017,Rowan,Mcdowell,XXXXXXXXX,XXXXXXXXX,1,5459
16018,Kirby,Pitts,XXXXXXXXX,XXXXXXXXX,1,9147
16019,Whilemina,Martinez,XXXXXXXXX,XXXXXXXXX,2,8555
16020,Brooke,Waller,XXXXXXXXX,XXXXXXXXX,1,9078
16021,Alyssa,Combs,XXXXXXXXX,XXXXXXXXX,1,15007
16022,Irma,Witt,XXXXXXXXX,XXXXXXXXX,1,13210
16023,Bree,Glenn,XXXXXXXXX,XXXXXXXXX,1,8208
16024,Macy,Duke,XXXXXXXXX,XXXXXXXXX,1,15859
16025,Minerva,Wilkerson,XXXXXXXXX,XXXXXXXXX,1,13074
16026,Gwendolyn,Kelley,XXXXXXXXX,XXXXXXXXX,1,13545
16027,Evangeline,Terry,XXXXXXXXX,XXXXXXXXX,1,9492
16028,Tatiana,Alexander,XXXXXXXXX,XXXXXXXXX,1,8572
16029,Lynn,Bowers,XXXXXXXXX,XXXXXXXXX,1,5081
16030,Sydnee,Ochoa,XXXXXXXXX,XXXXXXXXX,1,13429
16031,Darrel,English,XXXXXXXXX,XXXXXXXXX,1,12748
16032,Dominique,Le,XXXXXXXXX,XXXXXXXXX,1,2470
16033,Iris,Nolan,XXXXXXXXX,XXXXXXXXX,1,13772
16034,Harriet,David,XXXXXXXXX,XXXXXXXXX,2,298
16035,Megan,Dale,XXXXXXXXX,XXXXXXXXX,1,1669
16036,Mara,Rios,XXXXXXXXX,XXXXXXXXX,1,13921
16037,Xandra,Bolton,XXXXXXXXX,XXXXXXXXX,1,10662
16038,Marah,Flynn,XXXXXXXXX,XXXXXXXXX,1,6921
16039,Fay,Morton,XXXXXXXXX,XXXXXXXXX,1,5840
16040,Winifred,Rivas,XXXXXXXXX,XXXXXXXXX,1,6483
16041,Ainsley,Warren,XXXXXXXXX,XXXXXXXXX,1,14309
16042,Virginia,Barrett,XXXXXXXXX,XXXXXXXXX,1,2459
16043,Rachel,Mckee,XXXXXXXXX,XXXXXXXXX,1,12023
16044,Yael,Chapman,XXXXXXXXX,XXXXXXXXX,1,28
16045,Mara,Schultz,XXXXXXXXX,XXXXXXXXX,3,1742
16046,Willa,Adkins,XXXXXXXXX,XXXXXXXXX,3,2503
16047,Maisie,Luna,XXXXXXXXX,XXXXXXXXX,1,6733
16048,Deanna,Wallace,XXXXXXXXX,XXXXXXXXX,1,8964
16049,Sopoline,Griffin,XXXXXXXXX,XXXXXXXXX,2,10110
16050,Nomlanga,Hinton,XXXXXXXXX,XXXXXXXXX,1,7927
16051,Alma,Saunders,XXXXXXXXX,XXXXXXXXX,1,9375
16052,Gemma,Gilmore,XXXXXXXXX,XXXXXXXXX,2,1757
16053,Jillian,Collier,XXXXXXXXX,XXXXXXXXX,2,14156
16054,Donna,Luna,XXXXXXXXX,XXXXXXXXX,3,1539
16055,Xantha,Morrow,XXXXXXXXX,XXXXXXXXX,1,14869
16056,Kylie,Mason,XXXXXXXXX,XXXXXXXXX,2,13962
16057,Aubrey,Mcmahon,XXXXXXXXX,XXXXXXXXX,2,7382
16058,Blossom,Oneal,XXXXXXXXX,XXXXXXXXX,1,13994
16059,Jessamine,Kirk,XXXXXXXXX,XXXXXXXXX,1,12050
16060,Dana,Flores,XXXXXXXXX,XXXXXXXXX,2,14802
16061,Genevieve,Blankenship,XXXXXXXXX,XXXXXXXXX,2,4608
16062,Eve,Richmond,XXXXXXXXX,XXXXXXXXX,1,3283
16063,Whoopi,Benjamin,XXXXXXXXX,XXXXXXXXX,2,9072
16064,Sade,Holder,XXXXXXXXX,XXXXXXXXX,1,1820
16065,Britanni,Ramirez,XXXXXXXXX,XXXXXXXXX,1,14636
16066,Lila,Burgess,XXXXXXXXX,XXXXXXXXX,1,4390
16067,Jordan,Garrett,XXXXXXXXX,XXXXXXXXX,1,6146
16068,Adele,Chavez,XXXXXXXXX,XXXXXXXXX,2,4661
16069,Jillian,Huber,XXXXXXXXX,XXXXXXXXX,1,2574
16070,Sara,Farley,XXXXXXXXX,XXXXXXXXX,1,7479
16071,Ocean,Mcdowell,XXXXXXXXX,XXXXXXXXX,3,12305
16072,Genevieve,Good,XXXXXXXXX,XXXXXXXXX,2,12156
16073,Hillary,Burks,XXXXXXXXX,XXXXXXXXX,1,11865
16074,Anika,Spears,XXXXXXXXX,XXXXXXXXX,1,3316
16075,Isabella,West,XXXXXXXXX,XXXXXXXXX,1,2295
16076,Deborah,Kim,XXXXXXXXX,XXXXXXXXX,1,10923
16077,Kyla,Lamb,XXXXXXXXX,XXXXXXXXX,1,9462
16078,Carol,Howard,XXXXXXXXX,XXXXXXXXX,1,9121
16079,Phoebe,Noel,XXXXXXXXX,XXXXXXXXX,1,2159
16080,Caryn,Bowers,XXXXXXXXX,XXXXXXXXX,1,4575
16081,Zia,Mcdaniel,XXXXXXXXX,XXXXXXXXX,1,15479
16082,Alexandra,Gamble,XXXXXXXXX,XXXXXXXXX,1,15191
16083,Sydney,Faulkner,XXXXXXXXX,XXXXXXXXX,1,5913
16084,Calista,Talley,XXXXXXXXX,XXXXXXXXX,1,11572
16085,Yolanda,Page,XXXXXXXXX,XXXXXXXXX,2,8452
16086,Aimee,Terrell,XXXXXXXXX,XXXXXXXXX,2,9162
16087,Darryl,Donaldson,XXXXXXXXX,XXXXXXXXX,1,1082
16088,Halee,Andrews,XXXXXXXXX,XXXXXXXXX,1,10031
16089,Sydnee,Hill,XXXXXXXXX,XXXXXXXXX,1,3420
16090,Evelyn,Odom,XXXXXXXXX,XXXXXXXXX,1,8907
16091,Raya,Noble,XXXXXXXXX,XXXXXXXXX,1,2005
16092,Katelyn,Brady,XXXXXXXXX,XXXXXXXXX,1,11519
16093,Yvonne,Ferrell,XXXXXXXXX,XXXXXXXXX,2,1700
16094,Signe,Tran,XXXXXXXXX,XXXXXXXXX,3,9387
16095,Stella,Morin,XXXXXXXXX,XXXXXXXXX,3,1380
16096,Mira,Macdonald,XXXXXXXXX,XXXXXXXXX,3,14164
16097,Demetria,Boone,XXXXXXXXX,XXXXXXXXX,3,9319
16098,Winifred,Monroe,XXXXXXXXX,XXXXXXXXX,3,13283
16099,Carol,Robertson,XXXXXXXXX,XXXXXXXXX,3,8692
16100,Deborah,Grimes,XXXXXXXXX,XXXXXXXXX,2,9692
16101,Aphrodite,Salas,XXXXXXXXX,XXXXXXXXX,2,11853
16102,Basia,Boyer,XXXXXXXXX,XXXXXXXXX,3,262
16103,Constance,Cain,XXXXXXXXX,XXXXXXXXX,3,14729
16104,Shafira,Harding,XXXXXXXXX,XXXXXXXXX,1,6243
16105,Priscilla,Owens,XXXXXXXXX,XXXXXXXXX,3,7270
16106,Clare,Knight,XXXXXXXXX,XXXXXXXXX,2,13194
16107,Blythe,Spencer,XXXXXXXXX,XXXXXXXXX,2,817
16108,Macy,Conrad,XXXXXXXXX,XXXXXXXXX,3,1426
16109,Velma,Nunez,XXXXXXXXX,XXXXXXXXX,1,82
16110,Guinevere,Little,XXXXXXXXX,XXXXXXXXX,1,13041
16111,Astra,Workman,XXXXXXXXX,XXXXXXXXX,2,13701
16112,Illana,Kirkland,XXXXXXXXX,XXXXXXXXX,2,5358
16113,Demetria,Alvarado,XXXXXXXXX,XXXXXXXXX,2,12467
16114,Velma,Mcguire,XXXXXXXXX,XXXXXXXXX,1,12448
16115,Mary,Branch,XXXXXXXXX,XXXXXXXXX,1,2698
16116,Ivana,Walters,XXXXXXXXX,XXXXXXXXX,1,11140
16117,Lacota,Cabrera,XXXXXXXXX,XXXXXXXXX,2,13285
16118,Farrah,Nielsen,XXXXXXXXX,XXXXXXXXX,1,5604
16119,Farrah,Becker,XXXXXXXXX,XXXXXXXXX,1,5159
16120,Lysandra,Mcgowan,XXXXXXXXX,XXXXXXXXX,1,6497
16121,Kirsten,Mills,XXXXXXXXX,XXXXXXXXX,1,7241
16122,Idola,Lara,XXXXXXXXX,XXXXXXXXX,2,4166
16123,Kirestin,Britt,XXXXXXXXX,XXXXXXXXX,2,15157
16124,Calista,Chaney,XXXXXXXXX,XXXXXXXXX,2,2530
16125,Vielka,Jordan,XXXXXXXXX,XXXXXXXXX,2,13048
16126,Sloane,Stevens,XXXXXXXXX,XXXXXXXXX,2,8081
16127,Ora,Frederick,XXXXXXXXX,XXXXXXXXX,3,15376
16128,Sydnee,Chambers,XXXXXXXXX,XXXXXXXXX,3,8621
16129,Sonia,Logan,XXXXXXXXX,XXXXXXXXX,1,1286
16130,Myra,Armstrong,XXXXXXXXX,XXXXXXXXX,3,12042
16131,Shaine,Sheppard,XXXXXXXXX,XXXXXXXXX,3,12695
16132,Francesca,Melton,XXXXXXXXX,XXXXXXXXX,3,15892
16133,Maite,Holmes,XXXXXXXXX,XXXXXXXXX,3,13267
16134,Heidi,Holder,XXXXXXXXX,XXXXXXXXX,3,4488
16135,Hanae,Maddox,XXXXXXXXX,XXXXXXXXX,3,7830
16136,Quemby,Wolfe,XXXXXXXXX,XXXXXXXXX,2,7271
16137,Shannon,Sykes,XXXXXXXXX,XXXXXXXXX,1,8296
16138,Noelani,Figueroa,XXXXXXXXX,XXXXXXXXX,2,12828
16139,Nora,Branch,XXXXXXXXX,XXXXXXXXX,3,8956
16140,Ainsley,Tate,XXXXXXXXX,XXXXXXXXX,3,1244
16141,Renee,Thompson,XXXXXXXXX,XXXXXXXXX,3,16066
16142,Leigh,Nielsen,XXXXXXXXX,XXXXXXXXX,3,10510
16143,Carla,Rogers,XXXXXXXXX,XXXXXXXXX,3,8840
16144,Ila,Heath,XXXXXXXXX,XXXXXXXXX,3,12521
16145,Lynn,Webster,XXXXXXXXX,XXXXXXXXX,1,6621
16146,Larissa,Hartman,XXXXXXXXX,XXXXXXXXX,2,1105
16147,Zenaida,Harrell,XXXXXXXXX,XXXXXXXXX,1,4759
16148,Tasha,Henderson,XXXXXXXXX,XXXXXXXXX,1,2845
16149,Renee,Workman,XXXXXXXXX,XXXXXXXXX,1,7596
16150,Isabella,Hoffman,XXXXXXXXX,XXXXXXXXX,1,1761
16151,Zephr,Kennedy,XXXXXXXXX,XXXXXXXXX,1,16384
16152,Whitney,Harrison,XXXXXXXXX,XXXXXXXXX,2,10112
16153,Karina,Rush,XXXXXXXXX,XXXXXXXXX,1,11773
16154,Ann,Kline,XXXXXXXXX,XXXXXXXXX,1,11706
16155,Whitney,Terry,XXXXXXXXX,XXXXXXXXX,1,5619
16156,Cally,Workman,XXXXXXXXX,XXXXXXXXX,3,15180
16157,Audrey,Walton,XXXXXXXXX,XXXXXXXXX,3,2411
16158,Jennifer,Ware,XXXXXXXXX,XXXXXXXXX,3,10540
16159,Riley,Barber,XXXXXXXXX,XXXXXXXXX,1,12265
16160,Sybill,Cameron,XXXXXXXXX,XXXXXXXXX,1,12164
16161,Lani,Walton,XXXXXXXXX,XXXXXXXXX,2,7503
16162,Brenna,Mclean,XXXXXXXXX,XXXXXXXXX,3,6102
16163,Jocelyn,Massey,XXXXXXXXX,XXXXXXXXX,2,7086
16164,Hannah,Frazier,XXXXXXXXX,XXXXXXXXX,2,15623
16165,Paula,Rodriguez,XXXXXXXXX,XXXXXXXXX,2,14819
16166,Desiree,Patel,XXXXXXXXX,XXXXXXXXX,3,3442
16167,Illana,Barker,XXXXXXXXX,XXXXXXXXX,1,9561
16168,Xena,Atkins,XXXXXXXXX,XXXXXXXXX,1,12933
16169,Gay,Boyd,XXXXXXXXX,XXXXXXXXX,1,13681
16170,Katell,Shannon,XXXXXXXXX,XXXXXXXXX,1,2085
16171,Zia,Henderson,XXXXXXXXX,XXXXXXXXX,3,4601
16172,April,Blackburn,XXXXXXXXX,XXXXXXXXX,3,11119
16173,Jamalia,Ball,XXXXXXXXX,XXXXXXXXX,1,4981
16174,Willow,Hines,XXXXXXXXX,XXXXXXXXX,2,12907
16175,Aubrey,Chan,XXXXXXXXX,XXXXXXXXX,2,185
16176,Lacy,Hayes,XXXXXXXXX,XXXXXXXXX,2,7496
16177,Susan,Harding,XXXXXXXXX,XXXXXXXXX,2,5144
16178,Iola,Williams,XXXXXXXXX,XXXXXXXXX,2,4801
16179,Carly,Shaw,XXXXXXXXX,XXXXXXXXX,2,9030
16180,Adrienne,Rutledge,XXXXXXXXX,XXXXXXXXX,2,11088
16181,Helen,Leonard,XXXXXXXXX,XXXXXXXXX,3,7035
16182,Cleo,Lee,XXXXXXXXX,XXXXXXXXX,3,16038
16183,Rhoda,Mason,XXXXXXXXX,XXXXXXXXX,3,9447
16184,Gillian,Burt,XXXXXXXXX,XXXXXXXXX,3,11465
16185,Iona,Terry,XXXXXXXXX,XXXXXXXXX,3,5085
16186,Azalia,Berg,XXXXXXXXX,XXXXXXXXX,3,3556
16187,Charlotte,Galloway,XXXXXXXXX,XXXXXXXXX,3,9541
16188,Haviva,Mccullough,XXXXXXXXX,XXXXXXXXX,1,12708
16189,Hedda,Thompson,XXXXXXXXX,XXXXXXXXX,1,13763
16190,Brenna,Haley,XXXXXXXXX,XXXXXXXXX,2,16282
16191,Audrey,Fowler,XXXXXXXXX,XXXXXXXXX,1,12103
16192,Cynthia,Hart,XXXXXXXXX,XXXXXXXXX,1,15298
16193,Morgan,Kelly,XXXXXXXXX,XXXXXXXXX,1,12566
16194,Cynthia,Patterson,XXXXXXXXX,XXXXXXXXX,1,4418
16195,Ivory,Nichols,XXXXXXXXX,XXXXXXXXX,1,10526
16196,Brianna,Potter,XXXXXXXXX,XXXXXXXXX,3,9699
16197,Olympia,Hopkins,XXXXXXXXX,XXXXXXXXX,3,2119
16198,Winter,Middleton,XXXXXXXXX,XXXXXXXXX,1,8494
16199,Zorita,Fisher,XXXXXXXXX,XXXXXXXXX,1,6028
16200,Lara,Greene,XXXXXXXXX,XXXXXXXXX,1,10422
16201,Sybil,Mcfadden,XXXXXXXXX,XXXXXXXXX,1,4550
16202,Astra,Santana,XXXXXXXXX,XXXXXXXXX,3,4538
16203,Xaviera,Pratt,XXXXXXXXX,XXXXXXXXX,3,300
16204,Halla,Bates,XXXXXXXXX,XXXXXXXXX,2,11456
16205,Jorden,Hancock,XXXXXXXXX,XXXXXXXXX,3,11619
16206,Belle,Mccullough,XXXXXXXXX,XXXXXXXXX,3,2546
16207,Brittany,Moody,XXXXXXXXX,XXXXXXXXX,3,4361
16208,Cassady,Chambers,XXXXXXXXX,XXXXXXXXX,1,3334
16209,Willow,Roberts,XXXXXXXXX,XXXXXXXXX,2,15516
16210,Maia,Burgess,XXXXXXXXX,XXXXXXXXX,2,857
16211,Anastasia,Carver,XXXXXXXXX,XXXXXXXXX,1,5968
16212,Brianna,Sanders,XXXXXXXXX,XXXXXXXXX,1,8767
16213,Ivory,Gibbs,XXXXXXXXX,XXXXXXXXX,1,8450
16214,Elaine,Gilbert,XXXXXXXXX,XXXXXXXXX,3,8988
16215,Camille,Beard,XXXXXXXXX,XXXXXXXXX,3,12256
16216,Maggy,Potts,XXXXXXXXX,XXXXXXXXX,3,280
16217,Emily,Burris,XXXXXXXXX,XXXXXXXXX,3,12855
16218,Ulla,Peck,XXXXXXXXX,XXXXXXXXX,2,16437
16219,Amity,Browning,XXXXXXXXX,XXXXXXXXX,2,6460
16220,Brianna,Massey,XXXXXXXXX,XXXXXXXXX,2,15140
16221,Nora,Whitehead,XXXXXXXXX,XXXXXXXXX,2,8501
16222,Holly,Hayes,XXXXXXXXX,XXXXXXXXX,2,14463
16223,Ayanna,Cohen,XXXXXXXXX,XXXXXXXXX,2,16500
16224,Eden,Gonzalez,XXXXXXXXX,XXXXXXXXX,2,303
16225,Danielle,Bowman,XXXXXXXXX,XXXXXXXXX,2,7917
16226,Quon,Cote,XXXXXXXXX,XXXXXXXXX,3,15583
16227,Deborah,Abbott,XXXXXXXXX,XXXXXXXXX,3,12196
16228,Hedda,Randall,XXXXXXXXX,XXXXXXXXX,3,10544
16229,Athena,Wyatt,XXXXXXXXX,XXXXXXXXX,2,3111
16230,Kelsie,Hopkins,XXXXXXXXX,XXXXXXXXX,1,5974
16231,Lee,Castaneda,XXXXXXXXX,XXXXXXXXX,1,4655
16232,Jenette,Wilkins,XXXXXXXXX,XXXXXXXXX,3,2023
16233,Mollie,Dawson,XXXXXXXXX,XXXXXXXXX,1,13462
16234,Gretchen,Shepherd,XXXXXXXXX,XXXXXXXXX,1,10512
16235,Marah,Christian,XXXXXXXXX,XXXXXXXXX,1,12803
16236,Karyn,Huff,XXXXXXXXX,XXXXXXXXX,2,9338
16237,Germaine,Owen,XXXXXXXXX,XXXXXXXXX,3,12747
16238,Cathleen,Tate,XXXXXXXXX,XXXXXXXXX,3,15598
16239,Frances,Johnston,XXXXXXXXX,XXXXXXXXX,3,9190
16240,Aphrodite,Gaines,XXXXXXXXX,XXXXXXXXX,3,11883
16241,Carissa,Moran,XXXXXXXXX,XXXXXXXXX,3,8500
16242,Melissa,Bailey,XXXXXXXXX,XXXXXXXXX,3,5130
16243,Kaitlin,Scott,XXXXXXXXX,XXXXXXXXX,1,3710
16244,Hyacinth,Witt,XXXXXXXXX,XXXXXXXXX,3,11544
16245,Maggie,Cantu,XXXXXXXXX,XXXXXXXXX,3,593
16246,Roanna,Hale,XXXXXXXXX,XXXXXXXXX,3,4381
16247,Jacqueline,Lyons,XXXXXXXXX,XXXXXXXXX,1,4204
16248,Minerva,Oneal,XXXXXXXXX,XXXXXXXXX,1,984
16249,Jayme,Diaz,XXXXXXXXX,XXXXXXXXX,1,1610
16250,Naomi,Rocha,XXXXXXXXX,XXXXXXXXX,3,2120
16251,Shelley,Fowler,XXXXXXXXX,XXXXXXXXX,1,2966
16252,Lee,Glass,XXXXXXXXX,XXXXXXXXX,1,4893
16253,Chava,Mcmahon,XXXXXXXXX,XXXXXXXXX,2,14297
16254,Stacey,Huff,XXXXXXXXX,XXXXXXXXX,1,13977
16255,Cally,Barlow,XXXXXXXXX,XXXXXXXXX,2,8393
16256,Cherokee,Armstrong,XXXXXXXXX,XXXXXXXXX,2,6604
16257,Katelyn,Gordon,XXXXXXXXX,XXXXXXXXX,2,905
16258,Nell,Joyce,XXXXXXXXX,XXXXXXXXX,2,341
16259,Fiona,Noel,XXXXXXXXX,XXXXXXXXX,1,2621
16260,Alisa,Hill,XXXXXXXXX,XXXXXXXXX,1,5888
16261,Donna,Hoffman,XXXXXXXXX,XXXXXXXXX,2,959
16262,Desirae,Stokes,XXXXXXXXX,XXXXXXXXX,1,12427
16263,Kelsie,Mcfadden,XXXXXXXXX,XXXXXXXXX,1,3119
16264,Mona,Tyler,XXXXXXXXX,XXXXXXXXX,1,10884
16265,Rebeca,Weber,XXXXXXXXX,XXXXXXXXX,2,4056
16266,Calista,Hickman,XXXXXXXXX,XXXXXXXXX,2,2108
16267,Irma,Mcpherson,XXXXXXXXX,XXXXXXXXX,1,895
16268,Katell,Jimenez,XXXXXXXXX,XXXXXXXXX,1,11623
16269,Kitra,Bruce,XXXXXXXXX,XXXXXXXXX,1,1919
16270,Katell,Marsh,XXXXXXXXX,XXXXXXXXX,1,13185
16271,Chelsea,Jenkins,XXXXXXXXX,XXXXXXXXX,1,3495
16272,Madeline,Aguilar,XXXXXXXXX,XXXXXXXXX,3,9089
16273,Bertha,Melton,XXXXXXXXX,XXXXXXXXX,1,9177
16274,Patience,Dunn,XXXXXXXXX,XXXXXXXXX,3,10079
16275,Darryl,Kim,XXXXXXXXX,XXXXXXXXX,1,14821
16276,Carolyn,Rose,XXXXXXXXX,XXXXXXXXX,3,11361
16277,Montana,Young,XXXXXXXXX,XXXXXXXXX,1,2905
16278,Hedwig,Santos,XXXXXXXXX,XXXXXXXXX,2,14022
16279,Chava,Suarez,XXXXXXXXX,XXXXXXXXX,1,14392
16280,Eve,Hood,XXXXXXXXX,XXXXXXXXX,1,12999
16281,Gloria,Hester,XXXXXXXXX,XXXXXXXXX,3,14817
16282,Mariko,Howard,XXXXXXXXX,XXXXXXXXX,1,2772
16283,Evelyn,Hendricks,XXXXXXXXX,XXXXXXXXX,3,10844
16284,Brenna,Tyson,XXXXXXXXX,XXXXXXXXX,1,9009
16285,Cassandra,Wyatt,XXXXXXXXX,XXXXXXXXX,3,9270
16286,Belle,Stein,XXXXXXXXX,XXXXXXXXX,3,5895
16287,Inga,Porter,XXXXXXXXX,XXXXXXXXX,2,1684
16288,Angelica,Key,XXXXXXXXX,XXXXXXXXX,2,9801
16289,Dominique,Morrison,XXXXXXXXX,XXXXXXXXX,1,8104
16290,Virginia,Middleton,XXXXXXXXX,XXXXXXXXX,1,9472
16291,Zoe,Daugherty,XXXXXXXXX,XXXXXXXXX,1,10348
16292,Blythe,Shaffer,XXXXXXXXX,XXXXXXXXX,1,7340
16293,Chantale,Higgins,XXXXXXXXX,XXXXXXXXX,1,1679
16294,Cheryl,Larson,XXXXXXXXX,XXXXXXXXX,1,8236
16295,Raya,Garrison,XXXXXXXXX,XXXXXXXXX,1,13751
16296,Mechelle,Sharpe,XXXXXXXXX,XXXXXXXXX,1,16010
16297,Petra,Padilla,XXXXXXXXX,XXXXXXXXX,2,10395
16298,Karla,Holmes,XXXXXXXXX,XXXXXXXXX,2,6542
16299,Ila,Nichols,XXXXXXXXX,XXXXXXXXX,2,16084
16300,Felicia,Mcfarland,XXXXXXXXX,XXXXXXXXX,2,7458
16301,Quin,Manning,XXXXXXXXX,XXXXXXXXX,2,2209
16302,Meredith,Albert,XXXXXXXXX,XXXXXXXXX,2,6194
16303,Abra,Mitchell,XXXXXXXXX,XXXXXXXXX,2,15843
16304,Cherokee,Franklin,XXXXXXXXX,XXXXXXXXX,1,290
16305,Ignacia,Holmes,XXXXXXXXX,XXXXXXXXX,3,758
16306,Melanie,Kennedy,XXXXXXXXX,XXXXXXXXX,3,7437
16307,Zia,Haley,XXXXXXXXX,XXXXXXXXX,3,15988
16308,Yvette,Mack,XXXXXXXXX,XXXXXXXXX,1,64
16309,Deanna,Cherry,XXXXXXXXX,XXXXXXXXX,2,13249
16310,Blythe,Huffman,XXXXXXXXX,XXXXXXXXX,2,16424
16311,Ivory,Blair,XXXXXXXXX,XXXXXXXXX,3,7533
16312,Melyssa,King,XXXXXXXXX,XXXXXXXXX,1,15222
16313,Kim,Morales,XXXXXXXXX,XXXXXXXXX,2,1056
16314,Pascale,Russell,XXXXXXXXX,XXXXXXXXX,2,143
16315,Orli,Shelton,XXXXXXXXX,XXXXXXXXX,2,9910
16316,Wynter,Wooten,XXXXXXXXX,XXXXXXXXX,2,12278
16317,Jaime,Camacho,XXXXXXXXX,XXXXXXXXX,2,2659
16318,Karina,Fisher,XXXXXXXXX,XXXXXXXXX,2,6802
16319,Isabella,Pickett,XXXXXXXXX,XXXXXXXXX,1,3693
16320,Xerxes,Rush,XXXXXXXXX,XXXXXXXXX,2,8984
16321,Nita,Vega,XXXXXXXXX,XXXXXXXXX,2,16465
16322,Anika,Davenport,XXXXXXXXX,XXXXXXXXX,3,13395
16323,Remedios,Fleming,XXXXXXXXX,XXXXXXXXX,1,3482
16324,Ori,Zimmerman,XXXXXXXXX,XXXXXXXXX,2,7738
16325,Iona,Donovan,XXXXXXXXX,XXXXXXXXX,2,11414
16326,Signe,Green,XXXXXXXXX,XXXXXXXXX,2,4479
16327,Danielle,Garrett,XXXXXXXXX,XXXXXXXXX,1,13220
16328,Madonna,Woodward,XXXXXXXXX,XXXXXXXXX,2,409
16329,Karly,Green,XXXXXXXXX,XXXXXXXXX,1,14888
16330,Liberty,Small,XXXXXXXXX,XXXXXXXXX,2,7291
16331,Deirdre,Grant,XXXXXXXXX,XXXXXXXXX,3,2613
16332,Darrel,Wheeler,XXXXXXXXX,XXXXXXXXX,1,14012
16333,Geraldine,Terrell,XXXXXXXXX,XXXXXXXXX,2,3834
16334,Morgan,Mayo,XXXXXXXXX,XXXXXXXXX,2,6211
16335,Linda,Nolan,XXXXXXXXX,XXXXXXXXX,1,15542
16336,Xerxes,Gay,XXXXXXXXX,XXXXXXXXX,2,9185
16337,Ainsley,Dunn,XXXXXXXXX,XXXXXXXXX,2,13822
16338,Faith,Woodward,XXXXXXXXX,XXXXXXXXX,2,13945
16339,Jolene,Mcneil,XXXXXXXXX,XXXXXXXXX,2,10292
16340,Diana,Holmes,XXXXXXXXX,XXXXXXXXX,2,6168
16341,Karina,Robinson,XXXXXXXXX,XXXXXXXXX,3,1895
16342,Sydney,Houston,XXXXXXXXX,XXXXXXXXX,1,13421
16343,Shelley,Boyle,XXXXXXXXX,XXXXXXXXX,1,121
16344,Kathleen,Sanford,XXXXXXXXX,XXXXXXXXX,1,3546
16345,Alfreda,Clark,XXXXXXXXX,XXXXXXXXX,1,13787
16346,Noel,Wood,XXXXXXXXX,XXXXXXXXX,1,2039
16347,Aimee,Lara,XXXXXXXXX,XXXXXXXXX,3,102
16348,Hollee,Mckinney,XXXXXXXXX,XXXXXXXXX,2,8686
16349,Charly,Sandoval,XXXXXXXXX,XXXXXXXXX,2,13667
16350,Imani,Spencer,XXXXXXXXX,XXXXXXXXX,2,424
16351,Caryn,Pennington,XXXXXXXXX,XXXXXXXXX,2,11770
16352,Ainsley,Walters,XXXXXXXXX,XXXXXXXXX,2,15955
16353,Astra,Goff,XXXXXXXXX,XXXXXXXXX,2,4518
16354,Echo,Prince,XXXXXXXXX,XXXXXXXXX,3,13621
16355,Stella,Parks,XXXXXXXXX,XXXXXXXXX,1,8867
16356,Nichole,Lindsay,XXXXXXXXX,XXXXXXXXX,1,2520
16357,Desiree,Bray,XXXXXXXXX,XXXXXXXXX,1,14680
16358,Ginger,Sharp,XXXXXXXXX,XXXXXXXXX,3,3485
16359,Jaden,Mathis,XXXXXXXXX,XXXXXXXXX,3,6371
16360,Harriet,Rogers,XXXXXXXXX,XXXXXXXXX,2,9406
16361,Sloane,Watts,XXXXXXXXX,XXXXXXXXX,2,14019
16362,Fallon,Wilder,XXXXXXXXX,XXXXXXXXX,2,7499
16363,Orli,Romero,XXXXXXXXX,XXXXXXXXX,2,4642
16364,Martha,Mcfarland,XXXXXXXXX,XXXXXXXXX,1,8705
16365,Maggie,Kelly,XXXXXXXXX,XXXXXXXXX,3,7149
16366,Hillary,Velez,XXXXXXXXX,XXXXXXXXX,3,16001
16367,Oprah,Ashley,XXXXXXXXX,XXXXXXXXX,3,16496
16368,Denise,Wheeler,XXXXXXXXX,XXXXXXXXX,3,8723
16369,Anastasia,Vance,XXXXXXXXX,XXXXXXXXX,3,12868
16370,Ocean,Mcknight,XXXXXXXXX,XXXXXXXXX,3,6754
16371,Lydia,Bird,XXXXXXXXX,XXXXXXXXX,2,4934
16372,Lois,Conley,XXXXXXXXX,XXXXXXXXX,2,6904
16373,Idona,Farmer,XXXXXXXXX,XXXXXXXXX,1,1102
16374,Victoria,Simon,XXXXXXXXX,XXXXXXXXX,1,2868
16375,Shay,Griffin,XXXXXXXXX,XXXXXXXXX,1,8253
16376,Beatrice,Bird,XXXXXXXXX,XXXXXXXXX,1,11560
16377,Sydnee,Giles,XXXXXXXXX,XXXXXXXXX,1,679
16378,Tatiana,Lancaster,XXXXXXXXX,XXXXXXXXX,1,6568
16379,Barbara,Sharpe,XXXXXXXXX,XXXXXXXXX,1,2556
16380,Brianna,Mcfadden,XXXXXXXXX,XXXXXXXXX,3,13336
16381,Abra,Jensen,XXXXXXXXX,XXXXXXXXX,3,12276
16382,Rowan,Robbins,XXXXXXXXX,XXXXXXXXX,3,1746
16383,Florence,Short,XXXXXXXXX,XXXXXXXXX,3,686
16384,Cara,Delacruz,XXXXXXXXX,XXXXXXXXX,3,10757
16385,Bree,Olsen,XXXXXXXXX,XXXXXXXXX,2,9301
16386,May,Stevens,XXXXXXXXX,XXXXXXXXX,2,128
16387,Blythe,Terrell,XXXXXXXXX,XXXXXXXXX,2,952
16388,Idola,Flowers,XXXXXXXXX,XXXXXXXXX,2,10829
16389,Medge,Hendricks,XXXXXXXXX,XXXXXXXXX,2,15035
16390,Lois,Tate,XXXXXXXXX,XXXXXXXXX,2,3863
16391,September,Maldonado,XXXXXXXXX,XXXXXXXXX,2,3825
16392,Lacey,Luna,XXXXXXXXX,XXXXXXXXX,2,4424
16393,Bertha,Lawrence,XXXXXXXXX,XXXXXXXXX,2,264
16394,Kay,Pruitt,XXXXXXXXX,XXXXXXXXX,1,15865
16395,Remedios,Spencer,XXXXXXXXX,XXXXXXXXX,1,14900
16396,Melyssa,Bush,XXXXXXXXX,XXXXXXXXX,1,13329
16397,Adena,Spence,XXXXXXXXX,XXXXXXXXX,1,14609
16398,Christine,King,XXXXXXXXX,XXXXXXXXX,1,5169
16399,Amela,Cochran,XXXXXXXXX,XXXXXXXXX,1,11526
16400,Xerxes,Webster,XXXXXXXXX,XXXXXXXXX,1,2836
16401,Nola,Terrell,XXXXXXXXX,XXXXXXXXX,1,338
16402,Kerry,Ayala,XXXXXXXXX,XXXXXXXXX,2,5691
16403,Quemby,Wilkerson,XXXXXXXXX,XXXXXXXXX,2,4307
16404,Whitney,Clarke,XXXXXXXXX,XXXXXXXXX,2,15587
16405,Diana,Cabrera,XXXXXXXXX,XXXXXXXXX,2,12522
16406,Daryl,Spence,XXXXXXXXX,XXXXXXXXX,1,5139
16407,Farrah,Horn,XXXXXXXXX,XXXXXXXXX,1,4557
16408,Octavia,Chase,XXXXXXXXX,XXXXXXXXX,2,6530
16409,Dorothy,Nielsen,XXXXXXXXX,XXXXXXXXX,2,2929
16410,Quincy,Ewing,XXXXXXXXX,XXXXXXXXX,1,14666
16411,Alyssa,Benson,XXXXXXXXX,XXXXXXXXX,1,13862
16412,Iris,Ashley,XXXXXXXXX,XXXXXXXXX,3,9444
16413,Kim,Gray,XXXXXXXXX,XXXXXXXXX,1,13506
16414,Marny,Hogan,XXXXXXXXX,XXXXXXXXX,1,2243
16415,Sheila,Gonzales,XXXXXXXXX,XXXXXXXXX,1,14601
16416,Leilani,Zamora,XXXXXXXXX,XXXXXXXXX,1,16398
16417,Oprah,Tucker,XXXXXXXXX,XXXXXXXXX,1,10623
16418,Shea,Vega,XXXXXXXXX,XXXXXXXXX,2,7667
16419,Ina,Rodriquez,XXXXXXXXX,XXXXXXXXX,2,4562
16420,Hilary,Nash,XXXXXXXXX,XXXXXXXXX,2,7775
16421,Tamara,Schroeder,XXXXXXXXX,XXXXXXXXX,2,3221
16422,Ora,Valdez,XXXXXXXXX,XXXXXXXXX,3,15686
16423,Sarah,Schneider,XXXXXXXXX,XXXXXXXXX,3,8944
16424,Leigh,Roberson,XXXXXXXXX,XXXXXXXXX,3,5680
16425,Courtney,Barnett,XXXXXXXXX,XXXXXXXXX,2,3967
16426,Mechelle,Russo,XXXXXXXXX,XXXXXXXXX,2,10307
16427,Amber,Faulkner,XXXXXXXXX,XXXXXXXXX,2,15492
16428,Adara,Bennett,XXXXXXXXX,XXXXXXXXX,2,11426
16429,Lara,Shannon,XXXXXXXXX,XXXXXXXXX,2,2957
16430,Pascale,Mayo,XXXXXXXXX,XXXXXXXXX,1,6936
16431,Tamara,Combs,XXXXXXXXX,XXXXXXXXX,1,4882
16432,Lesley,Taylor,XXXXXXXXX,XXXXXXXXX,1,11667
16433,Kessie,Wilkerson,XXXXXXXXX,XXXXXXXXX,1,8887
16434,Kaitlin,Barber,XXXXXXXXX,XXXXXXXXX,1,5057
16435,Ivy,Cantu,XXXXXXXXX,XXXXXXXXX,1,6922
16436,Moana,Mcdowell,XXXXXXXXX,XXXXXXXXX,1,9745
16437,Ivy,Jenkins,XXXXXXXXX,XXXXXXXXX,2,2788
16438,Rachel,Farley,XXXXXXXXX,XXXXXXXXX,2,6144
16439,Rowan,Vaughn,XXXXXXXXX,XXXXXXXXX,1,14312
16440,Britanney,Watson,XXXXXXXXX,XXXXXXXXX,1,728
16441,Cheryl,Wise,XXXXXXXXX,XXXXXXXXX,1,13682
16442,Destiny,Eaton,XXXXXXXXX,XXXXXXXXX,3,966
16443,Rebecca,Weiss,XXXXXXXXX,XXXXXXXXX,3,8912
16444,Emi,Bowers,XXXXXXXXX,XXXXXXXXX,3,4130
16445,Odette,Goodwin,XXXXXXXXX,XXXXXXXXX,3,8738
16446,Chloe,Shields,XXXXXXXXX,XXXXXXXXX,1,448
16447,Linda,Benton,XXXXXXXXX,XXXXXXXXX,1,11483
16448,Hadley,Pate,XXXXXXXXX,XXXXXXXXX,1,1470
16449,Buffy,Parrish,XXXXXXXXX,XXXXXXXXX,1,9183
16450,Amity,Christian,XXXXXXXXX,XXXXXXXXX,2,11877
16451,Madonna,Oconnor,XXXXXXXXX,XXXXXXXXX,1,14382
16452,Evangeline,Sears,XXXXXXXXX,XXXXXXXXX,1,3838
16453,Gloria,Christensen,XXXXXXXXX,XXXXXXXXX,1,10650
16454,Leigh,Cantu,XXXXXXXXX,XXXXXXXXX,1,14942
16455,Glenna,Frost,XXXXXXXXX,XXXXXXXXX,1,4578
16456,Claudia,Vasquez,XXXXXXXXX,XXXXXXXXX,1,5981
16457,Amanda,Suarez,XXXXXXXXX,XXXXXXXXX,1,15962
16458,Kim,Michael,XXXXXXXXX,XXXXXXXXX,1,4714
16459,Reagan,Mccarthy,XXXXXXXXX,XXXXXXXXX,1,2435
16460,Bethany,Faulkner,XXXXXXXXX,XXXXXXXXX,1,14634
16461,Dorothy,Mcguire,XXXXXXXXX,XXXXXXXXX,1,12986
16462,Ocean,Levine,XXXXXXXXX,XXXXXXXXX,3,6237
16463,Alexis,Dotson,XXXXXXXXX,XXXXXXXXX,2,4059
16464,Shelley,Whitley,XXXXXXXXX,XXXXXXXXX,2,2151
16465,Leslie,Farmer,XXXXXXXXX,XXXXXXXXX,1,1708
16466,Quail,Emerson,XXXXXXXXX,XXXXXXXXX,1,12383
16467,Zenaida,Johnson,XXXXXXXXX,XXXXXXXXX,1,13172
16468,Willow,Hill,XXXXXXXXX,XXXXXXXXX,1,15600
16469,Hedwig,Ellison,XXXXXXXXX,XXXXXXXXX,3,11062
16470,Clau,Bradley,XXXXXXXXX,XXXXXXXXX,3,11477
16471,Ria,Conrad,XXXXXXXXX,XXXXXXXXX,3,16490
16472,Evangeline,Moses,XXXXXXXXX,XXXXXXXXX,3,12945
16473,Hope,Solis,XXXXXXXXX,XXXXXXXXX,3,11324
16474,Isabella,Poole,XXXXXXXXX,XXXXXXXXX,3,9324
16475,Indigo,Pruitt,XXXXXXXXX,XXXXXXXXX,2,9929
16476,Rhiannon,Mckinney,XXXXXXXXX,XXXXXXXXX,1,9907
16477,Mara,Pope,XXXXXXXXX,XXXXXXXXX,1,4246
16478,Destiny,Ayers,XXXXXXXXX,XXXXXXXXX,2,3937
16479,Juliet,Cooley,XXXXXXXXX,XXXXXXXXX,2,15381
16480,Katell,Hayden,XXXXXXXXX,XXXXXXXXX,2,10573
16481,Clio,Johnston,XXXXXXXXX,XXXXXXXXX,2,14009
16482,Ayanna,Wooten,XXXXXXXXX,XXXXXXXXX,2,13985
16483,Ramona,Randolph,XXXXXXXXX,XXXXXXXXX,1,360
16484,Chelsea,Workman,XXXXXXXXX,XXXXXXXXX,2,12638
16485,Quyn,David,XXXXXXXXX,XXXXXXXXX,2,2096
16486,Ila,Wagner,XXXXXXXXX,XXXXXXXXX,2,2689
16487,Mari,Shields,XXXXXXXXX,XXXXXXXXX,2,14275
16488,Rylee,Brooks,XXXXXXXXX,XXXXXXXXX,2,3046
16489,Neve,Gallagher,XXXXXXXXX,XXXXXXXXX,2,10215
16490,Rowan,Pennington,XXXXXXXXX,XXXXXXXXX,2,1267
16491,Rhoda,Hudson,XXXXXXXXX,XXXXXXXXX,3,10320
16492,Chantale,Walters,XXXXXXXXX,XXXXXXXXX,1,12995
16493,Skyler,Oneill,XXXXXXXXX,XXXXXXXXX,1,11104
16494,Brynn,Ruiz,XXXXXXXXX,XXXXXXXXX,2,5722
16495,Faith,Moran,XXXXXXXXX,XXXXXXXXX,3,3810
16496,Quintessa,Cochran,XXXXXXXXX,XXXXXXXXX,2,1260
16497,Naida,Mcmillan,XXXXXXXXX,XXXXXXXXX,1,7855
16498,Violet,Daniels,XXXXXXXXX,XXXXXXXXX,3,6751
16499,Blair,Brown,XXXXXXXXX,XXXXXXXXX,1,8591
16500,Wynne,Wise,XXXXXXXXX,XXXXXXXXX,2,11689
16501,Lucy,Brennan,XXXXXXXXX,XXXXXXXXX,1,11616
16502,Ainsley,Cherry,XXXXXXXXX,XXXXXXXXX,1,9898
16503,Dacey,Mcgee,XXXXXXXXX,XXXXXXXXX,1,5583
16504,Delilah,Bray,XXXXXXXXX,XXXXXXXXX,2,9517
16505,Shellie,Howard,XXXXXXXXX,XXXXXXXXX,2,9920
16506,Myra,Farley,XXXXXXXXX,XXXXXXXXX,2,8189
16507,Audra,Vance,XXXXXXXXX,XXXXXXXXX,1,10940
16508,Hiroko,Deleon,XXXXXXXXX,XXXXXXXXX,1,4014
16509,Frances,Stanton,XXXXXXXXX,XXXXXXXXX,1,11005
16510,Hanna,Marshall,XXXXXXXXX,XXXXXXXXX,1,8637
16511,Petra,Webster,XXXXXXXXX,XXXXXXXXX,1,13145
16512,Camilla,Daugherty,XXXXXXXXX,XXXXXXXXX,2,6459
16513,Jescie,Stafford,XXXXXXXXX,XXXXXXXXX,1,5219
16514,Melyssa,Ramsey,XXXXXXXXX,XXXXXXXXX,1,6303
16515,Grace,Velazquez,XXXXXXXXX,XXXXXXXXX,1,16299
16516,Kevyn,Rojas,XXXXXXXXX,XXXXXXXXX,1,152
16517,Shelby,Flowers,XXXXXXXXX,XXXXXXXXX,2,2743
16518,Sara,Gray,XXXXXXXXX,XXXXXXXXX,3,9033
16519,Chanda,Schneider,XXXXXXXXX,XXXXXXXXX,3,9581
16520,Ocean,Bond,XXXXXXXXX,XXXXXXXXX,3,2184
16521,Eleanor,Petty,XXXXXXXXX,XXXXXXXXX,3,14166
16522,Xaviera,Downs,XXXXXXXXX,XXXXXXXXX,2,16072
16523,Abigail,Mercer,XXXXXXXXX,XXXXXXXXX,2,12825
16524,Charde,Weber,XXXXXXXXX,XXXXXXXXX,2,9024
16525,Nyssa,Francis,XXXXXXXXX,XXXXXXXXX,1,623
16526,Piper,Castro,XXXXXXXXX,XXXXXXXXX,1,12843
16527,Fredericka,Poole,XXXXXXXXX,XXXXXXXXX,3,3338
16528,Rhoda,Kline,XXXXXXXXX,XXXXXXXXX,1,10996
16529,Taylor,Beach,XXXXXXXXX,XXXXXXXXX,1,14773
16530,Nicole,Hayes,XXXXXXXXX,XXXXXXXXX,2,11819
16531,Darryl,Lara,XXXXXXXXX,XXXXXXXXX,2,12005
16532,Madeson,Elliott,XXXXXXXXX,XXXXXXXXX,3,7911
16533,Quin,Hines,XXXXXXXXX,XXXXXXXXX,3,7962
16534,Dominique,Powers,XXXXXXXXX,XXXXXXXXX,2,5477
16535,Sloane,Cline,XXXXXXXXX,XXXXXXXXX,2,14393
16536,Mariam,Roman,XXXXXXXXX,XXXXXXXXX,3,16484
16537,Cleo,Knowles,XXXXXXXXX,XXXXXXXXX,3,6603
16538,Alfreda,Livingston,XXXXXXXXX,XXXXXXXXX,3,16432
16539,Irma,Schultz,XXXXXXXXX,XXXXXXXXX,1,4863
16540,Sacha,Clemons,XXXXXXXXX,XXXXXXXXX,1,13954
16541,Iris,Flowers,XXXXXXXXX,XXXXXXXXX,1,9938
16542,Dorothy,Baxter,XXXXXXXXX,XXXXXXXXX,1,8474
16543,Yuri,Ruiz,XXXXXXXXX,XXXXXXXXX,1,11682
16544,Selma,Terry,XXXXXXXXX,XXXXXXXXX,1,13947
16545,Miranda,Conrad,XXXXXXXXX,XXXXXXXXX,1,8226
16546,Jaquelyn,Lamb,XXXXXXXXX,XXXXXXXXX,1,15050
16547,Dora,Roy,XXXXXXXXX,XXXXXXXXX,1,15656
16548,Kaye,Bradley,XXXXXXXXX,XXXXXXXXX,1,15464
16549,Jael,Bray,XXXXXXXXX,XXXXXXXXX,2,10198
16550,Eden,Herring,XXXXXXXXX,XXXXXXXXX,1,10980
16551,Diana,Reyes,XXXXXXXXX,XXXXXXXXX,1,6650
16552,Lee,Collins,XXXXXXXXX,XXXXXXXXX,3,2596
16553,Rhoda,Cox,XXXXXXXXX,XXXXXXXXX,3,12027
16554,Kitra,Cantu,XXXXXXXXX,XXXXXXXXX,3,10857
16555,Eve,Rogers,XXXXXXXXX,XXXXXXXXX,3,6759
16556,Kimberley,Reid,XXXXXXXXX,XXXXXXXXX,3,1935
16557,Gloria,Roberson,XXXXXXXXX,XXXXXXXXX,1,273
16558,Stella,Hawkins,XXXXXXXXX,XXXXXXXXX,1,6090
16559,Mariam,Leach,XXXXXXXXX,XXXXXXXXX,1,10937
16560,Mia,Mcpherson,XXXXXXXXX,XXXXXXXXX,1,15788
16561,Imani,Ryan,XXXXXXXXX,XXXXXXXXX,1,9097
16562,Sara,Kim,XXXXXXXXX,XXXXXXXXX,1,16457
16563,Kyra,Humphrey,XXXXXXXXX,XXXXXXXXX,1,40
16564,Ruth,Vinson,XXXXXXXXX,XXXXXXXXX,2,15123
16565,Susan,Vaughn,XXXXXXXXX,XXXXXXXXX,3,14449
16566,Camilla,Lowe,XXXXXXXXX,XXXXXXXXX,3,4847
16567,Sheila,Nichols,XXXXXXXXX,XXXXXXXXX,1,16093
16568,Miranda,Jacobs,XXXXXXXXX,XXXXXXXXX,1,9982
16569,Latifah,Sloan,XXXXXXXXX,XXXXXXXXX,1,839
16570,India,Warren,XXXXXXXXX,XXXXXXXXX,1,2190
16571,Renee,Reed,XXXXXXXXX,XXXXXXXXX,1,12075
16572,Carolyn,Tyson,XXXXXXXXX,XXXXXXXXX,1,12460
16573,Natalie,Mayer,XXXXXXXXX,XXXXXXXXX,1,10570
16574,Florence,Ramos,XXXXXXXXX,XXXXXXXXX,3,12608
16575,Faith,Craig,XXXXXXXXX,XXXXXXXXX,3,6105
16576,Melodie,Best,XXXXXXXXX,XXXXXXXXX,3,16173
16577,Reagan,Knapp,XXXXXXXXX,XXXXXXXXX,3,10227
16578,Amity,Caldwell,XXXXXXXXX,XXXXXXXXX,3,4032
16579,Ila,Blake,XXXXXXXXX,XXXXXXXXX,1,15019
16580,Ann,Kane,XXXXXXXXX,XXXXXXXXX,2,13793
16581,Meghan,Montgomery,XXXXXXXXX,XXXXXXXXX,1,9073
16582,Callie,Sargent,XXXXXXXXX,XXXXXXXXX,1,9650
16583,Veronica,Shaw,XXXXXXXXX,XXXXXXXXX,1,3702
16584,Zelda,Espinoza,XXXXXXXXX,XXXXXXXXX,1,6100
16585,Dakota,Page,XXXXXXXXX,XXXXXXXXX,3,13699
16586,Nadine,Roberson,XXXXXXXXX,XXXXXXXXX,3,9829
16587,Yolanda,Lyons,XXXXXXXXX,XXXXXXXXX,1,6000
16588,Fatima,Stanley,XXXXXXXXX,XXXXXXXXX,1,6771
16589,Gemma,Mcdowell,XXXXXXXXX,XXXXXXXXX,2,7165
16590,Callie,Dominguez,XXXXXXXXX,XXXXXXXXX,3,15462
16591,Aphrodite,Finley,XXXXXXXXX,XXXXXXXXX,2,10430
16592,Nicole,Gomez,XXXXXXXXX,XXXXXXXXX,3,5804
16593,Fay,Barber,XXXXXXXXX,XXXXXXXXX,2,9205
16594,Rosalyn,Dunlap,XXXXXXXXX,XXXXXXXXX,2,12658
16595,Sylvia,Franklin,XXXXXXXXX,XXXXXXXXX,2,10916
16596,Sonia,Diaz,XXXXXXXXX,XXXXXXXXX,2,16031
16597,Venus,Mayer,XXXXXXXXX,XXXXXXXXX,2,14966
16598,Iola,Yang,XXXXXXXXX,XXXXXXXXX,3,7525
16599,Josephine,Little,XXXXXXXXX,XXXXXXXXX,3,6588
16600,Regina,Curtis,XXXXXXXXX,XXXXXXXXX,1,16126
16601,Lesley,Cabrera,XXXXXXXXX,XXXXXXXXX,2,8969
16602,Lacey,Solomon,XXXXXXXXX,XXXXXXXXX,2,1028
16603,Christine,Oneal,XXXXXXXXX,XXXXXXXXX,3,7603
16604,Zena,Butler,XXXXXXXXX,XXXXXXXXX,2,16288
16605,Aphrodite,Dickson,XXXXXXXXX,XXXXXXXXX,2,8499
16606,Hillary,Booth,XXXXXXXXX,XXXXXXXXX,2,4482
16607,Nita,Mccall,XXXXXXXXX,XXXXXXXXX,2,9823
16608,Miriam,Wolfe,XXXXXXXXX,XXXXXXXXX,2,12302
16609,Donna,Mcconnell,XXXXXXXXX,XXXXXXXXX,2,4240
16610,Maggie,Kim,XXXXXXXXX,XXXXXXXXX,3,6300
16611,Shellie,Patton,XXXXXXXXX,XXXXXXXXX,2,16272
16612,Grace,Horne,XXXXXXXXX,XXXXXXXXX,2,4559
16613,Marcia,Warren,XXXXXXXXX,XXXXXXXXX,1,14696
16614,Cathleen,Keller,XXXXXXXXX,XXXXXXXXX,2,14481
16615,Idona,Hardin,XXXXXXXXX,XXXXXXXXX,3,8854
16616,Emma,Hinton,XXXXXXXXX,XXXXXXXXX,1,9037
16617,Chiquita,Santiago,XXXXXXXXX,XXXXXXXXX,1,12612
16618,Nadine,Zimmerman,XXXXXXXXX,XXXXXXXXX,1,11069
16619,Shelley,Calderon,XXXXXXXXX,XXXXXXXXX,1,9436
16620,Iola,Navarro,XXXXXXXXX,XXXXXXXXX,1,13820
16621,Sybill,Pruitt,XXXXXXXXX,XXXXXXXXX,1,1589
16622,Alma,Mcintyre,XXXXXXXXX,XXXXXXXXX,1,2246
16623,Blair,Ware,XXXXXXXXX,XXXXXXXXX,3,15928
16624,Briar,Suarez,XXXXXXXXX,XXXXXXXXX,1,7644
16625,Tara,Fulton,XXXXXXXXX,XXXXXXXXX,1,5296
16626,Carol,Sloan,XXXXXXXXX,XXXXXXXXX,1,2809
16627,Lacy,Mcclain,XXXXXXXXX,XXXXXXXXX,1,7943
16628,Xena,Perez,XXXXXXXXX,XXXXXXXXX,2,5928
16629,Sonya,Morin,XXXXXXXXX,XXXXXXXXX,1,6440
16630,Blair,Callahan,XXXXXXXXX,XXXXXXXXX,3,3930
16631,Danielle,White,XXXXXXXXX,XXXXXXXXX,1,10720
16632,Gisela,Watson,XXXXXXXXX,XXXXXXXXX,3,11878
16633,Lilah,Mendoza,XXXXXXXXX,XXXXXXXXX,3,8527
16634,Shelby,Horton,XXXXXXXXX,XXXXXXXXX,3,14997
16635,Rose,Parks,XXXXXXXXX,XXXXXXXXX,3,6953
16636,Alexis,Hunt,XXXXXXXXX,XXXXXXXXX,2,10427
16637,Stacy,Albert,XXXXXXXXX,XXXXXXXXX,3,8378
16638,Kevyn,Cunningham,XXXXXXXXX,XXXXXXXXX,3,13503
16639,Kirby,Saunders,XXXXXXXXX,XXXXXXXXX,3,9204
16640,Veronica,Cabrera,XXXXXXXXX,XXXXXXXXX,1,14894
16641,Amanda,Brooks,XXXXXXXXX,XXXXXXXXX,1,13040
16642,Lareina,Frank,XXXXXXXXX,XXXXXXXXX,2,5222
16643,Teegan,Dunlap,XXXXXXXXX,XXXXXXXXX,2,13808
16644,Moana,Rose,XXXXXXXXX,XXXXXXXXX,1,2167
16645,Moana,Ryan,XXXXXXXXX,XXXXXXXXX,1,1184
16646,Shana,Hopkins,XXXXXXXXX,XXXXXXXXX,1,438
16647,Carly,Peterson,XXXXXXXXX,XXXXXXXXX,1,11406
16648,Camille,Ferrell,XXXXXXXXX,XXXXXXXXX,1,4285
16649,Stella,Hester,XXXXXXXXX,XXXXXXXXX,2,4959
16650,Hedwig,Finch,XXXXXXXXX,XXXXXXXXX,2,999
16651,Fatima,Holt,XXXXXXXXX,XXXXXXXXX,1,1794
16652,Felicia,Vargas,XXXXXXXXX,XXXXXXXXX,2,3615
16653,Robin,Walker,XXXXXXXXX,XXXXXXXXX,2,3486
16654,Mari,Russo,XXXXXXXXX,XXXXXXXXX,3,7045
16655,Ruth,Maxwell,XXXXXXXXX,XXXXXXXXX,1,12387
16656,Martha,Ayers,XXXXXXXXX,XXXXXXXXX,1,11266
16657,Mona,Graves,XXXXXXXXX,XXXXXXXXX,1,6931
16658,Ciara,Park,XXXXXXXXX,XXXXXXXXX,3,7563
16659,Hanna,Phelps,XXXXXXXXX,XXXXXXXXX,3,45
16660,Cora,Oneil,XXXXXXXXX,XXXXXXXXX,3,11640
16661,Kimberly,Faulkner,XXXXXXXXX,XXXXXXXXX,3,6861
16662,Cassandra,Montoya,XXXXXXXXX,XXXXXXXXX,3,14691
16663,Cheyenne,Morales,XXXXXXXXX,XXXXXXXXX,2,13061
16664,Victoria,Hewitt,XXXXXXXXX,XXXXXXXXX,2,6403
16665,Chastity,Rosa,XXXXXXXXX,XXXXXXXXX,2,3304
16666,Eleanor,Wiley,XXXXXXXXX,XXXXXXXXX,2,5943
16667,McKenzie,Pruitt,XXXXXXXXX,XXXXXXXXX,1,11497
16668,September,Jacobs,XXXXXXXXX,XXXXXXXXX,1,8177
16669,Alexis,Bailey,XXXXXXXXX,XXXXXXXXX,3,10158
16670,Kelsey,Montgomery,XXXXXXXXX,XXXXXXXXX,2,4569
16671,Lilah,Bond,XXXXXXXXX,XXXXXXXXX,2,15965
16672,Sierra,Raymond,XXXXXXXXX,XXXXXXXXX,1,15983
16673,Wendy,Roberson,XXXXXXXXX,XXXXXXXXX,1,14082
16674,Uta,Mccarthy,XXXXXXXXX,XXXXXXXXX,1,4064
16675,Xerxes,Gordon,XXXXXXXXX,XXXXXXXXX,1,7448
16676,Zephr,Nieves,XXXXXXXXX,XXXXXXXXX,1,3661
16677,Fiona,Gray,XXXXXXXXX,XXXXXXXXX,1,13758
16678,Darryl,Hodge,XXXXXXXXX,XXXXXXXXX,1,8318
16679,Mariko,George,XXXXXXXXX,XXXXXXXXX,3,4549
16680,Xandra,Moss,XXXXXXXXX,XXXXXXXXX,3,12649
16681,Dorothy,Duncan,XXXXXXXXX,XXXXXXXXX,2,16354
16682,Paloma,Morin,XXXXXXXXX,XXXXXXXXX,2,16089
16683,Jenette,Cabrera,XXXXXXXXX,XXXXXXXXX,1,3407
16684,Dahlia,Mcdaniel,XXXXXXXXX,XXXXXXXXX,1,11492
16685,Alika,Church,XXXXXXXXX,XXXXXXXXX,1,793
16686,Wynter,Wynn,XXXXXXXXX,XXXXXXXXX,1,7882
16687,Azalia,Robles,XXXXXXXXX,XXXXXXXXX,3,16003
16688,Patience,Mcintosh,XXXXXXXXX,XXXXXXXXX,1,9084
16689,Lydia,Fowler,XXXXXXXXX,XXXXXXXXX,1,1937
16690,Eden,Suarez,XXXXXXXXX,XXXXXXXXX,2,7712
16691,Hollee,Herring,XXXXXXXXX,XXXXXXXXX,1,11823
16692,Kameko,Hogan,XXXXXXXXX,XXXXXXXXX,2,10728
16693,Petra,Kim,XXXXXXXXX,XXXXXXXXX,1,3234
16694,Amela,Rowland,XXXXXXXXX,XXXXXXXXX,1,3043
16695,Daryl,Byrd,XXXXXXXXX,XXXXXXXXX,1,6791
16696,Hiroko,Rutledge,XXXXXXXXX,XXXXXXXXX,1,10811
16697,Carolyn,Horn,XXXXXXXXX,XXXXXXXXX,1,4950
16698,Kylynn,Summers,XXXXXXXXX,XXXXXXXXX,1,2943
16699,Joan,Beard,XXXXXXXXX,XXXXXXXXX,2,10193
16700,Joelle,Acosta,XXXXXXXXX,XXXXXXXXX,1,5217
16701,Demetria,Hall,XXXXXXXXX,XXXXXXXXX,1,8990
16702,Tatyana,Callahan,XXXXXXXXX,XXXXXXXXX,1,3096
16703,Yuri,Davenport,XXXXXXXXX,XXXXXXXXX,1,3261
16704,Veronica,Bayes,XXXXXXXXX,XXXXXXXXX,1,8444
16705,Madeline,Bright,XXXXXXXXX,XXXXXXXXX,1,3079
16706,Mallory,Wolf,XXXXXXXXX,XXXXXXXXX,1,9682
16707,Olivia,Cooley,XXXXXXXXX,XXXXXXXXX,2,2590
16708,Hedy,Kelley,XXXXXXXXX,XXXXXXXXX,2,2239
16709,Kylynn,Blankenship,XXXXXXXXX,XXXXXXXXX,3,7206
16710,Nell,Powell,XXXXXXXXX,XXXXXXXXX,2,7626
16711,Ila,Bolton,XXXXXXXXX,XXXXXXXXX,2,12794
16712,Aphrodite,Leon,XXXXXXXXX,XXXXXXXXX,3,14722
16713,Renee,Nelson,XXXXXXXXX,XXXXXXXXX,1,16253
16714,Daryl,Huffman,XXXXXXXXX,XXXXXXXXX,1,14591
16715,Moana,Sweet,XXXXXXXXX,XXXXXXXXX,1,9527
16716,Sacha,Johnston,XXXXXXXXX,XXXXXXXXX,1,9909
16717,Calista,Hull,XXXXXXXXX,XXXXXXXXX,1,2866
16718,Sage,Campbell,XXXXXXXXX,XXXXXXXXX,1,1998
16719,Quynn,Farmer,XXXXXXXXX,XXXXXXXXX,1,2512
16720,Lani,Fischer,XXXXXXXXX,XXXXXXXXX,2,13056
16721,Cassady,Banks,XXXXXXXXX,XXXXXXXXX,2,16061
16722,Maris,Lancaster,XXXXXXXXX,XXXXXXXXX,1,1558
16723,Pascale,Trevino,XXXXXXXXX,XXXXXXXXX,1,6764
16724,Jaden,David,XXXXXXXXX,XXXXXXXXX,2,13118
16725,Mira,Sherman,XXXXXXXXX,XXXXXXXXX,2,4149
16726,Giselle,Matthews,XXXXXXXXX,XXXXXXXXX,2,13729
16727,Whoopi,Good,XXXXXXXXX,XXXXXXXXX,1,2768
16728,Hillary,Clemons,XXXXXXXXX,XXXXXXXXX,1,5890
16729,Reagan,Olsen,XXXXXXXXX,XXXXXXXXX,1,15939
16730,Shana,Greer,XXXXXXXXX,XXXXXXXXX,2,4928
16731,Keiko,Nichols,XXXXXXXXX,XXXXXXXXX,2,4662
16732,Christine,Rose,XXXXXXXXX,XXXXXXXXX,2,5200
16733,Amela,Weeks,XXXXXXXXX,XXXXXXXXX,2,4452
16734,Sylvia,Harding,XXXXXXXXX,XXXXXXXXX,2,9440
16735,Tatum,Allen,XXXXXXXXX,XXXXXXXXX,1,12339
16736,Eliana,Francis,XXXXXXXXX,XXXXXXXXX,1,12754
16737,Penelope,Webster,XXXXXXXXX,XXXXXXXXX,1,9148
16738,Yvonne,Sharpe,XXXXXXXXX,XXXXXXXXX,1,8360
16739,Skyler,Walsh,XXXXXXXXX,XXXXXXXXX,1,11409
16740,Emma,Mejia,XXXXXXXXX,XXXXXXXXX,1,2603
16741,Sybil,Langley,XXXXXXXXX,XXXXXXXXX,1,3864
16742,Mechelle,Lowe,XXXXXXXXX,XXXXXXXXX,1,15853
16743,Sophia,Conley,XXXXXXXXX,XXXXXXXXX,1,7979
16744,Maxine,Lynch,XXXXXXXXX,XXXXXXXXX,1,3790
16745,Suki,Ballard,XXXXXXXXX,XXXXXXXXX,2,6273
16746,Jeanette,Lott,XXXXXXXXX,XXXXXXXXX,2,5609
16747,Cailin,Cervantes,XXXXXXXXX,XXXXXXXXX,2,5545
16748,Cameron,Henry,XXXXXXXXX,XXXXXXXXX,2,16028
16749,Aileen,Trevino,XXXXXXXXX,XXXXXXXXX,2,8883
16750,Whitney,Lindsay,XXXXXXXXX,XXXXXXXXX,2,14883
16751,Alea,Knowles,XXXXXXXXX,XXXXXXXXX,3,6393
16752,Hedwig,Santana,XXXXXXXXX,XXXXXXXXX,3,10265
16753,Ocean,Mcneil,XXXXXXXXX,XXXXXXXXX,3,7565
16754,Xena,Navarro,XXXXXXXXX,XXXXXXXXX,1,2967
16755,Rachel,Sears,XXXXXXXXX,XXXXXXXXX,1,12177
16756,Janna,King,XXXXXXXXX,XXXXXXXXX,1,11474
16757,Carolyn,Shepherd,XXXXXXXXX,XXXXXXXXX,2,142
16758,Aspen,Cain,XXXXXXXXX,XXXXXXXXX,1,16335
16759,Carla,Byrd,XXXXXXXXX,XXXXXXXXX,1,10716
16760,Sara,Parrish,XXXXXXXXX,XXXXXXXXX,1,12501
16761,Jayme,Hobbs,XXXXXXXXX,XXXXXXXXX,1,12077
16762,Isabella,Cummings,XXXXXXXXX,XXXXXXXXX,1,15901
16763,Zelda,Hudson,XXXXXXXXX,XXXXXXXXX,2,5994
16764,Charlotte,Terry,XXXXXXXXX,XXXXXXXXX,1,7061
16765,Jaime,Roman,XXXXXXXXX,XXXXXXXXX,3,6461
16766,Raven,Taylor,XXXXXXXXX,XXXXXXXXX,3,7107
16767,Mariam,Huff,XXXXXXXXX,XXXXXXXXX,1,10981
16768,Vivien,Durham,XXXXXXXXX,XXXXXXXXX,1,11436
16769,Maile,Huffman,XXXXXXXXX,XXXXXXXXX,1,12640
16770,Germaine,Arnold,XXXXXXXXX,XXXXXXXXX,1,13472
16771,Karyn,Beach,XXXXXXXXX,XXXXXXXXX,2,4598
16772,Jane,Leblanc,XXXXXXXXX,XXXXXXXXX,2,5137
16773,Hilary,Wynn,XXXXXXXXX,XXXXXXXXX,1,16055
16774,Quyn,Mckinney,XXXXXXXXX,XXXXXXXXX,1,15897
16775,Ayanna,Lara,XXXXXXXXX,XXXXXXXXX,2,3700
16776,Cheryl,Roman,XXXXXXXXX,XXXXXXXXX,1,2895
16777,Azalia,Blevins,XXXXXXXXX,XXXXXXXXX,1,14361
16778,Marny,Shields,XXXXXXXXX,XXXXXXXXX,1,1888
16779,Dawn,Santiago,XXXXXXXXX,XXXXXXXXX,1,7548
16780,Candice,Huffman,XXXXXXXXX,XXXXXXXXX,1,5338
16781,Cara,Key,XXXXXXXXX,XXXXXXXXX,1,6388
16782,Simone,Pickett,XXXXXXXXX,XXXXXXXXX,1,2048
16783,Chantale,Hill,XXXXXXXXX,XXXXXXXXX,1,1993
16784,Quon,Luna,XXXXXXXXX,XXXXXXXXX,1,352
16785,Hilary,England,XXXXXXXXX,XXXXXXXXX,1,1676
16786,Karly,Puckett,XXXXXXXXX,XXXXXXXXX,1,7067
16787,Noel,Cohen,XXXXXXXXX,XXXXXXXXX,2,14553
16788,Lesley,Shannon,XXXXXXXXX,XXXXXXXXX,2,8875
16789,Mary,Booker,XXXXXXXXX,XXXXXXXXX,2,7786
16790,Nita,Sexton,XXXXXXXXX,XXXXXXXXX,1,6018
16791,Dawn,Morris,XXXXXXXXX,XXXXXXXXX,3,3699
16792,Camille,Lindsey,XXXXXXXXX,XXXXXXXXX,1,14090
16793,Imelda,Grimes,XXXXXXXXX,XXXXXXXXX,1,8789
16794,Angela,Alvarez,XXXXXXXXX,XXXXXXXXX,1,13842
16795,Sage,Bailey,XXXXXXXXX,XXXXXXXXX,1,11674
16796,Jane,Salinas,XXXXXXXXX,XXXXXXXXX,1,4504
16797,Leandra,Farmer,XXXXXXXXX,XXXXXXXXX,1,10207
16798,Shoshana,Wiggins,XXXXXXXXX,XXXXXXXXX,1,14616
16799,Heather,Wheeler,XXXXXXXXX,XXXXXXXXX,1,1710
16800,Stella,Valencia,XXXXXXXXX,XXXXXXXXX,1,1617
16801,Whitney,Fuller,XXXXXXXXX,XXXXXXXXX,1,1100
16802,Danielle,Perkins,XXXXXXXXX,XXXXXXXXX,2,11306
16803,Cassandra,Acosta,XXXXXXXXX,XXXXXXXXX,2,8353
16804,Hope,Morse,XXXXXXXXX,XXXXXXXXX,3,1814
16805,Brynn,Horton,XXXXXXXXX,XXXXXXXXX,3,4527
16806,Orli,Ortiz,XXXXXXXXX,XXXXXXXXX,3,16125
16807,Darrel,Hewitt,XXXXXXXXX,XXXXXXXXX,3,4992
16808,Karly,Kinney,XXXXXXXXX,XXXXXXXXX,1,2065
16809,Karleigh,Chan,XXXXXXXXX,XXXXXXXXX,3,6576
16810,Margaret,Jacobson,XXXXXXXXX,XXXXXXXXX,1,5600
16811,Samantha,Wiley,XXXXXXXXX,XXXXXXXXX,1,12372
16812,Ariel,Holt,XXXXXXXXX,XXXXXXXXX,1,13397
16813,Madeson,Salinas,XXXXXXXXX,XXXXXXXXX,2,14096
16814,Bryar,Simpson,XXXXXXXXX,XXXXXXXXX,2,6852
16815,Imani,Snider,XXXXXXXXX,XXXXXXXXX,2,5801
16816,Yen,Aguirre,XXXXXXXXX,XXXXXXXXX,2,14237
16817,Clementine,Trevino,XXXXXXXXX,XXXXXXXXX,2,14460
16818,Jaime,Horne,XXXXXXXXX,XXXXXXXXX,2,7580
16819,Veda,Humphrey,XXXXXXXXX,XXXXXXXXX,2,944
16820,Shaeleigh,Oliver,XXXXXXXXX,XXXXXXXXX,1,11974
16821,Erica,Holt,XXXXXXXXX,XXXXXXXXX,1,16400
16822,Roanna,Tran,XXXXXXXXX,XXXXXXXXX,2,3006
16823,Basia,Massey,XXXXXXXXX,XXXXXXXXX,1,10771
16824,Madeline,Page,XXXXXXXXX,XXXXXXXXX,1,11443
16825,Isabelle,Dodson,XXXXXXXXX,XXXXXXXXX,1,7171
16826,Angelica,Sullivan,XXXXXXXXX,XXXXXXXXX,1,11360
16827,Joan,Larsen,XXXXXXXXX,XXXXXXXXX,1,10051
16828,Dakota,Olson,XXXXXXXXX,XXXXXXXXX,1,5715
16829,Amelia,Craft,XXXXXXXXX,XXXXXXXXX,1,4313
16830,Kiara,Trujillo,XXXXXXXXX,XXXXXXXXX,1,4941
16831,Rachel,Hardin,XXXXXXXXX,XXXXXXXXX,2,6504
16832,Heidi,Nguyen,XXXXXXXXX,XXXXXXXXX,2,3160
16833,Stella,Goff,XXXXXXXXX,XXXXXXXXX,2,12430
16834,Autumn,Charles,XXXXXXXXX,XXXXXXXXX,2,21
16835,Carol,Gould,XXXXXXXXX,XXXXXXXXX,1,15827
16836,Aretha,Beck,XXXXXXXXX,XXXXXXXXX,2,15369
16837,Amena,Hall,XXXXXXXXX,XXXXXXXXX,1,11265
16838,Isadora,Farmer,XXXXXXXXX,XXXXXXXXX,2,157
16839,Kylynn,Stein,XXXXXXXXX,XXXXXXXXX,1,9290
16840,Adele,Crane,XXXXXXXXX,XXXXXXXXX,1,4147
16841,Aiko,Zimmerman,XXXXXXXXX,XXXXXXXXX,2,2259
16842,Pandora,Peters,XXXXXXXXX,XXXXXXXXX,2,15261
16843,Beatrice,Ferguson,XXXXXXXXX,XXXXXXXXX,2,13439
16844,Angelica,Dickson,XXXXXXXXX,XXXXXXXXX,3,5763
16845,Lareina,Flynn,XXXXXXXXX,XXXXXXXXX,3,16170
16846,Olympia,Cantrell,XXXXXXXXX,XXXXXXXXX,1,10890
16847,Rae,Saunders,XXXXXXXXX,XXXXXXXXX,1,2991
16848,Shellie,Shannon,XXXXXXXXX,XXXXXXXXX,1,6135
16849,Rana,Daniel,XXXXXXXXX,XXXXXXXXX,1,376
16850,Freya,Horne,XXXXXXXXX,XXXXXXXXX,1,1500
16851,Martina,Allen,XXXXXXXXX,XXXXXXXXX,2,14984
16852,Tatiana,Butler,XXXXXXXXX,XXXXXXXXX,2,16355
16853,Brenda,Chavez,XXXXXXXXX,XXXXXXXXX,3,14131
16854,Imogene,Kinney,XXXXXXXXX,XXXXXXXXX,1,15996
16855,Olga,Bradley,XXXXXXXXX,XXXXXXXXX,1,956
16856,Giselle,Haynes,XXXXXXXXX,XXXXXXXXX,1,13435
16857,Lacota,Mccall,XXXXXXXXX,XXXXXXXXX,2,13477
16858,Kimberly,Rivera,XXXXXXXXX,XXXXXXXXX,2,3087
16859,Jenette,Meyer,XXXXXXXXX,XXXXXXXXX,1,4910
16860,Camille,Lambert,XXXXXXXXX,XXXXXXXXX,1,2869
16861,Pamela,Landry,XXXXXXXXX,XXXXXXXXX,2,11166
16862,Vivien,Webb,XXXXXXXXX,XXXXXXXXX,1,411
16863,Simone,Benton,XXXXXXXXX,XXXXXXXXX,1,9599
16864,Tallulah,Hancock,XXXXXXXXX,XXXXXXXXX,1,13427
16865,Alfreda,Huff,XXXXXXXXX,XXXXXXXXX,1,11461
16866,Carla,Berger,XXXXXXXXX,XXXXXXXXX,1,5344
16867,Lacy,Harrington,XXXXXXXXX,XXXXXXXXX,1,9224
16868,Lisandra,Bernard,XXXXXXXXX,XXXXXXXXX,1,6084
16869,Kellie,Newton,XXXXXXXXX,XXXXXXXXX,1,1110
16870,Rhonda,Harris,XXXXXXXXX,XXXXXXXXX,1,15964
16871,Ariel,Torres,XXXXXXXXX,XXXXXXXXX,2,5406
16872,Quon,Chan,XXXXXXXXX,XXXXXXXXX,2,13366
16873,Oprah,Waller,XXXXXXXXX,XXXXXXXXX,2,16211
16874,Rosalyn,Branch,XXXXXXXXX,XXXXXXXXX,3,806
16875,Mari,Reynolds,XXXXXXXXX,XXXXXXXXX,3,3861
16876,Rowan,Mccormick,XXXXXXXXX,XXXXXXXXX,1,189
16877,Odette,Green,XXXXXXXXX,XXXXXXXXX,3,9763
16878,Kai,Nunez,XXXXXXXXX,XXXXXXXXX,3,4926
16879,Charissa,Luna,XXXXXXXXX,XXXXXXXXX,3,11322
16880,Hedda,Fields,XXXXXXXXX,XXXXXXXXX,3,1347
16881,Nayda,Summers,XXXXXXXXX,XXXXXXXXX,3,7789
16882,Ori,Golden,XXXXXXXXX,XXXXXXXXX,2,12555
16883,Karleigh,Ingram,XXXXXXXXX,XXXXXXXXX,2,11709
16884,Dora,Quinn,XXXXXXXXX,XXXXXXXXX,1,2896
16885,Sheila,Gregory,XXXXXXXXX,XXXXXXXXX,1,10168
16886,Rhiannon,Juarez,XXXXXXXXX,XXXXXXXXX,1,2819
16887,Amelia,Rosa,XXXXXXXXX,XXXXXXXXX,1,622
16888,Kaitlin,Preston,XXXXXXXXX,XXXXXXXXX,1,4013
16889,Lois,Stout,XXXXXXXXX,XXXXXXXXX,1,5597
16890,Idola,Parsons,XXXXXXXXX,XXXXXXXXX,2,14998
16891,Irma,Carter,XXXXXXXXX,XXXXXXXXX,2,2030
16892,Ria,Osborne,XXXXXXXXX,XXXXXXXXX,2,12173
16893,Avye,Dodson,XXXXXXXXX,XXXXXXXXX,1,1732
16894,Tatum,Farmer,XXXXXXXXX,XXXXXXXXX,2,2153
16895,Chava,Mcfadden,XXXXXXXXX,XXXXXXXXX,1,14163
16896,Joelle,Harrington,XXXXXXXXX,XXXXXXXXX,3,3914
16897,Rebecca,Clements,XXXXXXXXX,XXXXXXXXX,3,13851
16898,Jordan,Edwards,XXXXXXXXX,XXXXXXXXX,3,3092
16899,Anjolie,Ewing,XXXXXXXXX,XXXXXXXXX,1,12854
16900,Regina,Weiss,XXXXXXXXX,XXXXXXXXX,2,6219
16901,Keelie,Pierce,XXXXXXXXX,XXXXXXXXX,3,4885
16902,Ainsley,Fitzpatrick,XXXXXXXXX,XXXXXXXXX,3,9851
16903,Wynter,Oneill,XXXXXXXXX,XXXXXXXXX,2,6905
16904,Rachel,Joseph,XXXXXXXXX,XXXXXXXXX,3,6225
16905,Germane,Robbins,XXXXXXXXX,XXXXXXXXX,3,3742
16906,Shellie,Pratt,XXXXXXXXX,XXXXXXXXX,3,15077
16907,Leilani,Oconnor,XXXXXXXXX,XXXXXXXXX,1,6626
16908,Noelle,Chase,XXXXXXXXX,XXXXXXXXX,1,2535
16909,Lillian,Powell,XXXXXXXXX,XXXXXXXXX,3,8168
16910,Nell,Ayers,XXXXXXXXX,XXXXXXXXX,3,14094
16911,Lesley,Green,XXXXXXXXX,XXXXXXXXX,3,9428
16912,Ursa,Mcleod,XXXXXXXXX,XXXXXXXXX,3,5320
16913,Briar,Moss,XXXXXXXXX,XXXXXXXXX,1,8796
16914,Ruth,Zimmerman,XXXXXXXXX,XXXXXXXXX,3,16133
16915,Blaine,Hartman,XXXXXXXXX,XXXXXXXXX,2,2090
16916,Camilla,Morrow,XXXXXXXXX,XXXXXXXXX,1,10547
16917,Catherine,Orr,XXXXXXXXX,XXXXXXXXX,1,11736
16918,Susan,Beasley,XXXXXXXXX,XXXXXXXXX,1,8356
16919,Iona,Bray,XXXXXXXXX,XXXXXXXXX,3,2677
16920,Lina,Baker,XXXXXXXXX,XXXXXXXXX,3,1748
16921,Hannah,Norris,XXXXXXXXX,XXXXXXXXX,3,215
16922,Felicia,Mckay,XXXXXXXXX,XXXXXXXXX,1,2468
16923,Deanna,Phillips,XXXXXXXXX,XXXXXXXXX,1,9914
16924,Callie,Collier,XXXXXXXXX,XXXXXXXXX,3,12653
16925,Basia,Kirk,XXXXXXXXX,XXXXXXXXX,1,4820
16926,Desirae,Duran,XXXXXXXXX,XXXXXXXXX,1,10019
16927,Haley,Blanchard,XXXXXXXXX,XXXXXXXXX,1,4164
16928,Sylvia,Hood,XXXXXXXXX,XXXXXXXXX,1,10201
16929,Aspen,Hatfield,XXXXXXXXX,XXXXXXXXX,1,1108
16930,September,Pate,XXXXXXXXX,XXXXXXXXX,1,10433
16931,Rhea,Mcneil,XXXXXXXXX,XXXXXXXXX,1,4078
16932,Regan,Cook,XXXXXXXXX,XXXXXXXXX,1,7577
16933,Paloma,Coleman,XXXXXXXXX,XXXXXXXXX,1,6944
16934,Zenia,Buckley,XXXXXXXXX,XXXXXXXXX,1,7817
16935,Scarlett,Hicks,XXXXXXXXX,XXXXXXXXX,1,9654
16936,Kelsey,Robinson,XXXXXXXXX,XXXXXXXXX,1,4683
16937,Leila,Lester,XXXXXXXXX,XXXXXXXXX,1,9465
16938,Donna,Rosales,XXXXXXXXX,XXXXXXXXX,1,6817
16939,Amela,Knox,XXXXXXXXX,XXXXXXXXX,1,16489
16940,Britanney,Sexton,XXXXXXXXX,XXXXXXXXX,1,15704
16941,Quyn,Oliver,XXXXXXXXX,XXXXXXXXX,1,9972
16942,Skyler,Dyer,XXXXXXXXX,XXXXXXXXX,1,5884
16943,Jemima,Rose,XXXXXXXXX,XXXXXXXXX,2,13450
16944,Lillith,Snow,XXXXXXXXX,XXXXXXXXX,2,1681
16945,Tashya,Hopkins,XXXXXXXXX,XXXXXXXXX,2,3531
16946,Moana,Love,XXXXXXXXX,XXXXXXXXX,2,10157
16947,Mia,Patterson,XXXXXXXXX,XXXXXXXXX,1,15898
16948,Quail,Boyer,XXXXXXXXX,XXXXXXXXX,3,8697
16949,Lunea,Guerra,XXXXXXXXX,XXXXXXXXX,1,15764
16950,Bo,Morrison,XXXXXXXXX,XXXXXXXXX,1,8381
16951,Yvette,Merrill,XXXXXXXXX,XXXXXXXXX,1,3931
16952,Nevada,Vang,XXXXXXXXX,XXXXXXXXX,1,5581
16953,Xantha,Jacobson,XXXXXXXXX,XXXXXXXXX,3,879
16954,Kevyn,Wilkins,XXXXXXXXX,XXXXXXXXX,1,12301
16955,Martina,Cantrell,XXXXXXXXX,XXXXXXXXX,1,8849
16956,Bertha,Small,XXXXXXXXX,XXXXXXXXX,3,10315
16957,Neve,Strickland,XXXXXXXXX,XXXXXXXXX,1,12361
16958,Aubrey,Levine,XXXXXXXXX,XXXXXXXXX,1,14243
16959,McKenzie,Coleman,XXXXXXXXX,XXXXXXXXX,3,5414
16960,Nomlanga,Vance,XXXXXXXXX,XXXXXXXXX,3,13052
16961,Jessamine,Ellison,XXXXXXXXX,XXXXXXXXX,1,13359
16962,Cally,Cline,XXXXXXXXX,XXXXXXXXX,2,5191
16963,Felicia,Vincent,XXXXXXXXX,XXXXXXXXX,3,14484
16964,Martina,Crosby,XXXXXXXXX,XXXXXXXXX,3,13192
16965,Serina,Gibbs,XXXXXXXXX,XXXXXXXXX,3,12016
16966,Brenda,Gill,XXXXXXXXX,XXXXXXXXX,3,164
16967,Deanna,Sweeney,XXXXXXXXX,XXXXXXXXX,1,14875
16968,Emma,Rutledge,XXXXXXXXX,XXXXXXXXX,2,3072
16969,Kelsey,Garner,XXXXXXXXX,XXXXXXXXX,2,16417
16970,Lillian,Pacheco,XXXXXXXXX,XXXXXXXXX,2,15199
16971,Melinda,Trevino,XXXXXXXXX,XXXXXXXXX,1,7236
16972,Jena,Mayer,XXXXXXXXX,XXXXXXXXX,2,7123
16973,Teegan,Ewing,XXXXXXXXX,XXXXXXXXX,2,12452
16974,Anastasia,Mccullough,XXXXXXXXX,XXXXXXXXX,2,718
16975,Yoshi,Bean,XXXXXXXXX,XXXXXXXXX,2,15357
16976,Kylie,Coleman,XXXXXXXXX,XXXXXXXXX,2,16114
16977,Lael,Pierce,XXXXXXXXX,XXXXXXXXX,2,6624
16978,Linda,Franklin,XXXXXXXXX,XXXXXXXXX,2,577
16979,Destiny,Landry,XXXXXXXXX,XXXXXXXXX,2,9124
16980,Imogene,Mercado,XXXXXXXXX,XXXXXXXXX,2,13757
16981,Shafira,Valencia,XXXXXXXXX,XXXXXXXXX,1,16062
16982,Kai,Farmer,XXXXXXXXX,XXXXXXXXX,1,11984
16983,Deanna,Shields,XXXXXXXXX,XXXXXXXXX,1,13694
16984,Signe,Key,XXXXXXXXX,XXXXXXXXX,1,13812
16985,Nora,Munoz,XXXXXXXXX,XXXXXXXXX,3,6536
16986,Avye,Barron,XXXXXXXXX,XXXXXXXXX,1,8537
16987,Nadine,Garcia,XXXXXXXXX,XXXXXXXXX,1,3549
16988,Shannon,Hickman,XXXXXXXXX,XXXXXXXXX,1,16381
16989,Hiroko,Booth,XXXXXXXXX,XXXXXXXXX,1,8533
16990,Leilani,Cantrell,XXXXXXXXX,XXXXXXXXX,1,9703
16991,Rhoda,Lambert,XXXXXXXXX,XXXXXXXXX,1,8401
16992,Hedy,Estrada,XXXXXXXXX,XXXXXXXXX,1,2859
16993,Anjolie,Justice,XXXXXXXXX,XXXXXXXXX,1,8542
16994,Anika,Wooten,XXXXXXXXX,XXXXXXXXX,1,8198
16995,Amena,Rodriquez,XXXXXXXXX,XXXXXXXXX,3,1053
16996,Morgan,Whitney,XXXXXXXXX,XXXXXXXXX,1,3007
16997,Remedios,Berg,XXXXXXXXX,XXXXXXXXX,1,9882
16998,Lani,Mcguire,XXXXXXXXX,XXXXXXXXX,1,13916
16999,Sharon,Huber,XXXXXXXXX,XXXXXXXXX,1,5829
17000,Justina,Fletcher,XXXXXXXXX,XXXXXXXXX,1,4738
17001,Quyn,Tate,XXXXXXXXX,XXXXXXXXX,1,3399
17002,Aspen,Terry,XXXXXXXXX,XXXXXXXXX,2,550
17003,Kalia,Watts,XXXXXXXXX,XXXXXXXXX,2,13726
17004,Tatiana,Combs,XXXXXXXXX,XXXXXXXXX,2,5303
17005,Courtney,Fitzpatrick,XXXXXXXXX,XXXXXXXXX,2,12572
17006,Desiree,Carver,XXXXXXXXX,XXXXXXXXX,2,2136
17007,Mallory,Raymond,XXXXXXXXX,XXXXXXXXX,1,8755
17008,Jayme,Estrada,XXXXXXXXX,XXXXXXXXX,1,16193
17009,Jordan,Patrick,XXXXXXXXX,XXXXXXXXX,1,4253
17010,Kameko,House,XXXXXXXXX,XXXXXXXXX,1,3211
17011,Tatiana,Cotton,XXXXXXXXX,XXXXXXXXX,2,12348
17012,Lynn,Carlson,XXXXXXXXX,XXXXXXXXX,2,4543
17013,Stella,Jensen,XXXXXXXXX,XXXXXXXXX,2,1847
17014,Martina,Good,XXXXXXXXX,XXXXXXXXX,3,12727
17015,Justina,Sawyer,XXXXXXXXX,XXXXXXXXX,2,12366
17016,Lacy,Rocha,XXXXXXXXX,XXXXXXXXX,2,14654
17017,Serina,Jenkins,XXXXXXXXX,XXXXXXXXX,2,14060
17018,Octavia,Ortiz,XXXXXXXXX,XXXXXXXXX,2,4042
17019,Raya,Huber,XXXXXXXXX,XXXXXXXXX,2,15452
17020,Carolyn,Levy,XXXXXXXXX,XXXXXXXXX,2,9979
17021,Basia,Dean,XXXXXXXXX,XXXXXXXXX,3,16376
17022,Xandra,Cole,XXXXXXXXX,XXXXXXXXX,2,2485
17023,Freya,Townsend,XXXXXXXXX,XXXXXXXXX,3,2855
17024,Tatyana,Mosley,XXXXXXXXX,XXXXXXXXX,3,5788
17025,Alice,Mays,XXXXXXXXX,XXXXXXXXX,3,6412
17026,Doris,Oneil,XXXXXXXXX,XXXXXXXXX,2,2641
17027,Eugenia,Clements,XXXXXXXXX,XXXXXXXXX,3,3390
17028,Gwendolyn,Mcconnell,XXXXXXXXX,XXXXXXXXX,3,898
17029,Madonna,Lee,XXXXXXXXX,XXXXXXXXX,2,14366
17030,Cheyenne,Hendricks,XXXXXXXXX,XXXXXXXXX,2,6914
17031,Sophia,Carpenter,XXXXXXXXX,XXXXXXXXX,2,5805
17032,Karleigh,Washington,XXXXXXXXX,XXXXXXXXX,2,11565
17033,Maxine,Massey,XXXXXXXXX,XXXXXXXXX,2,4286
17034,Ursa,Gibson,XXXXXXXXX,XXXXXXXXX,3,170
17035,Lydia,Huffman,XXXXXXXXX,XXXXXXXXX,1,7197
17036,Quintessa,Brennan,XXXXXXXXX,XXXXXXXXX,1,9816
17037,India,Chaney,XXXXXXXXX,XXXXXXXXX,1,12272
17038,Charissa,Sears,XXXXXXXXX,XXXXXXXXX,1,13125
17039,Zena,Levine,XXXXXXXXX,XXXXXXXXX,1,13647
17040,Haviva,Parsons,XXXXXXXXX,XXXXXXXXX,1,3455
17041,Ainsley,Thomas,XXXXXXXXX,XXXXXXXXX,1,1176
17042,Meredith,Guthrie,XXXXXXXXX,XXXXXXXXX,1,12790
17043,Leila,Sweet,XXXXXXXXX,XXXXXXXXX,1,7055
17044,Quincy,Ortiz,XXXXXXXXX,XXXXXXXXX,1,10562
17045,Madison,Hunter,XXXXXXXXX,XXXXXXXXX,1,2599
17046,Rhonda,Campbell,XXXXXXXXX,XXXXXXXXX,3,7610
17047,Risa,West,XXXXXXXXX,XXXXXXXXX,1,3789
17048,Kiayada,Gilmore,XXXXXXXXX,XXXXXXXXX,1,12632
17049,Nevada,Banks,XXXXXXXXX,XXXXXXXXX,2,14803
17050,Gemma,Clark,XXXXXXXXX,XXXXXXXXX,2,4788
17051,Cleo,Bishop,XXXXXXXXX,XXXXXXXXX,2,6406
17052,Julie,Oneal,XXXXXXXXX,XXXXXXXXX,1,4426
17053,Galena,Erickson,XXXXXXXXX,XXXXXXXXX,1,8223
17054,Alfreda,Wong,XXXXXXXXX,XXXXXXXXX,1,13123
17055,Minerva,Dawson,XXXXXXXXX,XXXXXXXXX,1,10289
17056,Summer,Workman,XXXXXXXXX,XXXXXXXXX,1,5088
17057,Leandra,Horton,XXXXXXXXX,XXXXXXXXX,3,8688
17058,Hadassah,Crawford,XXXXXXXXX,XXXXXXXXX,3,3254
17059,Jenna,Bradford,XXXXXXXXX,XXXXXXXXX,1,13234
17060,Chantale,Hudson,XXXXXXXXX,XXXXXXXXX,2,14518
17061,Cynthia,Quinn,XXXXXXXXX,XXXXXXXXX,2,818
17062,Hiroko,Willis,XXXXXXXXX,XXXXXXXXX,3,7511
17063,Aileen,Bradford,XXXXXXXXX,XXXXXXXXX,2,2036
17064,Ivy,Nelson,XXXXXXXXX,XXXXXXXXX,2,7676
17065,Rosalyn,Daniels,XXXXXXXXX,XXXXXXXXX,3,12369
17066,Venus,Perez,XXXXXXXXX,XXXXXXXXX,3,16296
17067,Simone,Carpenter,XXXXXXXXX,XXXXXXXXX,1,10597
17068,Ila,Hatfield,XXXXXXXXX,XXXXXXXXX,1,10954
17069,Shay,Richard,XXXXXXXXX,XXXXXXXXX,1,6724
17070,Amy,Dawson,XXXXXXXXX,XXXXXXXXX,3,10390
17071,Jolie,Moreno,XXXXXXXXX,XXXXXXXXX,1,158
17072,Jenna,Brock,XXXXXXXXX,XXXXXXXXX,1,13807
17073,Shay,Gallegos,XXXXXXXXX,XXXXXXXXX,1,13601
17074,Ainsley,Simon,XXXXXXXXX,XXXXXXXXX,1,2019
17075,Iola,Mccullough,XXXXXXXXX,XXXXXXXXX,1,10637
17076,Pearl,Sharp,XXXXXXXXX,XXXXXXXXX,1,7670
17077,Candice,Mcleod,XXXXXXXXX,XXXXXXXXX,1,455
17078,Gretchen,Malone,XXXXXXXXX,XXXXXXXXX,1,5461
17079,Nelle,Flowers,XXXXXXXXX,XXXXXXXXX,2,16421
17080,Audrey,Moss,XXXXXXXXX,XXXXXXXXX,2,13541
17081,Lacota,Mendez,XXXXXXXXX,XXXXXXXXX,1,13880
17082,Patricia,Yates,XXXXXXXXX,XXXXXXXXX,1,14304
17083,Selma,Douglas,XXXXXXXXX,XXXXXXXXX,2,70
17084,Caryn,Mcleod,XXXXXXXXX,XXXXXXXXX,1,16459
17085,Mikayla,Frazier,XXXXXXXXX,XXXXXXXXX,1,7019
17086,Venus,Donaldson,XXXXXXXXX,XXXXXXXXX,1,845
17087,Stephanie,Bowen,XXXXXXXXX,XXXXXXXXX,1,8172
17088,Ria,Stark,XXXXXXXXX,XXXXXXXXX,1,317
17089,Christen,Kirby,XXXXXXXXX,XXXXXXXXX,2,6551
17090,Winifred,Sykes,XXXXXXXXX,XXXXXXXXX,2,16236
17091,September,Nunez,XXXXXXXXX,XXXXXXXXX,2,2132
17092,Ariel,Acevedo,XXXXXXXXX,XXXXXXXXX,2,8729
17093,Rebekah,Drake,XXXXXXXXX,XXXXXXXXX,2,6846
17094,Nerea,Chandler,XXXXXXXXX,XXXXXXXXX,2,7304
17095,Josephine,Henry,XXXXXXXXX,XXXXXXXXX,2,4996
17096,Moana,Castillo,XXXXXXXXX,XXXXXXXXX,1,15419
17097,Fiona,Garner,XXXXXXXXX,XXXXXXXXX,1,15970
17098,Laura,Pena,XXXXXXXXX,XXXXXXXXX,1,1333
17099,Phyllis,Lloyd,XXXXXXXXX,XXXXXXXXX,1,9805
17100,Iola,Duran,XXXXXXXXX,XXXXXXXXX,3,8366
17101,Nayda,Robertson,XXXXXXXXX,XXXXXXXXX,3,6910
17102,Alea,Freeman,XXXXXXXXX,XXXXXXXXX,1,6426
17103,Yetta,Mooney,XXXXXXXXX,XXXXXXXXX,1,16178
17104,Molly,Branch,XXXXXXXXX,XXXXXXXXX,3,8489
17105,Mikayla,Parrish,XXXXXXXXX,XXXXXXXXX,3,5261
17106,Rinah,Chan,XXXXXXXXX,XXXXXXXXX,3,6344
17107,Hedy,Lynn,XXXXXXXXX,XXXXXXXXX,3,3680
17108,Carissa,Nichols,XXXXXXXXX,XXXXXXXXX,1,1253
17109,Bertha,Noble,XXXXXXXXX,XXXXXXXXX,1,11413
17110,Jade,Velez,XXXXXXXXX,XXXXXXXXX,1,1302
17111,Christine,Webster,XXXXXXXXX,XXXXXXXXX,1,410
17112,Guinevere,Cline,XXXXXXXXX,XXXXXXXXX,1,13266
17113,Maryam,Evans,XXXXXXXXX,XXXXXXXXX,1,5194
17114,Iona,Klein,XXXXXXXXX,XXXXXXXXX,1,2334
17115,Phyllis,Sparks,XXXXXXXXX,XXXXXXXXX,1,2007
17116,Ivana,Mullins,XXXXXXXXX,XXXXXXXXX,1,10632
17117,Ella,Higgins,XXXXXXXXX,XXXXXXXXX,2,16234
17118,Megan,Bentley,XXXXXXXXX,XXXXXXXXX,2,13883
17119,Jael,Clemons,XXXXXXXXX,XXXXXXXXX,2,11358
17120,Sheila,Randolph,XXXXXXXXX,XXXXXXXXX,1,13573
17121,Alma,Ward,XXXXXXXXX,XXXXXXXXX,1,3712
17122,Kevyn,Marsh,XXXXXXXXX,XXXXXXXXX,1,16393
17123,Roary,Malone,XXXXXXXXX,XXXXXXXXX,1,14854
17124,Wynter,Mathews,XXXXXXXXX,XXXXXXXXX,1,5832
17125,Dawn,Swanson,XXXXXXXXX,XXXXXXXXX,1,15147
17126,Myra,Arnold,XXXXXXXXX,XXXXXXXXX,1,14676
17127,Cassandra,Clements,XXXXXXXXX,XXXXXXXXX,1,5283
17128,Michelle,Macias,XXXXXXXXX,XXXXXXXXX,1,3750
17129,Jolene,Palmer,XXXXXXXXX,XXXXXXXXX,1,992
17130,Jolene,Contreras,XXXXXXXXX,XXXXXXXXX,1,1719
17131,Abigail,Short,XXXXXXXXX,XXXXXXXXX,2,3389
17132,Laurel,Guthrie,XXXXXXXXX,XXXXXXXXX,2,13905
17133,Farrah,Barnett,XXXXXXXXX,XXXXXXXXX,2,12415
17134,Carolyn,Wilkerson,XXXXXXXXX,XXXXXXXXX,2,5447
17135,Jaquelyn,Logan,XXXXXXXXX,XXXXXXXXX,2,5885
17136,Jessica,Mercado,XXXXXXXXX,XXXXXXXXX,2,2445
17137,Rina,Garner,XXXXXXXXX,XXXXXXXXX,3,14699
17138,Audrey,Oneill,XXXXXXXXX,XXXXXXXXX,3,404
17139,Ariana,Buck,XXXXXXXXX,XXXXXXXXX,3,11105
17140,Emerald,Pickett,XXXXXXXXX,XXXXXXXXX,3,3000
17141,Melanie,Lamb,XXXXXXXXX,XXXXXXXXX,3,5555
17142,Aileen,Massey,XXXXXXXXX,XXXXXXXXX,3,3170
17143,Katelyn,Mills,XXXXXXXXX,XXXXXXXXX,2,9202
17144,Willow,Mccarty,XXXXXXXXX,XXXXXXXXX,2,10998
17145,Vera,Suarez,XXXXXXXXX,XXXXXXXXX,3,5047
17146,Martha,Dillard,XXXXXXXXX,XXXXXXXXX,1,8423
17147,Pandora,Cline,XXXXXXXXX,XXXXXXXXX,3,8090
17148,Allegra,Perry,XXXXXXXXX,XXXXXXXXX,3,11245
17149,Courtney,Riddle,XXXXXXXXX,XXXXXXXXX,3,10206
17150,Wynter,Shannon,XXXXXXXXX,XXXXXXXXX,1,2423
17151,Sybill,Madden,XXXXXXXXX,XXXXXXXXX,1,6450
17152,Constance,Byers,XXXXXXXXX,XXXXXXXXX,1,9785
17153,Illana,Dean,XXXXXXXXX,XXXXXXXXX,3,5658
17154,Kendall,Lyons,XXXXXXXXX,XXXXXXXXX,1,9522
17155,Darryl,Lowe,XXXXXXXXX,XXXXXXXXX,1,5262
17156,Leigh,Cooley,XXXXXXXXX,XXXXXXXXX,1,8149
17157,Jena,Blanchard,XXXXXXXXX,XXXXXXXXX,1,346
17158,Karleigh,Roberts,XXXXXXXXX,XXXXXXXXX,1,11099
17159,Mikayla,Burnett,XXXXXXXXX,XXXXXXXXX,2,10492
17160,Lenore,Richards,XXXXXXXXX,XXXXXXXXX,2,10373
17161,Piper,Sweeney,XXXXXXXXX,XXXXXXXXX,3,7806
17162,Bell,Kim,XXXXXXXXX,XXXXXXXXX,1,7414
17163,Margaret,Kinney,XXXXXXXXX,XXXXXXXXX,2,12313
17164,Halee,Wilder,XXXXXXXXX,XXXXXXXXX,2,15868
17165,Rama,Burt,XXXXXXXXX,XXXXXXXXX,2,15052
17166,Claire,Hardin,XXXXXXXXX,XXXXXXXXX,2,291
17167,TaShya,Owens,XXXXXXXXX,XXXXXXXXX,1,5594
17168,Lenore,Mcdaniel,XXXXXXXXX,XXXXXXXXX,3,11962
17169,Portia,Fleming,XXXXXXXXX,XXXXXXXXX,3,11844
17170,Celeste,Herrera,XXXXXXXXX,XXXXXXXXX,1,9048
17171,Eugenia,Slater,XXXXXXXXX,XXXXXXXXX,2,16551
17172,Veronica,Holmes,XXXXXXXXX,XXXXXXXXX,2,8361
17173,Jade,Patton,XXXXXXXXX,XXXXXXXXX,2,33
17174,Blossom,Rosa,XXXXXXXXX,XXXXXXXXX,2,9281
17175,Blythe,Knight,XXXXXXXXX,XXXXXXXXX,2,6868
17176,Jolie,Hughes,XXXXXXXXX,XXXXXXXXX,2,5697
17177,Kirby,Powell,XXXXXXXXX,XXXXXXXXX,1,13160
17178,Brianna,Baker,XXXXXXXXX,XXXXXXXXX,1,13174
17179,Azalia,Wheeler,XXXXXXXXX,XXXXXXXXX,3,3405
17180,Suki,Mccoy,XXXXXXXXX,XXXXXXXXX,3,7761
17181,Regan,Aguirre,XXXXXXXXX,XXXXXXXXX,1,4091
17182,Madonna,White,XXXXXXXXX,XXXXXXXXX,2,14365
17183,Xyla,Singleton,XXXXXXXXX,XXXXXXXXX,1,4845
17184,Faith,Bradley,XXXXXXXXX,XXXXXXXXX,1,3470
17185,Beverly,Doyle,XXXXXXXXX,XXXXXXXXX,3,3378
17186,Gwendolyn,Guy,XXXXXXXXX,XXXXXXXXX,1,13671
17187,Glenna,Lawrence,XXXXXXXXX,XXXXXXXXX,1,3794
17188,Emily,Pope,XXXXXXXXX,XXXXXXXXX,1,5690
17189,Sage,Gonzales,XXXXXXXXX,XXXXXXXXX,1,13724
17190,Maia,Lamb,XXXXXXXXX,XXXXXXXXX,1,1653
17191,Kirsten,Moon,XXXXXXXXX,XXXXXXXXX,1,7394
17192,Aspen,Moody,XXXXXXXXX,XXXXXXXXX,1,9839
17193,Abra,Byrd,XXXXXXXXX,XXXXXXXXX,3,8585
17194,Margaret,Reese,XXXXXXXXX,XXXXXXXXX,3,16518
17195,Madeson,Beard,XXXXXXXXX,XXXXXXXXX,3,15152
17196,Jolene,Barber,XXXXXXXXX,XXXXXXXXX,3,1211
17197,Karina,Patton,XXXXXXXXX,XXXXXXXXX,3,6027
17198,Blair,Salazar,XXXXXXXXX,XXXXXXXXX,3,7246
17199,Robin,Crawford,XXXXXXXXX,XXXXXXXXX,3,1330
17200,Octavia,Obrien,XXXXXXXXX,XXXXXXXXX,3,8971
17201,Illiana,Langley,XXXXXXXXX,XXXXXXXXX,3,14473
17202,Lareina,Franks,XXXXXXXXX,XXXXXXXXX,3,9397
17203,Libby,Mccall,XXXXXXXXX,XXXXXXXXX,2,6834
17204,Gwendolyn,Joseph,XXXXXXXXX,XXXXXXXXX,2,16488
17205,Maya,Shepherd,XXXXXXXXX,XXXXXXXXX,1,514
17206,Alexa,Atkinson,XXXXXXXXX,XXXXXXXXX,3,10256
17207,Chastity,Campos,XXXXXXXXX,XXXXXXXXX,1,8122
17208,Christen,Perkins,XXXXXXXXX,XXXXXXXXX,1,1476
17209,Indira,Maynard,XXXXXXXXX,XXXXXXXXX,2,12557
17210,Rosalyn,Morales,XXXXXXXXX,XXXXXXXXX,1,14157
17211,Minerva,Delan,XXXXXXXXX,XXXXXXXXX,1,7557
17212,Rosalyn,Sykes,XXXXXXXXX,XXXXXXXXX,2,2738
17213,Xaviera,Hines,XXXXXXXXX,XXXXXXXXX,1,8927
17214,Olga,Jennin,XXXXXXXXX,XXXXXXXXX,2,10822
17215,Martena,Strickland,XXXXXXXXX,XXXXXXXXX,3,250
17216,Kelsie,Glover,XXXXXXXXX,XXXXXXXXX,3,3919
17217,Roanna,Kidd,XXXXXXXXX,XXXXXXXXX,3,2813
17218,Cassandra,Murphy,XXXXXXXXX,XXXXXXXXX,1,10466
17219,Jana,Francis,XXXXXXXXX,XXXXXXXXX,1,11190
17220,Hedy,Hensley,XXXXXXXXX,XXXXXXXXX,1,1687
17221,Sacha,Malone,XXXXXXXXX,XXXXXXXXX,1,15258
17222,Hope,Hoffman,XXXXXXXXX,XXXXXXXXX,1,12001
17223,Abra,Clarke,XXXXXXXXX,XXXXXXXXX,2,1922
17224,Jaquelyn,Olson,XXXXXXXXX,XXXXXXXXX,1,6962
17225,Imani,Mueller,XXXXXXXXX,XXXXXXXXX,1,15150
17226,Cecilia,Landry,XXXXXXXXX,XXXXXXXXX,2,15770
17227,Brynne,Carrillo,XXXXXXXXX,XXXXXXXXX,2,6709
17228,Amanda,Holmes,XXXXXXXXX,XXXXXXXXX,1,5136
17229,Alice,Alexander,XXXXXXXXX,XXXXXXXXX,2,5156
17230,Bo,Galloway,XXXXXXXXX,XXXXXXXXX,1,11808
17231,Kaitlin,Hines,XXXXXXXXX,XXXXXXXXX,1,12401
17232,Zenaida,Harrison,XXXXXXXXX,XXXXXXXXX,1,8420
17233,Madonna,Lott,XXXXXXXXX,XXXXXXXXX,1,16470
17234,Mary,Elliott,XXXXXXXXX,XXXXXXXXX,1,6926
17235,Doris,Riddle,XXXXXXXXX,XXXXXXXXX,3,7244
17236,Juliet,Knight,XXXXXXXXX,XXXXXXXXX,2,12365
17237,Skyler,Joyce,XXXXXXXXX,XXXXXXXXX,1,3775
17238,Violet,Hester,XXXXXXXXX,XXXXXXXXX,2,6822
17239,Lareina,Powers,XXXXXXXXX,XXXXXXXXX,1,576
17240,Amena,Waters,XXXXXXXXX,XXXXXXXXX,1,4898
17241,Zoe,Valenzuela,XXXXXXXXX,XXXXXXXXX,1,11540
17242,Alma,Wolfe,XXXXXXXXX,XXXXXXXXX,1,12744
17243,Hillary,Barton,XXXXXXXXX,XXXXXXXXX,2,14256
17244,Bree,Rocha,XXXXXXXXX,XXXXXXXXX,2,10458
17245,Melinda,Morse,XXXXXXXXX,XXXXXXXXX,1,6750
17246,Raya,Gamble,XXXXXXXXX,XXXXXXXXX,1,8511
17247,Nayda,Thomas,XXXXXXXXX,XXXXXXXXX,1,9809
17248,Jane,Lawrence,XXXXXXXXX,XXXXXXXXX,1,1134
17249,Olympia,Le,XXXXXXXXX,XXXXXXXXX,3,9820
17250,Yoko,Reed,XXXXXXXXX,XXXXXXXXX,3,1959
17251,Shelley,Campos,XXXXXXXXX,XXXXXXXXX,1,3784
17252,Kimberly,Sampson,XXXXXXXXX,XXXXXXXXX,1,7351
17253,Dacey,Ratliff,XXXXXXXXX,XXXXXXXXX,1,11030
17254,Lilah,Perkins,XXXXXXXXX,XXXXXXXXX,1,10083
17255,Fatima,Cotton,XXXXXXXXX,XXXXXXXXX,1,1296
17256,Charissa,Taylor,XXXXXXXXX,XXXXXXXXX,1,5282
17257,Beatrice,Thomas,XXXXXXXXX,XXXXXXXXX,1,1636
17258,Felicia,York,XXXXXXXXX,XXXXXXXXX,1,1841
17259,Nayda,Flynn,XXXXXXXXX,XXXXXXXXX,1,7954
17260,Shannon,Stout,XXXXXXXXX,XXXXXXXXX,1,11163
17261,Kiayada,Kerr,XXXXXXXXX,XXXXXXXXX,1,3438
17262,Maya,Cantu,XXXXXXXXX,XXXXXXXXX,1,3206
17263,Heather,Myers,XXXXXXXXX,XXXXXXXXX,1,6159
17264,Pearl,Harvey,XXXXXXXXX,XXXXXXXXX,2,12418
17265,Martha,Emerson,XXXXXXXXX,XXXXXXXXX,3,10886
17266,Kelly,Castaneda,XXXXXXXXX,XXXXXXXXX,1,5366
17267,Tallulah,Wilder,XXXXXXXXX,XXXXXXXXX,1,3385
17268,Cora,Sweet,XXXXXXXXX,XXXXXXXXX,1,8069
17269,Jacqueline,Roth,XXXXXXXXX,XXXXXXXXX,1,15619
17270,Leigh,Carson,XXXXXXXXX,XXXXXXXXX,2,11635
17271,Clio,Faulkner,XXXXXXXXX,XXXXXXXXX,1,16514
17272,Farrah,Osborne,XXXXXXXXX,XXXXXXXXX,1,11564
17273,Petra,Robertson,XXXXXXXXX,XXXXXXXXX,1,2724
17274,Debra,Underwood,XXXXXXXXX,XXXXXXXXX,1,14791
17275,Destiny,Oneill,XXXXXXXXX,XXXXXXXXX,1,1065
17276,Xyla,Cabrera,XXXXXXXXX,XXXXXXXXX,1,11057
17277,Fay,Morris,XXXXXXXXX,XXXXXXXXX,1,1093
17278,Ina,Mayo,XXXXXXXXX,XXXXXXXXX,1,9536
17279,Yvette,Powers,XXXXXXXXX,XXXXXXXXX,3,4746
17280,Alma,Allen,XXXXXXXXX,XXXXXXXXX,3,11578
17281,Hyacinth,Church,XXXXXXXXX,XXXXXXXXX,3,4936
17282,Quail,Hansen,XXXXXXXXX,XXXXXXXXX,2,1367
17283,Kelsie,Golden,XXXXXXXXX,XXXXXXXXX,2,2158
17284,Ila,Jones,XXXXXXXXX,XXXXXXXXX,2,8037
17285,Daria,Reeves,XXXXXXXXX,XXXXXXXXX,2,9348
17286,Xyla,Burch,XXXXXXXXX,XXXXXXXXX,3,14196
17287,Brianna,Serrano,XXXXXXXXX,XXXXXXXXX,3,15570
17288,Mercedes,Bowen,XXXXXXXXX,XXXXXXXXX,3,10860
17289,Amena,Oneill,XXXXXXXXX,XXXXXXXXX,3,13038
17290,Patience,Sheppard,XXXXXXXXX,XXXXXXXXX,1,7442
17291,Reagan,Peterson,XXXXXXXXX,XXXXXXXXX,1,1564
17292,Jamalia,Whitehead,XXXXXXXXX,XXXXXXXXX,3,12734
17293,Rae,Lynn,XXXXXXXXX,XXXXXXXXX,2,6870
17294,Mariam,Chang,XXXXXXXXX,XXXXXXXXX,2,4289
17295,Imelda,Richmond,XXXXXXXXX,XXXXXXXXX,2,13957
17296,Amber,Murray,XXXXXXXXX,XXXXXXXXX,1,16056
17297,Constance,Ortiz,XXXXXXXXX,XXXXXXXXX,1,915
17298,Moana,Huff,XXXXXXXXX,XXXXXXXXX,2,7506
17299,Orli,Lambert,XXXXXXXXX,XXXXXXXXX,2,1060
17300,Demetria,Justice,XXXXXXXXX,XXXXXXXXX,2,15251
17301,Kylie,Kelley,XXXXXXXXX,XXXXXXXXX,2,6436
17302,Whitney,Buchanan,XXXXXXXXX,XXXXXXXXX,2,11337
17303,Aiko,Valencia,XXXXXXXXX,XXXXXXXXX,1,5817
17304,Lenore,Houston,XXXXXXXXX,XXXXXXXXX,1,9798
17305,Heidi,Garrison,XXXXXXXXX,XXXXXXXXX,2,13800
17306,Jorden,West,XXXXXXXXX,XXXXXXXXX,1,16217
17307,Cara,Burke,XXXXXXXXX,XXXXXXXXX,1,9187
17308,Audrey,Tyler,XXXXXXXXX,XXXXXXXXX,1,5857
17309,Blythe,Weber,XXXXXXXXX,XXXXXXXXX,1,1845
17310,Mechelle,Osborn,XXXXXXXXX,XXXXXXXXX,1,736
17311,Kendall,Wilkinson,XXXXXXXXX,XXXXXXXXX,1,6470
17312,Unity,Mckee,XXXXXXXXX,XXXXXXXXX,1,10988
17313,Hope,Hubbard,XXXXXXXXX,XXXXXXXXX,1,491
17314,Heather,Gray,XXXXXXXXX,XXXXXXXXX,1,2383
17315,Alyssa,Warren,XXXXXXXXX,XXXXXXXXX,1,15609
17316,Lilah,Dean,XXXXXXXXX,XXXXXXXXX,1,10282
17317,Ella,Barrett,XXXXXXXXX,XXXXXXXXX,1,15215
17318,Lilah,Woodard,XXXXXXXXX,XXXXXXXXX,1,1496
17319,Geraldine,Cannon,XXXXXXXXX,XXXXXXXXX,1,15173
17320,Emma,Skinner,XXXXXXXXX,XXXXXXXXX,1,5391
17321,Tara,Pate,XXXXXXXXX,XXXXXXXXX,1,2405
17322,Genevieve,Pierce,XXXXXXXXX,XXXXXXXXX,1,16009
17323,Sybil,Leach,XXXXXXXXX,XXXXXXXXX,3,16307
17324,Blossom,Bryant,XXXXXXXXX,XXXXXXXXX,1,4704
17325,Dana,Gould,XXXXXXXXX,XXXXXXXXX,1,12491
17326,Anika,Grant,XXXXXXXXX,XXXXXXXXX,1,14058
17327,Geraldine,Cotton,XXXXXXXXX,XXXXXXXXX,2,14769
17328,Jayme,Hull,XXXXXXXXX,XXXXXXXXX,2,12290
17329,Amity,Mccoy,XXXXXXXXX,XXXXXXXXX,1,8614
17330,Joan,Whitney,XXXXXXXXX,XXXXXXXXX,1,60
17331,Illiana,Brennan,XXXXXXXXX,XXXXXXXXX,1,5714
17332,Morgan,Zamora,XXXXXXXXX,XXXXXXXXX,1,3629
17333,Rhonda,Medina,XXXXXXXXX,XXXXXXXXX,1,13576
17334,Xerxes,Neal,XXXXXXXXX,XXXXXXXXX,1,7436
17335,Clare,Booker,XXXXXXXXX,XXXXXXXXX,1,11354
17336,Taylor,Brewer,XXXXXXXXX,XXXXXXXXX,1,14100
17337,Violet,Barker,XXXXXXXXX,XXXXXXXXX,1,2577
17338,Hedy,Hutchinson,XXXXXXXXX,XXXXXXXXX,1,5042
17339,Lara,Huff,XXXXXXXXX,XXXXXXXXX,1,7328
17340,Hermione,Velez,XXXXXXXXX,XXXXXXXXX,1,9957
17341,Denise,Monroe,XXXXXXXXX,XXXXXXXXX,1,4629
17342,Eliana,Skinner,XXXXXXXXX,XXXXXXXXX,1,14501
17343,Emma,Will,XXXXXXXXX,XXXXXXXXX,2,8382
17344,Sopoline,Reeves,XXXXXXXXX,XXXXXXXXX,2,16077
17345,Summer,Valdez,XXXXXXXXX,XXXXXXXXX,3,12643
17346,Kitra,Patton,XXXXXXXXX,XXXXXXXXX,3,10169
17347,Ifeoma,Kramer,XXXXXXXXX,XXXXXXXXX,2,3499
17348,Tatyana,Wyatt,XXXXXXXXX,XXXXXXXXX,2,4006
17349,Brenna,Vasquez,XXXXXXXXX,XXXXXXXXX,2,4699
17350,Olga,Sutton,XXXXXXXXX,XXXXXXXXX,2,3339
17351,Karly,Bruce,XXXXXXXXX,XXXXXXXXX,2,1690
17352,Katelyn,White,XXXXXXXXX,XXXXXXXXX,1,3907
17353,Breanna,Hardin,XXXXXXXXX,XXXXXXXXX,1,3534
17354,BlueOneal,,XXXXXXXXX,XXXXXXXXX,2,15224
17355,Aimee,Dawson,XXXXXXXXX,XXXXXXXXX,3,6801
17356,Nelle,Mccall,XXXXXXXXX,XXXXXXXXX,2,13136
17357,Phyllis,Flowers,XXXXXXXXX,XXXXXXXXX,1,15653
17358,Tamara,Tate,XXXXXXXXX,XXXXXXXXX,1,6876
17359,Nell,Wilson,XXXXXXXXX,XXXXXXXXX,1,11661
17360,Charity,Mccall,XXXXXXXXX,XXXXXXXXX,1,15685
17361,Ria,Gilmore,XXXXXXXXX,XXXXXXXXX,1,12810
17362,Beatrice,Nielsen,XXXXXXXXX,XXXXXXXXX,1,12683
17363,Chloe,Randall,XXXXXXXXX,XXXXXXXXX,3,1146
17364,Medge,Kinney,XXXXXXXXX,XXXXXXXXX,2,6207
17365,Myra,Roman,XXXXXXXXX,XXXXXXXXX,1,10533
17366,Cynthia,Higgins,XXXXXXXXX,XXXXXXXXX,1,8266
17367,Emi,Morin,XXXXXXXXX,XXXXXXXXX,1,3603
17368,Tana,Love,XXXXXXXXX,XXXXXXXXX,1,3179
17369,Lilah,Petty,XXXXXXXXX,XXXXXXXXX,1,5566
17370,May,Robbins,XXXXXXXXX,XXXXXXXXX,1,8687
17371,Linda,Cooper,XXXXXXXXX,XXXXXXXXX,1,14233
17372,Rose,Matthews,XXXXXXXXX,XXXXXXXXX,1,1166
17373,Odessa,Cline,XXXXXXXXX,XXXXXXXXX,1,8934
17374,Cherokee,Aguilar,XXXXXXXXX,XXXXXXXXX,1,564
17375,Tamekah,Mayer,XXXXXXXXX,XXXXXXXXX,1,147
17376,Iola,Hebert,XXXXXXXXX,XXXXXXXXX,1,5725
17377,Renee,Hubbard,XXXXXXXXX,XXXXXXXXX,1,7631
17378,Hadley,Shepherd,XXXXXXXXX,XXXXXXXXX,1,16440
17379,Yoshi,Bird,XXXXXXXXX,XXXXXXXXX,1,8259
17380,Madeline,Klein,XXXXXXXXX,XXXXXXXXX,1,10993
17381,Gillian,Benson,XXXXXXXXX,XXXXXXXXX,3,13307
17382,Beverly,Simpson,XXXXXXXXX,XXXXXXXXX,1,2673
17383,Chloe,Wiggins,XXXXXXXXX,XXXXXXXXX,2,6638
17384,Danielle,Rodriguez,XXXXXXXXX,XXXXXXXXX,1,15660
17385,Miriam,Hodges,XXXXXXXXX,XXXXXXXXX,2,1782
17386,Carolyn,Camacho,XXXXXXXXX,XXXXXXXXX,2,3624
17387,Inez,Harmon,XXXXXXXXX,XXXXXXXXX,2,15017
17388,Kylynn,Moran,XXXXXXXXX,XXXXXXXXX,1,6824
17389,Fallon,Glass,XXXXXXXXX,XXXXXXXXX,1,14924
17390,Dakota,Mercer,XXXXXXXXX,XXXXXXXXX,1,3021
17391,Rylee,Moreno,XXXXXXXXX,XXXXXXXXX,2,3308
17392,Patience,Ward,XXXXXXXXX,XXXXXXXXX,2,11376
17393,Lana,Mccullough,XXXXXXXXX,XXXXXXXXX,2,8821
17394,Naida,Norman,XXXXXXXXX,XXXXXXXXX,1,14824
17395,Maryam,Wood,XXXXXXXXX,XXXXXXXXX,1,12905
17396,Noel,Ball,XXXXXXXXX,XXXXXXXXX,3,1227
17397,Xerxes,Logan,XXXXXXXXX,XXXXXXXXX,3,1522
17398,Emma,Sharp,XXXXXXXXX,XXXXXXXXX,3,15616
17399,Hyacinth,Jarvis,XXXXXXXXX,XXXXXXXXX,1,3226
17400,Lisa,Mcdaniel,XXXXXXXXX,XXXXXXXXX,1,819
17401,Cally,Whitfield,XXXXXXXXX,XXXXXXXXX,3,14751
17402,Cleo,Villarreal,XXXXXXXXX,XXXXXXXXX,3,2959
17403,Mara,Vargas,XXXXXXXXX,XXXXXXXXX,1,5469
17404,Jennifer,Patrick,XXXXXXXXX,XXXXXXXXX,1,8531
17405,Yetta,Frazier,XXXXXXXXX,XXXXXXXXX,1,9355
17406,Lavinia,Garcia,XXXXXXXXX,XXXXXXXXX,2,10657
17407,Hayfa,Rodgers,XXXXXXXXX,XXXXXXXXX,1,6702
17408,Wanda,Britt,XXXXXXXXX,XXXXXXXXX,1,519
17409,Felicia,Ware,XXXXXXXXX,XXXXXXXXX,3,14181
17410,Taylor,Slater,XXXXXXXXX,XXXXXXXXX,1,2838
17411,Marah,Potts,XXXXXXXXX,XXXXXXXXX,1,4779
17412,Stacy,Massey,XXXXXXXXX,XXXXXXXXX,1,12513
17413,Kay,Sims,XXXXXXXXX,XXXXXXXXX,2,10329
17414,Sybill,Washington,XXXXXXXXX,XXXXXXXXX,1,484
17415,Adele,Carson,XXXXXXXXX,XXXXXXXXX,1,831
17416,Dacey,Mendez,XXXXXXXXX,XXXXXXXXX,1,1201
17417,Deanna,Yang,XXXXXXXXX,XXXXXXXXX,2,2073
17418,Karina,Morgan,XXXXXXXXX,XXXXXXXXX,3,747
17419,Ivory,Michael,XXXXXXXXX,XXXXXXXXX,3,11103
17420,Amy,Casey,XXXXXXXXX,XXXXXXXXX,3,1218
17421,Libby,Roy,XXXXXXXXX,XXXXXXXXX,3,7958
17422,Aurora,Miles,XXXXXXXXX,XXXXXXXXX,1,446
17423,Ainsley,Blankenship,XXXXXXXXX,XXXXXXXXX,1,14311
17424,Dominique,Riddle,XXXXXXXXX,XXXXXXXXX,2,13929
17425,Basia,Porter,XXXXXXXXX,XXXXXXXXX,2,16244
17426,Joan,Logan,XXXXXXXXX,XXXXXXXXX,3,11042
17427,Teagan,Lopez,XXXXXXXXX,XXXXXXXXX,1,11517
17428,Jael,Mckenzie,XXXXXXXXX,XXXXXXXXX,2,4248
17429,Evelyn,Sweeney,XXXXXXXXX,XXXXXXXXX,2,7415
17430,Hannah,Hughes,XXXXXXXXX,XXXXXXXXX,2,15012
17431,Quail,Ruiz,XXXXXXXXX,XXXXXXXXX,1,12823
17432,Roary,Short,XXXXXXXXX,XXXXXXXXX,1,10779
17433,Simone,Mcgee,XXXXXXXXX,XXXXXXXXX,1,10970
17434,Lucy,Mayo,XXXXXXXXX,XXXXXXXXX,1,14838
17435,Yeo,Espinoza,XXXXXXXXX,XXXXXXXXX,1,5796
17436,Alma,Hurley,XXXXXXXXX,XXXXXXXXX,1,4689
17437,Kellie,Mckay,XXXXXXXXX,XXXXXXXXX,1,257
17438,Kim,Clayton,XXXXXXXXX,XXXXXXXXX,2,10335
17439,Bo,Burgess,XXXXXXXXX,XXXXXXXXX,1,711
17440,Ciara,Cleveland,XXXXXXXXX,XXXXXXXXX,1,15024
17441,Brynne,Carpenter,XXXXXXXXX,XXXXXXXXX,1,3266
17442,Sade,Griffin,XXXXXXXXX,XXXXXXXXX,1,6129
17443,Kimberley,Ortiz,XXXXXXXXX,XXXXXXXXX,1,4700
17444,Natalie,Whitfield,XXXXXXXXX,XXXXXXXXX,1,12948
17445,Cassandra,Roman,XXXXXXXXX,XXXXXXXXX,2,4501
17446,Freya,Golden,XXXXXXXXX,XXXXXXXXX,2,8804
17447,Germane,Stevenson,XXXXXXXXX,XXXXXXXXX,1,4679
17448,Oprah,Stanley,XXXXXXXXX,XXXXXXXXX,1,15945
17449,Nichole,Sosa,XXXXXXXXX,XXXXXXXXX,2,5125
17450,Erica,Glenn,XXXXXXXXX,XXXXXXXXX,3,5220
17451,Constance,Raymond,XXXXXXXXX,XXXXXXXXX,3,15990
17452,Kimberly,Malone,XXXXXXXXX,XXXXXXXXX,1,1623
17453,Orli,Nixon,XXXXXXXXX,XXXXXXXXX,1,14795
17454,Tana,Cunningham,XXXXXXXXX,XXXXXXXXX,1,4210
17455,Gillian,Dalton,XXXXXXXXX,XXXXXXXXX,1,11982
17456,Irene,Wynn,XXXXXXXXX,XXXXXXXXX,1,201
17457,Clementine,Mcgowan,XXXXXXXXX,XXXXXXXXX,1,6721
17458,Abigail,Lee,XXXXXXXXX,XXXXXXXXX,1,11359
17459,Tatyana,Vasquez,XXXXXXXXX,XXXXXXXXX,2,7113
17460,Zoe,Cardenas,XXXXXXXXX,XXXXXXXXX,2,7445
17461,Mikayla,Keller,XXXXXXXXX,XXXXXXXXX,2,12532
17462,Martina,Rice,XXXXXXXXX,XXXXXXXXX,2,15438
17463,Zelda,Sims,XXXXXXXXX,XXXXXXXXX,1,2806
17464,Daryl,Delaney,XXXXXXXXX,XXXXXXXXX,1,2848
17465,Vivian,Clements,XXXXXXXXX,XXXXXXXXX,3,11019
17466,Hannah,Estes,XXXXXXXXX,XXXXXXXXX,1,13569
17467,Illana,Romero,XXXXXXXXX,XXXXXXXXX,2,10140
17468,Avye,Holloway,XXXXXXXXX,XXXXXXXXX,1,454
17469,Rhoda,Patterson,XXXXXXXXX,XXXXXXXXX,1,11432
17470,Ursula,Ryan,XXXXXXXXX,XXXXXXXXX,2,3157
17471,Zenaida,Cabrera,XXXXXXXXX,XXXXXXXXX,2,14244
17472,Mechelle,Rivers,XXXXXXXXX,XXXXXXXXX,2,16507
17473,Rosalyn,Dudley,XXXXXXXXX,XXXXXXXXX,3,13794
17474,Quin,Landry,XXXXXXXXX,XXXXXXXXX,3,16148
17475,Naida,Henson,XXXXXXXXX,XXXXXXXXX,1,15268
17476,Keelie,Miranda,XXXXXXXXX,XXXXXXXXX,1,13162
17477,Quincy,Henderson,XXXXXXXXX,XXXXXXXXX,1,2921
17478,Ingrid,Hopper,XXXXXXXXX,XXXXXXXXX,2,12819
17479,Selma,Simpson,XXXXXXXXX,XXXXXXXXX,2,10944
17480,Victoria,Campbell,XXXXXXXXX,XXXXXXXXX,2,5630
17481,Simone,Hayes,XXXXXXXXX,XXXXXXXXX,3,2652
17482,Freya,Lucas,XXXXXXXXX,XXXXXXXXX,3,4822
17483,Veronica,Solis,XXXXXXXXX,XXXXXXXXX,3,6205
17484,Madonna,Sherman,XXXXXXXXX,XXXXXXXXX,2,3889
17485,Harriet,Patton,XXXXXXXXX,XXXXXXXXX,2,2174
17486,Christen,Delaney,XXXXXXXXX,XXXXXXXXX,2,13465
17487,Constance,Bauer,XXXXXXXXX,XXXXXXXXX,3,16266
17488,Clio,Haynes,XXXXXXXXX,XXXXXXXXX,3,1180
17489,Giselle,Spears,XXXXXXXXX,XXXXXXXXX,1,11614
17490,Mallory,Williams,XXXXXXXXX,XXXXXXXXX,1,11789
17491,Brynn,Salinas,XXXXXXXXX,XXXXXXXXX,1,11074
17492,Hayfa,Salazar,XXXXXXXXX,XXXXXXXXX,1,13639
17493,Basia,Harrison,XXXXXXXXX,XXXXXXXXX,1,12714
17494,Rachel,Riddle,XXXXXXXXX,XXXXXXXXX,1,10379
17495,Cora,Munoz,XXXXXXXXX,XXXXXXXXX,1,4914
17496,Briar,Sheppard,XXXXXXXXX,XXXXXXXXX,1,11591
17497,Winter,Holt,XXXXXXXXX,XXXXXXXXX,2,3212
17498,Tamara,Newton,XXXXXXXXX,XXXXXXXXX,2,10694
17499,Jade,Pittman,XXXXXXXXX,XXXXXXXXX,2,11949
17500,Belle,Schultz,XXXXXXXXX,XXXXXXXXX,2,7966
17501,Roanna,Grant,XXXXXXXXX,XXXXXXXXX,2,11790
17502,Carissa,Travis,XXXXXXXXX,XXXXXXXXX,1,13967
17503,Imani,Hood,XXXXXXXXX,XXXXXXXXX,1,2587
17504,Azalia,Freeman,XXXXXXXXX,XXXXXXXXX,1,12486
17505,Dahlia,Eaton,XXXXXXXXX,XXXXXXXXX,1,2515
17506,Imani,Floyd,XXXXXXXXX,XXXXXXXXX,1,15342
17507,Ima,Taylor,XXXXXXXXX,XXXXXXXXX,1,7011
17508,Jillian,Small,XXXXXXXXX,XXXXXXXXX,2,13750
17509,Simone,Cochran,XXXXXXXXX,XXXXXXXXX,2,14953
17510,Sarah,Butler,XXXXXXXXX,XXXXXXXXX,1,9759
17511,Martina,Paul,XXXXXXXXX,XXXXXXXXX,2,2661
17512,September,Rhodes,XXXXXXXXX,XXXXXXXXX,2,12006
17513,Hilary,Leblanc,XXXXXXXXX,XXXXXXXXX,2,11053
17514,Kelsie,Conley,XXXXXXXXX,XXXXXXXXX,2,13295
17515,Lael,Reed,XXXXXXXXX,XXXXXXXXX,2,6010
17516,Alexa,Zamora,XXXXXXXXX,XXXXXXXXX,2,6221
17517,Rowan,Norris,XXXXXXXXX,XXXXXXXXX,2,751
17518,Kirby,Larsen,XXXXXXXXX,XXXXXXXXX,2,12055
17519,Whilemina,Tucker,XXXXXXXXX,XXXXXXXXX,2,11363
17520,Brooke,Sheppard,XXXXXXXXX,XXXXXXXXX,2,7600
17521,Alyssa,Steele,XXXXXXXXX,XXXXXXXXX,2,4507
17522,Irma,Lewis,XXXXXXXXX,XXXXXXXXX,1,7257
17523,Bree,Pierce,XXXXXXXXX,XXXXXXXXX,1,15565
17524,Macy,Day,XXXXXXXXX,XXXXXXXXX,3,12045
17525,Minerva,Morrison,XXXXXXXXX,XXXXXXXXX,2,10548
17526,Gwendolyn,Guerrero,XXXXXXXXX,XXXXXXXXX,2,12942
17527,Evangeline,Bates,XXXXXXXXX,XXXXXXXXX,1,5757
17528,Tatiana,Cantrell,XXXXXXXXX,XXXXXXXXX,1,13704
17529,Lynn,Diaz,XXXXXXXXX,XXXXXXXXX,1,16044
17530,Sydnee,Hudson,XXXXXXXXX,XXXXXXXXX,2,6036
17531,Darrel,Williamson,XXXXXXXXX,XXXXXXXXX,2,15802
17532,Dominique,Miles,XXXXXXXXX,XXXXXXXXX,2,12143
17533,Iris,Hendricks,XXXXXXXXX,XXXXXXXXX,1,4000
17534,Harriet,Warner,XXXXXXXXX,XXXXXXXXX,2,1063
17535,Megan,Ramirez,XXXXXXXXX,XXXXXXXXX,2,1851
17536,Mara,Mathews,XXXXXXXXX,XXXXXXXXX,3,13319
17537,Xandra,Davis,XXXXXXXXX,XXXXXXXXX,3,554
17538,Marah,Savage,XXXXXXXXX,XXXXXXXXX,3,8689
17539,Fay,Velazquez,XXXXXXXXX,XXXXXXXXX,3,607
17540,Winifred,Le,XXXXXXXXX,XXXXXXXXX,1,13733
17541,Ainsley,Garrett,XXXXXXXXX,XXXXXXXXX,1,470
17542,Virginia,Avila,XXXXXXXXX,XXXXXXXXX,1,13935
17543,Rachel,Mccormick,XXXXXXXXX,XXXXXXXXX,3,2392
17544,Yael,Morse,XXXXXXXXX,XXXXXXXXX,3,8602
17545,Mara,Harvey,XXXXXXXXX,XXXXXXXXX,3,8364
17546,Willa,Gilmore,XXXXXXXXX,XXXXXXXXX,3,8864
17547,Maisie,Vargas,XXXXXXXXX,XXXXXXXXX,1,7887
17548,Deanna,Hoover,XXXXXXXXX,XXXXXXXXX,1,13322
17549,Sopoline,Fernandez,XXXXXXXXX,XXXXXXXXX,1,5093
17550,Nomlanga,Rosales,XXXXXXXXX,XXXXXXXXX,1,4510
17551,Alma,Mcclain,XXXXXXXXX,XXXXXXXXX,1,626
17552,Gemma,Sutton,XXXXXXXXX,XXXXXXXXX,3,256
17553,Jillian,Mason,XXXXXXXXX,XXXXXXXXX,2,11981
17554,Donna,Sweeney,XXXXXXXXX,XXXXXXXXX,3,7924
17555,Xantha,Collins,XXXXXXXXX,XXXXXXXXX,3,6729
17556,Kylie,Fuller,XXXXXXXXX,XXXXXXXXX,1,16320
17557,Aubrey,Berg,XXXXXXXXX,XXXXXXXXX,1,372
17558,Blanca,Ramos,XXXXXXXXX,XXXXXXXXX,1,5291
17559,Jessamine,Lee,XXXXXXXXX,XXXXXXXXX,3,14084
17560,Dana,Meyers,XXXXXXXXX,XXXXXXXXX,3,2407
17561,Genevieve,Webb,XXXXXXXXX,XXXXXXXXX,1,6556
17562,Eve,Dyer,XXXXXXXXX,XXXXXXXXX,1,6775
17563,Whoopi,Underwood,XXXXXXXXX,XXXXXXXXX,2,10896
17564,Sade,Monroe,XXXXXXXXX,XXXXXXXXX,1,5079
17565,Britanni,Landry,XXXXXXXXX,XXXXXXXXX,1,5234
17566,Lila,Key,XXXXXXXXX,XXXXXXXXX,1,2186
17567,Jordan,Mccormick,XXXXXXXXX,XXXXXXXXX,1,6486
17568,Adele,Sharp,XXXXXXXXX,XXXXXXXXX,1,6599
17569,Jillian,Turner,XXXXXXXXX,XXXXXXXXX,2,7133
17570,Sara,Burns,XXXXXXXXX,XXXXXXXXX,2,7662
17571,Ocean,Floyd,XXXXXXXXX,XXXXXXXXX,2,4116
17572,Genevieve,Buchanan,XXXXXXXXX,XXXXXXXXX,1,4372
17573,Hillary,Walker,XXXXXXXXX,XXXXXXXXX,2,11913
17574,Anika,Craig,XXXXXXXXX,XXXXXXXXX,2,3458
17575,Isabella,Patel,XXXXXXXXX,XXXXXXXXX,2,1310
17576,Deborah,Sutton,XXXXXXXXX,XXXXXXXXX,2,6865
17577,Kyla,Haley,XXXXXXXXX,XXXXXXXXX,2,11906
17578,Carol,Blackwell,XXXXXXXXX,XXXXXXXXX,2,15433
17579,Phoebe,Shaw,XXXXXXXXX,XXXXXXXXX,2,11422
17580,Caryn,Waller,XXXXXXXXX,XXXXXXXXX,2,13961
17581,Zia,Hewitt,XXXXXXXXX,XXXXXXXXX,1,15738
17582,Alexandra,Cain,XXXXXXXXX,XXXXXXXXX,1,3409
17583,Sydney,Schultz,XXXXXXXXX,XXXXXXXXX,1,6957
17584,Calista,Gilliam,XXXXXXXXX,XXXXXXXXX,1,15805
17585,Yolanda,Alvarado,XXXXXXXXX,XXXXXXXXX,1,54
17586,Aimee,Weiss,XXXXXXXXX,XXXXXXXXX,1,1597
17587,Darryl,Fields,XXXXXXXXX,XXXXXXXXX,1,13890
17588,Halee,Austin,XXXXXXXXX,XXXXXXXXX,1,5753
17589,Sydnee,Hurley,XXXXXXXXX,XXXXXXXXX,1,5056
17590,Evelyn,Carroll,XXXXXXXXX,XXXXXXXXX,2,10005
17591,Raya,Bishop,XXXXXXXXX,XXXXXXXXX,1,6560
17592,Katelyn,Chapman,XXXXXXXXX,XXXXXXXXX,2,13305
17593,Yvonne,Garrett,XXXXXXXXX,XXXXXXXXX,3,6847
17594,Signe,May,XXXXXXXXX,XXXXXXXXX,3,9491
17595,Stella,Blanchard,XXXXXXXXX,XXXXXXXXX,3,3429
17596,Mira,Rivera,XXXXXXXXX,XXXXXXXXX,3,6063
17597,Demetria,Velasquez,XXXXXXXXX,XXXXXXXXX,2,16443
17598,Winifred,Maddox,XXXXXXXXX,XXXXXXXXX,2,4544
17599,Carol,Mcleod,XXXXXXXXX,XXXXXXXXX,1,6488
17600,Deborah,Buchanan,XXXXXXXXX,XXXXXXXXX,1,8880
17601,Aphrodite,Ballard,XXXXXXXXX,XXXXXXXXX,1,12162
17602,Basia,Mays,XXXXXXXXX,XXXXXXXXX,1,9310
17603,Constance,Alvarado,XXXXXXXXX,XXXXXXXXX,2,7370
17604,Shafira,Carlson,XXXXXXXXX,XXXXXXXXX,1,9416
17605,Priscilla,Mccray,XXXXXXXXX,XXXXXXXXX,1,7505
17606,Clare,Sutton,XXXXXXXXX,XXXXXXXXX,2,1444
17607,Blythe,Barrett,XXXXXXXXX,XXXXXXXXX,1,11392
17608,Macy,Wilkins,XXXXXXXXX,XXXXXXXXX,3,4283
17609,Velma,Morin,XXXXXXXXX,XXXXXXXXX,3,5198
17610,Guinevere,Floyd,XXXXXXXXX,XXXXXXXXX,3,8539
17611,Astra,Moses,XXXXXXXXX,XXXXXXXXX,3,9203
17612,Illana,Kidd,XXXXXXXXX,XXXXXXXXX,3,6107
17613,Demetria,Duncan,XXXXXXXXX,XXXXXXXXX,3,1572
17614,Velma,Johnston,XXXXXXXXX,XXXXXXXXX,3,6384
17615,Mary,Koch,XXXXXXXXX,XXXXXXXXX,3,12752
17616,Ivana,Nichols,XXXXXXXXX,XXXXXXXXX,3,777
17617,Lacota,Nunez,XXXXXXXXX,XXXXXXXXX,3,7512
17618,Farrah,Rocha,XXXXXXXXX,XXXXXXXXX,3,935
17619,Farrah,Mcmillan,XXXXXXXXX,XXXXXXXXX,1,15163
17620,Lysandra,Potter,XXXXXXXXX,XXXXXXXXX,1,8200
17621,Kirsten,Velez,XXXXXXXXX,XXXXXXXXX,1,11083
17622,Idola,Parrish,XXXXXXXXX,XXXXXXXXX,1,1041
17623,Kirestin,Garza,XXXXXXXXX,XXXXXXXXX,2,3997
17624,Calista,Horn,XXXXXXXXX,XXXXXXXXX,1,6468
17625,Vielka,Richardson,XXXXXXXXX,XXXXXXXXX,1,10733
17626,Sloane,Cooke,XXXXXXXXX,XXXXXXXXX,1,13755
17627,Ora,Whitney,XXXXXXXXX,XXXXXXXXX,2,3488
17628,Sydnee,Beck,XXXXXXXXX,XXXXXXXXX,3,12470
17629,Sonia,Ramos,XXXXXXXXX,XXXXXXXXX,2,8815
17630,Myra,Cardenas,XXXXXXXXX,XXXXXXXXX,2,15404
17631,Shaine,Barton,XXXXXXXXX,XXXXXXXXX,2,13009
17632,Francesca,Bradley,XXXXXXXXX,XXXXXXXXX,2,2755
17633,Maite,Gilbert,XXXXXXXXX,XXXXXXXXX,1,15873
17634,Heidi,Gordon,XXXXXXXXX,XXXXXXXXX,1,7650
17635,Hanae,Sharpe,XXXXXXXXX,XXXXXXXXX,3,7475
17636,Quemby,Fry,XXXXXXXXX,XXXXXXXXX,1,3112
17637,Shannon,Cherry,XXXXXXXXX,XXXXXXXXX,1,7483
17638,Noelani,Kaufman,XXXXXXXXX,XXXXXXXXX,1,6753
17639,Nora,Stevens,XXXXXXXXX,XXXXXXXXX,1,1868
17640,Ainsley,Fernandez,XXXXXXXXX,XXXXXXXXX,1,3963
17641,Renee,Erickson,XXXXXXXXX,XXXXXXXXX,1,14558
17642,Leigh,Holt,XXXXXXXXX,XXXXXXXXX,1,7052
17643,Carla,Shaw,XXXXXXXXX,XXXXXXXXX,1,534
17644,Ila,Terry,XXXXXXXXX,XXXXXXXXX,1,14458
17645,Lynn,Mullins,XXXXXXXXX,XXXXXXXXX,2,14884
17646,Larissa,Macias,XXXXXXXXX,XXXXXXXXX,2,6336
17647,Zenaida,Garrett,XXXXXXXXX,XXXXXXXXX,2,7521
17648,Tasha,Massey,XXXXXXXXX,XXXXXXXXX,2,5833
17649,Renee,Perkins,XXXXXXXXX,XXXXXXXXX,1,9792
17650,Isabella,Shaw,XXXXXXXXX,XXXXXXXXX,1,10796
17651,Zephr,Irwin,XXXXXXXXX,XXXXXXXXX,1,15605
17652,Whitney,Glover,XXXXXXXXX,XXXXXXXXX,1,466
17653,Karina,Velez,XXXXXXXXX,XXXXXXXXX,2,13468
17654,Ann,Weber,XXXXXXXXX,XXXXXXXXX,2,5769
17655,Whitney,Holloway,XXXXXXXXX,XXXXXXXXX,1,4954
17656,Cally,Callahan,XXXXXXXXX,XXXXXXXXX,1,7119
17657,Audrey,Gonzales,XXXXXXXXX,XXXXXXXXX,1,1822
17658,Jennifer,Schultz,XXXXXXXXX,XXXXXXXXX,2,10137
17659,Riley,Parker,XXXXXXXXX,XXXXXXXXX,3,12064
17660,Sybill,Schultz,XXXXXXXXX,XXXXXXXXX,3,16380
17661,Lani,Little,XXXXXXXXX,XXXXXXXXX,3,5903
17662,Brenna,Soto,XXXXXXXXX,XXXXXXXXX,2,8114
17663,Jocelyn,Sherman,XXXXXXXXX,XXXXXXXXX,2,6404
17664,Hannah,Shepherd,XXXXXXXXX,XXXXXXXXX,2,5847
17665,Paula,Bowman,XXXXXXXXX,XXXXXXXXX,2,12189
17666,Desiree,Lyons,XXXXXXXXX,XXXXXXXXX,2,271
17667,Illana,Weiss,XXXXXXXXX,XXXXXXXXX,2,8690
17668,Xena,Mcguire,XXXXXXXXX,XXXXXXXXX,2,11699
17669,Gay,Blanchard,XXXXXXXXX,XXXXXXXXX,1,1126
17670,Katell,Fletcher,XXXXXXXXX,XXXXXXXXX,1,4884
17671,Zia,Booth,XXXXXXXXX,XXXXXXXXX,1,10133
17672,April,Pace,XXXXXXXXX,XXXXXXXXX,3,1553
17673,Jamalia,Roach,XXXXXXXXX,XXXXXXXXX,2,10459
17674,Willow,Johns,XXXXXXXXX,XXXXXXXXX,1,10501
17675,Aubrey,Larson,XXXXXXXXX,XXXXXXXXX,1,5717
17676,Lacy,Russell,XXXXXXXXX,XXXXXXXXX,1,12404
17677,Susan,Rosa,XXXXXXXXX,XXXXXXXXX,1,495
17678,Iola,Mcconnell,XXXXXXXXX,XXXXXXXXX,2,8135
17679,Carly,Weeks,XXXXXXXXX,XXXXXXXXX,1,15810
17680,Adrienne,Rios,XXXXXXXXX,XXXXXXXXX,1,12264
17681,Helen,Melendez,XXXXXXXXX,XXXXXXXXX,1,16429
17682,Cleo,Figueroa,XXXXXXXXX,XXXXXXXXX,1,13495
17683,Rhoda,Joyce,XXXXXXXXX,XXXXXXXXX,1,12277
17684,Gillian,Cardenas,XXXXXXXXX,XXXXXXXXX,2,8286
17685,Iona,Fitzgerald,XXXXXXXXX,XXXXXXXXX,2,1136
17686,Azalia,Evans,XXXXXXXXX,XXXXXXXXX,2,3478
17687,Charlotte,Savage,XXXXXXXXX,XXXXXXXXX,2,4266
17688,Haviva,Sherman,XXXXXXXXX,XXXXXXXXX,2,3055
17689,Hedda,Becker,XXXXXXXXX,XXXXXXXXX,1,14435
17690,Brenna,Hamilton,XXXXXXXXX,XXXXXXXXX,1,2177
17691,Audrey,Pearson,XXXXXXXXX,XXXXXXXXX,1,5322
17692,Cynthia,Rosales,XXXXXXXXX,XXXXXXXXX,1,14625
17693,Morgan,Roberson,XXXXXXXXX,XXXXXXXXX,1,14521
17694,Cynthia,Mcfadden,XXXXXXXXX,XXXXXXXXX,1,7706
17695,Ivory,King,XXXXXXXXX,XXXXXXXXX,1,9036
17696,Brianna,Roman,XXXXXXXXX,XXXXXXXXX,1,15221
17697,Olympia,Burt,XXXXXXXXX,XXXXXXXXX,1,14575
17698,Winter,Richmond,XXXXXXXXX,XXXXXXXXX,1,3946
17699,Zorita,Burks,XXXXXXXXX,XXXXXXXXX,1,14295
17700,Lara,York,XXXXXXXXX,XXXXXXXXX,1,1305
17701,Sybil,Fowler,XXXXXXXXX,XXXXXXXXX,2,8229
17702,Astra,Pollard,XXXXXXXXX,XXXXXXXXX,2,429
17703,Xaviera,Boyd,XXXXXXXXX,XXXXXXXXX,3,14839
17704,Halla,Ray,XXXXXXXXX,XXXXXXXXX,2,16538
17705,Jorden,Holder,XXXXXXXXX,XXXXXXXXX,2,8834
17706,Belle,Melton,XXXXXXXXX,XXXXXXXXX,3,150
17707,Brittany,Buchanan,XXXXXXXXX,XXXXXXXXX,3,10171
17708,Cassady,Witt,XXXXXXXXX,XXXXXXXXX,3,7029
17709,Willow,Rios,XXXXXXXXX,XXXXXXXXX,1,12963
17710,Maia,Whitley,XXXXXXXXX,XXXXXXXXX,1,12457
17711,Anastasia,Lowe,XXXXXXXXX,XXXXXXXXX,1,4648
17712,Brianna,Austin,XXXXXXXXX,XXXXXXXXX,1,8346
17713,Ivory,Hancock,XXXXXXXXX,XXXXXXXXX,2,12615
17714,Elaine,Farmer,XXXXXXXXX,XXXXXXXXX,1,2113
17715,Camille,Johnson,XXXXXXXXX,XXXXXXXXX,1,535
17716,Maggy,Donaldson,XXXXXXXXX,XXXXXXXXX,1,13827
17717,Emily,Stevens,XXXXXXXXX,XXXXXXXXX,1,5337
17718,Ulla,Estrada,XXXXXXXXX,XXXXXXXXX,1,9063
17719,Amity,Boyle,XXXXXXXXX,XXXXXXXXX,3,12576
17720,Brianna,Hammond,XXXXXXXXX,XXXXXXXXX,3,6798
17721,Nora,Holman,XXXXXXXXX,XXXXXXXXX,1,16426
17722,Holly,Macias,XXXXXXXXX,XXXXXXXXX,3,11181
17723,Ayanna,Golden,XXXXXXXXX,XXXXXXXXX,1,11289
17724,Eden,Ortega,XXXXXXXXX,XXXXXXXXX,2,8179
17725,Danielle,Ray,XXXXXXXXX,XXXXXXXXX,2,11881
17726,Quon,Hansen,XXXXXXXXX,XXXXXXXXX,1,342
17727,Deborah,Caldwell,XXXXXXXXX,XXXXXXXXX,1,13995
17728,Hedda,Jensen,XXXXXXXXX,XXXXXXXXX,1,5705
17729,Athena,Lara,XXXXXXXXX,XXXXXXXXX,1,9175
17730,Kelsie,Lyons,XXXXXXXXX,XXXXXXXXX,1,5380
17731,Lee,Richmond,XXXXXXXXX,XXXXXXXXX,3,2428
17732,Jenette,Walker,XXXXXXXXX,XXXXXXXXX,3,10309
17733,Mollie,Keith,XXXXXXXXX,XXXXXXXXX,3,14301
17734,Gretchen,Cannon,XXXXXXXXX,XXXXXXXXX,3,16249
17735,Marah,Vasquez,XXXXXXXXX,XXXXXXXXX,3,14183
17736,Karyn,Edwards,XXXXXXXXX,XXXXXXXXX,2,4877
17737,Germaine,Navarro,XXXXXXXXX,XXXXXXXXX,1,14750
17738,Cathleen,Alexander,XXXXXXXXX,XXXXXXXXX,1,168
17739,Frances,Sweeney,XXXXXXXXX,XXXXXXXXX,3,6667
17740,Aphrodite,Hopper,XXXXXXXXX,XXXXXXXXX,2,3220
17741,Carissa,Hanson,XXXXXXXXX,XXXXXXXXX,2,3183
17742,Melissa,Cotton,XXXXXXXXX,XXXXXXXXX,1,636
17743,Kaitlin,Ray,XXXXXXXXX,XXXXXXXXX,3,5211
17744,Hyacinth,Odonnell,XXXXXXXXX,XXXXXXXXX,3,8930
17745,Maggie,Reynolds,XXXXXXXXX,XXXXXXXXX,2,8281
17746,Roanna,Combs,XXXXXXXXX,XXXXXXXXX,2,513
17747,Jacqueline,Bauer,XXXXXXXXX,XXXXXXXXX,2,3998
17748,Minerva,Lanister,XXXXXXXXX,XXXXXXXXX,2,12975
17749,Jayme,Kerr,XXXXXXXXX,XXXXXXXXX,1,5347
17750,Naomi,Phillips,XXXXXXXXX,XXXXXXXXX,1,5607
17751,Shelley,Quinn,XXXXXXXXX,XXXXXXXXX,2,422
17752,Lee,Reid,XXXXXXXXX,XXXXXXXXX,2,5292
17753,Chava,Salazar,XXXXXXXXX,XXXXXXXXX,2,11509
17754,Stacey,Jimenez,XXXXXXXXX,XXXXXXXXX,2,2643
17755,Cally,Leonard,XXXXXXXXX,XXXXXXXXX,2,13898
17756,Cherokee,Baldwin,XXXXXXXXX,XXXXXXXXX,2,2313
17757,Katelyn,Whitfield,XXXXXXXXX,XXXXXXXXX,2,417
17758,Nell,Valentine,XXXXXXXXX,XXXXXXXXX,2,2720
17759,Fiona,Schneider,XXXXXXXXX,XXXXXXXXX,2,8966
17760,Alisa,Alvarez,XXXXXXXXX,XXXXXXXXX,2,1392
17761,Donna,Lambert,XXXXXXXXX,XXXXXXXXX,2,9507
17762,Desirae,Carson,XXXXXXXXX,XXXXXXXXX,2,8027
17763,Kelsie,Cochran,XXXXXXXXX,XXXXXXXXX,3,7408
17764,Mona,Dickerson,XXXXXXXXX,XXXXXXXXX,3,13619
17765,Remedios,Noble,XXXXXXXXX,XXXXXXXXX,1,7568
17766,Calista,Beasley,XXXXXXXXX,XXXXXXXXX,3,3398
17767,Irma,Thompson,XXXXXXXXX,XXXXXXXXX,1,8338
17768,Katell,Rivas,XXXXXXXXX,XXXXXXXXX,1,14328
17769,Kitra,Sheppard,XXXXXXXXX,XXXXXXXXX,3,4890
17770,Katell,Fischer,XXXXXXXXX,XXXXXXXXX,3,7615
17771,Chelsea,Harmon,XXXXXXXXX,XXXXXXXXX,3,14586
17772,Madeline,House,XXXXXXXXX,XXXXXXXXX,2,671
17773,Bertha,Clements,XXXXXXXXX,XXXXXXXXX,1,403
17774,Patience,Anderson,XXXXXXXXX,XXXXXXXXX,1,5744
17775,Darryl,Bates,XXXXXXXXX,XXXXXXXXX,1,15069
17776,Carolyn,Welch,XXXXXXXXX,XXXXXXXXX,1,9603
17777,Montana,Walter,XXXXXXXXX,XXXXXXXXX,2,10986
17778,Hedwig,Cantu,XXXXXXXXX,XXXXXXXXX,2,10475
17779,Chava,Pitts,XXXXXXXXX,XXXXXXXXX,2,6252
17780,Eve,Maldonado,XXXXXXXXX,XXXXXXXXX,2,8270
17781,Gloria,Morrow,XXXXXXXXX,XXXXXXXXX,2,8937
17782,Mariko,Phillips,XXXXXXXXX,XXXXXXXXX,2,3108
17783,Evelyn,Simon,XXXXXXXXX,XXXXXXXXX,3,15862
17784,Brenna,Byrd,XXXXXXXXX,XXXXXXXXX,3,11898
17785,Cassandra,Camacho,XXXXXXXXX,XXXXXXXXX,3,4420
17786,Belle,Ballard,XXXXXXXXX,XXXXXXXXX,1,1163
17787,Inga,Phelps,XXXXXXXXX,XXXXXXXXX,1,12536
17788,Angelica,Johnson,XXXXXXXXX,XXXXXXXXX,1,7699
17789,Dominique,Valencia,XXXXXXXXX,XXXXXXXXX,1,9620
17790,Virginia,Bennett,XXXXXXXXX,XXXXXXXXX,1,2933
17791,Zoe,Willis,XXXXXXXXX,XXXXXXXXX,1,11384
17792,Blythe,Robbins,XXXXXXXXX,XXXXXXXXX,1,4443
17793,Chantale,Cannon,XXXXXXXXX,XXXXXXXXX,1,1199
17794,Cheryl,Mckinney,XXXXXXXXX,XXXXXXXXX,1,4728
17795,Raya,George,XXXXXXXXX,XXXXXXXXX,1,4293
17796,Mechelle,Camacho,XXXXXXXXX,XXXXXXXXX,1,5184
17797,Petra,Aguirre,XXXXXXXXX,XXXXXXXXX,1,9442
17798,Josephine,Morris,XXXXXXXXX,XXXXXXXXX,2,4917
17799,Ila,Hess,XXXXXXXXX,XXXXXXXXX,1,2224
17800,Felicia,Wilkins,XXXXXXXXX,XXXXXXXXX,3,181
17801,Quin,Rodgers,XXXXXXXXX,XXXXXXXXX,1,14904
17802,Meredith,Ball,XXXXXXXXX,XXXXXXXXX,1,15137
17803,Abra,Carter,XXXXXXXXX,XXXXXXXXX,1,2853
17804,Cherokee,Cervantes,XXXXXXXXX,XXXXXXXXX,1,13165
17805,Ignacia,Hartman,XXXXXXXXX,XXXXXXXXX,2,14136
17806,Melanie,Craft,XXXXXXXXX,XXXXXXXXX,2,14686
17807,Zia,Hensley,XXXXXXXXX,XXXXXXXXX,2,7006
17808,Yvette,Wilder,XXXXXXXXX,XXXXXXXXX,1,2456
17809,Deanna,Bates,XXXXXXXXX,XXXXXXXXX,1,8154
17810,Blythe,Bartlett,XXXXXXXXX,XXXXXXXXX,1,8163
17811,Ivory,James,XXXXXXXXX,XXXXXXXXX,1,5792
17812,Melyssa,Pennington,XXXXXXXXX,XXXXXXXXX,2,109
17813,Kim,Torres,XXXXXXXXX,XXXXXXXXX,1,9130
17814,Pascale,Berger,XXXXXXXXX,XXXXXXXXX,1,5507
17815,Orli,Mcdowell,XXXXXXXXX,XXXXXXXXX,2,9769
17816,Wynter,Murray,XXXXXXXXX,XXXXXXXXX,2,8620
17817,Jaime,Ballard,XXXXXXXXX,XXXXXXXXX,1,5591
17818,Karina,Travis,XXXXXXXXX,XXXXXXXXX,2,2198
17819,Isabella,Wilson,XXXXXXXXX,XXXXXXXXX,1,8097
17820,Xerxes,Dawson,XXXXXXXXX,XXXXXXXXX,1,4055
17821,Nita,Boone,XXXXXXXXX,XXXXXXXXX,1,11890
17822,Anika,Emerson,XXXXXXXXX,XXXXXXXXX,1,6123
17823,Remedios,Wade,XXXXXXXXX,XXXXXXXXX,2,5865
17824,Ori,Sawyer,XXXXXXXXX,XXXXXXXXX,2,5553
17825,Iona,William,XXXXXXXXX,XXXXXXXXX,2,8701
17826,Signe,Daugherty,XXXXXXXXX,XXXXXXXXX,2,4413
17827,Danielle,Fischer,XXXXXXXXX,XXXXXXXXX,1,7114
17828,Madonna,Patton,XXXXXXXXX,XXXXXXXXX,1,8558
17829,Karly,Cook,XXXXXXXXX,XXXXXXXXX,2,10642
17830,Liberty,Sparks,XXXXXXXXX,XXXXXXXXX,1,12168
17831,Deirdre,Patterson,XXXXXXXXX,XXXXXXXXX,1,15876
17832,Darrel,Mckay,XXXXXXXXX,XXXXXXXXX,3,7655
17833,Geraldine,Chase,XXXXXXXXX,XXXXXXXXX,1,9570
17834,Morgan,Haynes,XXXXXXXXX,XXXXXXXXX,1,14536
17835,Linda,Mccormick,XXXXXXXXX,XXXXXXXXX,1,10082
17836,Xerxes,Joyner,XXXXXXXXX,XXXXXXXXX,3,9751
17837,Ainsley,Fisher,XXXXXXXXX,XXXXXXXXX,1,5444
17838,Faith,Salinas,XXXXXXXXX,XXXXXXXXX,3,472
17839,Jolene,Hood,XXXXXXXXX,XXXXXXXXX,2,1727
17840,Gail,Lester,XXXXXXXXX,XXXXXXXXX,1,13323
17841,Karina,James,XXXXXXXXX,XXXXXXXXX,1,15285
17842,Sydney,Duffy,XXXXXXXXX,XXXXXXXXX,1,3203
17843,Shelley,Reed,XXXXXXXXX,XXXXXXXXX,1,2952
17844,Kathleen,Mckay,XXXXXXXXX,XXXXXXXXX,1,16188
17845,Alfreda,Obrien,XXXXXXXXX,XXXXXXXXX,1,9766
17846,Noel,Henry,XXXXXXXXX,XXXXXXXXX,1,6037
17847,Aimee,Peters,XXXXXXXXX,XXXXXXXXX,1,10391
17848,Hollee,Rivera,XXXXXXXXX,XXXXXXXXX,1,9677
17849,Charity,Preston,XXXXXXXXX,XXXXXXXXX,1,12873
17850,Imani,Clayton,XXXXXXXXX,XXXXXXXXX,3,3798
17851,Caryn,Mccarty,XXXXXXXXX,XXXXXXXXX,1,4784
17852,Asley,Foley,XXXXXXXXX,XXXXXXXXX,1,12722
17853,Astra,Alexander,XXXXXXXXX,XXXXXXXXX,2,4716
17854,Echo,Cotton,XXXXXXXXX,XXXXXXXXX,2,1494
17855,Stella,Porter,XXXXXXXXX,XXXXXXXXX,2,3827
17856,Nichole,Holcomb,XXXXXXXXX,XXXXXXXXX,1,10592
17857,Desiree,Hammond,XXXXXXXXX,XXXXXXXXX,2,6330
17858,Ginger,Matthews,XXXXXXXXX,XXXXXXXXX,2,4101
17859,Jaden,Franks,XXXXXXXXX,XXXXXXXXX,2,11349
17860,Harriet,Dunlap,XXXXXXXXX,XXXXXXXXX,2,15877
17861,Sloane,Stafford,XXXXXXXXX,XXXXXXXXX,3,5065
17862,Fallon,Terrell,XXXXXXXXX,XXXXXXXXX,1,2744
17863,Orli,Curtis,XXXXXXXXX,XXXXXXXXX,1,6230
17864,Martha,Barnett,XXXXXXXXX,XXXXXXXXX,1,4111
17865,Maggie,Rivas,XXXXXXXXX,XXXXXXXXX,3,2378
17866,Hillary,Maddox,XXXXXXXXX,XXXXXXXXX,3,11814
17867,Oprah,Byrd,XXXXXXXXX,XXXXXXXXX,3,10222
17868,Denise,Norris,XXXXXXXXX,XXXXXXXXX,3,9173
17869,Anastasia,Drake,XXXXXXXXX,XXXXXXXXX,3,13835
17870,Ocean,Everett,XXXXXXXXX,XXXXXXXXX,1,12806
17871,Lydia,Knowles,XXXXXXXXX,XXXXXXXXX,1,2044
17872,Lois,Herrera,XXXXXXXXX,XXXXXXXXX,1,4478
17873,Idona,Johnston,XXXXXXXXX,XXXXXXXXX,3,12966
17874,Victoria,Thomas,XXXXXXXXX,XXXXXXXXX,3,896
17875,Shay,Welch,XXXXXXXXX,XXXXXXXXX,2,4481
17876,Beatrice,Mercer,XXXXXXXXX,XXXXXXXXX,2,5068
17877,Sydnee,Petersen,XXXXXXXXX,XXXXXXXXX,1,6974
17878,Tatiana,Gilbert,XXXXXXXXX,XXXXXXXXX,2,754
17879,Barbara,Pruitt,XXXXXXXXX,XXXXXXXXX,1,6863
17880,Brianna,Richards,XXXXXXXXX,XXXXXXXXX,1,7298
17881,Abra,Blankenship,XXXXXXXXX,XXXXXXXXX,1,1473
17882,Rowan,Cain,XXXXXXXXX,XXXXXXXXX,1,1717
17883,Florence,Skinner,XXXXXXXXX,XXXXXXXXX,1,6890
17884,Cara,Mcmillan,XXXXXXXXX,XXXXXXXXX,1,6296
17885,Brees,Franco,XXXXXXXXX,XXXXXXXXX,1,8063
17886,May,Paul,XXXXXXXXX,XXXXXXXXX,1,14078
17887,Blythe,Trevino,XXXXXXXXX,XXXXXXXXX,1,15849
17888,Idola,Fulton,XXXXXXXXX,XXXXXXXXX,1,4586
17889,Medge,Ross,XXXXXXXXX,XXXXXXXXX,1,9530
17890,Lois,Ryan,XXXXXXXXX,XXXXXXXXX,1,13987
17891,September,Pitts,XXXXXXXXX,XXXXXXXXX,1,11066
17892,Lacey,Matthews,XXXXXXXXX,XXXXXXXXX,1,4911
17893,Bertha,Rice,XXXXXXXXX,XXXXXXXXX,1,1827
17894,Kay,Barr,XXXXXXXXX,XXXXXXXXX,3,1633
17895,Remedios,Ewing,XXXXXXXXX,XXXXXXXXX,3,8661
17896,Melyssa,Dennis,XXXXXXXXX,XXXXXXXXX,3,15978
17897,Adena,Morton,XXXXXXXXX,XXXXXXXXX,3,3017
17898,Christine,Huff,XXXXXXXXX,XXXXXXXXX,3,5506
17899,Amela,England,XXXXXXXXX,XXXXXXXXX,2,14110
17900,Xerxes,Mercado,XXXXXXXXX,XXXXXXXXX,1,11178
17901,Nola,Morton,XXXXXXXXX,XXXXXXXXX,3,9531
17902,Kerry,Bryan,XXXXXXXXX,XXXXXXXXX,3,16065
17903,Quemby,Underwood,XXXXXXXXX,XXXXXXXXX,2,292
17904,Whitney,Russell,XXXXXXXXX,XXXXXXXXX,2,11253
17905,Diana,Wyatt,XXXXXXXXX,XXXXXXXXX,2,2252
17906,Daryl,Woods,XXXXXXXXX,XXXXXXXXX,2,9181
17907,Farrah,Workman,XXXXXXXXX,XXXXXXXXX,1,3323
17908,Octavia,Morris,XXXXXXXXX,XXXXXXXXX,1,6950
17909,Dorothy,Casey,XXXXXXXXX,XXXXXXXXX,1,5575
17910,Quincy,Cox,XXXXXXXXX,XXXXXXXXX,1,400
17911,Alyssa,Carter,XXXXXXXXX,XXXXXXXXX,1,3134
17912,Iris,Glover,XXXXXXXXX,XXXXXXXXX,1,10889
17913,Kim,Gibson,XXXXXXXXX,XXXXXXXXX,1,4
17914,Marny,Levy,XXXXXXXXX,XXXXXXXXX,1,7491
17915,Sheila,Phelps,XXXXXXXXX,XXXXXXXXX,1,13556
17916,Leilani,Leach,XXXXXXXXX,XXXXXXXXX,1,3128
17917,Oprah,Roman,XXXXXXXXX,XXXXXXXXX,1,14930
17918,Shea,Griffin,XXXXXXXXX,XXXXXXXXX,1,9848
17919,Ina,Guzman,XXXXXXXXX,XXXXXXXXX,2,13845
17920,Hope,Marks,XXXXXXXXX,XXXXXXXXX,2,13628
17921,Tamara,Haney,XXXXXXXXX,XXXXXXXXX,2,13651
17922,Ora,Burt,XXXXXXXXX,XXXXXXXXX,1,10310
17923,Sarah,Galloway,XXXXXXXXX,XXXXXXXXX,1,1707
17924,Leigh,Guevara,XXXXXXXXX,XXXXXXXXX,1,12936
17925,Courtney,Cummings,XXXXXXXXX,XXXXXXXXX,1,15807
17926,Mechelle,Caldwell,XXXXXXXXX,XXXXXXXXX,1,2973
17927,Amber,Chandler,XXXXXXXXX,XXXXXXXXX,1,10574
17928,Adara,Frye,XXXXXXXXX,XXXXXXXXX,1,131
17929,Le,,XXXXXXXXX,XXXXXXXXX,3,13893
17930,Pascale,Armstrong,XXXXXXXXX,XXXXXXXXX,2,2695
17931,Tamara,Dunlap,XXXXXXXXX,XXXXXXXXX,2,10907
17932,Lesley,Stone,XXXXXXXXX,XXXXXXXXX,3,13686
17933,Kessie,Perry,XXXXXXXXX,XXXXXXXXX,3,5008
17934,Kaitlin,House,XXXXXXXXX,XXXXXXXXX,3,480
17935,Ivy,Mccoy,XXXXXXXXX,XXXXXXXXX,3,16040
17936,Moana,Jimenez,XXXXXXXXX,XXXXXXXXX,1,8183
17937,May,,XXXXXXXXX,XXXXXXXXX,2,11020
17938,Rachel,Jenkins,XXXXXXXXX,XXXXXXXXX,2,3187
17939,Rowan,Johnston,XXXXXXXXX,XXXXXXXXX,2,6240
17940,Britanney,Ball,XXXXXXXXX,XXXXXXXXX,1,9138
17941,Cheryl,Bailey,XXXXXXXXX,XXXXXXXXX,1,15040
17942,Destiny,Lawson,XXXXXXXXX,XXXXXXXXX,1,7433
17943,Rebecca,Bauer,XXXXXXXXX,XXXXXXXXX,1,13164
17944,Emi,Gilbert,XXXXXXXXX,XXXXXXXXX,3,2997
17945,Odette,Casey,XXXXXXXXX,XXXXXXXXX,3,12642
17946,Chloe,Mclean,XXXXXXXXX,XXXXXXXXX,3,3916
17947,Linda,Ellison,XXXXXXXXX,XXXXXXXXX,2,12255
17948,Hadley,Jimenez,XXXXXXXXX,XXXXXXXXX,1,2795
17949,Buffy,Donaldson,XXXXXXXXX,XXXXXXXXX,1,7001
17950,Amity,Morales,XXXXXXXXX,XXXXXXXXX,2,10129
17951,Madonna,Sexton,XXXXXXXXX,XXXXXXXXX,2,7829
17952,Evangeline,Castaneda,XXXXXXXXX,XXXXXXXXX,2,11874
17953,Gloria,George,XXXXXXXXX,XXXXXXXXX,2,5084
17954,Leigh,Merrill,XXXXXXXXX,XXXXXXXXX,2,13637
17955,Glenna,Mayer,XXXXXXXXX,XXXXXXXXX,3,12568
17956,Claudia,Moody,XXXXXXXXX,XXXXXXXXX,3,1573
17957,Amanda,Fulton,XXXXXXXXX,XXXXXXXXX,1,5458
17958,Kim,Wolfe,XXXXXXXXX,XXXXXXXXX,1,16103
17959,Reagan,Whitehead,XXXXXXXXX,XXXXXXXXX,1,6928
17960,Bethany,Bright,XXXXXXXXX,XXXXXXXXX,1,1117
17961,Dorothy,Good,XXXXXXXXX,XXXXXXXXX,1,9017
17962,Ocean,Meadows,XXXXXXXXX,XXXXXXXXX,2,14000
17963,Alexis,Pugh,XXXXXXXXX,XXXXXXXXX,1,1926
17964,Shelley,Mcconnell,XXXXXXXXX,XXXXXXXXX,2,432
17965,Leslie,Ratliff,XXXXXXXXX,XXXXXXXXX,1,9363
17966,Quail,Byrd,XXXXXXXXX,XXXXXXXXX,2,15143
17967,Zenaida,Curry,XXXXXXXXX,XXXXXXXXX,1,8673
17968,Willow,Casey,XXXXXXXXX,XXXXXXXXX,2,1880
17969,Hedwig,Henderson,XXXXXXXXX,XXXXXXXXX,2,986
17970,Clio,Leblanc,XXXXXXXXX,XXXXXXXXX,1,14154
17971,Ria,Tran,XXXXXXXXX,XXXXXXXXX,1,4840
17972,Evangeline,Soto,XXXXXXXXX,XXXXXXXXX,1,15295
17973,Hope,Carver,XXXXXXXXX,XXXXXXXXX,1,12249
17974,Isabella,Baker,XXXXXXXXX,XXXXXXXXX,1,3184
17975,Indigo,Flowers,XXXXXXXXX,XXXXXXXXX,2,9434
17976,Rhiannon,Wagner,XXXXXXXXX,XXXXXXXXX,1,14574
17977,Mara,Stark,XXXXXXXXX,XXXXXXXXX,2,13616
17978,Destiny,Head,XXXXXXXXX,XXXXXXXXX,2,11660
17979,Juliet,Chan,XXXXXXXXX,XXXXXXXXX,1,6201
17980,Katell,Sloan,XXXXXXXXX,XXXXXXXXX,1,9453
17981,Clio,Richard,XXXXXXXXX,XXXXXXXXX,1,10738
17982,Ayanna,Hodges,XXXXXXXXX,XXXXXXXXX,1,4826
17983,Ramona,Miller,XXXXXXXXX,XXXXXXXXX,2,6805
17984,Chelsea,Johns,XXXXXXXXX,XXXXXXXXX,2,13485
17985,Quyn,Padilla,XXXXXXXXX,XXXXXXXXX,1,6340
17986,Ila,Little,XXXXXXXXX,XXXXXXXXX,2,6441
17987,Mari,Savage,XXXXXXXXX,XXXXXXXXX,1,11754
17988,Rylee,Mcneil,XXXXXXXXX,XXXXXXXXX,2,12644
17989,Neve,Nielsen,XXXXXXXXX,XXXXXXXXX,1,137
17990,Rowan,Mercado,XXXXXXXXX,XXXXXXXXX,1,15728
17991,Rhoda,Gutierrez,XXXXXXXXX,XXXXXXXXX,1,2890
17992,Chantale,Carpenter,XXXXXXXXX,XXXXXXXXX,1,4044
17993,Skyler,Day,XXXXXXXXX,XXXXXXXXX,1,1084
17994,Brynn,Meyers,XXXXXXXXX,XXXXXXXXX,1,16428
17995,Faith,Bray,XXXXXXXXX,XXXXXXXXX,1,12998
17996,Quintessa,Barker,XXXXXXXXX,XXXXXXXXX,1,14444
17997,Naida,Wall,XXXXXXXXX,XXXXXXXXX,1,16501
17998,Violet,Bullock,XXXXXXXXX,XXXXXXXXX,1,3691
17999,Blair,Bryan,XXXXXXXXX,XXXXXXXXX,1,14081
18000,Wynne,Sharp,XXXXXXXXX,XXXXXXXXX,1,2010
18001,Lucy,Moran,XXXXXXXXX,XXXXXXXXX,2,2552
18002,Ainsley,Robertson,XXXXXXXXX,XXXXXXXXX,2,9767
18003,Dacey,Nelson,XXXXXXXXX,XXXXXXXXX,2,650
18004,Delilah,Church,XXXXXXXXX,XXXXXXXXX,2,12692
18005,Shellie,Bray,XXXXXXXXX,XXXXXXXXX,1,13341
18006,Myra,Jordan,XXXXXXXXX,XXXXXXXXX,1,11555
18007,Audra,Weber,XXXXXXXXX,XXXXXXXXX,2,10615
18008,Hiroko,Snyder,XXXXXXXXX,XXXXXXXXX,1,13019
18009,Frances,Bolton,XXXXXXXXX,XXXXXXXXX,1,13557
18010,Hanna,Cochran,XXXXXXXXX,XXXXXXXXX,1,8826
18011,Petra,Rowe,XXXXXXXXX,XXXXXXXXX,1,7769
18012,Camilla,Nixon,XXXXXXXXX,XXXXXXXXX,1,285
18013,Jescie,Page,XXXXXXXXX,XXXXXXXXX,1,43
18014,Melyssa,Rodgers,XXXXXXXXX,XXXXXXXXX,3,16124
18015,Grace,Morton,XXXXXXXXX,XXXXXXXXX,3,1618
18016,Kevyn,Alston,XXXXXXXXX,XXXXXXXXX,3,11204
18017,Shelby,Wade,XXXXXXXXX,XXXXXXXXX,1,12327
18018,Sara,Torres,XXXXXXXXX,XXXXXXXXX,1,1641
18019,Chanda,Gonzalez,XXXXXXXXX,XXXXXXXXX,2,3728
18020,Ocean,Woodard,XXXXXXXXX,XXXXXXXXX,2,11224
18021,Eleanor,Odonnell,XXXXXXXXX,XXXXXXXXX,1,15698
18022,Xaviera,Rollins,XXXXXXXXX,XXXXXXXXX,2,14793
18023,Abigail,Fitzpatrick,XXXXXXXXX,XXXXXXXXX,2,4657
18024,Charde,Hutchinson,XXXXXXXXX,XXXXXXXXX,1,12776
18025,Nyssa,Shaw,XXXXXXXXX,XXXXXXXXX,1,7740
18026,Piper,Sykes,XXXXXXXXX,XXXXXXXXX,1,4269
18027,Fredericka,Downs,XXXXXXXXX,XXXXXXXXX,2,12738
18028,Rhoda,Abbott,XXXXXXXXX,XXXXXXXXX,2,9481
18029,Taylor,Bradley,XXXXXXXXX,XXXXXXXXX,2,12923
18030,Nicole,Klein,XXXXXXXXX,XXXXXXXXX,2,5942
18031,Darryl,Lewis,XXXXXXXXX,XXXXXXXXX,2,10441
18032,Madeson,Fletcher,XXXXXXXXX,XXXXXXXXX,1,11731
18033,Quin,Logan,XXXXXXXXX,XXXXXXXXX,1,4330
18034,Dominique,Pate,XXXXXXXXX,XXXXXXXXX,3,1264
18035,Sloane,Molina,XXXXXXXXX,XXXXXXXXX,3,9199
18036,Mariam,Dickson,XXXXXXXXX,XXXXXXXXX,1,9858
18037,Cleo,Mcfadden,XXXXXXXXX,XXXXXXXXX,1,13941
18038,Alfreda,White,XXXXXXXXX,XXXXXXXXX,1,10591
18039,Irma,Sanford,XXXXXXXXX,XXXXXXXXX,2,11655
18040,Sacha,Wilder,XXXXXXXXX,XXXXXXXXX,2,4364
18041,Iris,Norman,XXXXXXXXX,XXXXXXXXX,1,13197
18042,Dorothy,Beach,XXXXXXXXX,XXXXXXXXX,1,12386
18043,Yuri,Mayo,XXXXXXXXX,XXXXXXXXX,1,1891
18044,Selma,Long,XXXXXXXXX,XXXXXXXXX,1,4323
18045,Miranda,Herman,XXXXXXXXX,XXXXXXXXX,1,4373
18046,Jaquelyn,Navarro,XXXXXXXXX,XXXXXXXXX,2,11278
18047,Dora,Mckay,XXXXXXXXX,XXXXXXXXX,1,13641
18048,Kaye,Castro,XXXXXXXXX,XXXXXXXXX,1,7215
18049,Jael,Goff,XXXXXXXXX,XXXXXXXXX,2,9334
18050,Eden,Rivas,XXXXXXXXX,XXXXXXXXX,2,9854
18051,Diana,Reed,XXXXXXXXX,XXXXXXXXX,1,11244
18052,Lee,Rasmussen,XXXXXXXXX,XXXXXXXXX,1,6642
18053,Rhoda,Nixon,XXXXXXXXX,XXXXXXXXX,1,5789
18054,Kitra,Turner,XXXXXXXXX,XXXXXXXXX,3,1125
18055,Eve,Stone,XXXXXXXXX,XXXXXXXXX,3,2505
18056,Kimberley,Yang,XXXXXXXXX,XXXXXXXXX,3,8151
18057,Gloria,Quinn,XXXXXXXXX,XXXXXXXXX,3,9552
18058,Stella,Rowe,XXXXXXXXX,XXXXXXXXX,2,15997
18059,Mariam,Cobb,XXXXXXXXX,XXXXXXXXX,1,4653
18060,Mia,Wall,XXXXXXXXX,XXXXXXXXX,1,4742
18061,Imani,Conway,XXXXXXXXX,XXXXXXXXX,1,5835
18062,Sara,Green,XXXXXXXXX,XXXXXXXXX,1,12577
18063,Kyra,Burns,XXXXXXXXX,XXXXXXXXX,1,14731
18064,Ruth,Bradley,XXXXXXXXX,XXXXXXXXX,1,14979
18065,Susan,Cross,XXXXXXXXX,XXXXXXXXX,2,1693
18066,Camilla,Chambers,XXXXXXXXX,XXXXXXXXX,1,12350
18067,Sheila,Gilbert,XXXXXXXXX,XXXXXXXXX,2,7898
18068,Miranda,Graham,XXXXXXXXX,XXXXXXXXX,2,9738
18069,Latifah,Boyle,XXXXXXXXX,XXXXXXXXX,1,11791
18070,India,Levy,XXXXXXXXX,XXXXXXXXX,2,3076
18071,Renee,Francis,XXXXXXXXX,XXXXXXXXX,2,12850
18072,Carolyn,Webster,XXXXXXXXX,XXXXXXXXX,2,14459
18073,Natalie,Ellis,XXXXXXXXX,XXXXXXXXX,2,13002
18074,Flora,Roberson,XXXXXXXXX,XXXXXXXXX,1,16462
18075,Faith,Page,XXXXXXXXX,XXXXXXXXX,1,13902
18076,Melodie,Delgado,XXXXXXXXX,XXXXXXXXX,3,8629
18077,Reagan,Daniels,XXXXXXXXX,XXXXXXXXX,3,13908
18078,Amity,Hancock,XXXXXXXXX,XXXXXXXXX,1,14401
18079,Ila,Bass,XXXXXXXXX,XXXXXXXXX,1,9890
18080,Ann,Bailey,XXXXXXXXX,XXXXXXXXX,1,12807
18081,Meghan,Rasmussen,XXXXXXXXX,XXXXXXXXX,2,15695
18082,Callie,Jordan,XXXXXXXXX,XXXXXXXXX,1,11010
18083,Veronica,Branch,XXXXXXXXX,XXXXXXXXX,1,6413
18084,Zelda,Ward,XXXXXXXXX,XXXXXXXXX,1,94
18085,Dakota,Kelley,XXXXXXXXX,XXXXXXXXX,3,2875
18086,Nadine,Boyle,XXXXXXXXX,XXXXXXXXX,2,4696
18087,Yolanda,Farrell,XXXXXXXXX,XXXXXXXXX,1,4132
18088,Fatima,Kline,XXXXXXXXX,XXXXXXXXX,1,434
18089,Gemma,Silva,XXXXXXXXX,XXXXXXXXX,1,6355
18090,Callie,Sims,XXXXXXXXX,XXXXXXXXX,1,4403
18091,Aphrodite,Reynolds,XXXXXXXXX,XXXXXXXXX,2,9418
18092,Nicole,Conway,XXXXXXXXX,XXXXXXXXX,2,12176
18093,Fay,Camacho,XXXXXXXXX,XXXXXXXXX,2,5923
18094,Rosalyn,Houston,XXXXXXXXX,XXXXXXXXX,1,5373
18095,Sylvia,Gomez,XXXXXXXXX,XXXXXXXXX,2,15880
18096,Sonia,Mcke,XXXXXXXXX,XXXXXXXXX,2,481
18097,Venus,Moss,XXXXXXXXX,XXXXXXXXX,2,16060
18098,Iola,Pitts,XXXXXXXXX,XXXXXXXXX,3,13239
18099,Josephine,Copeland,XXXXXXXXX,XXXXXXXXX,3,486
18100,Regina,Sloan,XXXXXXXXX,XXXXXXXXX,1,14250
18101,Lesley,Walters,XXXXXXXXX,XXXXXXXXX,1,9095
18102,Lacey,Blevins,XXXXXXXXX,XXXXXXXXX,1,4458
18103,Christine,Emerson,XXXXXXXXX,XXXXXXXXX,1,12344
18104,Zena,Soto,XXXXXXXXX,XXXXXXXXX,1,5227
18105,Aphrodite,Marsh,XXXXXXXXX,XXXXXXXXX,3,4235
18106,Hillary,Zimmerman,XXXXXXXXX,XXXXXXXXX,2,12508
18107,Nita,Aguirre,XXXXXXXXX,XXXXXXXXX,1,5203
18108,Miriam,Wilson,XXXXXXXXX,XXXXXXXXX,2,3350
18109,Donna,Espinoza,XXXXXXXXX,XXXXXXXXX,2,15726
18110,Maggie,Day,XXXXXXXXX,XXXXXXXXX,2,13979
18111,Shellie,Marsh,XXXXXXXXX,XXXXXXXXX,2,1393
18112,Grace,Grant,XXXXXXXXX,XXXXXXXXX,2,12242
18113,Marcia,Love,XXXXXXXXX,XXXXXXXXX,2,12766
18114,Cathleen,Gaines,XXXXXXXXX,XXXXXXXXX,1,7848
18115,Idona,Drake,XXXXXXXXX,XXXXXXXXX,1,5930
18116,Emma,Mathews,XXXXXXXXX,XXXXXXXXX,1,2777
18117,Chiquita,Armstrong,XXXXXXXXX,XXXXXXXXX,1,1972
18118,Nadine,Andrews,XXXXXXXXX,XXXXXXXXX,1,4050
18119,Shelley,Lynn,XXXXXXXXX,XXXXXXXXX,1,14056
18120,Iola,Dalton,XXXXXXXXX,XXXXXXXXX,1,8437
18121,Sybill,Whitehead,XXXXXXXXX,XXXXXXXXX,1,16373
18122,Alma,Brock,XXXXXXXXX,XXXXXXXXX,2,1777
18123,Blair,Whitney,XXXXXXXXX,XXXXXXXXX,1,1646
18124,Briar,Bean,XXXXXXXXX,XXXXXXXXX,1,425
18125,Tara,Villarreal,XXXXXXXXX,XXXXXXXXX,2,8939
18126,Carol,Beach,XXXXXXXXX,XXXXXXXXX,1,3644
18127,Lacy,Guerra,XXXXXXXXX,XXXXXXXXX,2,282
18128,Xena,Hayden,XXXXXXXXX,XXXXXXXXX,2,13254
18129,Sonya,Snow,XXXXXXXXX,XXXXXXXXX,2,8897
18130,Blair,Dalton,XXXXXXXXX,XXXXXXXXX,2,8357
18131,Danielle,Freeman,XXXXXXXXX,XXXXXXXXX,1,14219
18132,Gisela,Guy,XXXXXXXXX,XXXXXXXXX,1,8717
18133,Lilah,Lucas,XXXXXXXXX,XXXXXXXXX,1,458
18134,Shelby,Mcgowan,XXXXXXXXX,XXXXXXXXX,2,8068
18135,Rose,Chandler,XXXXXXXXX,XXXXXXXXX,2,13849
18136,Alexis,Woodward,XXXXXXXXX,XXXXXXXXX,3,4565
18137,Stacy,Wilson,XXXXXXXXX,XXXXXXXXX,2,7845
18138,Kevyn,Christian,XXXXXXXXX,XXXXXXXXX,2,9007
18139,Kirby,Garrett,XXXXXXXXX,XXXXXXXXX,2,9163
18140,Veronica,Wooten,XXXXXXXXX,XXXXXXXXX,2,12982
18141,Amanda,Morse,XXXXXXXXX,XXXXXXXXX,1,13537
18142,Lareina,Colon,XXXXXXXXX,XXXXXXXXX,1,2633
18143,Teegan,Guzman,XXXXXXXXX,XXXXXXXXX,2,15667
18144,Moana,Hartman,XXXXXXXXX,XXXXXXXXX,1,8058
18145,Moana,Pickett,XXXXXXXXX,XXXXXXXXX,1,6491
18146,Shana,Wiley,XXXXXXXXX,XXXXXXXXX,1,9118
18147,Carly,Strong,XXXXXXXXX,XXXXXXXXX,1,4408
18148,Camille,Mendoza,XXXXXXXXX,XXXXXXXXX,1,2857
18149,Stella,Perez,XXXXXXXXX,XXXXXXXXX,1,1793
18150,Hedwig,Bender,XXXXXXXXX,XXXXXXXXX,1,12125
18151,Fatima,Morales,XXXXXXXXX,XXXXXXXXX,3,4970
18152,Felicia,Rosales,XXXXXXXXX,XXXXXXXXX,1,14805
18153,Robina,Schultz,XXXXXXXXX,XXXXXXXXX,1,4083
18154,Mari,Herman,XXXXXXXXX,XXXXXXXXX,1,4445
18155,Ruth,Salas,XXXXXXXXX,XXXXXXXXX,1,3435
18156,Marcia,Henderson,XXXXXXXXX,XXXXXXXXX,1,11945
18157,Mona,Burke,XXXXXXXXX,XXXXXXXXX,1,16054
18158,Ciara,Leblanc,XXXXXXXXX,XXXXXXXXX,3,5531
18159,Hanna,Bryant,XXXXXXXXX,XXXXXXXXX,2,3138
18160,Cora,Franco,XXXXXXXXX,XXXXXXXXX,2,16005
18161,Kimberly,Haynes,XXXXXXXXX,XXXXXXXXX,2,4223
18162,Cassandra,Weaver,XXXXXXXXX,XXXXXXXXX,2,4370
18163,Cheyenne,Blevins,XXXXXXXXX,XXXXXXXXX,2,16536
18164,Victoria,Underwood,XXXXXXXXX,XXXXXXXXX,1,2914
18165,Chastity,Crawford,XXXXXXXXX,XXXXXXXXX,2,987
18166,Eleanor,Phelps,XXXXXXXXX,XXXXXXXXX,1,10502
18167,McKenzie,Vargas,XXXXXXXXX,XXXXXXXXX,1,14533
18168,Sara,Leonard,XXXXXXXXX,XXXXXXXXX,1,10601
18169,Alexis,Morse,XXXXXXXXX,XXXXXXXXX,1,14561
18170,Kelsey,Avery,XXXXXXXXX,XXXXXXXXX,1,15172
18171,Lilah,Michael,XXXXXXXXX,XXXXXXXXX,1,4425
18172,Sierra,Mcfadden,XXXXXXXXX,XXXXXXXXX,1,6165
18173,Wendy,Bright,XXXXXXXXX,XXXXXXXXX,1,4862
18174,Uta,Mays,XXXXXXXXX,XXXXXXXXX,1,3330
18175,Xerxes,Morgan,XXXXXXXXX,XXXXXXXXX,3,6381
18176,Zephr,Wade,XXXXXXXXX,XXXXXXXXX,3,5328
18177,Fiona,Ashley,XXXXXXXXX,XXXXXXXXX,3,7072
18178,Darryl,Emerson,XXXXXXXXX,XXXXXXXXX,3,1047
18179,Mariko,Bowen,XXXXXXXXX,XXXXXXXXX,1,14151
18180,Xandra,Wilcox,XXXXXXXXX,XXXXXXXXX,1,5776
18181,Dorothy,Cunningham,XXXXXXXXX,XXXXXXXXX,1,15190
18182,Paloma,Bentley,XXXXXXXXX,XXXXXXXXX,3,10977
18183,Jenette,Huffman,XXXXXXXXX,XXXXXXXXX,3,565
18184,Dahlia,Shaw,XXXXXXXXX,XXXXXXXXX,3,11638
18185,Alika,Kinney,XXXXXXXXX,XXXXXXXXX,2,12482
18186,Wynter,Rios,XXXXXXXXX,XXXXXXXXX,3,2837
18187,Azalia,Tran,XXXXXXXXX,XXXXXXXXX,3,10885
18188,Patience,Rivera,XXXXXXXXX,XXXXXXXXX,3,3776
18189,Lydia,Allen,XXXXXXXXX,XXXXXXXXX,3,8464
18190,Eden,White,XXXXXXXXX,XXXXXXXXX,3,7906
18191,Hollee,Boyd,XXXXXXXXX,XXXXXXXXX,2,8116
18192,Kameko,Dejesus,XXXXXXXXX,XXXXXXXXX,1,7275
18193,Petra,Maddox,XXXXXXXXX,XXXXXXXXX,1,11630
18194,Amela,Randolph,XXXXXXXXX,XXXXXXXXX,1,10053
18195,Daryl,Carr,XXXXXXXXX,XXXXXXXXX,1,14993
18196,Hiroko,Reynolds,XXXXXXXXX,XXXXXXXXX,1,14004
18197,Carolyn,Dyer,XXXXXXXXX,XXXXXXXXX,1,10465
18198,Kylynn,Myers,XXXXXXXXX,XXXXXXXXX,3,3474
18199,Joan,Silva,XXXXXXXXX,XXXXXXXXX,1,10456
18200,Joelle,Stephens,XXXXXXXXX,XXXXXXXXX,1,12113
18201,Demetria,Santiago,XXXXXXXXX,XXXXXXXXX,1,67
18202,Tatyana,Stone,XXXXXXXXX,XXXXXXXXX,1,4209
18203,Yuri,Rocha,XXXXXXXXX,XXXXXXXXX,1,8348
18204,Veronica,Lowery,XXXXXXXXX,XXXXXXXXX,1,15362
18205,Madeline,Evans,XXXXXXXXX,XXXXXXXXX,1,14692
18206,Mallory,Oconnor,XXXXXXXXX,XXXXXXXXX,2,4356
18207,Olivia,Holmes,XXXXXXXXX,XXXXXXXXX,3,14379
18208,Hedy,Cunningham,XXXXXXXXX,XXXXXXXXX,3,10305
18209,Kylynn,Weaver,XXXXXXXXX,XXXXXXXXX,1,7840
18210,Nell,Dorsey,XXXXXXXXX,XXXXXXXXX,1,13233
18211,Ila,Snow,XXXXXXXXX,XXXXXXXXX,1,5647
18212,Aphrodite,Dean,XXXXXXXXX,XXXXXXXXX,1,12548
18213,Renee,Simpson,XXXXXXXXX,XXXXXXXXX,1,12288
18214,Daryl,Holland,XXXXXXXXX,XXXXXXXXX,1,4119
18215,Moana,Kane,XXXXXXXXX,XXXXXXXXX,1,1118
18216,Sacha,Jensen,XXXXXXXXX,XXXXXXXXX,3,2925
18217,Calista,Burton,XXXXXXXXX,XXXXXXXXX,3,5255
18218,Sage,Kane,XXXXXXXXX,XXXXXXXXX,3,15213
18219,Quynn,Mccoy,XXXXXXXXX,XXXXXXXXX,1,11777
18220,Lani,Contreras,XXXXXXXXX,XXXXXXXXX,1,2188
18221,Cassady,Dyer,XXXXXXXXX,XXXXXXXXX,1,4513
18222,Maris,Davidson,XXXXXXXXX,XXXXXXXXX,1,4966
18223,Pascale,Lindsay,XXXXXXXXX,XXXXXXXXX,1,10534
18224,Jaden,Richards,XXXXXXXXX,XXXXXXXXX,1,5639
18225,Mira,Ferguson,XXXXXXXXX,XXXXXXXXX,1,3172
18226,Giselle,Carson,XXXXXXXXX,XXXXXXXXX,1,15632
18227,Whoopi,Mcclain,XXXXXXXXX,XXXXXXXXX,2,10191
18228,Hillary,Glenn,XXXXXXXXX,XXXXXXXXX,2,179
18229,Reagan,Weiss,XXXXXXXXX,XXXXXXXXX,1,6202
18230,Shana,Carroll,XXXXXXXXX,XXXXXXXXX,2,12934
18231,Keiko,Dale,XXXXXXXXX,XXXXXXXXX,1,14931
18232,Christine,Donovan,XXXXXXXXX,XXXXXXXXX,1,14104
18233,Amela,Dorsey,XXXXXXXXX,XXXXXXXXX,1,7369
18234,Sylvia,Lopez,XXXXXXXXX,XXXXXXXXX,1,6073
18235,Tatum,Roberson,XXXXXXXXX,XXXXXXXXX,1,4857
18236,Eliana,Grant,XXXXXXXXX,XXXXXXXXX,1,4697
18237,Penelope,Sykes,XXXXXXXXX,XXXXXXXXX,1,1552
18238,Yvonne,Shields,XXXXXXXXX,XXXXXXXXX,1,4776
18239,Skyler,Cardenas,XXXXXXXXX,XXXXXXXXX,2,3647
18240,Emma,Schneider,XXXXXXXXX,XXXXXXXXX,2,8242
18241,Sybil,Monroe,XXXXXXXXX,XXXXXXXXX,2,8740
18242,Mechelle,Silva,XXXXXXXXX,XXXXXXXXX,2,2099
18243,Sophia,Sykes,XXXXXXXXX,XXXXXXXXX,2,1743
18244,Maxine,Green,XXXXXXXXX,XXXXXXXXX,2,9661
18245,Suki,Roman,XXXXXXXXX,XXXXXXXXX,2,7330
18246,Jeanette,Hester,XXXXXXXXX,XXXXXXXXX,2,689
18247,Cailin,Neal,XXXXXXXXX,XXXXXXXXX,1,225
18248,Cameron,Savage,XXXXXXXXX,XXXXXXXXX,1,7115
18249,Aileen,Townsend,XXXXXXXXX,XXXXXXXXX,1,7324
18250,Whitney,Mcconnell,XXXXXXXXX,XXXXXXXXX,1,5482
18251,Alea,Emerson,XXXXXXXXX,XXXXXXXXX,1,2069
18252,Hedwig,Barrett,XXXXXXXXX,XXXXXXXXX,1,1442
18253,Ocean,Lee,XXXXXXXXX,XXXXXXXXX,1,4495
18254,Xena,Mcpherson,XXXXXXXXX,XXXXXXXXX,1,14856
18255,Rachel,Mendoza,XXXXXXXXX,XXXXXXXXX,1,4099
18256,Janna,Blackwell,XXXXXXXXX,XXXXXXXXX,1,8128
18257,Carolyn,Dean,XXXXXXXXX,XXXXXXXXX,3,8762
18258,Aspen,Watts,XXXXXXXXX,XXXXXXXXX,3,14605
18259,Carla,Noel,XXXXXXXXX,XXXXXXXXX,1,1406
18260,Sara,Brooks,XXXXXXXXX,XXXXXXXXX,1,3657
18261,Jayme,Clay,XXXXXXXXX,XXXXXXXXX,2,13675
18262,Isabella,Sargent,XXXXXXXXX,XXXXXXXXX,1,13656
18263,Zelda,Burch,XXXXXXXXX,XXXXXXXXX,1,93
18264,Charlotte,Rojas,XXXXXXXXX,XXXXXXXXX,2,6909
18265,Jaime,Mitchell,XXXXXXXXX,XXXXXXXXX,2,2570
18266,Raven,Weber,XXXXXXXXX,XXXXXXXXX,2,3402
18267,Mariam,Buchanan,XXXXXXXXX,XXXXXXXXX,2,14489
18268,Vivien,Barnett,XXXXXXXXX,XXXXXXXXX,2,14726
18269,Maile,Fisher,XXXXXXXXX,XXXXXXXXX,2,16545
18270,Germaine,Wilkerson,XXXXXXXXX,XXXXXXXXX,2,996
18271,Karyn,Hess,XXXXXXXXX,XXXXXXXXX,2,2081
18272,Jane,Powers,XXXXXXXXX,XXXXXXXXX,1,7474
18273,Hilary,Church,XXXXXXXXX,XXXXXXXXX,1,3198
18274,Quyn,Middleton,XXXXXXXXX,XXXXXXXXX,1,3957
18275,Ayanna,Melton,XXXXXXXXX,XXXXXXXXX,1,7972
18276,Cheryl,Koch,XXXXXXXXX,XXXXXXXXX,2,7225
18277,Azalia,Orr,XXXXXXXXX,XXXXXXXXX,1,8034
18278,Marny,Hunt,XXXXXXXXX,XXXXXXXXX,2,2488
18279,Dawn,Donovan,XXXXXXXXX,XXXXXXXXX,2,5740
18280,Candice,Marquez,XXXXXXXXX,XXXXXXXXX,1,15975
18281,Cara,Nichols,XXXXXXXXX,XXXXXXXXX,1,552
18282,Simone,Washington,XXXXXXXXX,XXXXXXXXX,1,4500
18283,Chantale,Taylor,XXXXXXXXX,XXXXXXXXX,1,15231
18284,Quon,Baker,XXXXXXXXX,XXXXXXXXX,1,1132
18285,Hilary,Dale,XXXXXXXXX,XXXXXXXXX,1,3217
18286,Karly,Delaney,XXXXXXXXX,XXXXXXXXX,3,15200
18287,Noel,Pugh,XXXXXXXXX,XXXXXXXXX,1,12534
18288,Lesley,Clayton,XXXXXXXXX,XXXXXXXXX,2,15467
18289,Mary,Dickerson,XXXXXXXXX,XXXXXXXXX,1,8188
18290,Nita,Keith,XXXXXXXXX,XXXXXXXXX,1,3241
18291,Dawn,Cantrell,XXXXXXXXX,XXXXXXXXX,1,6763
18292,Camille,Mcknight,XXXXXXXXX,XXXXXXXXX,1,11180
18293,Imelda,Burke,XXXXXXXXX,XXXXXXXXX,2,4758
18294,Angela,Chaney,XXXXXXXXX,XXXXXXXXX,1,14528
18295,Sage,Goodman,XXXXXXXXX,XXXXXXXXX,1,14143
18296,Jane,Shepard,XXXXXXXXX,XXXXXXXXX,1,13253
18297,Leandra,Neal,XXXXXXXXX,XXXXXXXXX,2,2216
18298,Shoshana,Noel,XXXXXXXXX,XXXXXXXXX,2,10166
18299,Heather,Dudley,XXXXXXXXX,XXXXXXXXX,2,14351
18300,Stella,Sellers,XXXXXXXXX,XXXXXXXXX,2,7778
18301,Whitney,Summers,XXXXXXXXX,XXXXXXXXX,1,14247
18302,Danielle,Lee,XXXXXXXXX,XXXXXXXXX,1,8926
18303,Cassandra,Nicholson,XXXXXXXXX,XXXXXXXXX,1,5738
18304,Hope,Weaver,XXXXXXXXX,XXXXXXXXX,3,6742
18305,Brynn,Nelson,XXXXXXXXX,XXXXXXXXX,3,11793
18306,Orli,Navarro,XXXXXXXXX,XXXXXXXXX,1,13159
18307,Darrel,Compton,XXXXXXXXX,XXXXXXXXX,1,6007
18308,Karly,Mills,XXXXXXXXX,XXXXXXXXX,1,8221
18309,Karleigh,Turner,XXXXXXXXX,XXXXXXXXX,3,7695
18310,Margaret,Terry,XXXXXXXXX,XXXXXXXXX,3,6813
18311,Samantha,Joyce,XXXXXXXXX,XXXXXXXXX,1,9219
18312,Ariel,Berry,XXXXXXXXX,XXXXXXXXX,1,14887
18313,Madeson,Winters,XXXXXXXXX,XXXXXXXXX,1,5242
18314,Bryar,Hall,XXXXXXXXX,XXXXXXXXX,3,12234
18315,Imani,Bailey,XXXXXXXXX,XXXXXXXXX,1,1878
18316,Yen,Underwood,XXXXXXXXX,XXXXXXXXX,2,2463
18317,Clementine,Rosario,XXXXXXXXX,XXXXXXXXX,2,1903
18318,Jaime,Howe,XXXXXXXXX,XXXXXXXXX,2,13715
18319,Veda,Bolton,XXXXXXXXX,XXXXXXXXX,2,13618
18320,Shaeleigh,Mosley,XXXXXXXXX,XXXXXXXXX,2,8640
18321,Erica,Conway,XXXXXXXXX,XXXXXXXXX,3,16185
18322,Roanna,Leonard,XXXXXXXXX,XXXXXXXXX,2,14685
18323,Basia,Key,XXXXXXXXX,XXXXXXXXX,2,9383
18324,Madeline,Campbell,XXXXXXXXX,XXXXXXXXX,2,5208
18325,Isabelle,Hopper,XXXXXXXXX,XXXXXXXXX,2,14411
18326,Angelica,Erickson,XXXXXXXXX,XXXXXXXXX,2,13236
18327,Joan,Watson,XXXXXXXXX,XXXXXXXXX,1,2231
18328,Dakota,Quinn,XXXXXXXXX,XXXXXXXXX,1,11957
18329,Amelia,Witt,XXXXXXXXX,XXXXXXXXX,1,13400
18330,Kiara,Dale,XXXXXXXXX,XXXXXXXXX,2,2413
18331,Rachel,Holt,XXXXXXXXX,XXXXXXXXX,2,16024
18332,Heidi,Williams,XXXXXXXXX,XXXXXXXXX,2,1370
18333,Stella,Cantrell,XXXXXXXXX,XXXXXXXXX,1,8392
18334,Autumn,Kirk,XXXXXXXXX,XXXXXXXXX,1,12848
18335,Carol,Anthony,XXXXXXXXX,XXXXXXXXX,1,10405
18336,Aretha,Mcbride,XXXXXXXXX,XXXXXXXXX,3,13410
18337,Amena,Perry,XXXXXXXXX,XXXXXXXXX,1,9067
18338,Isadora,Burns,XXXXXXXXX,XXXXXXXXX,1,13727
18339,Kylynn,Simpson,XXXXXXXXX,XXXXXXXXX,1,14171
18340,Adele,Hopper,XXXXXXXXX,XXXXXXXXX,1,16144
18341,Aiko,Barr,XXXXXXXXX,XXXXXXXXX,1,13952
18342,Pandora,Tucker,XXXXXXXXX,XXXXXXXXX,1,9604
18343,Beatrice,Sutton,XXXXXXXXX,XXXXXXXXX,1,12655
18344,Angelica,Carey,XXXXXXXXX,XXXXXXXXX,1,2814
18345,Lareina,Blankenship,XXXXXXXXX,XXXXXXXXX,3,13246
18346,Olympia,Ortega,XXXXXXXXX,XXXXXXXXX,2,13389
18347,Ray,,XXXXXXXXX,XXXXXXXXX,2,621
18348,Shellie,David,XXXXXXXXX,XXXXXXXXX,2,6421
18349,Rana,Moreno,XXXXXXXXX,XXXXXXXXX,2,2379
18350,Freya,Miranda,XXXXXXXXX,XXXXXXXXX,1,1374
18351,Martina,Alexander,XXXXXXXXX,XXXXXXXXX,1,6151
18352,Tatiana,Henderson,XXXXXXXXX,XXXXXXXXX,1,7710
18353,Brenda,Pitts,XXXXXXXXX,XXXXXXXXX,3,8001
18354,Imogene,Reilly,XXXXXXXXX,XXXXXXXXX,1,2573
18355,Olga,Bell,XXXXXXXXX,XXXXXXXXX,1,16164
18356,Giselle,Boyd,XXXXXXXXX,XXXXXXXXX,1,566
18357,Lacota,Church,XXXXXXXXX,XXXXXXXXX,1,1619
18358,Kimberly,Callahan,XXXXXXXXX,XXXXXXXXX,2,12391
18359,Jenette,Estrada,XXXXXXXXX,XXXXXXXXX,1,15985
18360,Camille,Kramer,XXXXXXXXX,XXXXXXXXX,1,15912
18361,Pamela,Ball,XXXXXXXXX,XXXXXXXXX,1,1599
18362,Vivien,Dawson,XXXXXXXXX,XXXXXXXXX,1,8274
18363,Simone,Gillespie,XXXXXXXXX,XXXXXXXXX,1,8065
18364,Tallulah,Hurley,XXXXXXXXX,XXXXXXXXX,1,12656
18365,Alfreda,Colon,XXXXXXXXX,XXXXXXXXX,3,1089
18366,Carla,Blackburn,XXXXXXXXX,XXXXXXXXX,3,10080
18367,Lacy,Glass,XXXXXXXXX,XXXXXXXXX,1,14946
18368,Lisandra,Watkins,XXXXXXXXX,XXXXXXXXX,3,13096
18369,Kellie,Jennings,XXXXXXXXX,XXXXXXXXX,1,5965
18370,Rhonda,Rogers,XXXXXXXXX,XXXXXXXXX,1,10283
18371,Ariel,Pratt,XXXXXXXXX,XXXXXXXXX,1,9193
18372,Quon,Rivers,XXXXXXXXX,XXXXXXXXX,1,727
18373,Oprah,Ratliff,XXXXXXXXX,XXXXXXXXX,1,1243
18374,Rosalyn,Snider,XXXXXXXXX,XXXXXXXXX,1,4025
18375,Mari,Rodriguez,XXXXXXXXX,XXXXXXXXX,1,1099
18376,Rowan,Schroeder,XXXXXXXXX,XXXXXXXXX,1,15557
18377,Odette,Stevens,XXXXXXXXX,XXXXXXXXX,3,10250
18378,Kai,Frazier,XXXXXXXXX,XXXXXXXXX,3,15857
18379,Charissa,Gentry,XXXXXXXXX,XXXXXXXXX,3,698
18380,Hedda,Bradshaw,XXXXXXXXX,XXXXXXXXX,3,328
18381,Nayda,Albert,XXXXXXXXX,XXXXXXXXX,3,11841
18382,Ori,Holcomb,XXXXXXXXX,XXXXXXXXX,3,2735
18383,Karleigh,Lester,XXXXXXXXX,XXXXXXXXX,3,6289
18384,Dora,Welch,XXXXXXXXX,XXXXXXXXX,3,7796
18385,Sheila,Drake,XXXXXXXXX,XXXXXXXXX,3,7888
18386,Rhiannon,Harrison,XXXXXXXXX,XXXXXXXXX,2,16367
18387,Amelia,Richards,XXXXXXXXX,XXXXXXXXX,2,2396
18388,Kaitlin,Mccullough,XXXXXXXXX,XXXXXXXXX,2,14642
18389,Lois,Robles,XXXXXXXXX,XXXXXXXXX,2,12374
18390,Idola,Mcbride,XXXXXXXXX,XXXXXXXXX,1,12740
18391,Irma,Pena,XXXXXXXXX,XXXXXXXXX,2,13088
18392,Ria,Goodman,XXXXXXXXX,XXXXXXXXX,2,13830
18393,Avye,Cunningham,XXXXXXXXX,XXXXXXXXX,3,7146
18394,Tatum,Schneider,XXXXXXXXX,XXXXXXXXX,2,1712
18395,Chava,Keller,XXXXXXXXX,XXXXXXXXX,2,11805
18396,Joelle,Martinez,XXXXXXXXX,XXXXXXXXX,1,6394
18397,Fiora,Roberson,XXXXXXXXX,XXXXXXXXX,1,1898
18398,Jordan,Dunn,XXXXXXXXX,XXXXXXXXX,2,3705
18399,Anjolie,Bass,XXXXXXXXX,XXXXXXXXX,1,13078
18400,Regina,Dickson,XXXXXXXXX,XXXXXXXXX,1,8877
18401,Keelie,Coffey,XXXXXXXXX,XXXXXXXXX,2,11275
18402,Ainsley,Harmon,XXXXXXXXX,XXXXXXXXX,1,3788
18403,Wynter,Workman,XXXXXXXXX,XXXXXXXXX,2,16078
18404,Rina,Sears,XXXXXXXXX,XXXXXXXXX,1,42
18405,Germane,Bean,XXXXXXXXX,XXXXXXXXX,1,9680
18406,Shellie,Clarke,XXXXXXXXX,XXXXXXXXX,1,1801
18407,Leilani,Schmidt,XXXXXXXXX,XXXXXXXXX,1,6601
18408,Noelle,Barron,XXXXXXXXX,XXXXXXXXX,3,1518
18409,Lillian,Stanley,XXXXXXXXX,XXXXXXXXX,1,14403
18410,Nell,Snider,XXXXXXXXX,XXXXXXXXX,1,6319
18411,Lesley,Montoya,XXXXXXXXX,XXXXXXXXX,1,16017
18412,Ursa,Lowe,XXXXXXXXX,XXXXXXXXX,3,112
18413,Briar,Larsen,XXXXXXXXX,XXXXXXXXX,1,8123
18414,Ruth,Mcclain,XXXXXXXXX,XXXXXXXXX,1,3419
18415,Blaine,Zimmerman,XXXXXXXXX,XXXXXXXXX,1,3446
18416,Camilla,Richards,XXXXXXXXX,XXXXXXXXX,1,5215
18417,Catherine,Jacobson,XXXXXXXXX,XXXXXXXXX,3,7189
18418,Susan,Witt,XXXXXXXXX,XXXXXXXXX,2,8951
18419,Fiona,Klein,XXXXXXXXX,XXXXXXXXX,3,4581
18420,Leigh,Browning,XXXXXXXXX,XXXXXXXXX,2,14417
18421,Hannah,Mclaughlin,XXXXXXXXX,XXXXXXXXX,2,11378
18422,Felicia,Powell,XXXXXXXXX,XXXXXXXXX,3,9794
18423,Deanna,Cunningham,XXXXXXXXX,XXXXXXXXX,3,5376
18424,Callie,Stanley,XXXXXXXXX,XXXXXXXXX,1,6283
18425,Basia,Vega,XXXXXXXXX,XXXXXXXXX,1,6658
18426,Desirae,Travis,XXXXXXXXX,XXXXXXXXX,1,9641
18427,Haley,Perry,XXXXXXXXX,XXXXXXXXX,1,9211
18428,Sylvia,Becker,XXXXXXXXX,XXXXXXXXX,1,10776
18429,Aspen,Sutton,XXXXXXXXX,XXXXXXXXX,1,10234
18430,September,Talley,XXXXXXXXX,XXXXXXXXX,1,10725
18431,Rhea,Underwood,XXXXXXXXX,XXXXXXXXX,2,4989
18432,Regan,Freeman,XXXXXXXXX,XXXXXXXXX,1,16330
18433,Paloma,Norris,XXXXXXXXX,XXXXXXXXX,2,1379
18434,Zenia,Chaney,XXXXXXXXX,XXXXXXXXX,2,12628
18435,Scarlett,Chan,XXXXXXXXX,XXXXXXXXX,2,14502
18436,Kelsey,Cole,XXXXXXXXX,XXXXXXXXX,2,14954
18437,Leila,Stewart,XXXXXXXXX,XXXXXXXXX,2,10888
18438,Donna,Boyle,XXXXXXXXX,XXXXXXXXX,1,8819
18439,Amela,Thompson,XXXXXXXXX,XXXXXXXXX,1,11715
18440,Britanney,Dyer,XXXXXXXXX,XXXXXXXXX,1,7213
18441,Quyn,Navarro,XXXXXXXXX,XXXXXXXXX,1,12510
18442,Skyler,Gay,XXXXXXXXX,XXXXXXXXX,1,3954
18443,Jemima,Grimes,XXXXXXXXX,XXXXXXXXX,1,12799
18444,Lillith,Osborn,XXXXXXXXX,XXXXXXXXX,1,2510
18445,Tashya,Travis,XXXXXXXXX,XXXXXXXXX,2,5434
18446,Moana,Obrien,XXXXXXXXX,XXXXXXXXX,2,11857
18447,Mia,Keller,XXXXXXXXX,XXXXXXXXX,2,6529
18448,Quail,Rogers,XXXXXXXXX,XXXXXXXXX,2,9826
18449,Lunea,Padilla,XXXXXXXXX,XXXXXXXXX,2,7716
18450,Bo,Jensen,XXXXXXXXX,XXXXXXXXX,2,12436
18451,Yvette,Sutton,XXXXXXXXX,XXXXXXXXX,2,13988
18452,Nevada,Mccoy,XXXXXXXXX,XXXXXXXXX,2,3036
18453,Xantha,Jennings,XXXXXXXXX,XXXXXXXXX,2,2917
18454,Kevyn,Rowland,XXXXXXXXX,XXXXXXXXX,2,1344
18455,Martina,Young,XXXXXXXXX,XXXXXXXXX,3,10064
18456,Bertha,Lyons,XXXXXXXXX,XXXXXXXXX,1,9382
18457,Neve,Donaldson,XXXXXXXXX,XXXXXXXXX,2,5251
18458,Aubrey,Lucas,XXXXXXXXX,XXXXXXXXX,2,13780
18459,McKenzie,Solis,XXXXXXXXX,XXXXXXXXX,2,14397
18460,Nomlanga,Mccarty,XXXXXXXXX,XXXXXXXXX,2,7823
18461,Jessamine,Poole,XXXXXXXXX,XXXXXXXXX,2,9726
18462,Cally,Stewart,XXXXXXXXX,XXXXXXXXX,2,6091
18463,Felicia,Vaughn,XXXXXXXXX,XXXXXXXXX,1,6636
18464,Martina,Valenzuela,XXXXXXXXX,XXXXXXXXX,1,16388
18465,Serina,Robinson,XXXXXXXXX,XXXXXXXXX,2,16449
18466,Brenna,Brooks,XXXXXXXXX,XXXXXXXXX,1,4441
18467,Deanna,Doyle,XXXXXXXXX,XXXXXXXXX,1,11346
18468,Emma,Guerrero,XXXXXXXXX,XXXXXXXXX,1,4236
18469,Kelsey,Hudson,XXXXXXXXX,XXXXXXXXX,1,12476
18470,Lillian,Byers,XXXXXXXXX,XXXXXXXXX,1,8617
18471,Melinda,Williams,XXXXXXXXX,XXXXXXXXX,1,13634
18472,Jena,Holland,XXXXXXXXX,XXXXXXXXX,1,10582
18473,Teegan,Bush,XXXXXXXXX,XXXXXXXXX,1,13294
18474,Anastasia,Mclaughlin,XXXXXXXXX,XXXXXXXXX,1,1485
18475,Yoshi,Lee,XXXXXXXXX,XXXXXXXXX,1,12729
18476,Kylie,Herring,XXXXXXXXX,XXXXXXXXX,1,4189
18477,Lael,Mitchell,XXXXXXXXX,XXXXXXXXX,3,251
18478,Linda,Knowles,XXXXXXXXX,XXXXXXXXX,1,1927
18479,Destiny,Little,XXXXXXXXX,XXXXXXXXX,1,13441
18480,Imogene,Reynolds,XXXXXXXXX,XXXXXXXXX,1,3336
18481,Shafira,Mcguire,XXXXXXXXX,XXXXXXXXX,1,12222
18482,Kai,Cameron,XXXXXXXXX,XXXXXXXXX,1,5229
18483,Diana,Hoover,XXXXXXXXX,XXXXXXXXX,1,6117
18484,Signe,Brady,XXXXXXXXX,XXXXXXXXX,1,3386
18485,Nora,Dominguez,XXXXXXXXX,XXXXXXXXX,1,14318
18486,Avye,Norman,XXXXXXXXX,XXXXXXXXX,2,15708
18487,Nadin,Boyle,XXXXXXXXX,XXXXXXXXX,2,1101
18488,Shannon,Harrell,XXXXXXXXX,XXXXXXXXX,2,8025
18489,Hiroko,Guerrero,XXXXXXXXX,XXXXXXXXX,1,12523
18490,Leilani,Mann,XXXXXXXXX,XXXXXXXXX,1,9457
18491,Rhoda,Webster,XXXXXXXXX,XXXXXXXXX,1,2993
18492,Hedy,Rivas,XXXXXXXXX,XXXXXXXXX,1,381
18493,Anjolie,Fry,XXXXXXXXX,XXXXXXXXX,1,4506
18494,Anika,Tucker,XXXXXXXXX,XXXXXXXXX,2,983
18495,Amena,May,XXXXXXXXX,XXXXXXXXX,2,2199
18496,Morgan,Holcomb,XXXXXXXXX,XXXXXXXXX,1,14830
18497,Remedios,Tyson,XXXXXXXXX,XXXXXXXXX,2,16231
18498,Lani,Coleman,XXXXXXXXX,XXXXXXXXX,2,13648
18499,Sharon,Carroll,XXXXXXXXX,XXXXXXXXX,1,8562
18500,Justina,Turner,XXXXXXXXX,XXXXXXXXX,2,10951
18501,Quyn,Clemons,XXXXXXXXX,XXXXXXXXX,1,465
18502,Aspen,Langley,XXXXXXXXX,XXXXXXXXX,1,7204
18503,Kalia,Myers,XXXXXXXXX,XXXXXXXXX,1,3122
18504,Tatiana,Hines,XXXXXXXXX,XXXXXXXXX,3,8587
18505,Courtney,Suarez,XXXXXXXXX,XXXXXXXXX,3,3395
18506,Desiree,Smith,XXXXXXXXX,XXXXXXXXX,3,1249
18507,Mary,Whitfield,XXXXXXXXX,XXXXXXXXX,3,759
18508,Jay,Sampson,XXXXXXXXX,XXXXXXXXX,3,8625
18509,Jordana,Beck,XXXXXXXXX,XXXXXXXXX,1,3731
18510,Kamy,Delacruz,XXXXXXXXX,XXXXXXXXX,1,2669
18511,Indigo,Abbott,XXXXXXXXX,XXXXXXXXX,1,8056
18512,Rhiannon,Miller,XXXXXXXXX,XXXXXXXXX,1,13687
18513,Mara,Mckenzie,XXXXXXXXX,XXXXXXXXX,1,8009
18514,Destiny,Lynch,XXXXXXXXX,XXXXXXXXX,1,10675
18515,Juliet,York,XXXXXXXXX,XXXXXXXXX,1,14492
18516,Katell,Guerrero,XXXXXXXXX,XXXXXXXXX,1,11829
18517,Clio,Boyer,XXXXXXXXX,XXXXXXXXX,1,3821
18518,Ayanna,Gallegos,XXXXXXXXX,XXXXXXXXX,1,5298
18519,Ramona,Noel,XXXXXXXXX,XXXXXXXXX,2,8195
18520,Chelsea,Graves,XXXXXXXXX,XXXXXXXXX,2,330
18521,Quyn,Copeland,XXXXXXXXX,XXXXXXXXX,2,1087
18522,Ila,Callahan,XXXXXXXXX,XXXXXXXXX,2,15013
18523,Mari,Colon,XXXXXXXXX,XXXXXXXXX,2,11345
18524,Rylee,Rodriguez,XXXXXXXXX,XXXXXXXXX,1,8847
18525,Neve,Rose,XXXXXXXXX,XXXXXXXXX,1,7446
18526,Rowan,Barr,XXXXXXXXX,XXXXXXXXX,1,14737
18527,Rhoda,Howe,XXXXXXXXX,XXXXXXXXX,1,10202
18528,Chantale,Nunez,XXXXXXXXX,XXXXXXXXX,2,11711
18529,Skyler,Juarez,XXXXXXXXX,XXXXXXXXX,2,3737
18530,Brynn,Ward,XXXXXXXXX,XXXXXXXXX,1,11843
18531,Faith,Haynes,XXXXXXXXX,XXXXXXXXX,2,15830
18532,Quintessa,Cabrera,XXXXXXXXX,XXXXXXXXX,3,12153
18533,Naida,Franklin,XXXXXXXXX,XXXXXXXXX,1,712
18534,Violet,Baldwin,XXXXXXXXX,XXXXXXXXX,1,14264
18535,Blair,Deleon,XXXXXXXXX,XXXXXXXXX,1,13625
18536,Wynne,Hunter,XXXXXXXXX,XXXXXXXXX,1,1769
18537,Lucy,Slater,XXXXXXXXX,XXXXXXXXX,1,13370
18538,Ainsley,Stone,XXXXXXXXX,XXXXXXXXX,1,1145
18539,Dacey,Roman,XXXXXXXXX,XXXXXXXXX,1,13200
18540,Delilah,Mccoy,XXXXXXXXX,XXXXXXXXX,3,3177
18541,Shellie,Blake,XXXXXXXXX,XXXXXXXXX,1,962
18542,Myra,Rose,XXXXXXXXX,XXXXXXXXX,1,9790
18543,Audra,Long,XXXXXXXXX,XXXXXXXXX,1,2220
18544,Hiroko,Fischer,XXXXXXXXX,XXXXXXXXX,1,10224
18545,Frances,Mccarty,XXXXXXXXX,XXXXXXXXX,1,8915
18546,Hanna,Kim,XXXXXXXXX,XXXXXXXXX,1,1419
18547,Petra,Foley,XXXXXXXXX,XXXXXXXXX,1,2544
18548,Camilla,Gonzales,XXXXXXXXX,XXXXXXXXX,1,11871
18549,Jescie,Johns,XXXXXXXXX,XXXXXXXXX,1,5724
18550,Melyssa,Hansen,XXXXXXXXX,XXXXXXXXX,2,14986
18551,Grace,Rodriquez,XXXXXXXXX,XXXXXXXXX,1,5645
18552,Kevyn,Benton,XXXXXXXXX,XXXXXXXXX,1,6719
18553,Shelby,Nieves,XXXXXXXXX,XXXXXXXXX,1,955
18554,Sara,Lott,XXXXXXXXX,XXXXXXXXX,1,3027
18555,Chanda,Wolf,XXXXXXXXX,XXXXXXXXX,1,138
18556,Ocean,Bennett,XXXXXXXXX,XXXXXXXXX,1,7088
18557,Eleanor,Merrill,XXXXXXXXX,XXXXXXXXX,1,7041
18558,Xaviera,Cherry,XXXXXXXXX,XXXXXXXXX,2,11659
18559,Abigail,Gray,XXXXXXXXX,XXXXXXXXX,2,2771
18560,Charde,Snider,XXXXXXXXX,XXXXXXXXX,2,10868
18561,Nyssa,Pace,XXXXXXXXX,XXXXXXXXX,2,13416
18562,Piper,Hart,XXXXXXXXX,XXXXXXXXX,1,1899
18563,Fredericka,Ashley,XXXXXXXXX,XXXXXXXXX,2,4866
18564,Rhoda,Henderson,XXXXXXXXX,XXXXXXXXX,3,7969
18565,Taylor,Owens,XXXXXXXXX,XXXXXXXXX,1,1469
18566,Nicole,Wynn,XXXXXXXXX,XXXXXXXXX,1,3494
18567,Darryl,Mullen,XXXXXXXXX,XXXXXXXXX,1,11188
18568,Madeson,Stuart,XXXXXXXXX,XXXXXXXXX,2,9811
18569,Quin,Hale,XXXXXXXXX,XXXXXXXXX,2,9652
18570,Dominique,Stevens,XXXXXXXXX,XXXXXXXXX,1,5673
18571,Sloane,Holman,XXXXXXXXX,XXXXXXXXX,1,13224
18572,Mariam,Wilcox,XXXXXXXXX,XXXXXXXXX,1,5140
18573,Cleo,Brady,XXXXXXXXX,XXXXXXXXX,1,3745
18574,Alfreda,Christensen,XXXXXXXXX,XXXXXXXXX,1,205
18575,Irma,Best,XXXXXXXXX,XXXXXXXXX,1,13157
18576,Sacha,Bond,XXXXXXXXX,XXXXXXXXX,1,3871
18577,Iris,Rush,XXXXXXXXX,XXXXXXXXX,1,13649
18578,Dorothy,Workman,XXXXXXXXX,XXXXXXXXX,2,16492
18579,Yuri,Smith,XXXXXXXXX,XXXXXXXXX,3,2327
18580,Selma,Valentine,XXXXXXXXX,XXXXXXXXX,2,2006
18581,Miranda,Gallegos,XXXXXXXXX,XXXXXXXXX,2,12246
18582,Jaquelyn,Roach,XXXXXXXXX,XXXXXXXXX,2,7452
18583,Dora,Hunt,XXXXXXXXX,XXXXXXXXX,2,16051
18584,Kaye,Henson,XXXXXXXXX,XXXXXXXXX,2,10551
18585,Eden,Martin,XXXXXXXXX,XXXXXXXXX,2,7024
18586,Diana,Tran,XXXXXXXXX,XXXXXXXXX,3,1514
18587,Lee,Jennings,XXXXXXXXX,XXXXXXXXX,3,10750
18588,Rhoda,Welch,XXXXXXXXX,XXXXXXXXX,1,7673
18589,Kitra,Clarke,XXXXXXXXX,XXXXXXXXX,1,7933
18590,Eve,Burgess,XXXXXXXXX,XXXXXXXXX,1,2918
18591,Kimberley,Giles,XXXXXXXXX,XXXXXXXXX,1,15186
18592,Gloria,Jackson,XXXXXXXXX,XXXXXXXXX,1,61
18593,Stella,Graham,XXXXXXXXX,XXXXXXXXX,1,1429
18594,Mariam,Maxwell,XXXXXXXXX,XXXXXXXXX,2,1002
18595,Mia,James,XXXXXXXXX,XXXXXXXXX,1,4707
18596,Imani,Cooke,XXXXXXXXX,XXXXXXXXX,1,6541
18597,Sara,Gonzalez,XXXXXXXXX,XXXXXXXXX,1,12973
18598,Kyra,Knowles,XXXXXXXXX,XXXXXXXXX,3,5384
18599,Ruth,Sampson,XXXXXXXXX,XXXXXXXXX,1,4511
18600,Susan,Hancock,XXXXXXXXX,XXXXXXXXX,1,5317
18601,Camilla,Herring,XXXXXXXXX,XXXXXXXXX,1,8257
18602,Sheila,Doyle,XXXXXXXXX,XXXXXXXXX,1,2631
18603,Miranda,Mathis,XXXXXXXXX,XXXXXXXXX,2,1875
18604,Latifah,Kinney,XXXXXXXXX,XXXXXXXXX,2,2361
18605,India,Wilkins,XXXXXXXXX,XXXXXXXXX,1,2200
18606,Renee,Whitfield,XXXXXXXXX,XXXXXXXXX,2,233
18607,Carolyn,Sampson,XXXXXXXXX,XXXXXXXXX,1,4902
18608,Natalie,Beck,XXXXXXXXX,XXXXXXXXX,1,11025
18609,Florence,Delacruz,XXXXXXXXX,XXXXXXXXX,1,4940
18610,Faith,Abbott,XXXXXXXXX,XXXXXXXXX,1,11563
18611,Melodie,Miller,XXXXXXXXX,XXXXXXXXX,2,5457
18612,Reagan,Mckenzie,XXXXXXXXX,XXXXXXXXX,3,9147
18613,Amity,Lynch,XXXXXXXXX,XXXXXXXXX,3,8555
18614,Ila,York,XXXXXXXXX,XXXXXXXXX,3,9077
18615,Ann,Guerrero,XXXXXXXXX,XXXXXXXXX,2,15007
18616,Meghan,Boyer,XXXXXXXXX,XXXXXXXXX,2,13210
18617,Callie,Gallegos,XXXXXXXXX,XXXXXXXXX,1,8210
18618,Veronica,Noel,XXXXXXXXX,XXXXXXXXX,1,15859
18619,Zelda,Graves,XXXXXXXXX,XXXXXXXXX,1,13075
18620,Dakota,Copeland,XXXXXXXXX,XXXXXXXXX,2,13545
18621,Nadine,Callahan,XXXXXXXXX,XXXXXXXXX,1,9493
18622,Yolanda,Colon,XXXXXXXXX,XXXXXXXXX,2,8572
18623,Fatima,Rodriguez,XXXXXXXXX,XXXXXXXXX,3,5082
18624,Gemma,Rose,XXXXXXXXX,XXXXXXXXX,3,13429
18625,Callie,Barr,XXXXXXXXX,XXXXXXXXX,1,12748
18626,Aphrodite,Howe,XXXXXXXXX,XXXXXXXXX,1,2471
18627,Nicole,Nunez,XXXXXXXXX,XXXXXXXXX,1,13772
18628,Fay,Juarez,XXXXXXXXX,XXXXXXXXX,1,298
18629,Rosalyn,Ward,XXXXXXXXX,XXXXXXXXX,1,1670
18630,Sylvia,Haynes,XXXXXXXXX,XXXXXXXXX,1,13921
18631,Sonia,Cabrera,XXXXXXXXX,XXXXXXXXX,2,10659
18632,Venus,Franklin,XXXXXXXXX,XXXXXXXXX,2,6921
18633,Iola,Baldwin,XXXXXXXXX,XXXXXXXXX,1,5840
18634,Josephine,Deleon,XXXXXXXXX,XXXXXXXXX,1,6483
18635,Regina,Hunter,XXXXXXXXX,XXXXXXXXX,1,14308
18636,Lesley,Slater,XXXXXXXXX,XXXXXXXXX,2,2459
18637,Lacey,Stone,XXXXXXXXX,XXXXXXXXX,2,12022
18638,Christine,Roman,XXXXXXXXX,XXXXXXXXX,2,28
18639,Zena,Mccoy,XXXXXXXXX,XXXXXXXXX,1,1742
18640,Aphrodite,Blake,XXXXXXXXX,XXXXXXXXX,1,2503
18641,Hillary,Rose,XXXXXXXXX,XXXXXXXXX,2,6731
18642,Nita,Long,XXXXXXXXX,XXXXXXXXX,1,8964
18643,Miriam,Fischer,XXXXXXXXX,XXXXXXXXX,1,10110
18644,Donna,Mccarty,XXXXXXXXX,XXXXXXXXX,1,7930
18645,Maggie,Kime,XXXXXXXXX,XXXXXXXXX,1,9375
18646,Shellie,Foley,XXXXXXXXX,XXXXXXXXX,1,1757
18647,Grace,Gonzales,XXXXXXXXX,XXXXXXXXX,1,14156
18648,Marcia,Johns,XXXXXXXXX,XXXXXXXXX,1,1537
18649,Cathleen,Hansen,XXXXXXXXX,XXXXXXXXX,3,14869
18650,Idona,Rodriquez,XXXXXXXXX,XXXXXXXXX,3,13962
18651,Emma,Benton,XXXXXXXXX,XXXXXXXXX,3,7383
18652,Chiquita,Nieves,XXXXXXXXX,XXXXXXXXX,3,13994
18653,Nadine,Lott,XXXXXXXXX,XXXXXXXXX,3,12050
18654,Shelley,Wolf,XXXXXXXXX,XXXXXXXXX,3,14802
18655,Iola,Bennett,XXXXXXXXX,XXXXXXXXX,3,4604
18656,Sybill,Merrill,XXXXXXXXX,XXXXXXXXX,3,3283
18657,Alma,Cherry,XXXXXXXXX,XXXXXXXXX,1,9070
18658,Blair,Gray,XXXXXXXXX,XXXXXXXXX,3,1820
18659,Briar,Snider,XXXXXXXXX,XXXXXXXXX,2,14636
18660,Tara,Pace,XXXXXXXXX,XXXXXXXXX,2,4393
18661,Carol,Hart,XXXXXXXXX,XXXXXXXXX,3,6146
18662,Lacy,Ashley,XXXXXXXXX,XXXXXXXXX,3,4659
18663,Xena,Henderson,XXXXXXXXX,XXXXXXXXX,1,2574
18664,Sonya,Owens,XXXXXXXXX,XXXXXXXXX,1,7478
18665,Blair,Wynn,XXXXXXXXX,XXXXXXXXX,2,12305
18666,Danielle,Mullen,XXXXXXXXX,XXXXXXXXX,1,12157
18667,Gisela,Stuart,XXXXXXXXX,XXXXXXXXX,3,11865
18668,Lilah,Hale,XXXXXXXXX,XXXXXXXXX,1,3315
18669,Shelby,Stevens,XXXXXXXXX,XXXXXXXXX,2,2295
18670,Rose,Holman,XXXXXXXXX,XXXXXXXXX,2,10922
18671,Alexis,Wilcox,XXXXXXXXX,XXXXXXXXX,2,9462
18672,Stacy,Brady,XXXXXXXXX,XXXXXXXXX,2,9122
18673,Kevyn,Christensen,XXXXXXXXX,XXXXXXXXX,2,2159
18674,Kirby,Best,XXXXXXXXX,XXXXXXXXX,2,4573
18675,Veronica,Bond,XXXXXXXXX,XXXXXXXXX,2,15479
18676,Amanda,Rush,XXXXXXXXX,XXXXXXXXX,2,15191
18677,Lareina,Workman,XXXXXXXXX,XXXXXXXXX,2,5913
18678,Teegan,Smith,XXXXXXXXX,XXXXXXXXX,3,11573
18679,Moana,Valentine,XXXXXXXXX,XXXXXXXXX,3,8452
18680,Moana,Gallegos,XXXXXXXXX,XXXXXXXXX,3,9162
18681,Shana,Roach,XXXXXXXXX,XXXXXXXXX,3,1082
18682,Carly,Hunt,XXXXXXXXX,XXXXXXXXX,1,10032
18683,Camille,Henson,XXXXXXXXX,XXXXXXXXX,1,3420
18684,Stela,Goff,XXXXXXXXX,XXXXXXXXX,1,8906
18685,Hedwig,Martin,XXXXXXXXX,XXXXXXXXX,1,2005
18686,Fatima,Tran,XXXXXXXXX,XXXXXXXXX,1,11519
18687,Felicia,Jennings,XXXXXXXXX,XXXXXXXXX,2,1697
18688,Robin,Welch,XXXXXXXXX,XXXXXXXXX,2,9387
18689,Mari,Clarke,XXXXXXXXX,XXXXXXXXX,2,1380
18690,Ruth,Burgess,XXXXXXXXX,XXXXXXXXX,3,14164
18691,Martha,Giles,XXXXXXXXX,XXXXXXXXX,1,9321
18692,Mona,Jackson,XXXXXXXXX,XXXXXXXXX,1,13283
18693,Ciara,Graham,XXXXXXXXX,XXXXXXXXX,1,8693
18694,Hanna,Maxwell,XXXXXXXXX,XXXXXXXXX,1,9692
18695,Cora,James,XXXXXXXXX,XXXXXXXXX,1,11854
18696,Kimberly,Cooke,XXXXXXXXX,XXXXXXXXX,1,262
18697,Cassandra,Gonzalez,XXXXXXXXX,XXXXXXXXX,1,14727
18698,Cheyenne,Knowles,XXXXXXXXX,XXXXXXXXX,2,6243
18699,Victoria,Sampson,XXXXXXXXX,XXXXXXXXX,1,7270
18700,Chastity,Hancock,XXXXXXXXX,XXXXXXXXX,1,13193
18701,Eleanor,Herring,XXXXXXXXX,XXXXXXXXX,1,817
18702,McKenzie,Doyle,XXXXXXXXX,XXXXXXXXX,1,1425
18703,September,Mathis,XXXXXXXXX,XXXXXXXXX,1,82
18704,Alexis,Kinney,XXXXXXXXX,XXXXXXXXX,1,13041
18705,Kelsey,Wilkins,XXXXXXXXX,XXXXXXXXX,1,13700
18706,Lilah,Levy,XXXXXXXXX,XXXXXXXXX,1,5358
18707,Sierra,Bauer,XXXXXXXXX,XXXXXXXXX,1,12471
18708,Wendy,Lowery,XXXXXXXXX,XXXXXXXXX,2,12448
18709,Uta,Rose,XXXXXXXXX,XXXXXXXXX,1,2698
18710,Xerxes,Jarvis,XXXXXXXXX,XXXXXXXXX,1,11140
18711,Zephr,Kane,XXXXXXXXX,XXXXXXXXX,1,13286
18712,Fiona,Mcneil,XXXXXXXXX,XXXXXXXXX,3,5604
18713,Darryl,Rios,XXXXXXXXX,XXXXXXXXX,2,5161
18714,Mariko,Rodriquez,XXXXXXXXX,XXXXXXXXX,1,6497
18715,Xandra,Rodgers,XXXXXXXXX,XXXXXXXXX,1,7241
18716,Dorothy,Copeland,XXXXXXXXX,XXXXXXXXX,1,4167
18717,Paloma,Barker,XXXXXXXXX,XXXXXXXXX,1,15157
18718,Jenette,Wilson,XXXXXXXXX,XXXXXXXXX,1,2529
18719,Dahlia,Norman,XXXXXXXXX,XXXXXXXXX,2,13048
18720,Alika,Schwartz,XXXXXXXXX,XXXXXXXXX,2,8081
18721,Wynter,Stanton,XXXXXXXXX,XXXXXXXXX,2,15375
18722,Azalia,Mckenzie,XXXXXXXXX,XXXXXXXXX,2,8621
18723,Patience,Blake,XXXXXXXXX,XXXXXXXXX,2,1286
18724,Lydia,Richard,XXXXXXXXX,XXXXXXXXX,3,12042
18725,Eden,Flores,XXXXXXXXX,XXXXXXXXX,1,12695
18726,Hollee,Alford,XXXXXXXXX,XXXXXXXXX,1,15894
18727,Kameko,Guerra,XXXXXXXXX,XXXXXXXXX,1,13267
18728,Petra,Santiago,XXXXXXXXX,XXXXXXXXX,2,4489
18729,Amela,Hull,XXXXXXXXX,XXXXXXXXX,1,7830
18730,Daryl,Stevens,XXXXXXXXX,XXXXXXXXX,1,7271
18731,Hiroko,Gutierrez,XXXXXXXXX,XXXXXXXXX,1,8296
18732,Carolyn,Valencia,XXXXXXXXX,XXXXXXXXX,1,12829
18733,Kylynn,Horne,XXXXXXXXX,XXXXXXXXX,1,8956
18734,Joan,Dudley,XXXXXXXXX,XXXXXXXXX,1,1244
18735,Joelle,Emerson,XXXXXXXXX,XXXXXXXXX,1,16069
18736,Demetria,Mullins,XXXXXXXXX,XXXXXXXXX,1,10510
18737,Tatyana,Cortez,XXXXXXXXX,XXXXXXXXX,1,8837
18738,Yuri,Vazquez,XXXXXXXXX,XXXXXXXXX,1,12521
18739,Veronica,Hatfield,XXXXXXXXX,XXXXXXXXX,1,6620
18740,Madeline,Heath,XXXXXXXXX,XXXXXXXXX,1,1105
18741,Mallory,Rodriguez,XXXXXXXXX,XXXXXXXXX,1,4759
18742,Olivia,Colon,XXXXXXXXX,XXXXXXXXX,1,2844
18743,Hedy,Ellison,XXXXXXXXX,XXXXXXXXX,1,7596
18744,Kylynn,Briggs,XXXXXXXXX,XXXXXXXXX,1,1761
18745,Nell,Hood,XXXXXXXXX,XXXXXXXXX,3,16386
18746,Ila,Weaver,XXXXXXXXX,XXXXXXXXX,1,10112
18747,Aphrodite,Powell,XXXXXXXXX,XXXXXXXXX,1,11773
18748,Renee,Velez,XXXXXXXXX,XXXXXXXXX,1,11706
18749,Daryl,Kerr,XXXXXXXXX,XXXXXXXXX,1,5618
18750,Moana,Solis,XXXXXXXXX,XXXXXXXXX,2,15180
18751,Sacha,Mcclure,XXXXXXXXX,XXXXXXXXX,2,2411
18752,Calista,Nicholson,XXXXXXXXX,XXXXXXXXX,2,10542
18753,Sage,Morse,XXXXXXXXX,XXXXXXXXX,2,12265
18754,Quynn,Obrien,XXXXXXXXX,XXXXXXXXX,2,12164
18755,Lani,Oneal,XXXXXXXXX,XXXXXXXXX,1,7502
18756,Cassady,Todd,XXXXXXXXX,XXXXXXXXX,2,6102
18757,Maris,Conley,XXXXXXXXX,XXXXXXXXX,1,7090
18758,Pascale,Durham,XXXXXXXXX,XXXXXXXXX,1,15623
18759,Jaden,Sears,XXXXXXXXX,XXXXXXXXX,1,14815
18760,Mira,Jennings,XXXXXXXXX,XXXXXXXXX,1,3442
18761,Giselle,Stark,XXXXXXXXX,XXXXXXXXX,1,9562
18762,Whoopi,Robles,XXXXXXXXX,XXXXXXXXX,1,12933
18763,Hillary,Melton,XXXXXXXXX,XXXXXXXXX,1,13679
18764,Reagan,Gallegos,XXXXXXXXX,XXXXXXXXX,1,2085
18765,Shana,Wood,XXXXXXXXX,XXXXXXXXX,2,4601
18766,Keiko,Raymond,XXXXXXXXX,XXXXXXXXX,2,11118
18767,Christine,Campbell,XXXXXXXXX,XXXXXXXXX,1,4981
18768,Amela,Montoya,XXXXXXXXX,XXXXXXXXX,2,12909
18769,Sylvia,Mason,XXXXXXXXX,XXXXXXXXX,1,185
18770,Tatum,Pugh,XXXXXXXXX,XXXXXXXXX,1,7497
18771,Eliana,Rojas,XXXXXXXXX,XXXXXXXXX,2,5144
18772,Penelope,Herman,XXXXXXXXX,XXXXXXXXX,2,4801
18773,Yvonne,Ferguson,XXXXXXXXX,XXXXXXXXX,2,9029
18774,Skyler,Best,XXXXXXXXX,XXXXXXXXX,2,11088
18775,Emma,Frank,XXXXXXXXX,XXXXXXXXX,2,7036
18776,Sybil,Clark,XXXXXXXXX,XXXXXXXXX,3,16038
18777,Mechelle,Foster,XXXXXXXXX,XXXXXXXXX,3,9448
18778,Sophia,Randolph,XXXXXXXXX,XXXXXXXXX,3,11465
18779,Maxine,Mcintyre,XXXXXXXXX,XXXXXXXXX,1,5085
18780,Suki,Singleton,XXXXXXXXX,XXXXXXXXX,1,3555
18781,Jeanette,Oliver,XXXXXXXXX,XXXXXXXXX,1,9541
18782,Cailin,Ruiz,XXXXXXXXX,XXXXXXXXX,1,12707
18783,Cameron,Bradshaw,XXXXXXXXX,XXXXXXXXX,2,13763
18784,Aileen,Solomon,XXXXXXXXX,XXXXXXXXX,2,16282
18785,Whitney,Herring,XXXXXXXXX,XXXXXXXXX,1,12103
18786,Alea,Davenport,XXXXXXXXX,XXXXXXXXX,2,15300
18787,Hedwig,Rodriquez,XXXXXXXXX,XXXXXXXXX,1,12566
18788,Ocean,Mckinney,XXXXXXXXX,XXXXXXXXX,1,4418
18789,Xena,Holman,XXXXXXXXX,XXXXXXXXX,2,10525
18790,Rachel,Mcfadden,XXXXXXXXX,XXXXXXXXX,3,9699
18791,Janna,Cobb,XXXXXXXXX,XXXXXXXXX,3,2119
18792,Carolyn,Cunningham,XXXXXXXXX,XXXXXXXXX,1,8494
18793,Aspen,Gilmore,XXXXXXXXX,XXXXXXXXX,1,6028
18794,Carla,David,XXXXXXXXX,XXXXXXXXX,1,10422
18795,Sara,Craft,XXXXXXXXX,XXXXXXXXX,1,4548
18796,Jayme,Hebert,XXXXXXXXX,XXXXXXXXX,1,4538
18797,Isabella,Sexton,XXXXXXXXX,XXXXXXXXX,1,301
18798,Zelda,Jarvis,XXXXXXXXX,XXXXXXXXX,2,11456
18799,Charlotte,Durham,XXXXXXXXX,XXXXXXXXX,2,11621
18800,Jaime,Garcia,XXXXXXXXX,XXXXXXXXX,2,2546
18801,Raven,Cooper,XXXXXXXXX,XXXXXXXXX,3,4365
18802,Mariam,Daugherty,XXXXXXXXX,XXXXXXXXX,3,3334
18803,Vivien,Clarke,XXXXXXXXX,XXXXXXXXX,3,15516
18804,Maile,Steele,XXXXXXXXX,XXXXXXXXX,1,856
18805,Germaine,Watson,XXXXXXXXX,XXXXXXXXX,3,5968
18806,Karyn,Baker,XXXXXXXXX,XXXXXXXXX,1,8768
18807,Jane,Velez,XXXXXXXXX,XXXXXXXXX,2,8450
18808,Hilary,Sanford,XXXXXXXXX,XXXXXXXXX,1,8987
18809,Quyn,Chandler,XXXXXXXXX,XXXXXXXXX,1,12256
18810,Ayanna,Alford,XXXXXXXXX,XXXXXXXXX,1,278
18811,Cheryl,Huffman,XXXXXXXXX,XXXXXXXXX,1,12855
18812,Azalia,Collins,XXXXXXXXX,XXXXXXXXX,1,16436
18813,Marny,Erickson,XXXXXXXXX,XXXXXXXXX,1,6460
18814,Dawn,Howard,XXXXXXXXX,XXXXXXXXX,1,15138
18815,Candice,Ferrell,XXXXXXXXX,XXXXXXXXX,1,8501
18816,Cara,Mathis,XXXXXXXXX,XXXXXXXXX,2,14463
18817,Simone,Landry,XXXXXXXXX,XXXXXXXXX,3,16500
18818,Chantale,Black,XXXXXXXXX,XXXXXXXXX,1,303
18819,Quon,Cooper,XXXXXXXXX,XXXXXXXXX,2,7916
18820,Hilary,Bentley,XXXXXXXXX,XXXXXXXXX,2,15583
18821,Karly,Gardner,XXXXXXXXX,XXXXXXXXX,2,12196
18822,Noel,Combs,XXXXXXXXX,XXXXXXXXX,2,10544
18823,Lesley,Sharp,XXXXXXXXX,XXXXXXXXX,2,3109
18824,Mary,Golden,XXXXXXXXX,XXXXXXXXX,1,5974
18825,Nita,Anthony,XXXXXXXXX,XXXXXXXXX,2,4654
18826,Dawn,Cooper,XXXXXXXXX,XXXXXXXXX,2,2023
18827,Camille,Morrison,XXXXXXXXX,XXXXXXXXX,2,13464
18828,Imelda,Herman,XXXXXXXXX,XXXXXXXXX,1,10512
18829,Angela,Crane,XXXXXXXXX,XXXXXXXXX,1,12801
18830,Sage,Edwards,XXXXXXXXX,XXXXXXXXX,1,9338
18831,Jenny,Kramer,XXXXXXXXX,XXXXXXXXX,2,12746
18832,Leandra,Bishop,XXXXXXXXX,XXXXXXXXX,2,15598
18833,Shoshana,Trevino,XXXXXXXXX,XXXXXXXXX,2,9190
18834,Heather,Rivas,XXXXXXXXX,XXXXXXXXX,3,11883
18835,Stella,Cain,XXXXXXXXX,XXXXXXXXX,3,8500
18836,Whitney,Flynn,XXXXXXXXX,XXXXXXXXX,3,5130
18837,Danielle,Wall,XXXXXXXXX,XXXXXXXXX,1,3710
18838,Cassandra,Kelley,XXXXXXXXX,XXXXXXXXX,1,11545
18839,Hope,Cole,XXXXXXXXX,XXXXXXXXX,1,593
18840,Brynn,Dean,XXXXXXXXX,XXXXXXXXX,1,4383
18841,Orli,Medina,XXXXXXXXX,XXXXXXXXX,1,4204
18842,Darrel,Petty,XXXXXXXXX,XXXXXXXXX,1,984
18843,Karly,Gill,XXXXXXXXX,XXXXXXXXX,1,1610
18844,Karleigh,Compton,XXXXXXXXX,XXXXXXXXX,1,2121
18845,Margaret,Bridges,XXXXXXXXX,XXXXXXXXX,1,2966
18846,Samantha,Rocha,XXXXXXXXX,XXXXXXXXX,1,4892
18847,Ariel,Ford,XXXXXXXXX,XXXXXXXXX,1,14297
18848,Madeson,Schwartz,XXXXXXXXX,XXXXXXXXX,1,13977
18849,Bryar,Chaney,XXXXXXXXX,XXXXXXXXX,1,8387
18850,Imani,Sanders,XXXXXXXXX,XXXXXXXXX,1,6604
18851,Yen,Jacobson,XXXXXXXXX,XXXXXXXXX,2,906
18852,Clementine,Lowe,XXXXXXXXX,XXXXXXXXX,2,341
18853,Jaime,Robbins,XXXXXXXXX,XXXXXXXXX,1,2620
18854,Veda,Benson,XXXXXXXXX,XXXXXXXXX,1,5888
18855,Shaeleigh,Guerra,XXXXXXXXX,XXXXXXXXX,1,959
18856,Erica,Hinton,XXXXXXXXX,XXXXXXXXX,2,12427
18857,Roanna,Booth,XXXXXXXXX,XXXXXXXXX,2,3118
18858,Basia,Francis,XXXXXXXXX,XXXXXXXXX,1,10884
18859,Madeline,Drake,XXXXXXXXX,XXXXXXXXX,3,4056
18860,Isabelle,Carson,XXXXXXXXX,XXXXXXXXX,1,2110
18861,Angelica,Owens,XXXXXXXXX,XXXXXXXXX,3,895
18862,Joan,Long,XXXXXXXXX,XXXXXXXXX,3,11623
18863,Dakota,Hopkins,XXXXXXXXX,XXXXXXXXX,3,1919
18864,Amelia,Munoz,XXXXXXXXX,XXXXXXXXX,3,13184
18865,Kiara,Patton,XXXXXXXXX,XXXXXXXXX,2,3495
18866,Rachel,Knapp,XXXXXXXXX,XXXXXXXXX,2,9089
18867,Heidi,Bush,XXXXXXXXX,XXXXXXXXX,2,9177
18868,Stella,Trujillo,XXXXXXXXX,XXXXXXXXX,2,10077
18869,Autumn,Goff,XXXXXXXXX,XXXXXXXXX,2,14821
18870,Carol,Stokes,XXXXXXXXX,XXXXXXXXX,3,11361
18871,Aretha,Delgado,XXXXXXXXX,XXXXXXXXX,3,2903
18872,Amena,Kirkland,XXXXXXXXX,XXXXXXXXX,1,14022
18873,Isadora,Gentry,XXXXXXXXX,XXXXXXXXX,1,14390
18874,Kylynn,Mccoy,XXXXXXXXX,XXXXXXXXX,1,12999
18875,Adele,Dejesus,XXXXXXXXX,XXXXXXXXX,1,14816
18876,Aiko,Sanford,XXXXXXXXX,XXXXXXXXX,1,2772
18877,Pandora,Wolf,XXXXXXXXX,XXXXXXXXX,2,10844
18878,Beatrice,Jefferson,XXXXXXXXX,XXXXXXXXX,2,9009
18879,Angelica,Schultz,XXXXXXXXX,XXXXXXXXX,2,9273
18880,Lareina,Daniels,XXXXXXXXX,XXXXXXXXX,2,5895
18881,Olympia,Shepard,XXXXXXXXX,XXXXXXXXX,1,1683
18882,Rae,Carey,XXXXXXXXX,XXXXXXXXX,1,9801
18883,Shellie,Hale,XXXXXXXXX,XXXXXXXXX,1,8104
18884,Rana,Robinson,XXXXXXXXX,XXXXXXXXX,1,9474
18885,Freya,Richardson,XXXXXXXXX,XXXXXXXXX,2,10348
18886,Martina,Pace,XXXXXXXXX,XXXXXXXXX,3,7340
18887,Tatiana,Jones,XXXXXXXXX,XXXXXXXXX,1,1677
18888,Brenda,Short,XXXXXXXXX,XXXXXXXXX,1,8236
18889,Imogene,Velazquez,XXXXXXXXX,XXXXXXXXX,3,13753
18890,Olga,Mooney,XXXXXXXXX,XXXXXXXXX,2,16010
18891,Giselle,Velazquez,XXXXXXXXX,XXXXXXXXX,2,10394
18892,Lacota,Diaz,XXXXXXXXX,XXXXXXXXX,1,6542
18893,Kimberly,Kirby,XXXXXXXXX,XXXXXXXXX,1,16084
18894,Jenette,Atkinson,XXXXXXXXX,XXXXXXXXX,1,7458
18895,Camille,Burke,XXXXXXXXX,XXXXXXXXX,1,2208
18896,Pamela,Miranda,XXXXXXXXX,XXXXXXXXX,1,6194
18897,Vivien,Preston,XXXXXXXXX,XXXXXXXXX,1,15841
18898,Simone,Vang,XXXXXXXXX,XXXXXXXXX,1,290
18899,Tallulah,Holt,XXXXXXXXX,XXXXXXXXX,2,758
18900,Alfreda,Mit,XXXXXXXXX,XXXXXXXXX,2,7438
18901,Carla,Spence,XXXXXXXXX,XXXXXXXXX,3,15988
18902,Lacy,Wooten,XXXXXXXXX,XXXXXXXXX,3,63
18903,Lisandra,Figueroa,XXXXXXXXX,XXXXXXXXX,1,13249
18904,Kellie,Douglas,XXXXXXXXX,XXXXXXXXX,1,16424
18905,Rhonda,Edwards,XXXXXXXXX,XXXXXXXXX,1,7534
18906,Ariel,Hinton,XXXXXXXXX,XXXXXXXXX,1,15222
18907,Quon,Obrien,XXXXXXXXX,XXXXXXXXX,1,1059
18908,Oprah,Cabrera,XXXXXXXXX,XXXXXXXXX,1,143
18909,Rosalyn,Schultz,XXXXXXXXX,XXXXXXXXX,1,9911
18910,Mari,Hammond,XXXXXXXXX,XXXXXXXXX,1,12278
18911,Rowan,Vargas,XXXXXXXXX,XXXXXXXXX,1,2658
18912,Odette,Little,XXXXXXXXX,XXXXXXXXX,2,6802
18913,Kai,Robinson,XXXXXXXXX,XXXXXXXXX,3,3689
18914,Charissa,Whitaker,XXXXXXXXX,XXXXXXXXX,1,8984
18915,Hedda,Anderson,XXXXXXXXX,XXXXXXXXX,2,16465
18916,Nayda,Workman,XXXXXXXXX,XXXXXXXXX,2,13399
18917,Ori,Nieves,XXXXXXXXX,XXXXXXXXX,2,3482
18918,Karleigh,Bolton,XXXXXXXXX,XXXXXXXXX,3,7738
18919,Dora,Owens,XXXXXXXXX,XXXXXXXXX,3,11415
18920,Sheila,Dorsey,XXXXXXXXX,XXXXXXXXX,3,4479
18921,Rhiannon,Myers,XXXXXXXXX,XXXXXXXXX,3,13223
18922,Amelia,Frederick,XXXXXXXXX,XXXXXXXXX,3,409
18923,Kaitlin,Ferguson,XXXXXXXXX,XXXXXXXXX,3,14888
18924,Lois,Lucas,XXXXXXXXX,XXXXXXXXX,1,7292
18925,Idola,Oneil,XXXXXXXXX,XXXXXXXXX,1,2613
18926,Irma,Case,XXXXXXXXX,XXXXXXXXX,3,14012
18927,Ria,Bryan,XXXXXXXXX,XXXXXXXXX,3,3833
18928,Avye,Phillips,XXXXXXXXX,XXXXXXXXX,3,6211
18929,Tatum,Lott,XXXXXXXXX,XXXXXXXXX,1,15541
18930,Chava,Hopkins,XXXXXXXXX,XXXXXXXXX,1,9185
18931,Joelle,Castro,XXXXXXXXX,XXXXXXXXX,3,13826
18932,Rebecca,Faulkner,XXXXXXXXX,XXXXXXXXX,3,13945
18933,Jordan,Casey,XXXXXXXXX,XXXXXXXXX,1,10292
18934,Anjolie,Yang,XXXXXXXXX,XXXXXXXXX,1,6170
18935,Regina,Nixon,XXXXXXXXX,XXXXXXXXX,1,1895
18936,Keelie,Harper,XXXXXXXXX,XXXXXXXXX,2,13421
18937,Ainsley,Obrien,XXXXXXXXX,XXXXXXXXX,1,122
18938,Wynter,Mccarthy,XXXXXXXXX,XXXXXXXXX,1,3546
18939,Rachel,Herring,XXXXXXXXX,XXXXXXXXX,2,13787
18940,Germane,Thomas,XXXXXXXXX,XXXXXXXXX,2,2037
18941,Shellie,Hartman,XXXXXXXXX,XXXXXXXXX,2,102
18942,Leilani,Mckenzie,XXXXXXXXX,XXXXXXXXX,2,8686
18943,Noelle,Watts,XXXXXXXXX,XXXXXXXXX,1,13666
18944,Lillian,Long,XXXXXXXXX,XXXXXXXXX,1,424
18945,Nell,Horton,XXXXXXXXX,XXXXXXXXX,2,11767
18946,Lesley,Castaneda,XXXXXXXXX,XXXXXXXXX,2,15955
18947,Ursa,Ramsey,XXXXXXXXX,XXXXXXXXX,2,4518
18948,Briar,Graves,XXXXXXXXX,XXXXXXXXX,2,13624
18949,Ruth,Franks,XXXXXXXXX,XXXXXXXXX,2,8867
18950,Blaine,Daniels,XXXXXXXXX,XXXXXXXXX,3,2518
18951,Camilla,Weiss,XXXXXXXXX,XXXXXXXXX,2,14680
18952,Catherine,Lancaster,XXXXXXXXX,XXXXXXXXX,2,3483
18953,Susan,Berry,XXXXXXXXX,XXXXXXXXX,2,6371
18954,Iona,Collier,XXXXXXXXX,XXXXXXXXX,2,9405
18955,Leigh,Dodson,XXXXXXXXX,XXXXXXXXX,2,14019
18956,Hannah,Fernandez,XXXXXXXXX,XXXXXXXXX,3,7499
18957,Felicia,Foreman,XXXXXXXXX,XXXXXXXXX,1,4643
18958,Deanna,Lara,XXXXXXXXX,XXXXXXXXX,1,8705
18959,Callie,Sandoval,XXXXXXXXX,XXXXXXXXX,1,7149
18960,Basia,Thompson,XXXXXXXXX,XXXXXXXXX,1,15999
18961,Desirae,Pacheco,XXXXXXXXX,XXXXXXXXX,1,16496
18962,Haley,Battle,XXXXXXXXX,XXXXXXXXX,1,8723
18963,Sylvia,Rhodes,XXXXXXXXX,XXXXXXXXX,1,12867
18964,Aspen,Coleman,XXXXXXXXX,XXXXXXXXX,1,6754
18965,September,Bryan,XXXXXXXXX,XXXXXXXXX,2,4934
18966,Rhea,Randolph,XXXXXXXXX,XXXXXXXXX,3,6901
18967,Regan,Pickett,XXXXXXXXX,XXXXXXXXX,1,1102
18968,Paloma,Floyd,XXXXXXXXX,XXXXXXXXX,3,2868
18969,Zenia,Cleveland,XXXXXXXXX,XXXXXXXXX,3,8253
18970,Scarlett,Duran,XXXXXXXXX,XXXXXXXXX,3,11559
18971,Kelsey,Reyes,XXXXXXXXX,XXXXXXXXX,2,679
18972,Leila,Schneider,XXXXXXXXX,XXXXXXXXX,2,6568
18973,Donna,Grant,XXXXXXXXX,XXXXXXXXX,2,2556
18974,Amela,Roberson,XXXXXXXXX,XXXXXXXXX,2,13337
18975,Britanney,Payne,XXXXXXXXX,XXXXXXXXX,3,12276
18976,Quyn,Ashley,XXXXXXXXX,XXXXXXXXX,3,1744
18977,Skyler,Newman,XXXXXXXXX,XXXXXXXXX,3,686
18978,Jemima,Wagner,XXXXXXXXX,XXXXXXXXX,1,10759
18979,Lillith,Cook,XXXXXXXXX,XXXXXXXXX,1,9301
18980,Tashya,Nixon,XXXXXXXXX,XXXXXXXXX,1,128
18981,Mona,Hutchinson,XXXXXXXXX,XXXXXXXXX,1,953
18982,Mia,Aguirre,XXXXXXXXX,XXXXXXXXX,1,10829
18983,Quail,Lopez,XXXXXXXXX,XXXXXXXXX,1,15034
18984,Lunea,Shaw,XXXXXXXXX,XXXXXXXXX,1,3863
18985,Bo,Sellers,XXXXXXXXX,XXXXXXXXX,1,3825
18986,Yvette,Avery,XXXXXXXXX,XXXXXXXXX,1,4424
18987,Nevada,French,XXXXXXXXX,XXXXXXXXX,1,264
18988,Xantha,Compton,XXXXXXXXX,XXXXXXXXX,1,15864
18989,Kevyn,Melendez,XXXXXXXXX,XXXXXXXXX,1,14900
18990,Martina,Holmes,XXXXXXXXX,XXXXXXXXX,1,13330
18991,Bertha,Martin,XXXXXXXXX,XXXXXXXXX,1,14609
18992,Neve,Warner,XXXXXXXXX,XXXXXXXXX,1,5170
18993,Aubrey,Little,XXXXXXXXX,XXXXXXXXX,1,11522
18994,McKenzie,Haynes,XXXXXXXXX,XXXXXXXXX,2,2836
18995,Nomlanga,Dalton,XXXXXXXXX,XXXXXXXXX,1,339
18996,Jessamine,Barlow,XXXXXXXXX,XXXXXXXXX,1,5691
18997,Cally,Knapp,XXXXXXXXX,XXXXXXXXX,2,4307
18998,Felicia,Albert,XXXXXXXXX,XXXXXXXXX,2,15589
18999,Martina,Pollard,XXXXXXXXX,XXXXXXXXX,1,12522
19000,Serina,Hobbs,XXXXXXXXX,XXXXXXXXX,1,5139
19001,Brenna,Pierce,XXXXXXXXX,XXXXXXXXX,1,4557
19002,Deanna,West,XXXXXXXXX,XXXXXXXXX,3,6531
19003,Emma,Bailey,XXXXXXXXX,XXXXXXXXX,1,2929
19004,Kelsey,Campbell,XXXXXXXXX,XXXXXXXXX,1,14666
19005,Lillian,Coffey,XXXXXXXXX,XXXXXXXXX,1,13863
19006,Melinda,Mathews,XXXXXXXXX,XXXXXXXXX,2,9444
19007,Jena,Puckett,XXXXXXXXX,XXXXXXXXX,3,13506
19008,Teegan,Perez,XXXXXXXXX,XXXXXXXXX,3,2243
19009,Anastasia,Grant,XXXXXXXXX,XXXXXXXXX,3,14602
19010,Yoshi,Jordan,XXXXXXXXX,XXXXXXXXX,3,16398
19011,Kylie,Galloway,XXXXXXXXX,XXXXXXXXX,3,10624
19012,Lael,Mosley,XXXXXXXXX,XXXXXXXXX,1,7667
19013,Linda,Baxter,XXXXXXXXX,XXXXXXXXX,3,4564
19014,Destiny,Ward,XXXXXXXXX,XXXXXXXXX,1,7775
19015,Imogene,Bradley,XXXXXXXXX,XXXXXXXXX,3,3221
19016,Ingrid,Bradley,XXXXXXXXX,XXXXXXXXX,2,15686
19017,Shafira,Gilliam,XXXXXXXXX,XXXXXXXXX,1,8940
19018,Kai,Goodwin,XXXXXXXXX,XXXXXXXXX,2,5680
19019,Deanna,Glenn,XXXXXXXXX,XXXXXXXXX,2,3968
19020,Signe,Walton,XXXXXXXXX,XXXXXXXXX,1,10307
19021,Nora,Beasley,XXXXXXXXX,XXXXXXXXX,1,15492
19022,Avye,Kane,XXXXXXXXX,XXXXXXXXX,1,11427
19023,Nadine,Dominguez,XXXXXXXXX,XXXXXXXXX,1,2957
19024,Shannon,Davenport,XXXXXXXXX,XXXXXXXXX,1,6937
19025,Hiroko,Soto,XXXXXXXXX,XXXXXXXXX,1,4882
19026,Leilani,Witt,XXXXXXXXX,XXXXXXXXX,1,11668
19027,Rhoda,Keller,XXXXXXXXX,XXXXXXXXX,1,8887
19028,Hedy,Roy,XXXXXXXXX,XXXXXXXXX,1,5059
19029,Anjolie,Williams,XXXXXXXXX,XXXXXXXXX,1,6922
19030,Anika,Jennings,XXXXXXXXX,XXXXXXXXX,1,9745
19031,Amena,Hawkins,XXXXXXXXX,XXXXXXXXX,1,2789
19032,Morgan,Nash,XXXXXXXXX,XXXXXXXXX,1,6144
19033,Remedios,Hess,XXXXXXXXX,XXXXXXXXX,3,14313
19034,Lani,Orr,XXXXXXXXX,XXXXXXXXX,3,728
19035,Sharon,Turner,XXXXXXXXX,XXXXXXXXX,1,13682
19036,Justina,Jackson,XXXXXXXXX,XXXXXXXXX,1,966
19037,Quyn,Mayo,XXXXXXXXX,XXXXXXXXX,1,8912
19038,Aspen,Rodriguez,XXXXXXXXX,XXXXXXXXX,3,4129
19039,Kalia,Nolan,XXXXXXXXX,XXXXXXXXX,1,8738
19040,Tatiana,Blevins,XXXXXXXXX,XXXXXXXXX,1,448
19041,Courtney,Tran,XXXXXXXXX,XXXXXXXXX,3,11485
19042,Desiree,Byers,XXXXXXXXX,XXXXXXXXX,3,1470
19043,Mallory,David,XXXXXXXXX,XXXXXXXXX,1,9180
19044,Jayme,Parks,XXXXXXXXX,XXXXXXXXX,1,11877
19045,Jordan,Larson,XXXXXXXXX,XXXXXXXXX,2,14382
19046,Kameko,Odonnell,XXXXXXXXX,XXXXXXXXX,3,3839
19047,Tatiana,Vargas,XXXXXXXXX,XXXXXXXXX,2,10650
19048,Lynn,Olsen,XXXXXXXXX,XXXXXXXXX,2,14942
19049,Stella,Holloway,XXXXXXXXX,XXXXXXXXX,2,4577
19050,Martina,Robinson,XXXXXXXXX,XXXXXXXXX,2,5981
19051,Justina,Austin,XXXXXXXXX,XXXXXXXXX,2,15962
19052,Lacy,Lopez,XXXXXXXXX,XXXXXXXXX,2,4714
19053,Serina,Atkinson,XXXXXXXXX,XXXXXXXXX,2,2435
19054,Octavia,Austin,XXXXXXXXX,XXXXXXXXX,2,14633
19055,Raya,Baker,XXXXXXXXX,XXXXXXXXX,2,12986
19056,Carolyn,Rhodes,XXXXXXXXX,XXXXXXXXX,2,6236
19057,Basia,Cohen,XXXXXXXXX,XXXXXXXXX,3,4059
19058,Xandra,Sykes,XXXXXXXXX,XXXXXXXXX,2,2149
19059,Freya,Greer,XXXXXXXXX,XXXXXXXXX,2,1708
19060,Tatyana,Ballard,XXXXXXXXX,XXXXXXXXX,1,12383
19061,Alice,Alexan,XXXXXXXXX,XXXXXXXXX,1,13171
19062,Doris,Brennan,XXXXXXXXX,XXXXXXXXX,1,15600
19063,Eugenia,Rivas,XXXXXXXXX,XXXXXXXXX,1,11060
19064,Gwendolyn,Montgomery,XXXXXXXXX,XXXXXXXXX,1,11477
19065,Madonna,Trujillo,XXXXXXXXX,XXXXXXXXX,2,16490
19066,Cheyenne,Ortega,XXXXXXXXX,XXXXXXXXX,1,12945
19067,Sophia,Douglas,XXXXXXXXX,XXXXXXXXX,1,11328
19068,Karleigh,Whitney,XXXXXXXXX,XXXXXXXXX,1,9324
19069,Maxine,York,XXXXXXXXX,XXXXXXXXX,2,9929
19070,Ursa,Patterson,XXXXXXXXX,XXXXXXXXX,1,9907
19071,Lydia,Eaton,XXXXXXXXX,XXXXXXXXX,2,4246
19072,Quintessa,Foley,XXXXXXXXX,XXXXXXXXX,2,3939
19073,India,Huffman,XXXXXXXXX,XXXXXXXXX,1,15382
19074,Charissa,Mcleod,XXXXXXXXX,XXXXXXXXX,1,10573
19075,Zena,Sharpe,XXXXXXXXX,XXXXXXXXX,1,14008
19076,Haviva,Holt,XXXXXXXXX,XXXXXXXXX,1,13985
19077,Ainsley,Mccarthy,XXXXXXXXX,XXXXXXXXX,3,358
19078,Meredith,Delacruz,XXXXXXXXX,XXXXXXXXX,1,12638
19079,Leila,Shepherd,XXXXXXXXX,XXXXXXXXX,2,2097
19080,Quincy,Whitney,XXXXXXXXX,XXXXXXXXX,2,2689
19081,Madison,Ayers,XXXXXXXXX,XXXXXXXXX,2,14272
19082,Rhonda,Larson,XXXXXXXXX,XXXXXXXXX,1,3046
19083,Risa,Wise,XXXXXXXXX,XXXXXXXXX,1,10214
19084,Kiayada,Cooke,XXXXXXXXX,XXXXXXXXX,1,1267
19085,Nevada,Witt,XXXXXXXXX,XXXXXXXXX,1,10320
19086,Gemma,Madden,XXXXXXXXX,XXXXXXXXX,1,12993
19087,Cleo,Pate,XXXXXXXXX,XXXXXXXXX,1,11104
19088,Julie,Mccall,XXXXXXXXX,XXXXXXXXX,1,5722
19089,Galena,Robbins,XXXXXXXXX,XXXXXXXXX,3,3808
19090,Alfreda,Cardenas,XXXXXXXXX,XXXXXXXXX,1,1260
19091,Minerva,Clayton,XXXXXXXXX,XXXXXXXXX,1,7860
19092,Summer,Hines,XXXXXXXXX,XXXXXXXXX,1,6751
19093,Leandra,Haley,XXXXXXXXX,XXXXXXXXX,3,8592
19094,Hadassah,Morton,XXXXXXXXX,XXXXXXXXX,2,11689
19095,Jenna,Cotton,XXXXXXXXX,XXXXXXXXX,1,11617
19096,Chantale,Sutton,XXXXXXXXX,XXXXXXXXX,3,9898
19097,Cynthia,Pitts,XXXXXXXXX,XXXXXXXXX,1,5583
19098,Hiroko,Scott,XXXXXXXXX,XXXXXXXXX,1,9519
19099,Aileen,Mendez,XXXXXXXXX,XXXXXXXXX,2,9920
19100,Ivy,Mccall,XXXXXXXXX,XXXXXXXXX,3,8189
19101,Rosalyn,Gillespie,XXXXXXXXX,XXXXXXXXX,3,10939
19102,Venus,Potts,XXXXXXXXX,XXXXXXXXX,3,4014
19103,Simone,Hunter,XXXXXXXXX,XXXXXXXXX,2,11008
19104,Ila,Jacobson,XXXXXXXXX,XXXXXXXXX,2,8637
19105,Shay,Holmes,XXXXXXXXX,XXXXXXXXX,3,13144
19106,Amy,Guerra,XXXXXXXXX,XXXXXXXXX,3,6459
19107,Jolie,Avery,XXXXXXXXX,XXXXXXXXX,3,5219
19108,Jenna,Roman,XXXXXXXXX,XXXXXXXXX,3,6302
19109,Shay,Branch,XXXXXXXXX,XXXXXXXXX,1,16299
19110,Ainsley,Adkins,XXXXXXXXX,XXXXXXXXX,1,151
19111,Iola,Bridges,XXXXXXXXX,XXXXXXXXX,2,2743
19112,Pearl,Hurst,XXXXXXXXX,XXXXXXXXX,2,9032
19113,Candice,Atkins,XXXXXXXXX,XXXXXXXXX,2,9581
19114,Gretchen,Forbes,XXXXXXXXX,XXXXXXXXX,1,2183
19115,Nelle,Mayo,XXXXXXXXX,XXXXXXXXX,2,14166
19116,Audrey,Andrews,XXXXXXXXX,XXXXXXXXX,3,16074
19117,Lacota,Mcdowell,XXXXXXXXX,XXXXXXXXX,2,12825
19118,Patricia,Pitts,XXXXXXXXX,XXXXXXXXX,1,9024
19119,Selma,Martinez,XXXXXXXXX,XXXXXXXXX,1,628
19120,Carly,Waller,XXXXXXXXX,XXXXXXXXX,1,12843
19121,Mikayla,Combs,XXXXXXXXX,XXXXXXXXX,1,3338
19122,Venus,Witt,XXXXXXXXX,XXXXXXXXX,3,10995
19123,Stephanie,Glenn,XXXXXXXXX,XXXXXXXXX,3,14773
19124,Ria,Duke,XXXXXXXXX,XXXXXXXXX,2,11819
19125,Christen,Wilkerson,XXXXXXXXX,XXXXXXXXX,2,12004
19126,Winifred,Kelley,XXXXXXXXX,XXXXXXXXX,2,7911
19127,September,Terry,XXXXXXXXX,XXXXXXXXX,3,7962
19128,Ariel,Alexander,XXXXXXXXX,XXXXXXXXX,2,5478
19129,Rebekah,Bowers,XXXXXXXXX,XXXXXXXXX,1,14393
19130,Nerea,Ochoa,XXXXXXXXX,XXXXXXXXX,1,16485
19131,Josephine,English,XXXXXXXXX,XXXXXXXXX,2,6603
19132,Moana,Le,XXXXXXXXX,XXXXXXXXX,1,16432
19133,Fiona,Nolan,XXXXXXXXX,XXXXXXXXX,1,4863
19134,Laura,David,XXXXXXXXX,XXXXXXXXX,1,13954
19135,Phyllis,Dale,XXXXXXXXX,XXXXXXXXX,1,9936
19136,Iola,Rios,XXXXXXXXX,XXXXXXXXX,2,8474
19137,Nayda,Bolton,XXXXXXXXX,XXXXXXXXX,2,11682
19138,Alea,Flynn,XXXXXXXXX,XXXXXXXXX,1,13949
19139,Yetta,Morton,XXXXXXXXX,XXXXXXXXX,2,8226
19140,Molly,Rivas,XXXXXXXXX,XXXXXXXXX,1,15050
19141,Mikayla,Warren,XXXXXXXXX,XXXXXXXXX,1,15654
19142,Rinah,Barrett,XXXXXXXXX,XXXXXXXXX,1,15464
19143,Hedy,Mckee,XXXXXXXXX,XXXXXXXXX,1,10198
19144,Carissa,Chapman,XXXXXXXXX,XXXXXXXXX,2,10979
19145,Bertha,Schultz,XXXXXXXXX,XXXXXXXXX,2,6650
19146,Jade,Adkins,XXXXXXXXX,XXXXXXXXX,2,2596
19147,Christine,Luna,XXXXXXXXX,XXXXXXXXX,1,12027
19148,Guinevere,Wallace,XXXXXXXXX,XXXXXXXXX,2,10853
19149,Maryam,Griffin,XXXXXXXXX,XXXXXXXXX,1,6759
19150,Iona,Hinton,XXXXXXXXX,XXXXXXXXX,1,1935
19151,Phyllis,Saunders,XXXXXXXXX,XXXXXXXXX,2,275
19152,Ivana,Gilmore,XXXXXXXXX,XXXXXXXXX,2,6090
19153,Ella,Collier,XXXXXXXXX,XXXXXXXXX,2,10937
19154,Megan,Luna,XXXXXXXXX,XXXXXXXXX,2,15786
19155,Jael,Morrow,XXXXXXXXX,XXXXXXXXX,1,9097
19156,Sheila,Mason,XXXXXXXXX,XXXXXXXXX,2,16455
19157,Alma,Mcmahon,XXXXXXXXX,XXXXXXXXX,2,40
19158,Kevyn,Oneal,XXXXXXXXX,XXXXXXXXX,2,15125
19159,Roary,Kirk,XXXXXXXXX,XXXXXXXXX,2,14449
19160,Wynter,Flores,XXXXXXXXX,XXXXXXXXX,2,4847
19161,Dawn,Blankenship,XXXXXXXXX,XXXXXXXXX,2,16093
19162,Myra,Richmond,XXXXXXXXX,XXXXXXXXX,2,9984
19163,Cassandra,Benjamin,XXXXXXXXX,XXXXXXXXX,3,839
19164,Michelle,Holder,XXXXXXXXX,XXXXXXXXX,1,2191
19165,Jolene,Ramirez,XXXXXXXXX,XXXXXXXXX,1,12075
19166,Jolene,Burgess,XXXXXXXXX,XXXXXXXXX,1,12461
19167,Abigail,Garrett,XXXXXXXXX,XXXXXXXXX,1,10570
19168,Laurel,Chavez,XXXXXXXXX,XXXXXXXXX,1,12607
19169,Farrah,Huber,XXXXXXXXX,XXXXXXXXX,3,6105
19170,Carolyn,Farley,XXXXXXXXX,XXXXXXXXX,3,16173
19171,Jaquelyn,Mcdowell,XXXXXXXXX,XXXXXXXXX,3,10226
19172,Jessica,Good,XXXXXXXXX,XXXXXXXXX,3,4032
19173,Rina,Burks,XXXXXXXXX,XXXXXXXXX,1,15019
19174,Audrey,Spears,XXXXXXXXX,XXXXXXXXX,1,13791
19175,Ariana,West,XXXXXXXXX,XXXXXXXXX,1,9073
19176,Emerald,Kim,XXXXXXXXX,XXXXXXXXX,1,9649
19177,Melanie,Lan,XXXXXXXXX,XXXXXXXXX,2,3702
19178,Aileen,Howard,XXXXXXXXX,XXXXXXXXX,2,6098
19179,Katelyn,Noel,XXXXXXXXX,XXXXXXXXX,1,13699
19180,Willow,Bowers,XXXXXXXXX,XXXXXXXXX,1,9829
19181,Vera,Mcdaniel,XXXXXXXXX,XXXXXXXXX,1,5999
19182,Martha,Gamble,XXXXXXXXX,XXXXXXXXX,1,6771
19183,Pandora,Faulkner,XXXXXXXXX,XXXXXXXXX,1,7165
19184,Allegra,Talley,XXXXXXXXX,XXXXXXXXX,2,15461
19185,Courtney,Page,XXXXXXXXX,XXXXXXXXX,1,10430
19186,Wynter,Terrell,XXXXXXXXX,XXXXXXXXX,1,5804
19187,Sybill,Donaldson,XXXXXXXXX,XXXXXXXXX,1,9205
19188,Constance,Andrews,XXXXXXXXX,XXXXXXXXX,1,12661
19189,Illana,Hill,XXXXXXXXX,XXXXXXXXX,1,10916
19190,Kendall,Odom,XXXXXXXXX,XXXXXXXXX,1,16029
19191,Darryl,Noble,XXXXXXXXX,XXXXXXXXX,1,14966
19192,Leigh,Brady,XXXXXXXXX,XXXXXXXXX,2,7525
19193,Jena,Ferrell,XXXXXXXXX,XXXXXXXXX,2,6589
19194,Karleigh,Tran,XXXXXXXXX,XXXXXXXXX,2,16126
19195,Mikayla,Morin,XXXXXXXXX,XXXXXXXXX,2,8969
19196,Lenore,Macdonald,XXXXXXXXX,XXXXXXXXX,1,1030
19197,Piper,Boone,XXXXXXXXX,XXXXXXXXX,1,7603
19198,Bell,Monroe,XXXXXXXXX,XXXXXXXXX,1,16288
19199,Margaret,Robertson,XXXXXXXXX,XXXXXXXXX,2,8499
19200,Halee,Grimes,XXXXXXXXX,XXXXXXXXX,2,4482
19201,Rama,Salas,XXXXXXXXX,XXXXXXXXX,2,9822
19202,Claire,Boyer,XXXXXXXXX,XXXXXXXXX,3,12302
19203,TaShya,Cain,XXXXXXXXX,XXXXXXXXX,1,4241
19204,Lenore,Harding,XXXXXXXXX,XXXXXXXXX,1,6300
19205,Portia,Owens,XXXXXXXXX,XXXXXXXXX,1,16272
19206,Celeste,Knight,XXXXXXXXX,XXXXXXXXX,3,4561
19207,Eugenia,Spencer,XXXXXXXXX,XXXXXXXXX,2,14696
19208,Veronica,Conrad,XXXXXXXXX,XXXXXXXXX,3,14481
19209,Jade,Nunez,XXXXXXXXX,XXXXXXXXX,1,8853
19210,Blossom,Little,XXXXXXXXX,XXXXXXXXX,1,9037
19211,Blythe,Workman,XXXXXXXXX,XXXXXXXXX,1,12612
19212,Jolie,Kirkland,XXXXXXXXX,XXXXXXXXX,1,11067
19213,Kirby,Alvarado,XXXXXXXXX,XXXXXXXXX,1,9436
19214,Brianna,Mcguire,XXXXXXXXX,XXXXXXXXX,1,13820
19215,Azalia,Branch,XXXXXXXXX,XXXXXXXXX,1,1589
19216,Suki,Walters,XXXXXXXXX,XXXXXXXXX,1,2244
19217,Oliver,Atom,XXXXXXXXX,XXXXXXXXX,1,15928
19218,Madonna,Nielsen,XXXXXXXXX,XXXXXXXXX,1,7645
19219,Xyla,Becker,XXXXXXXXX,XXXXXXXXX,1,5296
19220,Faith,Mcgowan,XXXXXXXXX,XXXXXXXXX,1,2809
19221,Beverly,Mills,XXXXXXXXX,XXXXXXXXX,1,7944
19222,Gwendolyn,Lara,XXXXXXXXX,XXXXXXXXX,1,5928
19223,Glenna,Britt,XXXXXXXXX,XXXXXXXXX,1,6440
19224,Emily,Chaney,XXXXXXXXX,XXXXXXXXX,1,3928
19225,Sage,Jordan,XXXXXXXXX,XXXXXXXXX,1,10720
19226,Maia,Stevens,XXXXXXXXX,XXXXXXXXX,1,11878
19227,Kirsten,Frederick,XXXXXXXXX,XXXXXXXXX,1,8528
19228,Aspen,Chambers,XXXXXXXXX,XXXXXXXXX,1,14997
19229,Abra,Logan,XXXXXXXXX,XXXXXXXXX,1,6953
19230,Margaret,Armstrong,XXXXXXXXX,XXXXXXXXX,1,10427
19231,Madeson,Sheppard,XXXXXXXXX,XXXXXXXXX,1,8380
19232,Jolene,Melton,XXXXXXXXX,XXXXXXXXX,2,13503
19233,Karina,Holmes,XXXXXXXXX,XXXXXXXXX,1,9204
19234,Blair,Holder,XXXXXXXXX,XXXXXXXXX,1,14895
19235,Robin,Maddox,XXXXXXXXX,XXXXXXXXX,2,13040
19236,Octavia,Wolfe,XXXXXXXXX,XXXXXXXXX,1,5222
19237,Illiana,Sykes,XXXXXXXXX,XXXXXXXXX,1,13811
19238,Lareina,Figueroa,XXXXXXXXX,XXXXXXXXX,1,2167
19239,Libby,Branch,XXXXXXXXX,XXXXXXXXX,2,1183
19240,Gwendolyn,Tate,XXXXXXXXX,XXXXXXXXX,2,438
19241,Maya,Thompson,XXXXXXXXX,XXXXXXXXX,2,11407
19242,Alexa,Nielsen,XXXXXXXXX,XXXXXXXXX,3,4285
19243,Chastity,Rogers,XXXXXXXXX,XXXXXXXXX,2,4959
19244,Christen,Heath,XXXXXXXXX,XXXXXXXXX,2,998
19245,Indira,Webster,XXXXXXXXX,XXXXXXXXX,2,1794
19246,Rosalyn,Hartman,XXXXXXXXX,XXXXXXXXX,1,3615
19247,Minerva,Harrell,XXXXXXXXX,XXXXXXXXX,2,3486
19248,Rosalyn,Henderson,XXXXXXXXX,XXXXXXXXX,2,7044
19249,Xaviera,Workman,XXXXXXXXX,XXXXXXXXX,3,12387
19250,Olga,Hoffman,XXXXXXXXX,XXXXXXXXX,2,11268
19251,Martena,Kennedy,XXXXXXXXX,XXXXXXXXX,3,6931
19252,Kelsie,Harri,XXXXXXXXX,XXXXXXXXX,3,7563
19253,Roanna,Rush,XXXXXXXXX,XXXXXXXXX,3,46
19254,Cassandra,Kline,XXXXXXXXX,XXXXXXXXX,3,11640
19255,Jana,Terry,XXXXXXXXX,XXXXXXXXX,3,6861
19256,Hedy,Workman,XXXXXXXXX,XXXXXXXXX,3,14691
19257,Sacha,Walton,XXXXXXXXX,XXXXXXXXX,3,13063
19258,Hope,Ware,XXXXXXXXX,XXXXXXXXX,1,6403
19259,Abra,Barber,XXXXXXXXX,XXXXXXXXX,1,3304
19260,Jaquelyn,Cameron,XXXXXXXXX,XXXXXXXXX,1,5944
19261,Imani,Walton,XXXXXXXXX,XXXXXXXXX,1,11497
19262,Cecilia,Mclean,XXXXXXXXX,XXXXXXXXX,1,8178
19263,Brynne,Massey,XXXXXXXXX,XXXXXXXXX,2,10158
19264,Amanda,Frazier,XXXXXXXXX,XXXXXXXXX,2,4569
19265,Alice,Rodriguez,XXXXXXXXX,XXXXXXXXX,1,15965
19266,Bo,Patel,XXXXXXXXX,XXXXXXXXX,1,15981
19267,Kaitlin,Barker,XXXXXXXXX,XXXXXXXXX,2,14082
19268,Zenaida,Atkins,XXXXXXXXX,XXXXXXXXX,2,4062
19269,Madonna,Boyd,XXXXXXXXX,XXXXXXXXX,2,7448
19270,Mary,Shannon,XXXXXXXXX,XXXXXXXXX,1,3660
19271,Doris,Henderson,XXXXXXXXX,XXXXXXXXX,1,13758
19272,Juliet,Blackburn,XXXXXXXXX,XXXXXXXXX,1,8318
19273,Skyler,Ball,XXXXXXXXX,XXXXXXXXX,1,4546
19274,Violet,Hines,XXXXXXXXX,XXXXXXXXX,3,12649
19275,Lareina,Chan,XXXXXXXXX,XXXXXXXXX,3,16354
19276,Amena,Hayes,XXXXXXXXX,XXXXXXXXX,1,16088
19277,Zoe,Harding,XXXXXXXXX,XXXXXXXXX,1,3407
19278,Alma,Williams,XXXXXXXXX,XXXXXXXXX,1,11492
19279,Hillary,Shaw,XXXXXXXXX,XXXXXXXXX,2,795
19280,Bree,Rutledge,XXXXXXXXX,XXXXXXXXX,2,7882
19281,Melinda,Leonard,XXXXXXXXX,XXXXXXXXX,2,16000
19282,Raya,Lee,XXXXXXXXX,XXXXXXXXX,2,9084
19283,Nayda,Mason,XXXXXXXXX,XXXXXXXXX,1,1938
19284,Jane,Burt,XXXXXXXXX,XXXXXXXXX,2,7712
19285,Olympia,Terry,XXXXXXXXX,XXXXXXXXX,1,11825
19286,Yoko,Berg,XXXXXXXXX,XXXXXXXXX,1,10728
19287,Shelley,Galloway,XXXXXXXXX,XXXXXXXXX,1,3236
19288,Kimberly,Mccullough,XXXXXXXXX,XXXXXXXXX,2,3043
19289,Dacey,Thompson,XXXXXXXXX,XXXXXXXXX,2,6790
19290,Lilah,Haley,XXXXXXXXX,XXXXXXXXX,2,10811
19291,Fatima,Fowler,XXXXXXXXX,XXXXXXXXX,2,4950
19292,Charissa,Hart,XXXXXXXXX,XXXXXXXXX,2,2943
19293,Beatrice,Kelly,XXXXXXXXX,XXXXXXXXX,2,10192
19294,Felicia,Patterson,XXXXXXXXX,XXXXXXXXX,1,5217
19295,Nayda,Nichols,XXXXXXXXX,XXXXXXXXX,1,8990
19296,Shannon,Potter,XXXXXXXXX,XXXXXXXXX,1,3096
19297,Kiayada,Hopkins,XXXXXXXXX,XXXXXXXXX,2,3261
19298,Maya,Middleton,XXXXXXXXX,XXXXXXXXX,2,8446
19299,Heather,Fisher,XXXXXXXXX,XXXXXXXXX,2,3079
19300,Pearl,Greene,XXXXXXXXX,XXXXXXXXX,1,9684
19301,Martha,Mcfadden,XXXXXXXXX,XXXXXXXXX,3,2590
19302,Kelly,Santana,XXXXXXXXX,XXXXXXXXX,1,2239
19303,Tallulah,Pratt,XXXXXXXXX,XXXXXXXXX,1,7206
19304,Cora,Bates,XXXXXXXXX,XXXXXXXXX,3,7627
19305,Jacqueline,Hancock,XXXXXXXXX,XXXXXXXXX,1,12794
19306,Leigh,Mccullough,XXXXXXXXX,XXXXXXXXX,1,14722
19307,Clio,Moody,XXXXXXXXX,XXXXXXXXX,1,16254
19308,Farrah,Chambers,XXXXXXXXX,XXXXXXXXX,2,14591
19309,Petra,Roberts,XXXXXXXXX,XXXXXXXXX,1,9528
19310,Debra,Burgess,XXXXXXXXX,XXXXXXXXX,1,9909
19311,Destiny,Carver,XXXXXXXXX,XXXXXXXXX,1,2866
19312,Xyla,Sanders,XXXXXXXXX,XXXXXXXXX,1,1998
19313,Fay,Gibbs,XXXXXXXXX,XXXXXXXXX,1,2511
19314,Ina,Gilbert,XXXXXXXXX,XXXXXXXXX,1,13056
19315,Yvette,Beard,XXXXXXXXX,XXXXXXXXX,1,16061
19316,Alma,Potts,XXXXXXXXX,XXXXXXXXX,2,1559
19317,Hyacinth,Burris,XXXXXXXXX,XXXXXXXXX,2,6764
19318,Quail,Peck,XXXXXXXXX,XXXXXXXXX,1,13118
19319,Kelsie,Browning,XXXXXXXXX,XXXXXXXXX,1,4149
19320,Ila,Massey,XXXXXXXXX,XXXXXXXXX,1,13728
19321,Daria,Whitehead,XXXXXXXXX,XXXXXXXXX,1,2768
19322,Xyla,Hayes,XXXXXXXXX,XXXXXXXXX,1,5890
19323,Brianna,Cohen,XXXXXXXXX,XXXXXXXXX,1,15938
19324,Mercedes,Gonzalez,XXXXXXXXX,XXXXXXXXX,1,4928
19325,Amena,Bowman,XXXXXXXXX,XXXXXXXXX,1,4662
19326,Patience,Cote,XXXXXXXXX,XXXXXXXXX,1,5200
19327,Reagan,Abbott,XXXXXXXXX,XXXXXXXXX,2,4453
19328,Jamalia,Randall,XXXXXXXXX,XXXXXXXXX,2,9440
19329,Rae,Wyatt,XXXXXXXXX,XXXXXXXXX,2,12340
19330,Mariam,Hopkins,XXXXXXXXX,XXXXXXXXX,1,12754
19331,Imelda,Castaneda,XXXXXXXXX,XXXXXXXXX,3,9148
19332,Amber,Wilkins,XXXXXXXXX,XXXXXXXXX,1,8359
19333,Constance,Dawson,XXXXXXXXX,XXXXXXXXX,1,11409
19334,Moana,Shepherd,XXXXXXXXX,XXXXXXXXX,1,2600
19335,Orli,Christian,XXXXXXXXX,XXXXXXXXX,2,3864
19336,Demetria,Huff,XXXXXXXXX,XXXXXXXXX,2,15853
19337,Kylie,Owen,XXXXXXXXX,XXXXXXXXX,2,7980
19338,Whitney,Tate,XXXXXXXXX,XXXXXXXXX,2,3790
19339,Aiko,Johnston,XXXXXXXXX,XXXXXXXXX,1,6272
19340,Lenore,Gaines,XXXXXXXXX,XXXXXXXXX,2,5609
19341,Heidi,Moran,XXXXXXXXX,XXXXXXXXX,2,5546
19342,Jorden,Bailey,XXXXXXXXX,XXXXXXXXX,2,16028
19343,Cara,Scott,XXXXXXXXX,XXXXXXXXX,2,8882
19344,Audrey,Witt,XXXXXXXXX,XXXXXXXXX,1,14883
19345,Blythe,Cantu,XXXXXXXXX,XXXXXXXXX,1,6391
19346,Mechelle,Hale,XXXXXXXXX,XXXXXXXXX,2,10265
19347,Kelly,Lyons,XXXXXXXXX,XXXXXXXXX,2,7570
19348,Unity,Oneal,XXXXXXXXX,XXXXXXXXX,2,2967
19349,Hope,Diaz,XXXXXXXXX,XXXXXXXXX,3,12177
19350,Heather,Rocha,XXXXXXXXX,XXXXXXXXX,1,11476
19351,Alyssa,Fowler,XXXXXXXXX,XXXXXXXXX,3,142
19352,Lilah,Glass,XXXXXXXXX,XXXXXXXXX,3,16337
19353,Ella,Mcmahon,XXXXXXXXX,XXXXXXXXX,1,10716
19354,Lilah,Huff,XXXXXXXXX,XXXXXXXXX,3,12501
19355,Geraldine,Barlow,XXXXXXXXX,XXXXXXXXX,2,12078
19356,Emma,Armstrong,XXXXXXXXX,XXXXXXXXX,1,15901
19357,Tara,Gordon,XXXXXXXXX,XXXXXXXXX,2,5993
19358,Genevieve,Joyce,XXXXXXXXX,XXXXXXXXX,2,7061
19359,Sybil,Noel,XXXXXXXXX,XXXXXXXXX,2,6461
19360,Blossom,Hill,XXXXXXXXX,XXXXXXXXX,2,7106
19361,Dana,Hoffman,XXXXXXXXX,XXXXXXXXX,1,10981
19362,Anika,Stokes,XXXXXXXXX,XXXXXXXXX,1,11436
19363,Geraldine,Mcfadden,XXXXXXXXX,XXXXXXXXX,1,12640
19364,Jayme,Tyler,XXXXXXXXX,XXXXXXXXX,1,13472
19365,Amity,Weber,XXXXXXXXX,XXXXXXXXX,1,4599
19366,Joan,Hickman,XXXXXXXXX,XXXXXXXXX,1,5137
19367,Illiana,Mcpherson,XXXXXXXXX,XXXXXXXXX,1,16047
19368,Morgan,Jimenez,XXXXXXXXX,XXXXXXXXX,1,15897
19369,Rhonda,Bruce,XXXXXXXXX,XXXXXXXXX,2,3700
19370,Xerxes,Marsh,XXXXXXXXX,XXXXXXXXX,2,2894
19371,Clare,Jenkins,XXXXXXXXX,XXXXXXXXX,3,14361
19372,Taylor,Aguilar,XXXXXXXXX,XXXXXXXXX,3,1889
19373,Violet,Melton,XXXXXXXXX,XXXXXXXXX,3,7548
19374,Hedy,Dunn,XXXXXXXXX,XXXXXXXXX,1,5339
19375,Lara,Kim,XXXXXXXXX,XXXXXXXXX,1,6388
19376,Hermione,Rose,XXXXXXXXX,XXXXXXXXX,2,2047
19377,Denise,Young,XXXXXXXXX,XXXXXXXXX,1,1993
19378,Eliana,Santos,XXXXXXXXX,XXXXXXXXX,1,353
19379,Emma,Suarez,XXXXXXXXX,XXXXXXXXX,3,1676
19380,Sopoline,Hood,XXXXXXXXX,XXXXXXXXX,1,7070
19381,Summer,Hester,XXXXXXXXX,XXXXXXXXX,1,14553
19382,Kitra,Howard,XXXXXXXXX,XXXXXXXXX,2,8875
19383,Ifeoma,Hendricks,XXXXXXXXX,XXXXXXXXX,2,7786
19384,Tatyana,Tyson,XXXXXXXXX,XXXXXXXXX,3,6019
19385,Brenna,Wyatt,XXXXXXXXX,XXXXXXXXX,2,3699
19386,Olga,Stein,XXXXXXXXX,XXXXXXXXX,2,14088
19387,Karly,Porter,XXXXXXXXX,XXXXXXXXX,2,8789
19388,Katelyn,Key,XXXXXXXXX,XXXXXXXXX,2,13843
19389,Breanna,Morrison,XXXXXXXXX,XXXXXXXXX,2,11674
19390,Blossom,Middleton,XXXXXXXXX,XXXXXXXXX,3,4504
19391,Aimee,Daugherty,XXXXXXXXX,XXXXXXXXX,2,10208
19392,Nelle,Shaffer,XXXXXXXXX,XXXXXXXXX,3,14616
19393,Phyllis,Higgins,XXXXXXXXX,XXXXXXXXX,3,1709
19394,Tamara,Larson,XXXXXXXXX,XXXXXXXXX,3,1617
19395,Nell,Garrison,XXXXXXXXX,XXXXXXXXX,3,1100
19396,Charity,Sharpe,XXXXXXXXX,XXXXXXXXX,3,11308
19397,Ria,Padilla,XXXXXXXXX,XXXXXXXXX,3,8353
19398,Beatrice,Holt,XXXXXXXXX,XXXXXXXXX,3,1811
19399,Chloe,Nichols,XXXXXXXXX,XXXXXXXXX,3,4527
19400,Medge,Mcfarland,XXXXXXXXX,XXXXXXXXX,2,16125
19401,Myra,Manning,XXXXXXXXX,XXXXXXXXX,2,4992
19402,Cynthia,Albert,XXXXXXXXX,XXXXXXXXX,2,2064
19403,Emi,Mitchell,XXXXXXXXX,XXXXXXXXX,2,6576
19404,Tana,Franklin,XXXXXXXXX,XXXXXXXXX,1,5603
19405,Lilah,Holmes,XXXXXXXXX,XXXXXXXXX,2,12372
19406,May,Kennedy,XXXXXXXXX,XXXXXXXXX,1,13396
19407,Linda,Haley,XXXXXXXXX,XXXXXXXXX,1,14096
19408,Rose,Mack,XXXXXXXXX,XXXXXXXXX,1,6850
19409,Odessa,Cherry,XXXXXXXXX,XXXXXXXXX,2,5801
19410,Cherokee,Huffman,XXXXXXXXX,XXXXXXXXX,2,14238
19411,Tamekah,Blair,XXXXXXXXX,XXXXXXXXX,2,14460
19412,Iola,King,XXXXXXXXX,XXXXXXXXX,2,7581
19413,Renee,Morales,XXXXXXXXX,XXXXXXXXX,2,944
19414,Hadley,Russell,XXXXXXXXX,XXXXXXXXX,2,11974
19415,Yoshi,Shelton,XXXXXXXXX,XXXXXXXXX,1,16399
19416,Madeline,Wooten,XXXXXXXXX,XXXXXXXXX,3,3006
19417,Gillian,Camacho,XXXXXXXXX,XXXXXXXXX,3,10771
19418,Beverly,Fisher,XXXXXXXXX,XXXXXXXXX,1,11443
19419,Chloe,Pickett,XXXXXXXXX,XXXXXXXXX,3,7169
19420,Danielle,Rush,XXXXXXXXX,XXXXXXXXX,3,11360
19421,Miriam,Vega,XXXXXXXXX,XXXXXXXXX,1,10051
19422,Carolyn,Davenport,XXXXXXXXX,XXXXXXXXX,1,5719
19423,Inez,Fleming,XXXXXXXXX,XXXXXXXXX,1,4313
19424,Kylynn,Zimmerman,XXXXXXXXX,XXXXXXXXX,1,4941
19425,Fallon,Donovan,XXXXXXXXX,XXXXXXXXX,1,6505
19426,Dakota,Green,XXXXXXXXX,XXXXXXXXX,1,3160
19427,Rylee,Garrett,XXXXXXXXX,XXXXXXXXX,2,12430
19428,Patience,Woodward,XXXXXXXXX,XXXXXXXXX,1,21
19429,Lana,Green,XXXXXXXXX,XXXXXXXXX,1,15827
19430,Naida,Small,XXXXXXXXX,XXXXXXXXX,2,15370
19431,Maryam,Grant,XXXXXXXXX,XXXXXXXXX,2,11265
19432,Noel,Wheeler,XXXXXXXXX,XXXXXXXXX,2,157
19433,Xerxes,Terrell,XXXXXXXXX,XXXXXXXXX,2,9290
19434,Emma,Mayo,XXXXXXXXX,XXXXXXXXX,2,4146
19435,Hyacinth,Nolan,XXXXXXXXX,XXXXXXXXX,1,2259
19436,Wynter,Gay,XXXXXXXXX,XXXXXXXXX,3,15259
19437,Cally,Dunn,XXXXXXXXX,XXXXXXXXX,2,13439
19438,Cleo,Woodward,XXXXXXXXX,XXXXXXXXX,3,5764
19439,Mara,Mcneil,XXXXXXXXX,XXXXXXXXX,2,16170
19440,Jennifer,Holmes,XXXXXXXXX,XXXXXXXXX,2,10892
19441,Yetta,Robinson,XXXXXXXXX,XXXXXXXXX,2,2991
19442,Lavinia,Houston,XXXXXXXXX,XXXXXXXXX,2,6137
19443,Hayfa,Boyle,XXXXXXXXX,XXXXXXXXX,2,376
19444,Wanda,Sanford,XXXXXXXXX,XXXXXXXXX,2,1500
19445,Felicia,Clark,XXXXXXXXX,XXXXXXXXX,2,14985
19446,Taylor,Wood,XXXXXXXXX,XXXXXXXXX,2,16355
19447,Marah,Lara,XXXXXXXXX,XXXXXXXXX,2,14131
19448,Stacy,Mckinney,XXXXXXXXX,XXXXXXXXX,2,15995
19449,Kay,Sandoval,XXXXXXXXX,XXXXXXXXX,1,956
19450,Sybill,Spencer,XXXXXXXXX,XXXXXXXXX,3,13433
19451,Adele,Pennington,XXXXXXXXX,XXXXXXXXX,3,13477
19452,Dacey,Walters,XXXXXXXXX,XXXXXXXXX,3,3088
19453,Deanna,Goff,XXXXXXXXX,XXXXXXXXX,1,4910
19454,Karina,Prince,XXXXXXXXX,XXXXXXXXX,1,2869
19455,Ivory,Parks,XXXXXXXXX,XXXXXXXXX,1,11170
19456,Amy,Lindsay,XXXXXXXXX,XXXXXXXXX,2,411
19457,Libby,Bray,XXXXXXXXX,XXXXXXXXX,2,9599
19458,Aurora,Sharp,XXXXXXXXX,XXXXXXXXX,2,13426
19459,Ainsley,Mathis,XXXXXXXXX,XXXXXXXXX,1,11461
19460,Dominique,Rogers,XXXXXXXXX,XXXXXXXXX,1,5344
19461,Basia,Watts,XXXXXXXXX,XXXXXXXXX,1,9226
19462,Joan,Wilder,XXXXXXXXX,XXXXXXXXX,1,6084
19463,Teagan,Romero,XXXXXXXXX,XXXXXXXXX,1,1112
19464,Jael,Mcfarland,XXXXXXXXX,XXXXXXXXX,1,15964
19465,Evelyn,Kelly,XXXXXXXXX,XXXXXXXXX,2,5406
19466,Hannah,Velez,XXXXXXXXX,XXXXXXXXX,2,13367
19467,Quail,Ashley,XXXXXXXXX,XXXXXXXXX,1,16211
19468,Roary,Wheeler,XXXXXXXXX,XXXXXXXXX,2,805
19469,Simone,Vance,XXXXXXXXX,XXXXXXXXX,2,3861
19470,Lucy,Mcknight,XXXXXXXXX,XXXXXXXXX,2,190
19471,Yeo,Bird,XXXXXXXXX,XXXXXXXXX,2,9763
19472,Alma,Conley,XXXXXXXXX,XXXXXXXXX,2,4925
19473,Kellie,Farmer,XXXXXXXXX,XXXXXXXXX,2,11322
19474,Kim,Simon,XXXXXXXXX,XXXXXXXXX,1,1347
19475,Bo,Griffin,XXXXXXXXX,XXXXXXXXX,1,7788
19476,Ciara,Bird,XXXXXXXXX,XXXXXXXXX,2,12555
19477,Brynne,Giles,XXXXXXXXX,XXXXXXXXX,2,11709
19478,Sade,Lancaster,XXXXXXXXX,XXXXXXXXX,2,2898
19479,Kimberley,Sharpe,XXXXXXXXX,XXXXXXXXX,2,10168
19480,Natalie,Mcfadden,XXXXXXXXX,XXXXXXXXX,2,2820
19481,Cassandra,Jensen,XXXXXXXXX,XXXXXXXXX,2,622
19482,Freya,Robbins,XXXXXXXXX,XXXXXXXXX,1,4013
19483,Germane,Short,XXXXXXXXX,XXXXXXXXX,2,5596
19484,Oprah,Delacruz,XXXXXXXXX,XXXXXXXXX,2,14998
19485,Nichole,Olsen,XXXXXXXXX,XXXXXXXXX,2,2029
19486,Erica,Stevens,XXXXXXXXX,XXXXXXXXX,2,12173
19487,Constance,Terrell,XXXXXXXXX,XXXXXXXXX,3,1733
19488,Kimberly,Flowers,XXXXXXXXX,XXXXXXXXX,1,2153
19489,Orli,Hendricks,XXXXXXXXX,XXXXXXXXX,2,14161
19490,Tana,Tate,XXXXXXXXX,XXXXXXXXX,3,3914
19491,Gillian,Maldonado,XXXXXXXXX,XXXXXXXXX,1,13851
19492,Irene,Luna,XXXXXXXXX,XXXXXXXXX,1,3093
19493,Clementine,Lawrence,XXXXXXXXX,XXXXXXXXX,1,12854
19494,Abigail,Pruitt,XXXXXXXXX,XXXXXXXXX,1,6219
19495,Tatyana,Spencer,XXXXXXXXX,XXXXXXXXX,1,4887
19496,Zoe,Bush,XXXXXXXXX,XXXXXXXXX,3,9851
19497,Mikayla,Spence,XXXXXXXXX,XXXXXXXXX,3,6903
19498,Martina,King,XXXXXXXXX,XXXXXXXXX,1,6225
19499,Zelda,Cochran,XXXXXXXXX,XXXXXXXXX,1,3740
19500,Daryl,Webster,XXXXXXXXX,XXXXXXXXX,1,15077
19501,Vivian,Terrell,XXXXXXXXX,XXXXXXXXX,1,6626
19502,Hannah,Ayala,XXXXXXXXX,XXXXXXXXX,1,2537
19503,Illana,Wilkerson,XXXXXXXXX,XXXXXXXXX,1,8168
19504,Avye,Clarke,XXXXXXXXX,XXXXXXXXX,2,14095
19505,Rhoda,Cabrera,XXXXXXXXX,XXXXXXXXX,2,9428
19506,Ursula,Spence,XXXXXXXXX,XXXXXXXXX,3,5320
19507,Zenaida,Horn,XXXXXXXXX,XXXXXXXXX,3,8796
19508,Mechelle,Chase,XXXXXXXXX,XXXXXXXXX,1,16133
19509,Rosalyn,Nielsen,XXXXXXXXX,XXXXXXXXX,2,2092
19510,Quin,Ewing,XXXXXXXXX,XXXXXXXXX,2,10547
19511,Naida,Benson,XXXXXXXXX,XXXXXXXXX,1,11736
19512,Keelie,Ashley,XXXXXXXXX,XXXXXXXXX,1,8354
19513,Quincy,Gray,XXXXXXXXX,XXXXXXXXX,1,2677
19514,Ingrid,Hogan,XXXXXXXXX,XXXXXXXXX,1,1748
19515,Selma,Gonzales,XXXXXXXXX,XXXXXXXXX,1,213
19516,Victoria,Zamora,XXXXXXXXX,XXXXXXXXX,1,2468
19517,Simone,Tucker,XXXXXXXXX,XXXXXXXXX,1,9914
19518,Freya,Vega,XXXXXXXXX,XXXXXXXXX,1,12652
19519,Veronica,Rodriquez,XXXXXXXXX,XXXXXXXXX,2,4820
19520,Madonna,Nash,XXXXXXXXX,XXXXXXXXX,2,10020
19521,Harriet,Schroeder,XXXXXXXXX,XXXXXXXXX,3,4164
19522,Christen,Valdez,XXXXXXXXX,XXXXXXXXX,1,10201
19523,Constance,Schneider,XXXXXXXXX,XXXXXXXXX,1,1107
19524,Clio,Roberson,XXXXXXXXX,XXXXXXXXX,1,10433
19525,Giselle,Barnett,XXXXXXXXX,XXXXXXXXX,1,4074
19526,Mallory,Russo,XXXXXXXXX,XXXXXXXXX,1,7577
19527,Brynn,Faulkner,XXXXXXXXX,XXXXXXXXX,1,6947
19528,Hayfa,Bennett,XXXXXXXXX,XXXXXXXXX,1,7817
19529,Basia,Shannon,XXXXXXXXX,XXXXXXXXX,1,9653
19530,Rachel,Mayo,XXXXXXXXX,XXXXXXXXX,1,4683
19531,Cora,Combs,XXXXXXXXX,XXXXXXXXX,1,9465
19532,Briar,Taylor,XXXXXXXXX,XXXXXXXXX,1,6816
19533,Winter,Wilkerson,XXXXXXXXX,XXXXXXXXX,1,16489
19534,Tamara,Barber,XXXXXXXXX,XXXXXXXXX,1,15706
19535,Jade,Cantu,XXXXXXXXX,XXXXXXXXX,2,9972
19536,Belle,Mcdowell,XXXXXXXXX,XXXXXXXXX,2,5884
19537,Roanna,Jenkins,XXXXXXXXX,XXXXXXXXX,2,13450
19538,Carissa,Farley,XXXXXXXXX,XXXXXXXXX,2,1681
19539,Imani,Vaughn,XXXXXXXXX,XXXXXXXXX,1,3530
19540,Azalia,Watson,XXXXXXXXX,XXXXXXXXX,1,10157
19541,Dahlia,Wise,XXXXXXXXX,XXXXXXXXX,1,15899
19542,Imani,Eaton,XXXXXXXXX,XXXXXXXXX,3,8697
19543,Ima,Weiss,XXXXXXXXX,XXXXXXXXX,1,15765
19544,Jillian,Bowers,XXXXXXXXX,XXXXXXXXX,1,8381
19545,Simone,Goodwin,XXXXXXXXX,XXXXXXXXX,1,3933
19546,Sarah,Shields,XXXXXXXXX,XXXXXXXXX,1,5581
19547,Martina,Benton,XXXXXXXXX,XXXXXXXXX,2,878
19548,September,Patel,XXXXXXXXX,XXXXXXXXX,1,12301
19549,Hilary,Parrish,XXXXXXXXX,XXXXXXXXX,2,8851
19550,Kelsie,Christian,XXXXXXXXX,XXXXXXXXX,1,10315
19551,Lael,Oconnor,XXXXXXXXX,XXXXXXXXX,2,12363
19552,Alexa,Sears,XXXXXXXXX,XXXXXXXXX,2,14243
19553,Rowan,Christensen,XXXXXXXXX,XXXXXXXXX,3,5413
19554,Kirby,Cantu,XXXXXXXXX,XXXXXXXXX,3,15638
19555,Whilemina,Frost,XXXXXXXXX,XXXXXXXXX,2,4334
19556,Brooke,Vasquez,XXXXXXXXX,XXXXXXXXX,2,13473
19557,Alyssa,Suarez,XXXXXXXXX,XXXXXXXXX,2,6
19558,Irma,Michael,XXXXXXXXX,XXXXXXXXX,2,3819
19559,Bree,Mccarthy,XXXXXXXXX,XXXXXXXXX,1,15512
19560,Macy,Faulkner,XXXXXXXXX,XXXXXXXXX,1,3639
19561,Minerva,Mcguire,XXXXXXXXX,XXXXXXXXX,2,4725
19562,Gwendolyn,Levine,XXXXXXXXX,XXXXXXXXX,2,13973
19563,Evangeline,Dotson,XXXXXXXXX,XXXXXXXXX,1,3845
19564,Tatiana,Whitley,XXXXXXXXX,XXXXXXXXX,1,8666
19565,Lynn,Farmer,XXXXXXXXX,XXXXXXXXX,1,12884
19566,Sydnee,Emerson,XXXXXXXXX,XXXXXXXXX,1,8772
19567,Darrel,Johnson,XXXXXXXXX,XXXXXXXXX,1,10752
19568,Dominique,Hill,XXXXXXXXX,XXXXXXXXX,1,10610
19569,Iris,Ellison,XXXXXXXXX,XXXXXXXXX,3,658
19570,Harriet,Bradley,XXXXXXXXX,XXXXXXXXX,3,3189
19571,Megan,Conrad,XXXXXXXXX,XXXXXXXXX,3,4540
19572,Mara,Moses,XXXXXXXXX,XXXXXXXXX,3,6894
19573,Xandra,Solis,XXXXXXXXX,XXXXXXXXX,3,4178
19574,Marah,Poole,XXXXXXXXX,XXXXXXXXX,3,12431
19575,Fay,Pruitt,XXXXXXXXX,XXXXXXXXX,3,14420
19576,Winifred,Mckinney,XXXXXXXXX,XXXXXXXXX,3,15444
19577,Ainsley,Pope,XXXXXXXXX,XXXXXXXXX,1,3886
19578,Virginia,Ayers,XXXXXXXXX,XXXXXXXXX,1,15723
19579,Rachel,Cooley,XXXXXXXXX,XXXXXXXXX,1,1400
19580,Yael,Hayden,XXXXXXXXX,XXXXXXXXX,1,15329
19581,Mara,Johnston,XXXXXXXXX,XXXXXXXXX,1,2721
19582,Willa,Wooten,XXXXXXXXX,XXXXXXXXX,1,2692
19583,Maisie,Randolph,XXXXXXXXX,XXXXXXXXX,1,13309
19584,Deanna,Workman,XXXXXXXXX,XXXXXXXXX,3,2088
19585,Sopoline,David,XXXXXXXXX,XXXXXXXXX,2,16137
19586,Nomlanga,Wagner,XXXXXXXXX,XXXXXXXXX,2,4196
19587,Alma,Shields,XXXXXXXXX,XXXXXXXXX,1,15526
19588,Gemma,Brell,XXXXXXXXX,XXXXXXXXX,1,10055
19589,Jillian,Gallagher,XXXXXXXXX,XXXXXXXXX,1,9576
19590,Donna,Pennington,XXXXXXXXX,XXXXXXXXX,1,3306
19591,Xantha,Hudson,XXXXXXXXX,XXXXXXXXX,1,11589
19592,Kylie,Walters,XXXXXXXXX,XXXXXXXXX,1,11738
19593,Aubrey,Oneill,XXXXXXXXX,XXXXXXXXX,1,12782
19594,Blossom,Ruiz,XXXXXXXXX,XXXXXXXXX,1,12034
19595,Jessamine,Moran,XXXXXXXXX,XXXXXXXXX,1,6668
19596,Dana,Cochran,XXXXXXXXX,XXXXXXXXX,1,691
19597,Genevieve,Mcmillan,XXXXXXXXX,XXXXXXXXX,1,500
19598,Eve,Daniels,XXXXXXXXX,XXXXXXXXX,1,8408
19599,Whoopi,Brown,XXXXXXXXX,XXXXXXXXX,1,4606
19600,Sade,Wise,XXXXXXXXX,XXXXXXXXX,2,84
19601,Britanni,Brennan,XXXXXXXXX,XXXXXXXXX,1,11869
19602,Lila,Cherry,XXXXXXXXX,XXXXXXXXX,1,15346
19603,Jordan,Mcgee,XXXXXXXXX,XXXXXXXXX,1,13525
19604,Adele,Bray,XXXXXXXXX,XXXXXXXXX,1,10324
19605,Jillian,Howard,XXXXXXXXX,XXXXXXXXX,3,16085
19606,Sara,Far,XXXXXXXXX,XXXXXXXXX,1,11694
19607,Ocean,Vance,XXXXXXXXX,XXXXXXXXX,3,10352
19608,Genevieve,Deleon,XXXXXXXXX,XXXXXXXXX,3,12085
19609,Hillary,Stanton,XXXXXXXXX,XXXXXXXXX,3,8805
19610,Anika,Marshall,XXXXXXXXX,XXXXXXXXX,3,7040
19611,Isabella,Webster,XXXXXXXXX,XXXXXXXXX,3,2436
19612,Deborah,Daugherty,XXXXXXXXX,XXXXXXXXX,3,14069
19613,Kyla,Stafford,XXXXXXXXX,XXXXXXXXX,3,14664
19614,Carol,Ramsey,XXXXXXXXX,XXXXXXXXX,3,3049
19615,Phoebe,Velazquez,XXXXXXXXX,XXXXXXXXX,3,2366
19616,Caryn,Rojas,XXXXXXXXX,XXXXXXXXX,3,2594
19617,Zia,Flowers,XXXXXXXXX,XXXXXXXXX,3,11380
19618,Alexandra,Gray,XXXXXXXXX,XXXXXXXXX,3,14441
19619,Sydney,Schneider,XXXXXXXXX,XXXXXXXXX,2,12787
19620,Calista,Bond,XXXXXXXXX,XXXXXXXXX,2,4968
19621,Yolanda,Petty,XXXXXXXXX,XXXXXXXXX,3,12596
19622,Aimee,Downs,XXXXXXXXX,XXXXXXXXX,3,8595
19623,Darryl,Mercer,XXXXXXXXX,XXXXXXXXX,3,9623
19624,Halee,Weber,XXXXXXXXX,XXXXXXXXX,3,8139
19625,Sydnee,Francis,XXXXXXXXX,XXXXXXXXX,2,13279
19626,Evelyn,Castro,XXXXXXXXX,XXXXXXXXX,3,5686
19627,Raya,Poole,XXXXXXXXX,XXXXXXXXX,3,971
19628,Katelyn,Kline,XXXXXXXXX,XXXXXXXXX,2,12238
19629,Yvonne,Beach,XXXXXXXXX,XXXXXXXXX,2,50
19630,Signe,Hayes,XXXXXXXXX,XXXXXXXXX,2,3146
19631,Stella,Lara,XXXXXXXXX,XXXXXXXXX,2,630
19632,Mira,Elliott,XXXXXXXXX,XXXXXXXXX,2,5273
19633,Demetria,Hines,XXXXXXXXX,XXXXXXXXX,2,13711
19634,Winifred,Powers,XXXXXXXXX,XXXXXXXXX,2,12815
19635,Carol,Cline,XXXXXXXXX,XXXXXXXXX,1,13964
19636,Deborah,Roman,XXXXXXXXX,XXXXXXXXX,1,10401
19637,Aphrodite,Knowles,XXXXXXXXX,XXXXXXXXX,1,7731
19638,Basia,Livingston,XXXXXXXXX,XXXXXXXXX,1,14373
19639,Constance,Schultz,XXXXXXXXX,XXXXXXXXX,2,5508
19640,Shafira,Clemons,XXXXXXXXX,XXXXXXXXX,2,11576
19641,Priscilla,Flowers,XXXXXXXXX,XXXXXXXXX,1,14956
19642,Clare,Baxter,XXXXXXXXX,XXXXXXXXX,1,10603
19643,Blythe,Ruiz,XXXXXXXXX,XXXXXXXXX,1,6526
19644,Macy,Terry,XXXXXXXXX,XXXXXXXXX,1,3311
19645,Velma,Conrad,XXXXXXXXX,XXXXXXXXX,1,6631
19646,Guinevere,Lamb,XXXXXXXXX,XXXXXXXXX,3,15116
19647,Astra,Roy,XXXXXXXXX,XXXXXXXXX,3,4673
19648,Illana,Bradley,XXXXXXXXX,XXXXXXXXX,1,9523
19649,Demetria,Bray,XXXXXXXXX,XXXXXXXXX,3,867
19650,Velma,Herring,XXXXXXXXX,XXXXXXXXX,1,6705
19651,Mary,Reyes,XXXXXXXXX,XXXXXXXXX,1,16105
19652,Ivana,Collins,XXXXXXXXX,XXXXXXXXX,1,5734
19653,Lacota,Cox,XXXXXXXXX,XXXXXXXXX,1,13510
19654,Farrah,Cantu,XXXXXXXXX,XXXXXXXXX,1,8261
19655,Farrah,Rogers,XXXXXXXXX,XXXXXXXXX,1,6511
19656,Lysandra,Reid,XXXXXXXXX,XXXXXXXXX,1,13340
19657,Kirsten,Roberson,XXXXXXXXX,XXXXXXXXX,1,14205
19658,Idola,Hawkins,XXXXXXXXX,XXXXXXXXX,1,3272
19659,Kirestin,Leach,XXXXXXXXX,XXXXXXXXX,1,834
19660,Calista,Mcpherson,XXXXXXXXX,XXXXXXXXX,1,6691
19661,Vielka,Ryan,XXXXXXXXX,XXXXXXXXX,3,14107
19662,Sloane,Kim,XXXXXXXXX,XXXXXXXXX,1,918
19663,Ora,Humphrey,XXXXXXXXX,XXXXXXXXX,2,14293
19664,Sydnee,Vinson,XXXXXXXXX,XXXXXXXXX,2,16208
19665,Sonia,Vaughn,XXXXXXXXX,XXXXXXXXX,2,2705
19666,Myra,Lowe,XXXXXXXXX,XXXXXXXXX,2,6648
19667,Shaine,Nichols,XXXXXXXXX,XXXXXXXXX,2,1187
19668,Francesca,Jacobs,XXXXXXXXX,XXXXXXXXX,2,5515
19669,Maite,Sloan,XXXXXXXXX,XXXXXXXXX,1,9484
19670,Heidi,Warren,XXXXXXXXX,XXXXXXXXX,3,15644
19671,Hanae,Reed,XXXXXXXXX,XXXXXXXXX,1,8481
19672,Quemby,Tyson,XXXXXXXXX,XXXXXXXXX,1,12705
19673,Shannon,Mayer,XXXXXXXXX,XXXXXXXXX,3,4619
19674,Noelani,Ramos,XXXXXXXXX,XXXXXXXXX,3,12114
19675,Nora,Craig,XXXXXXXXX,XXXXXXXXX,1,12329
19676,Ainsley,Best,XXXXXXXXX,XXXXXXXXX,2,14927
19677,Renee,Knapp,XXXXXXXXX,XXXXXXXXX,2,16233
19678,Leigh,Caldwell,XXXXXXXXX,XXXXXXXXX,2,13860
19679,Carla,Blake,XXXXXXXXX,XXXXXXXXX,1,6214
19680,Ila,Kane,XXXXXXXXX,XXXXXXXXX,2,15711
19681,Lynna,Montgomery,XXXXXXXXX,XXXXXXXXX,1,4837
19682,Larissa,Sargent,XXXXXXXXX,XXXXXXXXX,1,16409
19683,Zenaida,Shaw,XXXXXXXXX,XXXXXXXXX,2,14066
19684,Tasha,Espinoza,XXXXXXXXX,XXXXXXXXX,2,325
19685,Renee,Page,XXXXXXXXX,XXXXXXXXX,3,15558
19686,Isabella,Roberson,XXXXXXXXX,XXXXXXXXX,3,1314
19687,Zephr,Lyons,XXXXXXXXX,XXXXXXXXX,3,15814
19688,Whitney,Stanley,XXXXXXXXX,XXXXXXXXX,3,12852
19689,Karina,Mcdowell,XXXXXXXXX,XXXXXXXXX,1,1569
19690,Ann,Dominguez,XXXXXXXXX,XXXXXXXXX,1,15678
19691,Whitney,Finley,XXXXXXXXX,XXXXXXXXX,1,15549
19692,Cally,Gomez,XXXXXXXXX,XXXXXXXXX,1,8843
19693,Audrey,Barber,XXXXXXXXX,XXXXXXXXX,1,1008
19694,Jennifer,Dunlap,XXXXXXXXX,XXXXXXXXX,1,13149
19695,Riley,Franklin,XXXXXXXXX,XXXXXXXXX,1,12586
19696,Sybill,Diaz,XXXXXXXXX,XXXXXXXXX,2,13412
19697,Lani,Mayer,XXXXXXXXX,XXXXXXXXX,2,13449
19698,Brenna,Yang,XXXXXXXXX,XXXXXXXXX,1,775
19699,Jocelyn,Little,XXXXXXXXX,XXXXXXXXX,1,6366
19700,Hannah,Curtis,XXXXXXXXX,XXXXXXXXX,2,2681
19701,Paula,Cabrera,XXXXXXXXX,XXXXXXXXX,2,16021
19702,Desiree,Solomon,XXXXXXXXX,XXXXXXXXX,3,8653
19703,Illana,Oneal,XXXXXXXXX,XXXXXXXXX,1,16153
19704,Xena,Butler,XXXXXXXXX,XXXXXXXXX,1,13487
19705,Gay,Dickson,XXXXXXXXX,XXXXXXXXX,2,13690
19706,Katell,Booth,XXXXXXXXX,XXXXXXXXX,1,10667
19707,Zia,Mccall,XXXXXXXXX,XXXXXXXXX,1,1530
19708,April,Wolfe,XXXXXXXXX,XXXXXXXXX,1,2399
19709,Jamalia,Mcconnell,XXXXXXXXX,XXXXXXXXX,1,11372
19710,Willow,Kim,XXXXXXXXX,XXXXXXXXX,3,8549
19711,Aubrey,Patton,XXXXXXXXX,XXXXXXXXX,2,7545
19712,Lacy,Horne,XXXXXXXXX,XXXXXXXXX,2,4060
19713,Susan,Warren,XXXXXXXXX,XXXXXXXXX,1,10992
19714,Iola,Keller,XXXXXXXXX,XXXXXXXXX,2,8390
19715,Carly,Hardin,XXXXXXXXX,XXXXXXXXX,2,10926
19716,Adrienne,Hinton,XXXXXXXXX,XXXXXXXXX,1,6545
19717,Helen,Santiago,XXXXXXXXX,XXXXXXXXX,2,11388
19718,Cleo,Zimmerman,XXXXXXXXX,XXXXXXXXX,1,3319
19719,Rhoda,Calderon,XXXXXXXXX,XXXXXXXXX,1,15160
19720,Gillian,Navarro,XXXXXXXXX,XXXXXXXXX,1,3527
19721,Iona,Pruitt,XXXXXXXXX,XXXXXXXXX,1,3960
19722,Azalia,Mcintyre,XXXXXXXXX,XXXXXXXXX,1,1941
19723,Charlotte,Ware,XXXXXXXXX,XXXXXXXXX,1,1270
19724,Haviva,Suarez,XXXXXXXXX,XXXXXXXXX,1,9784
19725,Hedda,Fulton,XXXXXXXXX,XXXXXXXXX,1,4462
19726,Brenna,Sloan,XXXXXXXXX,XXXXXXXXX,1,10050
19727,Audrey,Mcclain,XXXXXXXXX,XXXXXXXXX,1,13406
19728,Cynthia,Perez,XXXXXXXXX,XXXXXXXXX,1,969
19729,Morgan,Morin,XXXXXXXXX,XXXXXXXXX,2,11213
19730,Cynthia,Callahan,XXXXXXXXX,XXXXXXXXX,2,12144
19731,Ivory,White,XXXXXXXXX,XXXXXXXXX,3,14597
19732,Brianna,Watson,XXXXXXXXX,XXXXXXXXX,3,1983
19733,Olympia,Mendoza,XXXXXXXXX,XXXXXXXXX,3,1346
19734,Winter,Horton,XXXXXXXXX,XXXXXXXXX,3,11862
19735,Zorita,Parks,XXXXXXXXX,XXXXXXXXX,3,5915
19736,Lara,Hunt,XXXXXXXXX,XXXXXXXXX,3,4692
19737,Sybil,Albert,XXXXXXXXX,XXXXXXXXX,3,15242
19738,Astra,Cunningham,XXXXXXXXX,XXXXXXXXX,3,12135
19739,Xaviera,Saunders,XXXXXXXXX,XXXXXXXXX,1,14337
19740,Halla,Cabrera,XXXXXXXXX,XXXXXXXXX,3,12380
19741,Jorden,Brooks,XXXXXXXXX,XXXXXXXXX,3,6369
19742,Belle,Frank,XXXXXXXXX,XXXXXXXXX,3,5087
19743,Brittany,Dunlap,XXXXXXXXX,XXXXXXXXX,3,13446
19744,Cassady,Rose,XXXXXXXXX,XXXXXXXXX,2,4211
19745,Willow,Ryan,XXXXXXXXX,XXXXXXXXX,2,933
19746,Maia,Hopkins,XXXXXXXXX,XXXXXXXXX,2,396
19747,Anastasia,Peterson,XXXXXXXXX,XXXXXXXXX,3,15326
19748,Brianna,Ferrell,XXXXXXXXX,XXXXXXXXX,3,5873
19749,Ivory,Hester,XXXXXXXXX,XXXXXXXXX,2,2455
19750,Elaine,Finch,XXXXXXXXX,XXXXXXXXX,1,7688
19751,Camille,Holt,XXXXXXXXX,XXXXXXXXX,2,14892
19752,Maggy,Vargas,XXXXXXXXX,XXXXXXXXX,2,15276
19753,Emily,Walker,XXXXXXXXX,XXXXXXXXX,2,1590
19754,Ulla,Russo,XXXXXXXXX,XXXXXXXXX,3,9134
19755,Amity,Maxwell,XXXXXXXXX,XXXXXXXXX,3,8477
19756,Brianna,Ayers,XXXXXXXXX,XXXXXXXXX,3,10333
19757,Nora,Graves,XXXXXXXXX,XXXXXXXXX,3,14917
19758,Holly,Park,XXXXXXXXX,XXXXXXXXX,3,8017
19759,Ayanna,Phelps,XXXXXXXXX,XXXXXXXXX,3,5419
19760,Eden,Oneil,XXXXXXXXX,XXXXXXXXX,3,5166
19761,Danielle,Faulkner,XXXXXXXXX,XXXXXXXXX,3,3372
19762,Quon,Montoya,XXXXXXXXX,XXXXXXXXX,1,6134
19763,Deborah,Morales,XXXXXXXXX,XXXXXXXXX,1,7080
19764,Hedda,Hewitt,XXXXXXXXX,XXXXXXXXX,2,8884
19765,Athena,Rosa,XXXXXXXXX,XXXXXXXXX,2,5237
19766,Kelsie,Wiley,XXXXXXXXX,XXXXXXXXX,1,3865
19767,Lee,Pruitt,XXXXXXXXX,XXXXXXXXX,2,8207
19768,Jenette,Jacobs,XXXXXXXXX,XXXXXXXXX,2,11900
19769,Mollie,Bailey,XXXXXXXXX,XXXXXXXXX,1,902
19770,Gretchen,Montgomery,XXXXXXXXX,XXXXXXXXX,1,7224
19771,Marah,Bond,XXXXXXXXX,XXXXXXXXX,1,14743
19772,Karyn,Raymond,XXXXXXXXX,XXXXXXXXX,3,6767
19773,Germaine,Roberson,XXXXXXXXX,XXXXXXXXX,3,11888
19774,Cathleen,Mccarthy,XXXXXXXXX,XXXXXXXXX,3,16341
19775,Frances,Gordon,XXXXXXXXX,XXXXXXXXX,3,11642
19776,Aphrodite,Nieves,XXXXXXXXX,XXXXXXXXX,3,14367
19777,Carissa,Gray,XXXXXXXXX,XXXXXXXXX,1,11670
19778,Melissa,Hodge,XXXXXXXXX,XXXXXXXXX,1,6688
19779,Kaitlin,George,XXXXXXXXX,XXXXXXXXX,1,9583
19780,Hyacinth,Moss,XXXXXXXXX,XXXXXXXXX,1,7903
19781,Maggie,Duncan,XXXXXXXXX,XXXXXXXXX,1,6114
19782,Roanna,Morin,XXXXXXXXX,XXXXXXXXX,1,9094
19783,Jacqueline,Cabrera,XXXXXXXXX,XXXXXXXXX,2,3196
19784,Minerva,Mcdaniel,XXXXXXXXX,XXXXXXXXX,1,5909
19785,Jayme,Church,XXXXXXXXX,XXXXXXXXX,2,10089
19786,Naomi,Wynn,XXXXXXXXX,XXXXXXXXX,2,4915
19787,Shelley,Robles,XXXXXXXXX,XXXXXXXXX,2,11966
19788,Lee,Mcintosh,XXXXXXXXX,XXXXXXXXX,2,11198
19789,Chava,Fowler,XXXXXXXXX,XXXXXXXXX,2,4094
19790,Stacey,Suarez,XXXXXXXXX,XXXXXXXXX,2,12450
19791,Cally,Herring,XXXXXXXXX,XXXXXXXXX,2,8553
19792,Cherokee,Hogan,XXXXXXXXX,XXXXXXXXX,2,217
19793,Katelyn,Kim,XXXXXXXXX,XXXXXXXXX,2,15487
19794,Nell,Rowland,XXXXXXXXX,XXXXXXXXX,1,8060
19795,Fiona,Byrd,XXXXXXXXX,XXXXXXXXX,1,12284
19796,Alisa,Rutledge,XXXXXXXXX,XXXXXXXXX,2,6514
19797,Donna,Horn,XXXXXXXXX,XXXXXXXXX,1,10180
19798,Desirae,Summers,XXXXXXXXX,XXXXXXXXX,1,16140
19799,Kelsie,Beard,XXXXXXXXX,XXXXXXXXX,1,12617
19800,Mona,Acosta,XXXXXXXXX,XXXXXXXXX,1,5121
19801,Remedios,Hall,XXXXXXXXX,XXXXXXXXX,3,9424
19802,Calista,Callahan,XXXXXXXXX,XXXXXXXXX,3,6085
19803,Irma,Davenport,XXXXXXXXX,XXXXXXXXX,3,8735
19804,Katell,Hayes,XXXXXXXXX,XXXXXXXXX,1,11383
19805,Kitra,Bright,XXXXXXXXX,XXXXXXXXX,2,13519
19806,Katell,Wolf,XXXXXXXXX,XXXXXXXXX,2,9279
19807,Chelsea,Cooley,XXXXXXXXX,XXXXXXXXX,1,10854
19808,Madeline,Kelley,XXXXXXXXX,XXXXXXXXX,1,12237
19809,Bertha,Blankenship,XXXXXXXXX,XXXXXXXXX,1,14987
19810,Patience,Powell,XXXXXXXXX,XXXXXXXXX,1,14454
19811,Darryl,Bolton,XXXXXXXXX,XXXXXXXXX,1,5091
19812,Carolyn,Leon,XXXXXXXXX,XXXXXXXXX,2,11151
19813,Montana,Nelson,XXXXXXXXX,XXXXXXXXX,2,10259
19814,Hedwig,Huffman,XXXXXXXXX,XXXXXXXXX,2,13547
19815,Chava,Sweet,XXXXXXXXX,XXXXXXXXX,2,11988
19816,Eve,Johnston,XXXXXXXXX,XXXXXXXXX,2,11504
19817,Gloria,Hull,XXXXXXXXX,XXXXXXXXX,3,4353
19818,Mariko,Campbell,XXXXXXXXX,XXXXXXXXX,3,13741
19819,Evelyn,Farmer,XXXXXXXXX,XXXXXXXXX,3,12216
19820,Brenna,Fischer,XXXXXXXXX,XXXXXXXXX,3,2748
19821,Cassandra,Banks,XXXXXXXXX,XXXXXXXXX,3,7158
19822,Belle,Lancaster,XXXXXXXXX,XXXXXXXXX,1,4272
19823,Inga,Trevino,XXXXXXXXX,XXXXXXXXX,1,7360
19824,Angelica,Dill,XXXXXXXXX,XXXXXXXXX,1,5623
19825,Dominique,Sherman,XXXXXXXXX,XXXXXXXXX,1,14644
19826,Virginia,Matthews,XXXXXXXXX,XXXXXXXXX,1,7766
19827,Zoe,Good,XXXXXXXXX,XXXXXXXXX,1,15751
19828,Blythe,Clemons,XXXXXXXXX,XXXXXXXXX,3,6683
19829,Chantale,Olsen,XXXXXXXXX,XXXXXXXXX,2,2055
19830,Cheryl,Greer,XXXXXXXXX,XXXXXXXXX,2,10114
19831,Raya,Nichols,XXXXXXXXX,XXXXXXXXX,1,11779
19832,Mechelle,Rose,XXXXXXXXX,XXXXXXXXX,1,7404
19833,Petra,Weeks,XXXXXXXXX,XXXXXXXXX,1,9020
19834,Josephine,Harding,XXXXXXXXX,XXXXXXXXX,1,452
19835,Ila,Allen,XXXXXXXXX,XXXXXXXXX,2,16119
19836,Felicia,Francis,XXXXXXXXX,XXXXXXXXX,1,13187
19837,Quin,Webster,XXXXXXXXX,XXXXXXXXX,3,12180
19838,Meredith,Sharpe,XXXXXXXXX,XXXXXXXXX,3,1466
19839,Abra,Walsh,XXXXXXXXX,XXXXXXXXX,3,5426
19840,Cherokee,Mejia,XXXXXXXXX,XXXXXXXXX,3,4046
19841,Ignacia,Langley,XXXXXXXXX,XXXXXXXXX,2,4686
19842,Melanie,Lowe,XXXXXXXXX,XXXXXXXXX,2,1739
19843,Zia,Conley,XXXXXXXXX,XXXXXXXXX,2,15967
19844,Yvette,Lynch,XXXXXXXXX,XXXXXXXXX,1,9352
19845,Deanna,Ballard,XXXXXXXXX,XXXXXXXXX,3,1866
19846,Blythe,Lott,XXXXXXXXX,XXXXXXXXX,3,9430
19847,Ivory,Cervantes,XXXXXXXXX,XXXXXXXXX,3,13182
19848,Melyssa,Henry,XXXXXXXXX,XXXXXXXXX,3,11762
19849,Kim,Trevino,XXXXXXXXX,XXXXXXXXX,3,3855
19850,Paola,Lindsay,XXXXXXXXX,XXXXXXXXX,3,12355
19851,Orli,Knowles,XXXXXXXXX,XXXXXXXXX,1,12312
19852,Wynter,Santana,XXXXXXXXX,XXXXXXXXX,1,10585
19853,Jaime,Mcneil,XXXXXXXXX,XXXXXXXXX,2,11109
19854,Karina,Navarro,XXXXXXXXX,XXXXXXXXX,2,4650
19855,Isabella,Sears,XXXXXXXXX,XXXXXXXXX,3,4085
19856,Xerxes,King,XXXXXXXXX,XXXXXXXXX,3,4193
19857,Nita,Shepherd,XXXXXXXXX,XXXXXXXXX,3,677
19858,Anika,Cain,XXXXXXXXX,XXXXXXXXX,3,12025
19859,Remedios,Byrd,XXXXXXXXX,XXXXXXXXX,3,2608
19860,Ori,Parrish,XXXXXXXXX,XXXXXXXXX,3,6832
19861,Iona,Hobbs,XXXXXXXXX,XXXXXXXXX,3,6796
19862,Signe,Cummings,XXXXXXXXX,XXXXXXXXX,1,582
19863,Danielle,Hudson,XXXXXXXXX,XXXXXXXXX,1,9934
19864,Madonna,Terry,XXXXXXXXX,XXXXXXXXX,1,2094
19865,Karly,Roman,XXXXXXXXX,XXXXXXXXX,2,6592
19866,Liberty,Taylor,XXXXXXXXX,XXXXXXXXX,1,10560
19867,Deirdre,Huff,XXXXXXXXX,XXXXXXXXX,1,1660
19868,Darrel,Durham,XXXXXXXXX,XXXXXXXXX,3,7582
19869,Geraldine,Huffman,XXXXXXXXX,XXXXXXXXX,3,3127
19870,Morgan,Arnold,XXXXXXXXX,XXXXXXXXX,3,5395
19871,Linda,Beach,XXXXXXXXX,XXXXXXXXX,3,16246
19872,Xerxes,Leblanc,XXXXXXXXX,XXXXXXXXX,3,5627
19873,Ainsley,Wynn,XXXXXXXXX,XXXXXXXXX,3,2353
19874,Faith,Mckinney,XXXXXXXXX,XXXXXXXXX,1,7343
19875,Jolene,Lara,XXXXXXXXX,XXXXXXXXX,2,4962
19876,Gail,Roman,XXXXXXXXX,XXXXXXXXX,1,11012
19877,Karina,Blevins,XXXXXXXXX,XXXXXXXXX,1,3245
19878,Sydney,Shields,XXXXXXXXX,XXXXXXXXX,1,9379
19879,Shelley,Santiago,XXXXXXXXX,XXXXXXXXX,1,7259
19880,Kathleen,Huffman,XXXXXXXXX,XXXXXXXXX,1,7385
19881,Alfreda,Key,XXXXXXXXX,XXXXXXXXX,3,7623
19882,Noel,Pickett,XXXXXXXXX,XXXXXXXXX,3,9262
19883,Aimee,Hill,XXXXXXXXX,XXXXXXXXX,3,4134
19884,Hollee,Luna,XXXXXXXXX,XXXXXXXXX,1,13658
19885,Charity,England,XXXXXXXXX,XXXXXXXXX,1,10929
19886,Imani,Puckett,XXXXXXXXX,XXXXXXXXX,1,9501
19887,Caryn,Cohen,XXXXXXXXX,XXXXXXXXX,1,195
19888,Ainsley,Shannon,XXXXXXXXX,XXXXXXXXX,3,9639
19889,Astra,Booker,XXXXXXXXX,XXXXXXXXX,3,15610
19890,Echo,Sexton,XXXXXXXXX,XXXXXXXXX,1,8049
19891,Stella,Morris,XXXXXXXXX,XXXXXXXXX,1,6024
19892,Nichole,Lindsey,XXXXXXXXX,XXXXXXXXX,1,2514
19893,Desiree,Grimes,XXXXXXXXX,XXXXXXXXX,1,781
19894,Ginger,Alvarez,XXXXXXXXX,XXXXXXXXX,1,2981
19895,Jaden,Bailey,XXXXXXXXX,XXXXXXXXX,1,11652
19896,Harriet,Salinas,XXXXXXXXX,XXXXXXXXX,1,11602
19897,Sloane,Farmer,XXXXXXXXX,XXXXXXXXX,1,7998
19898,Fallon,Wiggins,XXXXXXXXX,XXXXXXXXX,1,7781
19899,Orli,Wheeler,XXXXXXXXX,XXXXXXXXX,1,9255
19900,Martha,Valencia,XXXXXXXXX,XXXXXXXXX,2,1954
19901,Maggie,Fuller,XXXXXXXXX,XXXXXXXXX,2,2127
19902,Hillary,Perkins,XXXXXXXXX,XXXXXXXXX,2,1477
19903,Oprah,Acosta,XXXXXXXXX,XXXXXXXXX,1,11902
19904,Denise,Morse,XXXXXXXXX,XXXXXXXXX,3,10711
19905,Anastasia,Horton,XXXXXXXXX,XXXXXXXXX,3,2634
19906,Ocean,Ortiz,XXXXXXXXX,XXXXXXXXX,3,335
19907,Lydia,Hewitt,XXXXXXXXX,XXXXXXXXX,3,10418
19908,Lois,Kinney,XXXXXXXXX,XXXXXXXXX,1,14005
19909,Idona,Chan,XXXXXXXXX,XXXXXXXXX,1,2424
19910,Victoria,Jacobson,XXXXXXXXX,XXXXXXXXX,3,15593
19911,Shay,Wiley,XXXXXXXXX,XXXXXXXXX,3,12589
19912,Beatty,Holt,XXXXXXXXX,XXXXXXXXX,3,8726
19913,Sydnee,Salinas,XXXXXXXXX,XXXXXXXXX,1,9716
19914,Tatiana,Simpson,XXXXXXXXX,XXXXXXXXX,1,1017
19915,Barbara,Snider,XXXXXXXXX,XXXXXXXXX,1,16274
19916,Brianna,Aguirre,XXXXXXXXX,XXXXXXXXX,1,10008
19917,Abra,Trevino,XXXXXXXXX,XXXXXXXXX,1,239
19918,Rowan,Horne,XXXXXXXXX,XXXXXXXXX,2,6069
19919,Florence,Humphrey,XXXXXXXXX,XXXXXXXXX,2,16134
19920,Cara,Oliver,XXXXXXXXX,XXXXXXXXX,2,13281
19921,Bree,Holt,XXXXXXXXX,XXXXXXXXX,1,5826
19922,May,Tran,XXXXXXXXX,XXXXXXXXX,3,9691
19923,Blythe,Massey,XXXXXXXXX,XXXXXXXXX,3,308
19924,Idola,Page,XXXXXXXXX,XXXXXXXXX,3,10827
19925,Medge,Dodson,XXXXXXXXX,XXXXXXXXX,3,11925
19926,Lois,Sullivan,XXXXXXXXX,XXXXXXXXX,1,5614
19927,September,Larsen,XXXXXXXXX,XXXXXXXXX,1,11848
19928,Lacey,Olson,XXXXXXXXX,XXXXXXXXX,1,10246
19929,Bertha,Craft,XXXXXXXXX,XXXXXXXXX,3,4118
19930,Kay,Trujillo,XXXXXXXXX,XXXXXXXXX,1,2205
19931,Remedios,Hardin,XXXXXXXXX,XXXXXXXXX,2,5224
19932,Melyssa,Nguyen,XXXXXXXXX,XXXXXXXXX,2,10145
19933,Adena,Goff,XXXXXXXXX,XXXXXXXXX,3,4456
19934,Christine,Charles,XXXXXXXXX,XXXXXXXXX,2,12318
19935,Amela,Gould,XXXXXXXXX,XXXXXXXXX,2,14556
19936,Xerxes,Beck,XXXXXXXXX,XXXXXXXXX,1,13087
19937,Nola,Hall,XXXXXXXXX,XXXXXXXXX,3,14523
19938,Kerry,Farmer,XXXXXXXXX,XXXXXXXXX,1,5527
19939,Quemby,Stein,XXXXXXXXX,XXXXXXXXX,1,15528
19940,Whitney,Crane,XXXXXXXXX,XXXXXXXXX,1,4529
19941,Diana,Zimmerman,XXXXXXXXX,XXXXXXXXX,1,1714
19942,Daryl,Peters,XXXXXXXXX,XXXXXXXXX,1,7156
19943,Farrah,Ferguson,XXXXXXXXX,XXXXXXXXX,1,9781
19944,Octavia,Dickson,XXXXXXXXX,XXXXXXXXX,1,6739
19945,Dorothy,Flynn,XXXXXXXXX,XXXXXXXXX,1,9000
19946,Quincy,Cantrell,XXXXXXXXX,XXXXXXXXX,1,840
19947,Alyssa,Saunders,XXXXXXXXX,XXXXXXXXX,2,16451
19948,Iris,Shannon,XXXXXXXXX,XXXXXXXXX,2,11797
19949,Kim,Daniel,XXXXXXXXX,XXXXXXXXX,1,231
19950,Marny,Horne,XXXXXXXXX,XXXXXXXXX,1,14063
19951,Sheila,Allen,XXXXXXXXX,XXXXXXXXX,1,10385
19952,Leilani,Butler,XXXXXXXXX,XXXXXXXXX,2,12037
19953,Oprah,Chavez,XXXXXXXXX,XXXXXXXXX,2,9587
19954,Shea,Kinney,XXXXXXXXX,XXXXXXXXX,1,7469
19955,Ina,Bradley,XXXXXXXXX,XXXXXXXXX,1,14711
19956,Hope,Haynes,XXXXXXXXX,XXXXXXXXX,1,5034
19957,Tamara,Mccall,XXXXXXXXX,XXXXXXXXX,1,11721
19958,Ora,Rivera,XXXXXXXXX,XXXXXXXXX,1,2701
19959,Sarah,Meyer,XXXXXXXXX,XXXXXXXXX,1,3671
19960,Leigh,Lambert,XXXXXXXXX,XXXXXXXXX,1,12835
19961,Courtney,Landry,XXXXXXXXX,XXXXXXXXX,1,11763
19962,Mechelle,Webb,XXXXXXXXX,XXXXXXXXX,1,13592
19963,Amber,Benton,XXXXXXXXX,XXXXXXXXX,1,1963
19964,Adara,Hancock,XXXXXXXXX,XXXXXXXXX,1,7869
19965,Larisa,Huff,XXXXXXXXX,XXXXXXXXX,2,9591
19966,Brenna,Berger,XXXXXXXXX,XXXXXXXXX,2,16241
19967,Deanna,Harrington,XXXXXXXXX,XXXXXXXXX,1,5497
19968,Emma,Bernard,XXXXXXXXX,XXXXXXXXX,1,5326
19969,Kelsey,Newton,XXXXXXXXX,XXXXXXXXX,1,1317
19970,Lillian,Harris,XXXXXXXXX,XXXXXXXXX,1,1534
19971,Melinda,Torres,XXXXXXXXX,XXXXXXXXX,2,9505
19972,Jena,Chan,XXXXXXXXX,XXXXXXXXX,1,8790
19973,Teegan,Waller,XXXXXXXXX,XXXXXXXXX,3,11743
19974,Anastasia,Branch,XXXXXXXXX,XXXXXXXXX,3,2832
19975,Yoshi,Reynolds,XXXXXXXXX,XXXXXXXXX,3,4136
19976,Kylie,Mccormick,XXXXXXXXX,XXXXXXXXX,3,266
19977,Lael,Green,XXXXXXXXX,XXXXXXXXX,3,12684
19978,Linda,Nunez,XXXXXXXXX,XXXXXXXXX,1,8808
19979,Destiny,Luna,XXXXXXXXX,XXXXXXXXX,3,15042
19980,Imogene,Fields,XXXXXXXXX,XXXXXXXXX,1,11193
19981,Shafira,Summers,XXXXXXXXX,XXXXXXXXX,3,11835
19982,Kai,Golden,XXXXXXXXX,XXXXXXXXX,3,4447
19983,Deanna,Ingram,XXXXXXXXX,XXXXXXXXX,1,236
19984,Signe,Quinn,XXXXXXXXX,XXXXXXXXX,1,14129
19985,Nora,Gregory,XXXXXXXXX,XXXXXXXXX,1,9942
19986,Avye,Juarez,XXXXXXXXX,XXXXXXXXX,1,4298
19987,Nadine,Rosa,XXXXXXXXX,XXXXXXXXX,1,3994
19988,Shannon,Preston,XXXXXXXXX,XXXXXXXXX,1,10440
19989,Hiroko,Stout,XXXXXXXXX,XXXXXXXXX,1,3167
19990,Leilani,Parsons,XXXXXXXXX,XXXXXXXXX,1,13269
19991,Rhoda,Carter,XXXXXXXXX,XXXXXXXXX,1,14030
19992,Hedy,Osborne,XXXXXXXXX,XXXXXXXXX,1,3517
19993,Anjolie,Dodson,XXXXXXXXX,XXXXXXXXX,1,3631
19994,Anika,Farmer,XXXXXXXXX,XXXXXXXXX,1,10824
19995,Amena,Mcfadden,XXXXXXXXX,XXXXXXXXX,1,13673
19996,Morgan,Harrington,XXXXXXXXX,XXXXXXXXX,2,3016
19997,Remedios,Clements,XXXXXXXXX,XXXXXXXXX,1,4335
19998,Lani,Edwards,XXXXXXXXX,XXXXXXXXX,2,3817
19999,Sharon,Ewing,XXXXXXXXX,XXXXXXXXX,2,10012
20000,Justina,Weiss,XXXXXXXXX,XXXXXXXXX,2,15406
20001,Quyn,Pierce,XXXXXXXXX,XXXXXXXXX,2,6788
20002,Aspen,Fitzpatrick,XXXXXXXXX,XXXXXXXXX,2,11397
20003,Kalia,Oneill,XXXXXXXXX,XXXXXXXXX,3,16252
20004,Tatiana,Joseph,XXXXXXXXX,XXXXXXXXX,1,10322
20005,Courtney,Robbins,XXXXXXXXX,XXXXXXXXX,2,7814
20006,Desiree,Pratt,XXXXXXXXX,XXXXXXXXX,1,13913
20007,Mally,Oconnor,XXXXXXXXX,XXXXXXXXX,1,1448
20008,Jayme,Chase,XXXXXXXXX,XXXXXXXXX,1,3984
20009,Jordan,Powell,XXXXXXXXX,XXXXXXXXX,3,15207
20010,Kameko,Ayers,XXXXXXXXX,XXXXXXXXX,1,14487
20011,Tatiana,Green,XXXXXXXXX,XXXXXXXXX,1,2336
20012,Lynn,Mcleod,XXXXXXXXX,XXXXXXXXX,1,4674
20013,Stella,Moss,XXXXXXXXX,XXXXXXXXX,1,714
20014,Martina,Zimmerman,XXXXXXXXX,XXXXXXXXX,2,16160
20015,Justina,Hartman,XXXXXXXXX,XXXXXXXXX,1,12203
20016,Lacy,Morrow,XXXXXXXXX,XXXXXXXXX,2,477
20017,Serina,Orr,XXXXXXXXX,XXXXXXXXX,1,9337
20018,Octavia,Beasley,XXXXXXXXX,XXXXXXXXX,2,10841
20019,Raya,Bray,XXXXXXXXX,XXXXXXXXX,2,10028
20020,Carolyn,Baker,XXXXXXXXX,XXXXXXXXX,1,7108
20021,Basia,Norris,XXXXXXXXX,XXXXXXXXX,2,2798
20022,Xandra,Mckay,XXXXXXXXX,XXXXXXXXX,2,16433
20023,Freya,Phillips,XXXXXXXXX,XXXXXXXXX,2,3083
20024,Tatyana,Collier,XXXXXXXXX,XXXXXXXXX,2,3607
20025,Alice,Kirk,XXXXXXXXX,XXXXXXXXX,2,9228
20026,Doris,Duran,XXXXXXXXX,XXXXXXXXX,2,8560
20027,Eugenia,Blanchard,XXXXXXXXX,XXXXXXXXX,2,14965
20028,Gwendolyn,Hood,XXXXXXXXX,XXXXXXXXX,2,8810
20029,Madonna,Hatfield,XXXXXXXXX,XXXXXXXXX,1,5064
20030,Cheyenne,Pate,XXXXXXXXX,XXXXXXXXX,1,8086
20031,Sophia,Mcneil,XXXXXXXXX,XXXXXXXXX,3,3356
20032,Karleigh,Cook,XXXXXXXXX,XXXXXXXXX,3,2394
20033,Maxine,Coleman,XXXXXXXXX,XXXXXXXXX,3,8212
20034,Ursa,Buckley,XXXXXXXXX,XXXXXXXXX,1,1138
20035,Lydia,Hicks,XXXXXXXXX,XXXXXXXXX,1,11437
20036,Quintessa,Robinson,XXXXXXXXX,XXXXXXXXX,1,1749
20037,India,Lester,XXXXXXXXX,XXXXXXXXX,1,541
20038,Charissa,Rosales,XXXXXXXXX,XXXXXXXXX,1,16415
20039,Zena,Knox,XXXXXXXXX,XXXXXXXXX,1,9709
20040,Haviva,Sexton,XXXXXXXXX,XXXXXXXXX,1,9054
20041,Ainsley,Oliver,XXXXXXXXX,XXXXXXXXX,1,3286
20042,Meredith,Dyer,XXXXXXXXX,XXXXXXXXX,1,13316
20043,Leila,Rose,XXXXXXXXX,XXXXXXXXX,1,14043
20044,Quincy,Snow,XXXXXXXXX,XXXXXXXXX,1,3543
20045,Madison,Hopkins,XXXXXXXXX,XXXXXXXXX,1,3878
20046,Rhonda,Love,XXXXXXXXX,XXXXXXXXX,2,11429
20047,Risa,Patterson,XXXXXXXXX,XXXXXXXXX,2,11299
20048,Kiayada,Boyer,XXXXXXXXX,XXXXXXXXX,1,12960
20049,Nevada,Guerra,XXXXXXXXX,XXXXXXXXX,1,14346
20050,Gemma,Morrison,XXXXXXXXX,XXXXXXXXX,2,5106
20051,Cleo,Merrill,XXXXXXXXX,XXXXXXXXX,2,10552
20052,Julie,Vang,XXXXXXXXX,XXXXXXXXX,1,13357
20053,Galena,Jacobson,XXXXXXXXX,XXXXXXXXX,1,12711
20054,Alfreda,Wilkins,XXXXXXXXX,XXXXXXXXX,1,7827
20055,Minerva,Cantrell,XXXXXXXXX,XXXXXXXXX,1,15818
20056,Summer,Small,XXXXXXXXX,XXXXXXXXX,1,15730
20057,Leandra,Strickland,XXXXXXXXX,XXXXXXXXX,1,9887
20058,Hadassah,Levine,XXXXXXXXX,XXXXXXXXX,2,2225
20059,Jenna,Coleman,XXXXXXXXX,XXXXXXXXX,1,9795
20060,Chantale,Vance,XXXXXXXXX,XXXXXXXXX,3,5749
20061,Cynthia,Ellison,XXXXXXXXX,XXXXXXXXX,1,5902
20062,Hiroko,Cline,XXXXXXXXX,XXXXXXXXX,3,8332
20063,Aileen,Vincent,XXXXXXXXX,XXXXXXXXX,3,15477
20064,Ivy,Crosby,XXXXXXXXX,XXXXXXXXX,2,5578
20065,Rosalyn,Gibbs,XXXXXXXXX,XXXXXXXXX,1,7311
20066,Venus,Gill,XXXXXXXXX,XXXXXXXXX,1,1195
20067,Simone,Sweeney,XXXXXXXXX,XXXXXXXXX,2,16292
20068,Ila,Rutledge,XXXXXXXXX,XXXXXXXXX,2,1837
20069,Shay,Garner,XXXXXXXXX,XXXXXXXXX,2,4106
20070,Amy,Pacheco,XXXXXXXXX,XXXXXXXXX,2,11990
20071,Jolie,Trevino,XXXXXXXXX,XXXXXXXXX,1,3779
20072,Jenna,Mayer,XXXXXXXXX,XXXXXXXXX,1,2310
20073,Shay,Ewing,XXXXXXXXX,XXXXXXXXX,1,10691
20074,Ainsley,Mccullough,XXXXXXXXX,XXXXXXXXX,1,12063
20075,Iola,Bean,XXXXXXXXX,XXXXXXXXX,1,12183
20076,Pearl,Coleman,XXXXXXXXX,XXXXXXXXX,1,2862
20077,Candice,Pierce,XXXXXXXXX,XXXXXXXXX,1,13420
20078,Gretchen,Franklin,XXXXXXXXX,XXXXXXXXX,2,12987
20079,Nelle,Landry,XXXXXXXXX,XXXXXXXXX,1,1577
20080,Audrey,Mercado,XXXXXXXXX,XXXXXXXXX,1,16228
20081,Lacota,Valencia,XXXXXXXXX,XXXXXXXXX,1,1631
20082,Patricia,Farmer,XXXXXXXXX,XXXXXXXXX,3,15391
20083,Selma,Shields,XXXXXXXXX,XXXXXXXXX,1,6374
20084,Caryn,Key,XXXXXXXXX,XXXXXXXXX,1,14761
20085,Mikayla,Munoz,XXXXXXXXX,XXXXXXXXX,1,1014
20086,Venus,Barron,XXXXXXXXX,XXXXXXXXX,3,7463
20087,Stephanie,Garcia,XXXXXXXXX,XXXXXXXXX,3,9438
20088,Ria,Hickman,XXXXXXXXX,XXXXXXXXX,3,12500
20089,Christen,Booth,XXXXXXXXX,XXXXXXXXX,3,7200
20090,Winifred,Cantrell,XXXXXXXXX,XXXXXXXXX,3,1663
20091,September,Lambert,XXXXXXXXX,XXXXXXXXX,3,13582
20092,Ariel,Estrada,XXXXXXXXX,XXXXXXXXX,1,8972
20093,Rebekah,Justice,XXXXXXXXX,XXXXXXXXX,1,13346
20094,Nerea,Wooten,XXXXXXXXX,XXXXXXXXX,1,3575
20095,Josephine,Rodriquez,XXXXXXXXX,XXXXXXXXX,1,2421
20096,Moana,Whitney,XXXXXXXXX,XXXXXXXXX,2,14579
20097,Fiona,Berg,XXXXXXXXX,XXXXXXXXX,2,15353
20098,Laura,Mcguire,XXXXXXXXX,XXXXXXXXX,1,15237
20099,Phyllis,Huber,XXXXXXXXX,XXXXXXXXX,1,1454
20100,Iola,Fletcher,XXXXXXXXX,XXXXXXXXX,1,14754
20101,Nayda,Tate,XXXXXXXXX,XXXXXXXXX,1,3031
20102,Alea,Terry,XXXXXXXXX,XXXXXXXXX,1,4628
20103,Yetta,Watts,XXXXXXXXX,XXXXXXXXX,1,5675
20104,Molly,Combs,XXXXXXXXX,XXXXXXXXX,1,8044
20105,Mikayla,Fitzpatrick,XXXXXXXXX,XXXXXXXXX,1,7159
20106,Rinah,Carver,XXXXXXXXX,XXXXXXXXX,1,15540
20107,Hedy,Raymond,XXXXXXXXX,XXXXXXXXX,1,10506
20108,Carissa,Estrada,XXXXXXXXX,XXXXXXXXX,2,10881
20109,Bertha,Patrick,XXXXXXXXX,XXXXXXXXX,2,16502
20110,Jade,House,XXXXXXXXX,XXXXXXXXX,2,7396
20111,Christine,Cotton,XXXXXXXXX,XXXXXXXXX,2,3501
20112,Guinevere,Carlson,XXXXXXXXX,XXXXXXXXX,2,11139
20113,Maryam,Jensen,XXXXXXXXX,XXXXXXXXX,1,1990
20114,Iona,Good,XXXXXXXXX,XXXXXXXXX,1,362
20115,Phyllis,Sawyer,XXXXXXXXX,XXXXXXXXX,1,12779
20116,Ivana,Rocha,XXXXXXXXX,XXXXXXXXX,1,12213
20117,Ella,Jenkins,XXXXXXXXX,XXXXXXXXX,2,14547
20118,Megan,Ortiz,XXXXXXXXX,XXXXXXXXX,3,6324
20119,Jael,Huber,XXXXXXXXX,XXXXXXXXX,2,2482
20120,Sheila,Levy,XXXXXXXXX,XXXXXXXXX,1,14324
20121,Alma,Dean,XXXXXXXXX,XXXXXXXXX,1,7187
20122,Kevyn,Cole,XXXXXXXXX,XXXXXXXXX,1,7722
20123,Roary,Townsend,XXXXXXXXX,XXXXXXXXX,2,13331
20124,Wynter,Mosley,XXXXXXXXX,XXXXXXXXX,1,15692
20125,Dawn,Mays,XXXXXXXXX,XXXXXXXXX,1,2907
20126,Myra,Oneil,XXXXXXXXX,XXXXXXXXX,1,5766
20127,Sandra,Clements,XXXXXXXXX,XXXXXXXXX,1,6041
20128,Michelle,Mcconnell,XXXXXXXXX,XXXXXXXXX,1,3850
20129,Jolene,Lee,XXXXXXXXX,XXXXXXXXX,1,10361
20130,Jolene,Hendricks,XXXXXXXXX,XXXXXXXXX,1,1150
20131,Abigail,Carpenter,XXXXXXXXX,XXXXXXXXX,1,13654
20132,Laurel,Washington,XXXXXXXXX,XXXXXXXXX,1,8917
20133,Farrah,Massey,XXXXXXXXX,XXXXXXXXX,1,4031
20134,Carol,Gibson,XXXXXXXXX,XXXXXXXXX,1,5018
20135,Jaquelyn,Huffman,XXXXXXXXX,XXXXXXXXX,2,16276
20136,Jessica,Brennan,XXXXXXXXX,XXXXXXXXX,2,5278
20137,Rina,Chaney,XXXXXXXXX,XXXXXXXXX,2,3787
20138,Audrey,Sears,XXXXXXXXX,XXXXXXXXX,2,1245
20139,Ariana,Levine,XXXXXXXXX,XXXXXXXXX,3,12672
20140,Emerald,Parsons,XXXXXXXXX,XXXXXXXXX,2,4896
20141,Melanie,Thomas,XXXXXXXXX,XXXXXXXXX,2,11301
20142,Aileen,Guthrie,XXXXXXXXX,XXXXXXXXX,2,10161
20143,Katelyn,Sweet,XXXXXXXXX,XXXXXXXXX,3,9996
20144,Willow,Ortiz,XXXXXXXXX,XXXXXXXXX,1,11611
20145,Vera,Hunter,XXXXXXXXX,XXXXXXXXX,2,12952
20146,Martha,Campbell,XXXXXXXXX,XXXXXXXXX,2,12151
20147,Pandora,West,XXXXXXXXX,XXXXXXXXX,2,4071
20148,Allegra,Gilmore,XXXXXXXXX,XXXXXXXXX,2,16027
20149,Courtney,Banks,XXXXXXXXX,XXXXXXXXX,3,6245
20150,Wynter,Clark,XXXXXXXXX,XXXXXXXXX,3,3795
20151,Sybill,Bishop,XXXXXXXXX,XXXXXXXXX,3,8778
20152,Constance,Oneal,XXXXXXXXX,XXXXXXXXX,3,16016
20153,Illana,Erickson,XXXXXXXXX,XXXXXXXXX,3,4631
20154,Kendall,Wong,XXXXXXXXX,XXXXXXXXX,3,4755
20155,Darryl,Dawson,XXXXXXXXX,XXXXXXXXX,3,12170
20156,Leigh,Workman,XXXXXXXXX,XXXXXXXXX,2,12921
20157,Jena,Horton,XXXXXXXXX,XXXXXXXXX,1,6048
20158,Karleigh,Crawford,XXXXXXXXX,XXXXXXXXX,1,13604
20159,Mikayla,Bradford,XXXXXXXXX,XXXXXXXXX,1,1861
20160,Lenore,Hudson,XXXXXXXXX,XXXXXXXXX,1,11021
20161,Piper,Quinn,XXXXXXXXX,XXXXXXXXX,1,9548
20162,Bell,Willis,XXXXXXXXX,XXXXXXXXX,1,10783
20163,Margaret,Bradford,XXXXXXXXX,XXXXXXXXX,2,16343
20164,Halee,Nelson,XXXXXXXXX,XXXXXXXXX,2,8576
20165,Rama,Daniels,XXXXXXXXX,XXXXXXXXX,2,3724
20166,Claire,Perez,XXXXXXXXX,XXXXXXXXX,2,15060
20167,TaShya,Carpenter,XXXXXXXXX,XXXXXXXXX,2,5098
20168,Lenore,Hatfield,XXXXXXXXX,XXXXXXXXX,1,10915
20169,Portia,Richard,XXXXXXXXX,XXXXXXXXX,1,5779
20170,Celeste,Dawson,XXXXXXXXX,XXXXXXXXX,1,15086
20171,Eugenia,Moreno,XXXXXXXXX,XXXXXXXXX,1,13026
20172,Veronica,Brock,XXXXXXXXX,XXXXXXXXX,1,10187
20173,Jade,Gallegos,XXXXXXXXX,XXXXXXXXX,1,2746
20174,Blossom,Simon,XXXXXXXXX,XXXXXXXXX,1,6466
20175,Blythe,Mccullough,XXXXXXXXX,XXXXXXXXX,1,4023
20176,Jolie,Sharp,XXXXXXXXX,XXXXXXXXX,1,2763
20177,Kirby,Mcleod,XXXXXXXXX,XXXXXXXXX,1,2490
20178,Brianna,Malone,XXXXXXXXX,XXXXXXXXX,1,14126
20179,Azalia,Flowers,XXXXXXXXX,XXXXXXXXX,1,6968
20180,Suki,Moss,XXXXXXXXX,XXXXXXXXX,1,16348
20181,Regan,Mendez,XXXXXXXXX,XXXXXXXXX,1,16467
20182,Madonna,Yates,XXXXXXXXX,XXXXXXXXX,2,11648
20183,Xyla,Douglas,XXXXXXXXX,XXXXXXXXX,3,1735
20184,Faith,Mcleod,XXXXXXXXX,XXXXXXXXX,3,2280
20185,Beverly,Frazier,XXXXXXXXX,XXXXXXXXX,1,5468
20186,Gwendolyn,Donaldson,XXXXXXXXX,XXXXXXXXX,1,8441
20187,Glenna,Bowen,XXXXXXXXX,XXXXXXXXX,1,14033
20188,Emily,Stark,XXXXXXXXX,XXXXXXXXX,1,15248
20189,Sage,Kirby,XXXXXXXXX,XXXXXXXXX,1,16358
20190,Maia,Sykes,XXXXXXXXX,XXXXXXXXX,1,5163
20191,Kirsten,Nunez,XXXXXXXXX,XXXXXXXXX,1,12119
20192,Aspen,Acevedo,XXXXXXXXX,XXXXXXXXX,1,16332
20193,Abra,Drake,XXXXXXXXX,XXXXXXXXX,1,4525
20194,Margaret,Chandler,XXXXXXXXX,XXXXXXXXX,1,8108
20195,Madeson,Henry,XXXXXXXXX,XXXXXXXXX,1,15253
20196,Jolene,Castillo,XXXXXXXXX,XXXXXXXXX,2,7300
20197,Karina,Garner,XXXXXXXXX,XXXXXXXXX,1,13369
20198,Blair,Pena,XXXXXXXXX,XXXXXXXXX,1,14260
20199,Robin,Lloyd,XXXXXXXXX,XXXXXXXXX,3,5841
20200,Octavia,Duran,XXXXXXXXX,XXXXXXXXX,3,4276
20201,Illiana,Robertson,XXXXXXXXX,XXXXXXXXX,3,10515
20202,Lareina,Freeman,XXXXXXXXX,XXXXXXXXX,3,6855
20203,Libby,Mooney,XXXXXXXXX,XXXXXXXXX,3,6939
20204,Gwendolyn,Branch,XXXXXXXXX,XXXXXXXXX,1,9974
20205,Maya,Parrish,XXXXXXXXX,XXXXXXXXX,3,15458
20206,Alexa,Chan,XXXXXXXXX,XXXXXXXXX,3,2532
20207,Chastity,Lynn,XXXXXXXXX,XXXXXXXXX,3,3652
20208,Christen,Nichols,XXXXXXXXX,XXXXXXXXX,3,16405
20209,Indira,Noble,XXXXXXXXX,XXXXXXXXX,1,6233
20210,Rosa,Velez,XXXXXXXXX,XXXXXXXXX,1,14340
20211,Minerva,Webster,XXXXXXXXX,XXXXXXXXX,1,7250
20212,Rosalyn,Cline,XXXXXXXXX,XXXXXXXXX,3,11664
20213,Xaviera,Evans,XXXXXXXXX,XXXXXXXXX,1,12044
20214,Olga,Klein,XXXXXXXXX,XXXXXXXXX,1,6332
20215,Martena,Sparks,XXXXXXXXX,XXXXXXXXX,1,16286
20216,Kelsie,Mullins,XXXXXXXXX,XXXXXXXXX,1,5231
20217,Roanna,Higgins,XXXXXXXXX,XXXXXXXXX,1,1948
20218,Cassandra,Bentley,XXXXXXXXX,XXXXXXXXX,1,14230
20219,Jana,Clemons,XXXXXXXXX,XXXXXXXXX,1,14951
20220,Hedy,Randolph,XXXXXXXXX,XXXXXXXXX,1,3511
20221,Sacha,Ward,XXXXXXXXX,XXXXXXXXX,1,14849
20222,Hope,Marsh,XXXXXXXXX,XXXXXXXXX,2,16263
20223,Abra,Malone,XXXXXXXXX,XXXXXXXXX,2,9754
20224,Jaquelyn,Mathews,XXXXXXXXX,XXXXXXXXX,2,8747
20225,Imani,Swanson,XXXXXXXXX,XXXXXXXXX,3,9296
20226,Cecilia,Arnold,XXXXXXXXX,XXXXXXXXX,3,8075
20227,Brynne,Clements,XXXXXXXXX,XXXXXXXXX,1,4930
20228,Amanda,Macias,XXXXXXXXX,XXXXXXXXX,1,2320
20229,Alice,Palmer,XXXXXXXXX,XXXXXXXXX,1,4983
20230,Bo,Contreras,XXXXXXXXX,XXXXXXXXX,1,8963
20231,Kaitlin,Short,XXXXXXXXX,XXXXXXXXX,2,6783
20232,Zenaida,Guthrie,XXXXXXXXX,XXXXXXXXX,2,10412
20233,Madonna,Barnett,XXXXXXXXX,XXXXXXXXX,1,5641
20234,Mary,Wilkerson,XXXXXXXXX,XXXXXXXXX,3,828
20235,Doris,Logan,XXXXXXXXX,XXXXXXXXX,3,1764
20236,Juliet,Mercado,XXXXXXXXX,XXXXXXXXX,2,1192
20237,Skyler,Garner,XXXXXXXXX,XXXXXXXXX,2,2775
20238,Violet,Oneill,XXXXXXXXX,XXXXXXXXX,2,7356
20239,Lareina,Buck,XXXXXXXXX,XXXXXXXXX,3,13203
20240,Amena,Pickett,XXXXXXXXX,XXXXXXXXX,3,2759
20241,Zoe,Lamb,XXXXXXXXX,XXXXXXXXX,3,7878
20242,Alma,Massey,XXXXXXXXX,XXXXXXXXX,3,14764
20243,Hillary,Mills,XXXXXXXXX,XXXXXXXXX,3,4159
20244,Bree,Mccarty,XXXXXXXXX,XXXXXXXXX,1,8185
20245,Melinda,Suarez,XXXXXXXXX,XXXXXXXXX,1,23
20246,Raya,Dillard,XXXXXXXXX,XXXXXXXXX,1,3468
20247,Nayda,Cline,XXXXXXXXX,XXXXXXXXX,3,5798
20248,Jane,Perry,XXXXXXXXX,XXXXXXXXX,1,6415
20249,Olympia,Riddle,XXXXXXXXX,XXXXXXXXX,1,6161
20250,Yoko,Shannon,XXXXXXXXX,XXXXXXXXX,2,1702
20251,Shelley,Madden,XXXXXXXXX,XXXXXXXXX,3,14618
20252,Kimberly,Byers,XXXXXXXXX,XXXXXXXXX,3,6176
20253,Dacey,Dean,XXXXXXXXX,XXXXXXXXX,1,7513
20254,Lilah,Lyons,XXXXXXXXX,XXXXXXXXX,3,10150
20255,Fatima,Lowe,XXXXXXXXX,XXXXXXXXX,3,16383
20256,Charissa,Cooley,XXXXXXXXX,XXXXXXXXX,1,16520
20257,Beatrice,Blanchard,XXXXXXXXX,XXXXXXXXX,3,16159
20258,Felicia,Roberts,XXXXXXXXX,XXXXXXXXX,2,4782
20259,Nayda,Burnett,XXXXXXXXX,XXXXXXXXX,2,9961
20260,Shannon,Richards,XXXXXXXXX,XXXXXXXXX,1,6359
20261,Kiayada,Sweeney,XXXXXXXXX,XXXXXXXXX,1,15648
20262,Maya,Kim,XXXXXXXXX,XXXXXXXXX,3,6322
20263,Heather,Kinney,XXXXXXXXX,XXXXXXXXX,1,15520
20264,Pearl,Wilder,XXXXXXXXX,XXXXXXXXX,1,3619
20265,Martha,Burt,XXXXXXXXX,XXXXXXXXX,1,3163
20266,Kelly,Hardin,XXXXXXXXX,XXXXXXXXX,1,13298
20267,Tallulah,Owens,XXXXXXXXX,XXXXXXXXX,1,3681
20268,Cora,Mcdaniel,XXXXXXXXX,XXXXXXXXX,1,7856
20269,Jacqueline,Fleming,XXXXXXXXX,XXXXXXXXX,1,7222
20270,Leigh,Herrera,XXXXXXXXX,XXXXXXXXX,1,2269
20271,Clio,Slater,XXXXXXXXX,XXXXXXXXX,1,3713
20272,Farrah,Holmes,XXXXXXXXX,XXXXXXXXX,1,15286
20273,Petra,Patton,XXXXXXXXX,XXXXXXXXX,1,2432
20274,Debra,Rosa,XXXXXXXXX,XXXXXXXXX,1,9356
20275,Destiny,Knight,XXXXXXXXX,XXXXXXXXX,1,9753
20276,Xyla,Hughes,XXXXXXXXX,XXXXXXXXX,1,11625
20277,Fay,Powell,XXXXXXXXX,XXXXXXXXX,1,3218
20278,Ina,Baker,XXXXXXXXX,XXXXXXXXX,2,3894
20279,Yvette,Wheeler,XXXXXXXXX,XXXXXXXXX,2,16220
20280,Alma,Mccoy,XXXXXXXXX,XXXXXXXXX,2,5648
20281,Hyacinth,Aguirre,XXXXXXXXX,XXXXXXXXX,2,5001
20282,Quail,White,XXXXXXXXX,XXXXXXXXX,2,2565
20283,Kelsie,Singleton,XXXXXXXXX,XXXXXXXXX,2,134
20284,Ila,Bradley,XXXXXXXXX,XXXXXXXXX,2,7864
20285,Daria,Doyle,XXXXXXXXX,XXXXXXXXX,1,2316
20286,Xyla,Guy,XXXXXXXXX,XXXXXXXXX,2,9902
20287,Brianna,Lawrence,XXXXXXXXX,XXXXXXXXX,1,12594
20288,Mercedes,Pope,XXXXXXXXX,XXXXXXXXX,1,13064
20289,Amena,Gonzales,XXXXXXXXX,XXXXXXXXX,1,13034
20290,Patience,Lamb,XXXXXXXXX,XXXXXXXXX,1,4660
20291,Reagan,Moon,XXXXXXXXX,XXXXXXXXX,1,10957
20292,Jamalia,Moody,XXXXXXXXX,XXXXXXXXX,3,407
20293,Rae,Byrd,XXXXXXXXX,XXXXXXXXX,3,12838
20294,Mariam,Reese,XXXXXXXXX,XXXXXXXXX,3,12186
20295,Imelda,Beard,XXXXXXXXX,XXXXXXXXX,3,3062
20296,Amber,Barber,XXXXXXXXX,XXXXXXXXX,2,2340
20297,Constance,Patton,XXXXXXXXX,XXXXXXXXX,2,8146
20298,Moana,Salazar,XXXXXXXXX,XXXXXXXXX,2,11317
20299,Orli,Crawford,XXXXXXXXX,XXXXXXXXX,1,13551
20300,Demetria,Obrien,XXXXXXXXX,XXXXXXXXX,1,1277
20301,Kylie,Langley,XXXXXXXXX,XXXXXXXXX,2,8042
20302,Whitney,Franks,XXXXXXXXX,XXXXXXXXX,2,3012
20303,Aiko,Mccall,XXXXXXXXX,XXXXXXXXX,2,16098
20304,Lenore,Joseph,XXXXXXXXX,XXXXXXXXX,2,12209
20305,Heidi,Shepherd,XXXXXXXXX,XXXXXXXXX,1,12090
20306,Jorden,Atkinson,XXXXXXXXX,XXXXXXXXX,1,8039
20307,Cara,Campos,XXXXXXXXX,XXXXXXXXX,1,4219
20308,Audrey,Perkins,XXXXXXXXX,XXXXXXXXX,1,4265
20309,Blythe,Maynard,XXXXXXXXX,XXXXXXXXX,1,1487
20310,Mechelle,Morales,XXXXXXXXX,XXXXXXXXX,1,10098
20311,Kendall,Delaney,XXXXXXXXX,XXXXXXXXX,1,4804
20312,Unity,Sykes,XXXXXXXXX,XXXXXXXXX,1,8976
20313,Hope,Hines,XXXXXXXXX,XXXXXXXXX,1,3130
20314,Heather,Jennings,XXXXXXXXX,XXXXXXXXX,1,10760
20315,Alyssa,Strickland,XXXXXXXXX,XXXXXXXXX,1,4191
20316,Lilah,Glover,XXXXXXXXX,XXXXXXXXX,1,2193
20317,Ella,Kidd,XXXXXXXXX,XXXXXXXXX,1,7421
20318,Lilah,Murphy,XXXXXXXXX,XXXXXXXXX,1,8502
20319,Geraldine,Francis,XXXXXXXXX,XXXXXXXXX,1,2839
20320,Emma,Hensley,XXXXXXXXX,XXXXXXXXX,1,8610
20321,Tara,Malone,XXXXXXXXX,XXXXXXXXX,1,15055
20322,Genevieve,Hoffman,XXXXXXXXX,XXXXXXXXX,2,5115
20323,Sybi,Clarke,XXXXXXXXX,XXXXXXXXX,1,16530
20324,Blossom,Olson,XXXXXXXXX,XXXXXXXXX,1,1413
20325,Dana,Mueller,XXXXXXXXX,XXXXXXXXX,1,16224
20326,Anika,Landry,XXXXXXXXX,XXXXXXXXX,1,3962
20327,Geraldine,Carrillo,XXXXXXXXX,XXXXXXXXX,2,15278
20328,Jayme,Holmes,XXXXXXXXX,XXXXXXXXX,1,13046
20329,Amity,Alexander,XXXXXXXXX,XXXXXXXXX,2,13071
20330,Joan,Galloway,XXXXXXXXX,XXXXXXXXX,2,15748
20331,Illiana,Hines,XXXXXXXXX,XXXXXXXXX,2,3116
20332,Morgan,Harrison,XXXXXXXXX,XXXXXXXXX,2,7317
20333,Rhonda,Lott,XXXXXXXXX,XXXXXXXXX,2,15482
20334,Xerxes,Elliott,XXXXXXXXX,XXXXXXXXX,3,12900
20335,Clare,Riddle,XXXXXXXXX,XXXXXXXXX,3,2417
20336,Taylor,Knight,XXXXXXXXX,XXXXXXXXX,2,12869
20337,Violet,Joyce,XXXXXXXXX,XXXXXXXXX,2,13854
20338,Heidy,Hester,XXXXXXXXX,XXXXXXXXX,2,9712
20339,Lara,Powers,XXXXXXXXX,XXXXXXXXX,2,5285
20340,Hermione,Waters,XXXXXXXXX,XXXXXXXXX,1,2287
20341,Denise,Valenzuela,XXXXXXXXX,XXXXXXXXX,3,7985
20342,Eliana,Wolfe,XXXXXXXXX,XXXXXXXXX,3,8742
20343,Emma,Barton,XXXXXXXXX,XXXXXXXXX,1,11097
20344,Sopoline,Rocha,XXXXXXXXX,XXXXXXXXX,1,4295
20345,Summer,Morse,XXXXXXXXX,XXXXXXXXX,1,725
20346,Kitra,Gamble,XXXXXXXXX,XXXXXXXXX,1,7799
20347,Ifeoma,Thomas,XXXXXXXXX,XXXXXXXXX,1,8992
20348,Tatyana,Lawrence,XXXXXXXXX,XXXXXXXXX,1,2301
20349,Brenna,Le,XXXXXXXXX,XXXXXXXXX,1,13301
20350,Olga,Reed,XXXXXXXXX,XXXXXXXXX,1,8523
20351,Karly,Campos,XXXXXXXXX,XXXXXXXXX,1,11160
20352,Katelyn,Sampson,XXXXXXXXX,XXXXXXXXX,3,4394
20353,Breanna,Ratliff,XXXXXXXXX,XXXXXXXXX,2,9116
20354,Blossom,Perkins,XXXXXXXXX,XXXXXXXXX,1,10737
20355,Aimee,Cotton,XXXXXXXXX,XXXXXXXXX,2,1085
20356,Nelle,Taylor,XXXXXXXXX,XXXXXXXXX,2,6748
20357,Phyllis,Thomas,XXXXXXXXX,XXXXXXXXX,1,13391
20358,Tamara,York,XXXXXXXXX,XXXXXXXXX,1,12233
20359,Nell,Flynn,XXXXXXXXX,XXXXXXXXX,1,12073
20360,Charity,Stout,XXXXXXXXX,XXXXXXXXX,1,7305
20361,Ria,Kerr,XXXXXXXXX,XXXXXXXXX,1,3753
20362,Beatrice,Cantu,XXXXXXXXX,XXXXXXXXX,1,13402
20363,Chloe,Myers,XXXXXXXXX,XXXXXXXXX,2,10554
20364,Medge,Harvey,XXXXXXXXX,XXXXXXXXX,1,6398
20365,Myra,Emerson,XXXXXXXXX,XXXXXXXXX,1,11211
20366,Cynthia,Castaneda,XXXXXXXXX,XXXXXXXXX,1,5622
20367,Emi,Wilder,XXXXXXXXX,XXXXXXXXX,1,15028
20368,Tana,Sweet,XXXXXXXXX,XXXXXXXXX,1,14901
20369,Lilah,Roth,XXXXXXXXX,XXXXXXXXX,1,3572
20370,May,Carson,XXXXXXXXX,XXXXXXXXX,1,1649
20371,Linda,Faulkner,XXXXXXXXX,XXXXXXXXX,1,1464
20372,Rose,Osborne,XXXXXXXXX,XXXXXXXXX,2,1639
20373,Odessa,Robertson,XXXXXXXXX,XXXXXXXXX,3,613
20374,Cherokee,Underwood,XXXXXXXXX,XXXXXXXXX,1,3926
20375,Tamekah,Oneill,XXXXXXXXX,XXXXXXXXX,1,8469
20376,Iola,Cabrera,XXXXXXXXX,XXXXXXXXX,1,1001
20377,Renee,Morris,XXXXXXXXX,XXXXXXXXX,1,9870
20378,Hadley,Mayo,XXXXXXXXX,XXXXXXXXX,2,126
20379,Yoshi,Powers,XXXXXXXXX,XXXXXXXXX,1,8510
20380,Madeline,Allen,XXXXXXXXX,XXXXXXXXX,1,5333
20381,Gillian,Church,XXXXXXXXX,XXXXXXXXX,1,9394
20382,Beverly,Hansen,XXXXXXXXX,XXXXXXXXX,1,7663
20383,Chloe,Golden,XXXXXXXXX,XXXXXXXXX,1,4154
20384,Danielle,Jones,XXXXXXXXX,XXXXXXXXX,3,11748
20385,Miriam,Reeves,XXXXXXXXX,XXXXXXXXX,1,15072
20386,Carolyn,Burch,XXXXXXXXX,XXXXXXXXX,1,664
20387,Inez,Serrano,XXXXXXXXX,XXXXXXXXX,3,5037
20388,Kylynn,Bowen,XXXXXXXXX,XXXXXXXXX,3,11462
20389,Fallon,Oneill,XXXXXXXXX,XXXXXXXXX,3,14433
20390,Dakota,Sheppard,XXXXXXXXX,XXXXXXXXX,1,5961
20391,Rylee,Peterson,XXXXXXXXX,XXXXXXXXX,2,12599
20392,Patience,Whitehead,XXXXXXXXX,XXXXXXXXX,3,6981
20393,Lana,Lynn,XXXXXXXXX,XXXXXXXXX,1,4973
20394,Naida,Chang,XXXXXXXXX,XXXXXXXXX,1,2401
20395,Maryam,Richmond,XXXXXXXXX,XXXXXXXXX,2,3023
20396,Noel,Murray,XXXXXXXXX,XXXXXXXXX,1,2346
20397,Xerxes,Ortiz,XXXXXXXXX,XXXXXXXXX,3,5334
20398,Emma,Huff,XXXXXXXXX,XXXXXXXXX,1,4719
20399,Hyacinth,Lambert,XXXXXXXXX,XXXXXXXXX,1,1321
20400,Wynter,Justice,XXXXXXXXX,XXXXXXXXX,2,7097
20401,Cally,Kelley,XXXXXXXXX,XXXXXXXXX,2,15780
20402,Cleo,Buchanan,XXXXXXXXX,XXXXXXXXX,2,3976
20403,Mara,Valencia,XXXXXXXXX,XXXXXXXXX,2,8309
20404,Jennifer,Houston,XXXXXXXXX,XXXXXXXXX,1,9831
20405,Yetta,Garrison,XXXXXXXXX,XXXXXXXXX,2,4109
20406,Lavinia,West,XXXXXXXXX,XXXXXXXXX,2,3064
20407,Hayfa,Burke,XXXXXXXXX,XXXXXXXXX,1,881
20408,Wanda,Tyler,XXXXXXXXX,XXXXXXXXX,1,2752
20409,Felicia,Weber,XXXXXXXXX,XXXXXXXXX,1,6195
20410,Taylor,Osborn,XXXXXXXXX,XXXXXXXXX,1,14550
20411,Marah,Wilkinson,XXXXXXXXX,XXXXXXXXX,1,15530
20412,Stacy,Mckee,XXXXXXXXX,XXXXXXXXX,1,2540
20413,Kay,Hubbard,XXXXXXXXX,XXXXXXXXX,1,11326
20414,Sybill,Gray,XXXXXXXXX,XXXXXXXXX,2,6616
20415,Adele,Warren,XXXXXXXXX,XXXXXXXXX,2,7593
20416,Deysi,Dean,XXXXXXXXX,XXXXXXXXX,2,701
20417,Danna,Barrett,XXXXXXXXX,XXXXXXXXX,2,5348
20418,Karina,Woodard,XXXXXXXXX,XXXXXXXXX,1,6257
20419,Ivory,Cannon,XXXXXXXXX,XXXXXXXXX,1,7620
20420,Amy,Skinner,XXXXXXXXX,XXXXXXXXX,1,14011
20421,Libby,Pate,XXXXXXXXX,XXXXXXXXX,3,7315
20422,Aurora,Pierce,XXXXXXXXX,XXXXXXXXX,2,13205
20423,Ainsley,Leach,XXXXXXXXX,XXXXXXXXX,2,7811
20424,Dominique,Bryant,XXXXXXXXX,XXXXXXXXX,2,6710
20425,Basia,Gould,XXXXXXXXX,XXXXXXXXX,2,5306
20426,Joan,Grant,XXXXXXXXX,XXXXXXXXX,2,8372
20427,Teagan,Cotton,XXXXXXXXX,XXXXXXXXX,2,7961
20428,Jael,Hull,XXXXXXXXX,XXXXXXXXX,3,9342
20429,Evelyn,Mccoy,XXXXXXXXX,XXXXXXXXX,3,8958
20430,Hannah,Whitney,XXXXXXXXX,XXXXXXXXX,1,2388
20431,Quail,Brennan,XXXXXXXXX,XXXXXXXXX,1,6784
20432,Roary,Zamora,XXXXXXXXX,XXXXXXXXX,1,15515
20433,Simone,Medina,XXXXXXXXX,XXXXXXXXX,1,5268
20434,Lucy,Neal,XXXXXXXXX,XXXXXXXXX,1,2182
20435,Yeo,Booker,XXXXXXXXX,XXXXXXXXX,1,10819
20436,Alma,Brewer,XXXXXXXXX,XXXXXXXXX,1,13132
20437,Kellie,Barker,XXXXXXXXX,XXXXXXXXX,3,9389
20438,Kim,Hutchinson,XXXXXXXXX,XXXXXXXXX,3,6400
20439,Huff,,XXXXXXXXX,XXXXXXXXX,3,11293
20440,Ciara,Velez,XXXXXXXXX,XXXXXXXXX,1,14335
20441,Brynne,Monroe,XXXXXXXXX,XXXXXXXXX,1,6445
20442,Sade,Skinner,XXXXXXXXX,XXXXXXXXX,1,10817
20443,Kimberley,Wiley,XXXXXXXXX,XXXXXXXXX,1,595
20444,Natalie,Reeves,XXXXXXXXX,XXXXXXXXX,2,4760
20445,Cassandra,Valdez,XXXXXXXXX,XXXXXXXXX,2,15104
20446,Freya,Patton,XXXXXXXXX,XXXXXXXXX,2,14570
20447,Germane,Kramer,XXXXXXXXX,XXXXXXXXX,2,1036
20448,Oprah,Wyatt,XXXXXXXXX,XXXXXXXXX,2,10367
20449,Nichole,Vasquez,XXXXXXXXX,XXXXXXXXX,2,5016
20450,Erica,Sutton,XXXXXXXXX,XXXXXXXXX,2,2799
20451,Constance,Bruce,XXXXXXXXX,XXXXXXXXX,2,1395
20452,Kimberly,White,XXXXXXXXX,XXXXXXXXX,1,2102
20453,Orli,Hardin,XXXXXXXXX,XXXXXXXXX,1,6774
20454,Tana,Oneal,XXXXXXXXX,XXXXXXXXX,1,639
20455,Gillian,Dawson,XXXXXXXXX,XXXXXXXXX,1,12792
20456,Irene,Mccall,XXXXXXXXX,XXXXXXXXX,1,8707
20457,Clementine,Flowers,XXXXXXXXX,XXXXXXXXX,1,13797
20458,Abigail,Tate,XXXXXXXXX,XXXXXXXXX,3,4415
20459,Tatyana,Wilson,XXXXXXXXX,XXXXXXXXX,1,10125
20460,Zoe,Mccall,XXXXXXXXX,XXXXXXXXX,3,12609
20461,Mikayla,Gilmore,XXXXXXXXX,XXXXXXXXX,1,1092
20462,Martina,Nielsen,XXXXXXXXX,XXXXXXXXX,2,6756
20463,Zelda,Randall,XXXXXXXXX,XXXXXXXXX,2,15510
20464,Daryl,Kinney,XXXXXXXXX,XXXXXXXXX,2,10964
20465,Vivian,Roman,XXXXXXXXX,XXXXXXXXX,1,7935
20466,Hannah,Higgins,XXXXXXXXX,XXXXXXXXX,2,2017
20467,Illana,Morin,XXXXXXXXX,XXXXXXXXX,3,14753
20468,Avye,Love,XXXXXXXXX,XXXXXXXXX,2,9880
20469,Rhoda,Petty,XXXXXXXXX,XXXXXXXXX,1,5503
20470,Ursula,Robbins,XXXXXXXXX,XXXXXXXXX,1,15825
20471,Zenaida,Cooper,XXXXXXXXX,XXXXXXXXX,2,14674
20472,Mechelle,Matthews,XXXXXXXXX,XXXXXXXXX,2,14049
20473,Rossy,Cline,XXXXXXXXX,XXXXXXXXX,2,10267
20474,Quin,Aguilar,XXXXXXXXX,XXXXXXXXX,2,7728
20475,Naida,Mayer,XXXXXXXXX,XXXXXXXXX,2,16318
20476,Keelie,Hebert,XXXXXXXXX,XXXXXXXXX,1,8413
20477,Quincy,Hubbard,XXXXXXXXX,XXXXXXXXX,1,11412
20478,Ingrid,Shepherd,XXXXXXXXX,XXXXXXXXX,2,14932
20479,Selma,Bird,XXXXXXXXX,XXXXXXXXX,2,14851
20480,Victoria,Klein,XXXXXXXXX,XXXXXXXXX,2,14910
20481,Simone,Benson,XXXXXXXXX,XXXXXXXXX,1,1694
20482,Freya,Simpson,XXXXXXXXX,XXXXXXXXX,1,1160
20483,Veronica,Wiggins,XXXXXXXXX,XXXXXXXXX,1,2271
20484,Madonna,Rodriguez,XXXXXXXXX,XXXXXXXXX,3,12068
20485,Harriet,Hodges,XXXXXXXXX,XXXXXXXXX,3,9987
20486,Christen,Camacho,XXXXXXXXX,XXXXXXXXX,3,11144
20487,Constance,Harmon,XXXXXXXXX,XXXXXXXXX,1,241
20488,Clio,Moran,XXXXXXXXX,XXXXXXXXX,1,15920
20489,Giselle,Glass,XXXXXXXXX,XXXXXXXXX,1,5892
20490,Mallory,Mercer,XXXXXXXXX,XXXXXXXXX,1,9697
20491,Brynn,Moreno,XXXXXXXXX,XXXXXXXXX,3,13349
20492,Hayfa,Ward,XXXXXXXXX,XXXXXXXXX,3,10363
20493,Basia,Mccullough,XXXXXXXXX,XXXXXXXXX,3,8131
20494,Rachel,Norman,XXXXXXXXX,XXXXXXXXX,3,10899
20495,Cora,Wood,XXXXXXXXX,XXXXXXXXX,1,7116
20496,Briar,Ball,XXXXXXXXX,XXXXXXXXX,3,14673
20497,Winter,Logan,XXXXXXXXX,XXXXXXXXX,2,1602
20498,Tamara,Sharp,XXXXXXXXX,XXXXXXXXX,3,11683
20499,Jade,Jarvis,XXXXXXXXX,XXXXXXXXX,3,6141
20500,Belle,Mcdaniel,XXXXXXXXX,XXXXXXXXX,3,2649
20501,Roanna,Whitfield,XXXXXXXXX,XXXXXXXXX,3,15063
20502,Carissa,Villarreal,XXXXXXXXX,XXXXXXXXX,3,6679
20503,Imani,Vargas,XXXXXXXXX,XXXXXXXXX,3,7939
20504,Azalia,Patrick,XXXXXXXXX,XXXXXXXXX,3,7555
20505,Dahlia,Frazier,XXXXXXXXX,XXXXXXXXX,3,9249
20506,Imani,Garcia,XXXXXXXXX,XXXXXXXXX,2,11002
20507,Ima,Rodgers,XXXXXXXXX,XXXXXXXXX,2,8344
20508,Jillian,Britt,XXXXXXXXX,XXXXXXXXX,3,8300
20509,Simone,Ware,XXXXXXXXX,XXXXXXXXX,3,16323
20510,Sarah,Slater,XXXXXXXXX,XXXXXXXXX,3,1388
20511,Martina,Potts,XXXXXXXXX,XXXXXXXXX,3,3237
20512,September,Massey,XXXXXXXXX,XXXXXXXXX,2,11155
20513,Hilary,Sims,XXXXXXXXX,XXXXXXXXX,2,12564
20514,Kelsie,Washington,XXXXXXXXX,XXXXXXXXX,1,909
20515,Lael,Carson,XXXXXXXXX,XXXXXXXXX,1,8244
20516,Alexa,Mendez,XXXXXXXXX,XXXXXXXXX,1,11986
20517,Rowan,Yang,XXXXXXXXX,XXXXXXXXX,3,5024
20518,Kirby,Morgan,XXXXXXXXX,XXXXXXXXX,3,10000
20519,Whilemina,Michael,XXXXXXXXX,XXXXXXXXX,3,14201
20520,Brooke,Casey,XXXXXXXXX,XXXXXXXXX,3,9919
20521,Alyssa,Roy,XXXXXXXXX,XXXXXXXXX,3,7127
20522,Irma,Miles,XXXXXXXXX,XXXXXXXXX,3,11048
20523,Bree,Blankenship,XXXXXXXXX,XXXXXXXXX,1,6217
20524,Macy,Riddle,XXXXXXXXX,XXXXXXXXX,2,2384
20525,Minerva,Porter,XXXXXXXXX,XXXXXXXXX,2,8048
20526,Gwendolyn,Logan,XXXXXXXXX,XXXXXXXXX,1,11236
20527,Evangeline,Lopez,XXXXXXXXX,XXXXXXXXX,1,12919
20528,Tatiana,Mckenzie,XXXXXXXXX,XXXXXXXXX,1,7076
20529,Lynn,Sweeney,XXXXXXXXX,XXXXXXXXX,2,11581
20530,Sydnee,Hughes,XXXXXXXXX,XXXXXXXXX,1,1282
20531,Darrel,Ruiz,XXXXXXXXX,XXXXXXXXX,2,16546
20532,Dominique,Short,XXXXXXXXX,XXXXXXXXX,3,12445
20533,Iris,Mcgee,XXXXXXXXX,XXXXXXXXX,3,4018
20534,Harriet,Mayo,XXXXXXXXX,XXXXXXXXX,3,7333
20535,Megan,Espinoza,XXXXXXXXX,XXXXXXXXX,3,8727
20536,Mara,Hurley,XXXXXXXXX,XXXXXXXXX,1,6872
20537,Sandra,Mckay,XXXXXXXXX,XXXXXXXXX,1,12571
20538,Marah,Clayton,XXXXXXXXX,XXXXXXXXX,1,4770
20539,Fay,Burgess,XXXXXXXXX,XXXXXXXXX,1,15785
20540,Winifred,Cleveland,XXXXXXXXX,XXXXXXXXX,1,15430
20541,Ainsley,Carpenter,XXXXXXXXX,XXXXXXXXX,3,1779
20542,Virginia,Griffin,XXXXXXXXX,XXXXXXXXX,1,6008
20543,Rachel,Ortiz,XXXXXXXXX,XXXXXXXXX,1,12488
20544,Yael,Whitfield,XXXXXXXXX,XXXXXXXXX,1,6955
20545,Mara,Roman,XXXXXXXXX,XXXXXXXXX,2,441
20546,Willa,Golden,XXXXXXXXX,XXXXXXXXX,2,1805
20547,Maisie,Stevenson,XXXXXXXXX,XXXXXXXXX,2,7457
20548,Deanna,Stanley,XXXXXXXXX,XXXXXXXXX,2,11176
20549,Sopoline,Sosa,XXXXXXXXX,XXXXXXXXX,3,2872
20550,Nomlanga,Glenn,XXXXXXXXX,XXXXXXXXX,1,9543
20551,Alma,Raymond,XXXXXXXXX,XXXXXXXXX,1,15715
20552,Gemma,Malone,XXXXXXXXX,XXXXXXXXX,1,4733
20553,Jillian,Nixon,XXXXXXXXX,XXXXXXXXX,2,13688
20554,Donna,Cunningham,XXXXXXXXX,XXXXXXXXX,1,15536
20555,Xantha,Dalton,XXXXXXXXX,XXXXXXXXX,2,16158
20556,Kylie,Wynn,XXXXXXXXX,XXXXXXXXX,1,5956
20557,Aubrey,Mcgowan,XXXXXXXXX,XXXXXXXXX,1,649
20558,Blossom,Lee,XXXXXXXXX,XXXXXXXXX,2,6761
20559,Jessamine,Vasquez,XXXXXXXXX,XXXXXXXXX,2,9271
20560,Dana,Cardenas,XXXXXXXXX,XXXXXXXXX,2,10278
20561,Genevieve,Keller,XXXXXXXXX,XXXXXXXXX,1,6312
20562,Eve,Rice,XXXXXXXXX,XXXXXXXXX,3,9660
20563,Whoopi,Sims,XXXXXXXXX,XXXXXXXXX,2,13120
20564,Sade,Delaney,XXXXXXXXX,XXXXXXXXX,2,2263
20565,Britanni,Clements,XXXXXXXXX,XXXXXXXXX,1,7975
20566,Lila,Estes,XXXXXXXXX,XXXXXXXXX,1,3018
20567,Jordan,Romero,XXXXXXXXX,XXXXXXXXX,1,8656
20568,Adele,Holloway,XXXXXXXXX,XXXXXXXXX,3,5772
20569,Jillian,Patterson,XXXXXXXXX,XXXXXXXXX,3,7693
20570,Sara,Ryan,XXXXXXXXX,XXXXXXXXX,1,15925
20571,Ocean,Cabrera,XXXXXXXXX,XXXXXXXXX,1,1812
20572,Genevieve,Rivers,XXXXXXXXX,XXXXXXXXX,1,2033
20573,Hillary,Dudley,XXXXXXXXX,XXXXXXXXX,1,14277
20574,Anita,Landry,XXXXXXXXX,XXXXXXXXX,1,695
20575,Isabella,Henson,XXXXXXXXX,XXXXXXXXX,1,4748
20576,Deborah,Miranda,XXXXXXXXX,XXXXXXXXX,1,6692
20577,Kyla,Henderson,XXXXXXXXX,XXXXXXXXX,1,741
20578,Carol,Hopper,XXXXXXXXX,XXXXXXXXX,1,15553
20579,Phoebe,Simpson,XXXXXXXXX,XXXXXXXXX,2,14213
20580,Caryn,Campbell,XXXXXXXXX,XXXXXXXXX,1,1505
20581,Zia,Hayes,XXXXXXXXX,XXXXXXXXX,3,4471
20582,Alexandra,Lucas,XXXXXXXXX,XXXXXXXXX,3,12097
20583,Sydney,Solis,XXXXXXXXX,XXXXXXXXX,3,10344
20584,Calista,Sherman,XXXXXXXXX,XXXXXXXXX,3,12106
20585,Yolanda,Patton,XXXXXXXXX,XXXXXXXXX,3,2374
20586,Aimee,Delaney,XXXXXXXXX,XXXXXXXXX,3,13554
20587,Darryl,Bauer,XXXXXXXXX,XXXXXXXXX,3,5821
20588,Halee,Haynes,XXXXXXXXX,XXXXXXXXX,3,5342
20589,Sydnee,Spears,XXXXXXXXX,XXXXXXXXX,2,4434
20590,Eve,Williams,XXXXXXXXX,XXXXXXXXX,2,11386
20591,Raya,Salinas,XXXXXXXXX,XXXXXXXXX,2,9626
20592,Katelyn,Salazar,XXXXXXXXX,XXXXXXXXX,2,2479
20593,Yvonne,Harrison,XXXXXXXXX,XXXXXXXXX,1,12519
20594,Sig,Riddle,XXXXXXXXX,XXXXXXXXX,1,1031
20595,Stella,Munoz,XXXXXXXXX,XXXXXXXXX,1,5987
20596,Mira,Sheppard,XXXXXXXXX,XXXXXXXXX,1,7758
20597,Deme,Holt,XXXXXXXXX,XXXXXXXXX,1,6132
20598,Winifred,Newton,XXXXXXXXX,XXXXXXXXX,3,13083
20599,Carol,Pittman,XXXXXXXXX,XXXXXXXXX,1,7217
20600,Deborah,Schultz,XXXXXXXXX,XXXXXXXXX,2,9340
20601,Aphrodite,Grant,XXXXXXXXX,XXXXXXXXX,2,9004
20602,Basia,Travis,XXXXXXXXX,XXXXXXXXX,1,2923
20603,Constance,Hood,XXXXXXXXX,XXXXXXXXX,1,13670
20604,Shafira,Freeman,XXXXXXXXX,XXXXXXXXX,1,2801
20605,Priscilla,Eaton,XXXXXXXXX,XXXXXXXXX,1,16392
20606,Clare,Floyd,XXXXXXXXX,XXXXXXXXX,1,14114
20607,Blythe,Taylor,XXXXXXXXX,XXXXXXXXX,1,2927
20608,Macy,Small,XXXXXXXXX,XXXXXXXXX,3,13021
20609,Velma,Cochran,XXXXXXXXX,XXXXXXXXX,1,1881
20610,Guinevere,Butler,XXXXXXXXX,XXXXXXXXX,1,11733
20611,Astra,Paul,XXXXXXXXX,XXXXXXXXX,1,3143
20612,Illana,Rhodes,XXXXXXXXX,XXXXXXXXX,1,10099
20613,Demetria,Leblanc,XXXXXXXXX,XXXXXXXXX,1,2204
20614,Velma,Conley,XXXXXXXXX,XXXXXXXXX,1,5246
20615,Mary,Reed,XXXXXXXXX,XXXXXXXXX,1,869
20616,Ivana,Zamora,XXXXXXXXX,XXXXXXXXX,1,13767
20617,Lacota,Norris,XXXXXXXXX,XXXXXXXXX,2,6304
20618,Farrah,Larsen,XXXXXXXXX,XXXXXXXXX,2,2441
20619,Farrah,Tucker,XXXXXXXXX,XXXXXXXXX,3,5958
20620,Lysandra,Sheppard,XXXXXXXXX,XXXXXXXXX,3,1167
20621,Kirsten,Steele,XXXXXXXXX,XXXXXXXXX,3,5471
20622,Idola,Lewis,XXXXXXXXX,XXXXXXXXX,3,4200
20623,Kirestin,Pierce,XXXXXXXXX,XXXXXXXXX,1,8874
20624,Calista,Day,XXXXXXXXX,XXXXXXXXX,1,8394
20625,Vielka,Morrison,XXXXXXXXX,XXXXXXXXX,1,1096
20626,Sloane,Guerrero,XXXXXXXXX,XXXXXXXXX,2,3858
20627,Ora,Bates,XXXXXXXXX,XXXXXXXXX,2,11220
20628,Sydnee,Cantrell,XXXXXXXXX,XXXXXXXXX,2,12713
20629,Sonia,Dias,XXXXXXXXX,XXXXXXXXX,2,2617
20630,Myra,Hudson,XXXXXXXXX,XXXXXXXXX,3,6455
20631,Shaine,Willi,XXXXXXXXX,XXXXXXXXX,1,2214
20632,Francesca,Miles,XXXXXXXXX,XXXXXXXXX,1,9947
20633,Maite,Hendricks,XXXXXXXXX,XXXXXXXXX,2,2825
20634,Heidi,Warner,XXXXXXXXX,XXXXXXXXX,3,5146
20635,Hanae,Ramirez,XXXXXXXXX,XXXXXXXXX,3,6952
20636,Quemby,Mathews,XXXXXXXXX,XXXXXXXXX,1,1328
20637,Shannon,Davis,XXXXXXXXX,XXXXXXXXX,1,6506
20638,Noelani,Savage,XXXXXXXXX,XXXXXXXXX,1,1786
20639,Nora,Velazquez,XXXXXXXXX,XXXXXXXXX,1,15348
20640,Ainsley,Le,XXXXXXXXX,XXXXXXXXX,1,2884
20641,Renee,Garrett,XXXXXXXXX,XXXXXXXXX,1,2835
20642,Leigh,Avila,XXXXXXXXX,XXXXXXXXX,1,15397
20643,Carla,Mccormick,XXXXXXXXX,XXXXXXXXX,3,15720
20644,Ila,Morse,XXXXXXXXX,XXXXXXXXX,3,12041
20645,Lynn,Harvey,XXXXXXXXX,XXXXXXXXX,1,1416
20646,Larissa,Gilmore,XXXXXXXXX,XXXXXXXXX,1,13540
20647,Zenaida,Vargas,XXXXXXXXX,XXXXXXXXX,1,15245
20648,Tasha,Hoover,XXXXXXXXX,XXXXXXXXX,2,15054
20649,Renee,Fernandez,XXXXXXXXX,XXXXXXXXX,2,10798
20650,Isabella,Rosales,XXXXXXXXX,XXXXXXXXX,1,8597
20651,Zephr,Mcclain,XXXXXXXXX,XXXXXXXXX,1,1185
20652,Whitney,Sutton,XXXXXXXXX,XXXXXXXXX,2,9245
20653,Karina,Mason,XXXXXXXXX,XXXXXXXXX,2,16198
20654,Ann,Sweeney,XXXXXXXXX,XXXXXXXXX,1,1439
20655,Whitney,Collins,XXXXXXXXX,XXXXXXXXX,2,9059
20656,Cally,Fuller,XXXXXXXXX,XXXXXXXXX,1,7540
20657,Audrey,Berg,XXXXXXXXX,XXXXXXXXX,1,9295
20658,Jennifer,Ramos,XXXXXXXXX,XXXXXXXXX,3,5521
20659,Riley,Lee,XXXXXXXXX,XXXXXXXXX,3,1555
20660,Sybill,Meyers,XXXXXXXXX,XXXXXXXXX,3,3611
20661,Lani,Webb,XXXXXXXXX,XXXXXXXXX,2,5374
20662,Brenna,Dyer,XXXXXXXXX,XXXXXXXXX,2,2961
20663,Jocelyn,Underwood,XXXXXXXXX,XXXXXXXXX,2,2704
20664,Hannah,Monroe,XXXXXXXXX,XXXXXXXXX,2,11952
20665,Paula,Landry,XXXXXXXXX,XXXXXXXXX,2,16533
20666,Desiree,Key,XXXXXXXXX,XXXXXXXXX,3,11365
20667,Illana,Mccormick,XXXXXXXXX,XXXXXXXXX,3,15778
20668,Xena,Sharp,XXXXXXXXX,XXXXXXXXX,3,13635
20669,Gay,Turner,XXXXXXXXX,XXXXXXXXX,3,10904
20670,Katell,Burns,XXXXXXXXX,XXXXXXXXX,3,12297
20671,Zia,Floyd,XXXXXXXXX,XXXXXXXXX,2,13482
20672,April,Buchanan,XXXXXXXXX,XXXXXXXXX,1,15037
20673,Jamalia,Walker,XXXXXXXXX,XXXXXXXXX,2,13068
20674,Willow,Craig,XXXXXXXXX,XXXXXXXXX,2,1265
20675,Aubrey,Patel,XXXXXXXXX,XXXXXXXXX,1,9675
20676,Lacy,Sutton,XXXXXXXXX,XXXXXXXXX,1,7910
20677,Susy,Haley,XXXXXXXXX,XXXXXXXXX,3,9378
20678,Iola,Blackwell,XXXXXXXXX,XXXXXXXXX,1,4145
20679,Caro,Shaw,XXXXXXXXX,XXXXXXXXX,1,384
20680,Adrienne,Waller,XXXXXXXXX,XXXXXXXXX,1,9949
20681,Helen,Hewitt,XXXXXXXXX,XXXXXXXXX,2,2067
20682,Cleo,Cain,XXXXXXXXX,XXXXXXXXX,1,1312
20683,Rhoda,Schultz,XXXXXXXXX,XXXXXXXXX,1,11918
20684,Gillian,Gilliam,XXXXXXXXX,XXXXXXXXX,1,12813
20685,Iona,Alvarado,XXXXXXXXX,XXXXXXXXX,2,14471
20686,Azalia,Weiss,XXXXXXXXX,XXXXXXXXX,1,15415
20687,Charlotte,Fields,XXXXXXXXX,XXXXXXXXX,1,13938
20688,Haviva,Austin,XXXXXXXXX,XXXXXXXXX,2,2572
20689,Hedda,Hurley,XXXXXXXXX,XXXXXXXXX,2,1783
20690,Brenna,Carroll,XXXXXXXXX,XXXXXXXXX,2,1883
20691,Audrey,Bishop,XXXXXXXXX,XXXXXXXXX,2,12223
20692,Cynthia,Chapman,XXXXXXXXX,XXXXXXXXX,2,14870
20693,Morgan,Garrett,XXXXXXXXX,XXXXXXXXX,2,14476
20694,Cynthia,May,XXXXXXXXX,XXXXXXXXX,2,4036
20695,Ivory,Blanchard,XXXXXXXXX,XXXXXXXXX,1,15130
20696,Brianna,Rivera,XXXXXXXXX,XXXXXXXXX,1,208
20697,Olympia,Velasquez,XXXXXXXXX,XXXXXXXXX,1,2792
20698,Winter,Maddox,XXXXXXXXX,XXXXXXXXX,1,3201
20699,Zorita,Mcleod,XXXXXXXXX,XXXXXXXXX,2,7900
20700,Lara,Buchanan,XXXXXXXXX,XXXXXXXXX,1,11503
20701,Sybil,Ballard,XXXXXXXXX,XXXXXXXXX,1,7308
20702,Astra,Mays,XXXXXXXXX,XXXXXXXXX,2,15350
20703,Xaviera,Alvarado,XXXXXXXXX,XXXXXXXXX,2,15732
20704,Halla,Carlson,XXXXXXXXX,XXXXXXXXX,2,3943
20705,Jorden,Mccray,XXXXXXXXX,XXXXXXXXX,2,8816
20706,Belle,Sutton,XXXXXXXXX,XXXXXXXXX,1,11282
20707,Brittany,Barrett,XXXXXXXXX,XXXXXXXXX,1,14189
20708,Cassady,Wilkins,XXXXXXXXX,XXXXXXXXX,1,2979
20709,Willow,Morin,XXXXXXXXX,XXXXXXXXX,1,15822
20710,Maia,Floyd,XXXXXXXXX,XXXXXXXXX,1,7874
20711,Anastasia,Moses,XXXXXXXXX,XXXXXXXXX,2,12527
20712,Brianna,Kidd,XXXXXXXXX,XXXXXXXXX,1,2285
20713,Ivory,Duncan,XXXXXXXXX,XXXXXXXXX,1,6535
20714,Elaine,Johnston,XXXXXXXXX,XXXXXXXXX,1,16181
20715,Camille,Koch,XXXXXXXXX,XXXXXXXXX,1,3758
20716,Maggy,Nichols,XXXXXXXXX,XXXXXXXXX,1,11231
20717,Emily,Nunez,XXXXXXXXX,XXXXXXXXX,1,3541
20718,Ulla,Rocha,XXXXXXXXX,XXXXXXXXX,1,10175
20719,Amity,Mcmillan,XXXXXXXXX,XXXXXXXXX,1,8785
20720,Brie,Potter,XXXXXXXXX,XXXXXXXXX,2,15604
20721,Nora,Velez,XXXXXXXXX,XXXXXXXXX,2,119
20722,Holly,Parrish,XXXXXXXXX,XXXXXXXXX,2,115
20723,Ayanna,Garza,XXXXXXXXX,XXXXXXXXX,3,8515
20724,Eden,Horn,XXXXXXXXX,XXXXXXXXX,3,670
20725,Danielle,Richardson,XXXXXXXXX,XXXXXXXXX,2,12622
20726,Quon,Cooke,XXXXXXXXX,XXXXXXXXX,2,15349
20727,Deborah,Whitney,XXXXXXXXX,XXXXXXXXX,2,7698
20728,Hedda,Beck,XXXXXXXXX,XXXXXXXXX,2,9833
20729,Athena,Ramos,XXXXXXXXX,XXXXXXXXX,1,4613
20730,Kelsie,Cardenas,XXXXXXXXX,XXXXXXXXX,3,2197
20731,Lee,Barton,XXXXXXXXX,XXXXXXXXX,2,4823
20732,Jenette,Bradley,XXXXXXXXX,XXXXXXXXX,1,7199
20733,Mollie,Gilbert,XXXXXXXXX,XXXXXXXXX,2,13481
20734,Gretchen,Gordon,XXXXXXXXX,XXXXXXXXX,1,8219
20735,Marah,Sharpe,XXXXXXXXX,XXXXXXXXX,3,11627
20736,Karyn,Fry,XXXXXXXXX,XXXXXXXXX,2,15960
20737,Germaine,Cherry,XXXXXXXXX,XXXXXXXXX,2,2498
20738,Cathleen,Kaufman,XXXXXXXXX,XXXXXXXXX,3,6934
20739,Frances,Stevens,XXXXXXXXX,XXXXXXXXX,3,4739
20740,Aphrodite,Fernandez,XXXXXXXXX,XXXXXXXXX,3,14567
20741,Carissa,Erickson,XXXXXXXXX,XXXXXXXXX,3,8676
20742,Melissa,Holt,XXXXXXXXX,XXXXXXXXX,3,9706
20743,Kaitlin,Shaw,XXXXXXXXX,XXXXXXXXX,1,1033
20744,Hyacinth,Terry,XXXXXXXXX,XXXXXXXXX,1,14921
20745,Maggie,Mullins,XXXXXXXXX,XXXXXXXXX,1,15321
20746,Roanna,Macias,XXXXXXXXX,XXXXXXXXX,2,9708
20747,Jacqueline,Garrett,XXXXXXXXX,XXXXXXXXX,1,7050
20748,Minerva,Massey,XXXXXXXXX,XXXXXXXXX,3,6889
20749,Jayme,Perkins,XXXXXXXXX,XXXXXXXXX,3,10252
20750,Naomi,Shaw,XXXXXXXXX,XXXXXXXXX,3,10491
20751,Shelley,Irwin,XXXXXXXXX,XXXXXXXXX,3,4807
20752,Lee,Glover,XXXXXXXXX,XXXXXXXXX,1,10878
20753,Chava,Velez,XXXXXXXXX,XXXXXXXXX,1,16311
20754,Stacey,Weber,XXXXXXXXX,XXXXXXXXX,1,9230
20755,Cally,Holloway,XXXXXXXXX,XXXXXXXXX,1,8214
20756,Cherokee,Callahan,XXXXXXXXX,XXXXXXXXX,2,4165
20757,Katelyn,Gonzales,XXXXXXXXX,XXXXXXXXX,2,15263
