destination_id,region_id,order_country_id,order_state,order_city,order_zipcode
1,1,29,Alberta,Calgary,
2,1,29,Alberta,Edmonton,
3,1,29,Columbia británica,Abbotsford,
4,1,29,Columbia británica,Burnaby,
5,1,29,Columbia británica,Richmond,
6,1,29,Columbia británica,Saanich,
7,1,29,Columbia británica,Surrey,
8,1,29,Columbia británica,Vancouver,
9,1,29,Manitoba,Winnipeg,
10,1,29,Nueva Escocia,Dartmouth,
11,1,29,Nueva Escocia,Halifax,
12,1,29,Ontario,Brampton,
13,1,29,Ontario,Brantford,
14,1,29,Ontario,Burlington,
15,1,29,Ontario,Guelph,
16,1,29,Ontario,Hamilton,
17,1,29,Ontario,Kingston,
18,1,29,Ontario,Kitchener,
19,1,29,Ontario,London,
20,1,29,Ontario,Markham,
21,1,29,Ontario,Mississauga,
22,1,29,Ontario,North York,
23,1,29,Ontario,Oakville,
24,1,29,Ontario,Oshawa,
25,1,29,Ontario,Ottawa,
26,1,29,Ontario,Peterborough,
27,1,29,Ontario,Pickering,
28,1,29,Ontario,Richmond Hill,
29,1,29,Ontario,St. Catharines,
30,1,29,Ontario,Toronto,
31,1,29,Ontario,Vaughan,
32,1,29,Ontario,Waterloo,
33,1,29,Ontario,Whitby,
34,1,29,Ontario,Windsor,
35,1,29,Quebec,Gatineau,
36,1,29,Quebec,Laval,
37,1,29,Quebec,Longueuil,
38,1,29,Quebec,Montréal,
39,1,29,Quebec,Quebec,
40,1,29,Quebec,Saint-Laurent,
41,1,29,Saskatchewan,Regina,
42,1,29,Saskatchewan,Saskatoon,
43,1,29,Terranova,St. John's,
44,2,13,San Miguel,Bridgetown,
45,2,39,Artemisa,Artemisa,
46,2,39,Camagüey,Camagüey,
47,2,39,Ciego de Ávila,Ciego de Ávila,
48,2,39,Ciego de Ávila,Morón,
49,2,39,Cienfuegos,Cienfuegos,
50,2,39,Granma,Bayamo,
51,2,39,Granma,Manzanillo,
52,2,39,Guantánamo,Guantánamo,
53,2,39,Holguín,Holguín,
54,2,39,Holguín,Moa,
55,2,39,Isla de la Juventud,Nueva Gerona,
56,2,39,Las Tunas,Las Tunas,
57,2,39,Las Tunas,Puerto Padre,
58,2,39,Matanzas,Cárdenas,
59,2,39,Matanzas,Matanzas,
60,2,39,Mayabeque,San José de las Lajas,
61,2,39,Pinar del Río,Consolación del Sur,
62,2,39,Pinar del Río,Pinar del Río,
63,2,39,Sancti Spíritus,Sancti Spíritus,
64,2,39,Santiago de Cuba,Contramaestre,
65,2,39,Santiago de Cuba,Palma Soriano,
66,2,39,Santiago de Cuba,Santiago de Cuba,
67,2,39,Villa Clara,Santa Clara,
68,2,59,Guadalupe,Les Abymes,
69,2,66,Artibonito,Gonaïves,
70,2,66,Ouest,Carrefour,
71,2,77,Santa Caterina,Portmore,
72,2,77,Santa Caterina,Spanish Town,
73,2,96,Martinica,Fort-de-France,
74,2,125,Barahona,Santa Cruz de Barahona,
75,2,125,Duarte,San Francisco de Macorís,
76,2,125,Espaillat,Moca,
77,2,125,La Romana,La Romana,
78,2,125,La Vega,La Vega,
79,2,125,Monseñor Nouel,Bonao,
80,2,125,Peravia,Baní,
81,2,125,San Cristóbal,Bajos de Haina,
82,2,125,San Juan,San Juan de la Maguana,
83,2,125,San Pedro de Macorís,San Pedro de Macorís,
84,2,125,Santiago de Chile,Santiago de los Caballeros,
85,2,125,Santo Domingo,Santo Domingo,
86,2,151,Chaguanas,Chaguanas,
87,2,151,San Fernando,San Fernando,
88,3,4,Benguela,Benguela,
89,3,4,Bié,Kuito,
90,3,4,Huambo,Huambo,
91,3,4,Huila,Lubango,
92,3,4,Luanda,Luanda,
93,3,4,Malanje,Malanje,
94,3,4,Namibe,Namibe,
95,3,28,Adamaoua,Ngaoundere,
96,3,28,Centro,Yaounde,
97,3,28,Est,Bertoua,
98,3,28,Extreme-Nord,Maroua,
99,3,28,Littoral,Edea,
100,3,28,Littoral,Loum,
101,3,28,Littoral,Nkongsamba,
102,3,28,Nord,Garoua,
103,3,28,Nord-Ouest,Bamenda,
104,3,28,Ouest,Bafoussam,
105,3,28,Ouest,Foumban,
106,3,28,Ouest del Sur,Kumba,
107,3,28,Ouest del Sur,Limbe,
108,3,28,Sud,Ebolowa,
109,3,30,Mandoul,Koumra,
110,3,55,Estuaire,Libreville,
111,3,63,Litoral,Bata,
112,3,122,Bangui,Bangui,
113,3,124,Bajo Congo,Matadi,
114,3,124,Bandundu,Bandundu,
115,3,124,Bandundu,Kikwit,
116,3,124,Kasai Occidental,Kananga,
117,3,124,Kasai Oriental,Mbuji-mayi,
118,3,124,Katanga,Kalemie,
119,3,124,Katanga,Kamina,
120,3,124,Katanga,Kolwezi,
121,3,124,Katanga,Likasi,
122,3,124,Katanga,Lubumbashi,
123,3,124,Kinshasa,Kinshasa,
124,3,124,Kivu del Sur,Bukavu,
125,3,124,Kivu del Sur,Uvira,
126,3,124,Maniema,Kindu,
127,3,124,Provincia Oriental,Kisangani,
128,3,124,Équateur,Mbandaka,
129,3,127,Niari,Loubomo,
130,4,15,Distrito de Cayo,San Ignacio,
131,4,36,Guanacaste,Nicoya,
132,4,43,Cuscatlán,San Martín,
133,4,43,La Libertad,Antiguo Cuscatlán,
134,4,43,San Salvador,Apopa,
135,4,43,San Salvador,Cuscatancingo,
136,4,43,San Salvador,Delgado,
137,4,43,San Salvador,Ilopango,
138,4,43,San Salvador,Mejicanos,
139,4,43,San Salvador,San Salvador,
140,4,43,San Salvador,Soyapango,
141,4,43,Santa Ana,Santa Ana,
142,4,43,Sonsonate,Sonsonate,
143,4,60,Chimaltenango,Chimaltenango,
144,4,60,Escuintla,Escuintla,
145,4,60,Guatemala,Amatitlán,
146,4,60,Guatemala,Chinautla,
147,4,60,Guatemala,Guatemala City,
148,4,60,Guatemala,Mixco,
149,4,60,Guatemala,Petapa,
150,4,60,Guatemala,Villa Canales,
151,4,60,Guatemala,Villa Nueva,
152,4,60,Huehuetenango,Huehuetenango,
153,4,60,Quezaltenango,Quetzaltenango,
154,4,67,Atlántida,La Ceiba,
155,4,67,Choluteca,Choluteca,
156,4,67,Cortés,Choloma,
157,4,67,Cortés,San Pedro Sula,
158,4,67,Francisco Morazán,Tegucigalpa,
159,4,67,Yoro,El Progreso,
160,4,103,Baja California,Ensenada,
161,4,103,Baja California,Mexicali,
162,4,103,Baja California,Rosarito,
163,4,103,Baja California,Tijuana,
164,4,103,Baja California Sur,La Paz,
165,4,103,Campeche,Campeche,
166,4,103,Campeche,Ciudad del Carmen,
167,4,103,Chiapas,San Cristóbal de Las Casas,
168,4,103,Chiapas,Tapachula,
169,4,103,Chiapas,Tuxtla Gutiérrez,
170,4,103,Chihuahua,Chihuahua,
171,4,103,Chihuahua,Delicias,
172,4,103,Chihuahua,Juárez,
173,4,103,Coahuila,Acuña,
174,4,103,Coahuila,Monclova,
175,4,103,Coahuila,Piedras Negras,
176,4,103,Coahuila,Saltillo,
177,4,103,Coahuila,Torreón,
178,4,103,Coahuila,Villa Frontera,
179,4,103,Colima,Colima,
180,4,103,Colima,Manzanillo,
181,4,103,Colima,Tecomán,
182,4,103,Distrito Federal,Azcapotzalco,
183,4,103,Distrito Federal,Coyoacán,
184,4,103,Distrito Federal,Cuajimalpa,
185,4,103,Distrito Federal,Mexico City,
186,4,103,Distrito Federal,Miguel Hidalgo,
187,4,103,Distrito Federal,Milpa Alta,
188,4,103,Distrito Federal,Tlalpan,
189,4,103,Durango,Durango,
190,4,103,Durango,Gómez Palacio,
191,4,103,Guanajuato,Acámbaro,
192,4,103,Guanajuato,Celaya,
193,4,103,Guanajuato,Guanajuato,
194,4,103,Guanajuato,Irapuato,
195,4,103,Guanajuato,León,
196,4,103,Guanajuato,Salamanca,
197,4,103,Guanajuato,San Francisco del Rincón,
198,4,103,Guanajuato,Silao,
199,4,103,Guerrero,Chilpancingo,
200,4,103,Guerrero,Iguala,
201,4,103,Guerrero,Zihuatanejo,
202,4,103,Hidalgo,Tulancingo,
203,4,103,Jalisco,Guadalajara,
204,4,103,Jalisco,Guzmán,
205,4,103,Jalisco,Lagos de Moreno,
206,4,103,Jalisco,Ocotlán,
207,4,103,Jalisco,Puerto Vallarta,
208,4,103,Jalisco,Tlaquepaque,
209,4,103,Jalisco,Zapopan,
210,4,103,Michoacán,Apatzingán de la Constitución,
211,4,103,Michoacán,Heroica Zitácuaro,
212,4,103,Michoacán,Hidalgo,
213,4,103,Michoacán,Lázaro Cárdenas,
214,4,103,Michoacán,Morelia,
215,4,103,Michoacán,Sahuayo de José María Morelos,
216,4,103,Morelos,Cuernavaca,
217,4,103,Morelos,Jiutepec,
218,4,103,Morelos,Temixco,
219,4,103,México,Coacalco,
220,4,103,México,Cuautitlán,
221,4,103,México,Huixquilucan,
222,4,103,México,Ixtapaluca,
223,4,103,México,Melchor Ocampo,
224,4,103,México,Metepec,
225,4,103,México,Nicolás Romero,
226,4,103,México,San Pablo de las Salinas,
227,4,103,México,Tlalnepantla,
228,4,103,México,Toluca,
229,4,103,Nayarit,Tepic,
230,4,103,Nuevo León,Apodaca,
231,4,103,Nuevo León,Cadereyta,
232,4,103,Nuevo León,Garza García,
233,4,103,Nuevo León,General Escobedo,
234,4,103,Nuevo León,Linares,
235,4,103,Nuevo León,Monterrey,
236,4,103,Nuevo León,Santa Catarina,
237,4,103,Oaxaca,Salina Cruz,
238,4,103,Puebla,Atlixco,
239,4,103,Puebla,Cholula,
240,4,103,Puebla,Puebla,
241,4,103,Puebla,Tehuacán,
242,4,103,Puebla,Teziutlán,
243,4,103,Querétaro,Querétaro,
244,4,103,Querétaro,San Juan del Río,
245,4,103,Quintana Roo,Cancún,
246,4,103,Quintana Roo,Chetumal,
247,4,103,San Luis Potosí,Matehuala,
248,4,103,San Luis Potosí,San Luis Potosí,
249,4,103,San Luis Potosí,Soledad Díez Gutiérrez,
250,4,103,San Luis Potosí,Valles,
251,4,103,Sinaloa,Culiacán,
252,4,103,Sinaloa,Guamúchil,
253,4,103,Sinaloa,Guasave,
254,4,103,Sinaloa,Los Mochis,
255,4,103,Sonora,Guaymas,
256,4,103,Sonora,Hermosillo,
257,4,103,Sonora,Obregón,
258,4,103,Sonora,San Luis Río Colorado,
259,4,103,Tabasco,Frontera,
260,4,103,Tabasco,Villahermosa,
261,4,103,Tamaulipas,Madero,
262,4,103,Tamaulipas,Miramar,
263,4,103,Tamaulipas,Nuevo Laredo,
264,4,103,Tamaulipas,Reynosa,
265,4,103,Tamaulipas,Río Bravo,
266,4,103,Tamaulipas,Tampico,
267,4,103,Tamaulipas,Valle Hermoso,
268,4,103,Tamaulipas,Victoria,
269,4,103,Veracruz,Acayucan,
270,4,103,Veracruz,Altotonga,
271,4,103,Veracruz,Coatzacoalcos,
272,4,103,Veracruz,Córdoba,
273,4,103,Veracruz,Orizaba,
274,4,103,Veracruz,Poza Rica de Hidalgo,
275,4,103,Veracruz,San Andrés Tuxtla,
276,4,103,Veracruz,Veracruz,
277,4,103,Yucatán,Mérida,
278,4,103,Yucatán,Progreso,
279,4,103,Zacatecas,Fresnillo de González Echeverría,
280,4,103,Zacatecas,Zacatecas,
281,4,106,Chinandega,Chinandega,
282,4,106,Estelí,Estelí,
283,4,106,Granada,Granada,
284,4,106,León,León,
285,4,106,Managua,Managua,
286,4,106,Managua,Tipitapa,
287,4,106,Masaya,Masaya,
288,4,106,Matagalpa,Matagalpa,
289,4,113,Chiriquí,David,
290,4,113,Colón,Colón,
291,4,113,Panamá,Arraiján,
292,4,113,Panamá,La Chorrera,
293,4,113,Panamá,Panama City,
294,4,113,Panamá,San Miguelito,
295,5,80,Akmola,Kokshetau,
296,5,80,Almaty,Sarkand,
297,5,80,Almaty,Taldyqorghan,
298,5,80,Astaná,Astaná,
299,5,80,Ciudad de Almatý,Almaty,
300,5,80,Karagandá,Dzhezkazgan,
301,5,80,Karagandá,Karagandá,
302,5,80,Karagandá,Temirtau,
303,5,80,Kostanái,Kostanái,
304,5,80,Pavlodar,Ekibastuz,
305,5,80,Pavlodar,Pavlodar,
306,5,80,Zhambyl,Taraz,
307,5,82,Bishkek,Bishkek,
308,5,82,Osh,Osh,
309,5,149,Khatlon,Kulob,
310,5,152,Asjabad,Asjabad,
311,5,152,Lebap,Turkmenabat,
312,5,152,Mary,Mary,
313,5,158,Andiján,Andijon,
314,5,158,Jizzakh,Jizzakh,
315,5,158,Kashkadar,Qarshi,
316,5,158,Khorezm,Urganch,
317,5,158,Namangán,Namangán,
318,5,158,Surjandarín,Termez,
319,6,24,Buyumbura Mairie,Bujumbura,
320,6,45,Anseba,Keren,
321,6,51,Dire Dawa,Dire Dawa,
322,6,81,Central,Thika,
323,6,81,Costa,Mombasa,
324,6,81,Gran Valle del Rift,Nakuru,
325,6,81,Nairobi,Nairobi,
326,6,81,Nyanza,Kisumu,
327,6,81,Oriental,Marsabit,
328,6,92,Analamanga,Antananarivo,
329,6,92,Atsimo-Andrefana,Toliara,
330,6,92,Atsinanana,Toamasina,
331,6,92,Boeny,Mahajanga,
332,6,92,Diana,Antsiranana,
333,6,92,Haute-Matsiatra,Fianarantsoa,
334,6,101,Cabo Delgado,Pemba,
335,6,101,Cidade De Maputo,Maputo,
336,6,101,Inhambane,Maxixe,
337,6,101,Manica,Chimoio,
338,6,101,Maputo,Matola,
339,6,101,Nampula,Nampula,
340,6,101,Niassa,Lichinga,
341,6,101,Sofala,Beira,
342,6,101,Tete,Tete,
343,6,101,Zambezia,Quelimane,
344,6,128,Kigali,Kigali,
345,6,128,Meridional,Butare,
346,6,136,Benadir,Mogadishu,
347,6,136,Gobolka Woqooyi Galbeed,Hargeysa,
348,6,136,Jubbada Hoose,Kismaayo,
349,6,141,Ecuatoria Central,Juba,
350,6,148,Arusha,Arusha,
351,6,148,Dar es Salaam,Dar es Salaam,
352,6,148,Iringa,Iringa,
353,6,148,Kigoma,Kigoma,
354,6,148,Kigoma,Uvinza,
355,6,148,Kilimanjaro,Moshi,
356,6,148,Mara,Musoma,
357,6,148,Mbeya,Igurusi,
358,6,148,Mbeya,Mbeya,
359,6,148,Morogoro,Morogoro,
360,6,148,Mtwara,Mtwara,
361,6,148,Mwanza,Mwanza,
362,6,148,Pwani,Bagamoyo,
363,6,148,Pwani,Chalinze,
364,6,148,Ruvuma,Mbinga,
365,6,148,Shinyanga,Shinyanga,
366,6,148,Tabora,Tabora,
367,6,148,Tanga,Tanga,
368,6,156,Gulu,Gulu,
369,6,156,Jinja,Jinja,
370,6,156,Kabarole,Fort Portal,
371,6,156,Kampala,Kampala,
372,6,162,Yibuti,Yibuti,
373,6,163,Central,Kabwe,
374,6,163,Copperbelt,Chililabombwe,
375,6,163,Copperbelt,Chingola,
376,6,163,Copperbelt,Kitwe,
377,6,163,Copperbelt,Luanshya,
378,6,163,Copperbelt,Mufulira,
379,6,163,Copperbelt,Ndola,
380,6,163,Lusaka,Lusaka,
381,6,163,Meridional,Livingstone,
382,6,163,Oriental,Chipata,
383,6,163,Septentrional,Kasama,
384,6,164,Bulawayo,Bulawayo,
385,6,164,Harare,Chitungwiza,
386,6,164,Harare,Epworth,
387,6,164,Harare,Harare,
388,6,164,Manicalandia,Mutare,
389,6,164,Mashonalandia Occidental,Kadoma,
390,7,49,Connecticut,Bristol,6010.0
391,7,49,Connecticut,Fairfield,6824.0
392,7,49,Connecticut,Manchester,6040.0
393,7,49,Connecticut,Meriden,6450.0
394,7,49,Connecticut,Middletown,6457.0
395,7,49,Connecticut,Milford,6460.0
396,7,49,Connecticut,Norwich,6360.0
397,7,49,Connecticut,Shelton,6484.0
398,7,49,Connecticut,Waterbury,6708.0
399,7,49,Delaware,Dover,19901.0
400,7,49,Delaware,Newark,19711.0
401,7,49,Delaware,Wilmington,19805.0
402,7,49,Distrito de Columbia,Washington,20016.0
403,7,49,Maine,Bangor,4401.0
404,7,49,Maine,Lewiston,4240.0
405,7,49,Maryland,Baltimore,21215.0
406,7,49,Maryland,Clinton,20735.0
407,7,49,Maryland,Columbia,21044.0
408,7,49,Maryland,Gaithersburg,20877.0
409,7,49,Maryland,Laurel,20707.0
410,7,49,Maryland,Rockville,20852.0
411,7,49,Massachusetts,Andover,1810.0
412,7,49,Massachusetts,Beverly,1915.0
413,7,49,Massachusetts,Cambridge,2138.0
414,7,49,Massachusetts,Everett,2149.0
415,7,49,Massachusetts,Franklin,2038.0
416,7,49,Massachusetts,Holyoke,1040.0
417,7,49,Massachusetts,Lawrence,1841.0
418,7,49,Massachusetts,Leominster,1453.0
419,7,49,Massachusetts,Lowell,1852.0
420,7,49,Massachusetts,Malden,2148.0
421,7,49,Massachusetts,Marlborough,1752.0
422,7,49,Massachusetts,New Bedford,2740.0
423,7,49,Massachusetts,Quincy,2169.0
424,7,49,Massachusetts,Revere,2151.0
425,7,49,Nueva Jersey,Atlantic City,8401.0
426,7,49,Nueva Jersey,Bayonne,7002.0
427,7,49,Nueva Jersey,Belleville,7109.0
428,7,49,Nueva Jersey,Bridgeton,8302.0
429,7,49,Nueva Jersey,Clifton,7011.0
430,7,49,Nueva Jersey,East Orange,7017.0
431,7,49,Nueva Jersey,Hackensack,7601.0
432,7,49,Nueva Jersey,Lakewood,8701.0
433,7,49,Nueva Jersey,Linden,7036.0
434,7,49,Nueva Jersey,Morristown,7960.0
435,7,49,Nueva Jersey,New Brunswick,8901.0
436,7,49,Nueva Jersey,Orange,7050.0
437,7,49,Nueva Jersey,Passaic,7055.0
438,7,49,Nueva Jersey,Paterson,7501.0
439,7,49,Nueva Jersey,Perth Amboy,8861.0
440,7,49,Nueva Jersey,Plainfield,7060.0
441,7,49,Nueva Jersey,Vineland,8360.0
442,7,49,Nueva Jersey,Westfield,7090.0
443,7,49,Nueva York,Auburn,13021.0
444,7,49,Nueva York,Buffalo,14215.0
445,7,49,Nueva York,Freeport,11520.0
446,7,49,Nueva York,Hempstead,11550.0
447,7,49,Nueva York,Jamestown,14701.0
448,7,49,Nueva York,Lindenhurst,11757.0
449,7,49,Nueva York,Long Beach,11561.0
450,7,49,Nueva York,Mount Vernon,10550.0
451,7,49,Nueva York,New Rochelle,10801.0
452,7,49,Nueva York,New York City,10009.0
453,7,49,Nueva York,New York City,10011.0
454,7,49,Nueva York,New York City,10024.0
455,7,49,Nueva York,New York City,10035.0
456,7,49,Nueva York,Niagara Falls,14304.0
457,7,49,Nueva York,Oceanside,11572.0
458,7,49,Nueva York,Rochester,14609.0
459,7,49,Nueva York,Rome,13440.0
460,7,49,Nueva York,Troy,12180.0
461,7,49,Nueva York,Utica,13501.0
462,7,49,Nueva York,Watertown,13601.0
463,7,49,Nueva York,Yonkers,10701.0
464,7,49,Nuevo Hampshire,Concord,3301.0
465,7,49,Nuevo Hampshire,Dover,3820.0
466,7,49,Nuevo Hampshire,Nashua,3060.0
467,7,49,Ohio,Akron,44312.0
468,7,49,Ohio,Bowling Green,43402.0
469,7,49,Ohio,Cincinnati,45231.0
470,7,49,Ohio,Cleveland,44105.0
471,7,49,Ohio,Columbus,43229.0
472,7,49,Ohio,Cuyahoga Falls,44221.0
473,7,49,Ohio,Dublín,43017.0
474,7,49,Ohio,Elyria,44035.0
475,7,49,Ohio,Fairfield,45014.0
476,7,49,Ohio,Grove City,43123.0
477,7,49,Ohio,Hamilton,45011.0
478,7,49,Ohio,Kent,44240.0
479,7,49,Ohio,Lakewood,44107.0
480,7,49,Ohio,Lancaster,43130.0
481,7,49,Ohio,Lorain,44052.0
482,7,49,Ohio,Marion,43302.0
483,7,49,Ohio,Mason,45040.0
484,7,49,Ohio,Medina,44256.0
485,7,49,Ohio,Mentor,44060.0
486,7,49,Ohio,Newark,43055.0
487,7,49,Ohio,Parma,44134.0
488,7,49,Ohio,Springfield,45503.0
489,7,49,Ohio,Toledo,43615.0
490,7,49,Ohio,Troy,45373.0
491,7,49,Pensilvania,Allentown,18103.0
492,7,49,Pensilvania,Altoona,16602.0
493,7,49,Pensilvania,Bethlehem,18018.0
494,7,49,Pensilvania,Chester,19013.0
495,7,49,Pensilvania,Lancaster,17602.0
496,7,49,Pensilvania,Philadelphia,19120.0
497,7,49,Pensilvania,Philadelphia,19134.0
498,7,49,Pensilvania,Philadelphia,19140.0
499,7,49,Pensilvania,Philadelphia,19143.0
500,7,49,Pensilvania,Reading,19601.0
501,7,49,Pensilvania,York,17403.0
502,7,49,Rhode Island,Cranston,2920.0
503,7,49,Rhode Island,Providence,2908.0
504,7,49,Rhode Island,Warwick,2886.0
505,7,49,Rhode Island,Woonsocket,2895.0
506,7,49,Vermont,Burlington,5408.0
507,7,49,Virginia Occidental,Wheeling,26003.0
508,8,32,Anhui,Anqing,
509,8,32,Anhui,Bengbu,
510,8,32,Anhui,Chaohu,
511,8,32,Anhui,Datong,
512,8,32,Anhui,Hefei,
513,8,32,Anhui,Huaibei,
514,8,32,Anhui,Huainan,
515,8,32,Anhui,Huangshan,
516,8,32,Anhui,Jieshou,
517,8,32,Anhui,Suzhou,
518,8,32,Anhui,Tongling,
519,8,32,Chongqing,Chongqing,
520,8,32,Chongqing,Yongchuan,
521,8,32,Fujian,Fuzhou,
522,8,32,Fujian,Jinjiang,
523,8,32,Fujian,Luoyang,
524,8,32,Fujian,Quanzhou,
525,8,32,Fujian,Sanming,
526,8,32,Fujian,Xiamen,
527,8,32,Fujian,Zhangzhou,
528,8,32,Gansu,Lanzhou,
529,8,32,Gansu,Suzhou,
530,8,32,Guangdong,Chaozhou,
531,8,32,Guangdong,Dongguan,
532,8,32,Guangdong,Donghai,
533,8,32,Guangdong,Foshan,
534,8,32,Guangdong,Guangzhou,
535,8,32,Guangdong,Heyuan,
536,8,32,Guangdong,Huizhou,
537,8,32,Guangdong,Jiangmen,
538,8,32,Guangdong,Jieyang,
539,8,32,Guangdong,Lianzhou,
540,8,32,Guangdong,Licheng,
541,8,32,Guangdong,Luoyang,
542,8,32,Guangdong,Meizhou,
543,8,32,Guangdong,Shantou,
544,8,32,Guangdong,Shanwei,
545,8,32,Guangdong,Shenzhen,
546,8,32,Guangdong,Wuchuan,
547,8,32,Guangdong,Xinyi,
548,8,32,Guangdong,Yangjiang,
549,8,32,Guangdong,Zhanjiang,
550,8,32,Guangdong,Zhaoqing,
551,8,32,Guangdong,Zhuhai,
552,8,32,Guangxi,Guilin,
553,8,32,Guangxi,Guiping,
554,8,32,Guangxi,Lianzhou,
555,8,32,Guangxi,Nanning,
556,8,32,Guangxi,Pingnan,
557,8,32,Guangxi,Wuzhou,
558,8,32,Guizhou,Anshun,
559,8,32,Guizhou,Bijie,
560,8,32,Guizhou,Guiyang,
561,8,32,Guizhou,Zunyi,
562,8,32,Hainan,Haikou,
563,8,32,Hainan,Sanya,
564,8,32,Hebei,Baoding,
565,8,32,Hebei,Cangzhou,
566,8,32,Hebei,Handan,
567,8,32,Hebei,Langfang,
568,8,32,Hebei,Renqiu,
569,8,32,Hebei,Shijiazhuang,
570,8,32,Hebei,Tangshan,
571,8,32,Hebei,Xingtai,
572,8,32,Hebei,Xuanhua,
573,8,32,Hebei,Zhangjiakou,
574,8,32,Heilongjiang,Binzhou,
575,8,32,Heilongjiang,Daqing,
576,8,32,Heilongjiang,Hailin,
577,8,32,Heilongjiang,Harbin,
578,8,32,Heilongjiang,Jiamusi,
579,8,32,Heilongjiang,Jixi,
580,8,32,Heilongjiang,Mudanjiang,
581,8,32,Heilongjiang,Qiqihar,
582,8,32,Heilongjiang,Qitaihe,
583,8,32,Heilongjiang,Shangzhi,
584,8,32,Heilongjiang,Shuangcheng,
585,8,32,Heilongjiang,Shuangyashan,
586,8,32,Heilongjiang,Suihua,
587,8,32,Heilongjiang,Wuchang,
588,8,32,Heilongjiang,Yichun,
589,8,32,Heilongjiang,Zhaoyuan,
590,8,32,Henan,Anyang,
591,8,32,Henan,Hebi,
592,8,32,Henan,Jiaozuo,
593,8,32,Henan,Kaifeng,
594,8,32,Henan,Luohe,
595,8,32,Henan,Luoyang,
596,8,32,Henan,Nanyang,
597,8,32,Henan,Pingdingshan,
598,8,32,Henan,Puyang,
599,8,32,Henan,Shangqiu,
600,8,32,Henan,Xinxiang,
601,8,32,Henan,Yunyang,
602,8,32,Henan,Zhengzhou,
603,8,32,Henan,Zhoukou,
604,8,32,Henan,Zhumadian,
605,8,32,Hubei,Ezhou,
606,8,32,Hubei,Guangshui,
607,8,32,Hubei,Huangshi,
608,8,32,Hubei,Jingmen,
609,8,32,Hubei,Laohekou,
610,8,32,Hubei,Macheng,
611,8,32,Hubei,Shashi,
612,8,32,Hubei,Suizhou,
613,8,32,Hubei,Wuhan,
614,8,32,Hubei,Xiangfan,
615,8,32,Hubei,Xianning,
616,8,32,Hubei,Xiantao,
617,8,32,Hubei,Xiaogan,
618,8,32,Hubei,Xinshi,
619,8,32,Hubei,Xinzhou,
620,8,32,Hubei,Yicheng,
621,8,32,Hubei,Yingcheng,
622,8,32,Hubei,Zaoyang,
623,8,32,Hubei,Zhongxiang,
624,8,32,Hunan,Changde,
625,8,32,Hunan,Changsha,
626,8,32,Hunan,Chenzhou,
627,8,32,Hunan,Hengyang,
628,8,32,Hunan,Huaihua,
629,8,32,Hunan,Lianyuan,
630,8,32,Hunan,Liuyang,
631,8,32,Hunan,Loudi,
632,8,32,Hunan,Wuxi,
633,8,32,Hunan,Xiangtan,
634,8,32,Hunan,Yiyang,
635,8,32,Hunan,Yuanjiang,
636,8,32,Hunan,Yueyang,
637,8,32,Hunan,Zhuzhou,
638,8,32,Jiangsu,Changshu,
639,8,32,Jiangsu,Changzhou,
640,8,32,Jiangsu,Chengjiang,
641,8,32,Jiangsu,Gaoyou,
642,8,32,Jiangsu,Huaiyin,
643,8,32,Jiangsu,Jiangdu,
644,8,32,Jiangsu,Jiangyan,
645,8,32,Jiangsu,Licheng,
646,8,32,Jiangsu,Nantong,
647,8,32,Jiangsu,Qidong,
648,8,32,Jiangsu,Suzhou,
649,8,32,Jiangsu,Taixing,
650,8,32,Jiangsu,Taizhou,
651,8,32,Jiangsu,Wuxi,
652,8,32,Jiangsu,Xinghua,
653,8,32,Jiangsu,Xuzhou,
654,8,32,Jiangsu,Yancheng,
655,8,32,Jiangsu,Yangzhou,
656,8,32,Jiangsu,Zhenjiang,
657,8,32,Jiangxi,Jingdezhen,
658,8,32,Jiangxi,Nanchang,
659,8,32,Jiangxi,Pingxiang,
660,8,32,Jiangxi,Yichun,
661,8,32,Jilin,Changchun,
662,8,32,Jilin,Chaoyang,
663,8,32,Jilin,Gongzhuling,
664,8,32,Jilin,Huadian,
665,8,32,Jilin,Jiaohe,
666,8,32,Jilin,Jilin,
667,8,32,Jilin,Jiutai,
668,8,32,Jilin,Liaoyuan,
669,8,32,Jilin,Shulan,
670,8,32,Jilin,Siping,
671,8,32,Jilin,Yanji,
672,8,32,Jilin,Yushu,
673,8,32,Liaoning,Anshan,
674,8,32,Liaoning,Beipiao,
675,8,32,Liaoning,Benxi,
676,8,32,Liaoning,Chaoyang,
677,8,32,Liaoning,Dalian,
678,8,32,Liaoning,Fengcheng,
679,8,32,Liaoning,Fushun,
680,8,32,Liaoning,Kaiyuan,
681,8,32,Liaoning,Liaoyang,
682,8,32,Liaoning,Shenyang,
683,8,32,Liaoning,Tieling,
684,8,32,Liaoning,Wafangdian,
685,8,32,Mongolia Interior,Baotou,
686,8,32,Mongolia Interior,Chifeng,
687,8,32,Mongolia Interior,Hohhot,
688,8,32,Mongolia Interior,Jining,
689,8,32,Mongolia Interior,Tongliao,
690,8,32,Mongolia Interior,Wuhai,
691,8,32,Ningxia Hui,Shizuishan,
692,8,32,Pekín,Mentougou,
693,8,32,Pekín,Pekín,
694,8,32,Pekín,Tongzhou,
695,8,32,Qinghai,Xining,
696,8,32,Shaanxi,Tongchuan,
697,8,32,Shaanxi,Xi'an,
698,8,32,Shaanxi,Xianyang,
699,8,32,Shaanxi,Yulin,
700,8,32,Shandong,Binzhou,
701,8,32,Shandong,Gaomi,
702,8,32,Shandong,Heze,
703,8,32,Shandong,Jinan,
704,8,32,Shandong,Jining,
705,8,32,Shandong,Laiyang,
706,8,32,Shandong,Liaocheng,
707,8,32,Shandong,Linyi,
708,8,32,Shandong,Ninghai,
709,8,32,Shandong,Penglai,
710,8,32,Shandong,Qingdao,
711,8,32,Shandong,Rizhao,
712,8,32,Shandong,Shouguang,
713,8,32,Shandong,Tengzhou,
714,8,32,Shandong,Weifang,
715,8,32,Shandong,Weihai,
716,8,32,Shandong,Wendeng,
717,8,32,Shandong,Xintai,
718,8,32,Shandong,Yantai,
719,8,32,Shandong,Zaozhuang,
720,8,32,Shanghái,Shanghái,
721,8,32,Shanxi,Changzhi,
722,8,32,Shanxi,Datong,
723,8,32,Shanxi,Jincheng,
724,8,32,Shanxi,Taiyuan,
725,8,32,Shanxi,Xinzhou,
726,8,32,Shanxi,Yangquan,
727,8,32,Shanxi,Yuci,
728,8,32,Shanxi,Yuncheng,
729,8,32,Sichuan,Chengdu,
730,8,32,Sichuan,Deyang,
731,8,32,Sichuan,Jiangyou,
732,8,32,Sichuan,Leshan,
733,8,32,Sichuan,Mianyang,
734,8,32,Sichuan,Nanchong,
735,8,32,Sichuan,Neijiang,
736,8,32,Sichuan,Suining,
737,8,32,Sichuan,Tongchuan,
738,8,32,Sichuan,Xichang,
739,8,32,Sichuan,Yibin,
740,8,32,Sichuan,Zigong,
741,8,32,Tianjin,Hangu,
742,8,32,Tianjin,Tanggu,
743,8,32,Tianjin,Tianjin,
744,8,32,Xinjiang Uygur,Aksu,
745,8,32,Xinjiang Uygur,Korla,
746,8,32,Xinjiang Uygur,Shihezi,
747,8,32,Yunnan,Kaiyuan,
748,8,32,Yunnan,Kunming,
749,8,32,Zhejiang,Hangzhou,
750,8,32,Zhejiang,Huzhou,
751,8,32,Zhejiang,Jiaxing,
752,8,32,Zhejiang,Jinhua,
753,8,32,Zhejiang,Lanxi,
754,8,32,Zhejiang,Linhai,
755,8,32,Zhejiang,Ningbo,
756,8,32,Zhejiang,Ninghai,
757,8,32,Zhejiang,Shangyu,
758,8,32,Zhejiang,Shaoxing,
759,8,32,Zhejiang,Wenling,
760,8,32,Zhejiang,Wenzhou,
761,8,32,Zhejiang,Yiwu,
762,8,32,Zhejiang,Yuyao,
763,8,35,Busan,Busan,
764,8,35,Chungcheong del Sur,Cheonan,
765,8,35,Daegu,Daegu,
766,8,35,Daejeon,Daejeon,
767,8,35,Gyeonggi,Anyang,
768,8,35,Gyeonggi,Bucheon,
769,8,35,Gyeonggi,Goyang,
770,8,35,Gyeonggi,Kwangju,
771,8,35,Gyeonggi,Suwon,
772,8,35,Gyeongsangnam,Changwon,
773,8,35,Jeju,Aew?l-li,
774,8,35,Seúl,Seúl,
775,8,35,Ulsan,Ulsan,
776,8,68,Hong Kong,Kowloon,
777,8,78,Aichi,Anjo,
778,8,78,Aichi,Handa,
779,8,78,Aichi,Kasugai,
780,8,78,Aichi,Toyohashi,
781,8,78,Aomori,Hachinohe,
782,8,78,Chiba,Funabashi,
783,8,78,Chiba,Ichikawa,
784,8,78,Chiba,Kawaguchi,
785,8,78,Chiba,Matsudo,
786,8,78,Chiba,Noda,
787,8,78,Fukui,Fukui,
788,8,78,Fukuoka,Kawasaki,
789,8,78,Gunma,Sakai,
790,8,78,Gunma,Takasaki,
791,8,78,Hiroshima,Fukuyama,
792,8,78,Hiroshima,Kure,
793,8,78,Hokkaido,Asahikawa,
794,8,78,Hokkaido,Atsugacho,
795,8,78,Hyogo,Amagasaki,
796,8,78,Hyogo,Himeji,
797,8,78,Hyogo,Kita-ku,
798,8,78,Hyogo,Nishinomiya,
799,8,78,Ibaraki,Sakai,
800,8,78,Ibaraki,Tsukuba,
801,8,78,Ishikawa,Takamatsu,
802,8,78,Kagawa,Takamatsu,
803,8,78,Kanagawa,Aoba-ku,
804,8,78,Kanagawa,Chigasaki,
805,8,78,Kanagawa,Fujisawa,
806,8,78,Kanagawa,Hiratsuka,
807,8,78,Kanagawa,Kawasaki,
808,8,78,Kanagawa,Sagamihara,
809,8,78,Mie,Yokkaichi,
810,8,78,Nagano,Matsumoto,
811,8,78,Nagano,Ueda,
812,8,78,Nagasaki,Nagasaki,
813,8,78,Oita,Matsubara,
814,8,78,Oita,Yokkaichi,
815,8,78,Okayama,Kurashiki,
816,8,78,Osaka,Hirakata,
817,8,78,Osaka,Ibaraki,
818,8,78,Osaka,Kita-ku,
819,8,78,Osaka,Sakai,
820,8,78,Osaka,Takatsuki,
821,8,78,Osaka,Yao,
822,8,78,Saga,Saga,
823,8,78,Saitama,Kawagoe,
824,8,78,Saitama,Koshigaya,
825,8,78,Shizuoka,Fuji,
826,8,78,Shizuoka,Hamamatsu,
827,8,78,Shizuoka,Nagaoka,
828,8,78,Tochigi,Oyama,
829,8,78,Tokio,Edogawa-ku,
830,8,78,Tokio,Katsushika-ku,
831,8,78,Tokio,Tokio,
832,8,78,Tottori,Tottori,
833,8,78,Yamaguchi,Shimonoseki,
834,8,78,Yamaguchi,Ube,
835,8,99,Ulán Bator,Ulan Bator,
836,8,147,Taipéi,Taipei,
837,9,17,Brest,Brest,
838,9,17,Brest,Pinsk,
839,9,17,Grodno,Grodno,
840,9,17,Grodno,Lida,
841,9,17,Gómel,Gómel,
842,9,17,Gómel,Mazyr,
843,9,17,Gómel,Zhlobin,
844,9,17,Vitsyebsk,Orsha,
845,9,17,Vitsyebsk,Polatsk,
846,9,22,Burgas,Burgas,
847,9,22,Pazardzhik,Pazardzhik,
848,9,22,Pernik,Pernik,
849,9,22,Plovdiv,Plovdiv,
850,9,22,Shumen,Shumen,
851,9,22,Sliven,Sliven,
852,9,22,Sofía-Ciudad,Sofia,
853,9,22,Stara Zagora,Stara Zagora,
854,9,22,Varna,Varna,
855,9,22,Yambol,Yambol,
856,9,46,Banská Bystrica,Banska Bystrica,
857,9,46,Nitra,Nitra,
858,9,46,ilina,Zilina,
859,9,69,Budapest,Budapest,
860,9,69,Békés,Gyula,
861,9,69,Gy?r,Gy?r,
862,9,69,Hajdú-Bihar,Balmazujvaros,
863,9,98,Balti,Balti,
864,9,98,Chisináu,Chisináu,
865,9,118,Gran Polonia,Kalisz,
866,9,118,Gran Polonia,Pila,
867,9,118,Gran Polonia,Poznan,
868,9,118,Lodz,Lodz,
869,9,118,Lodz,Piotrkow Trybunalski,
870,9,118,Lublin,Lublin,
871,9,118,Lubusz,Gorzow Wielkopolski,
872,9,118,Lubusz,Zielona Gora,
873,9,118,Mazovia,Plock,
874,9,118,Mazovia,Radom,
875,9,118,Mazovia,Siedlce,
876,9,118,Mazovia,Warsaw,
877,9,118,Opole,Nysa,
878,9,118,Opole,Opole,
879,9,118,Podlaquia,Bialystok,
880,9,118,Polonia Menor,Tarnow,
881,9,118,Pomerania,Gdansk,
882,9,118,Pomerania,Gdynia,
883,9,118,Pomerania,Slupsk,
884,9,118,Silesia,Bielsko-Biala,
885,9,118,Silesia,Bytom,
886,9,118,Silesia,Chorzow,
887,9,118,Silesia,Czestochowa,
888,9,118,Silesia,Dabrowa Gornicza,
889,9,118,Silesia,Gliwice,
890,9,118,Silesia,Jastrzebie Zdroj,
891,9,118,Silesia,Katowice,
892,9,118,Silesia,Myslowice,
893,9,118,Silesia,Ruda Slaska,
894,9,118,Silesia,Rybnik,
895,9,118,Silesia,Sosnowiec,
896,9,118,Silesia,Tychy,
897,9,118,Silesia,Zabrze,
898,9,123,Hradec Králové,Hradec Králové,
899,9,123,Liberec,Liberec,
900,9,123,Moravia-Silesia,Ostrava,
901,9,123,Olomouc,Olomouc,
902,9,123,Pilsen,Pilsen,
903,9,123,Praga,Praga,
904,9,123,Ústí nad Labem,Ústí nad Labem,
905,9,129,Arad,Arad,
906,9,129,Arges,Pitesti,
907,9,129,Bacau,Bacau,
908,9,129,Bihor,Oradea,
909,9,129,Bistrita-Nasaud,Bistrita,
910,9,129,Botosani,Botosani,
911,9,129,Bra?ov,Bra?ov,
912,9,129,Braila,Braila,
913,9,129,Buzau,Buzau,
914,9,129,Caras-Severin,Resita,
915,9,129,Cluj,Cluj-Napoca,
916,9,129,Constanza,Constanza,
917,9,129,Dolj,Craiova,
918,9,129,Galati,Galati,
919,9,129,Giurgiu,Giurgiu,
920,9,129,Gorj,Targu Jiu,
921,9,129,Hunedoara,Deva,
922,9,129,Iasi,Iasi,
923,9,129,Maramures,Baia Mare,
924,9,129,Mehedinti,Drobeta-Turnu Severin,
925,9,129,Mures,Targu Mures,
926,9,129,Neamt,Piatra-Neamt,
927,9,129,Neamt,Roman,
928,9,129,Prahova,Ploiesti,
929,9,129,Satu Mare,Satu Mare,
930,9,129,Sibiu,Sibiu,
931,9,129,Suceava,Suceava,
932,9,129,Timis,Lugoj,
933,9,129,Timis,Timisoara,
934,9,129,Vrancea,Focsani,
935,9,129,Vâlcea,Ramnicu Valcea,
936,9,130,Amur,Blagoveshchensk,
937,9,130,Arjánguelsk,Arkhangelsk,
938,9,130,Arjánguelsk,Severodvinsk,
939,9,130,Astracán,Astracán,
940,9,130,Bashkortostán,Blagoveshchensk,
941,9,130,Bashkortostán,Oktyabr'skiy,
942,9,130,Bashkortostán,Salavat,
943,9,130,Bashkortostán,Sterlitamak,
944,9,130,Bashkortostán,Ufa,
945,9,130,Briansk,Briansk,
946,9,130,Bélgorod,Bélgorod,
947,9,130,Bélgorod,Gubkin,
948,9,130,Cheliábinsk,Cheliábinsk,
949,9,130,Cheliábinsk,Kopeysk,
950,9,130,Cheliábinsk,Magnitogorsk,
951,9,130,Cheliábinsk,Miass,
952,9,130,Cheliábinsk,Zlatoust,
953,9,130,Daguestán,Derbent,
954,9,130,Daguestán,Kaspiysk,
955,9,130,Daguestán,Khasavyurt,
956,9,130,Daguestán,Makhachkala,
957,9,130,Irkutsk,Angarsk,
958,9,130,Irkutsk,Bratsk,
959,9,130,Irkutsk,Irkutsk,
960,9,130,Irkutsk,Usol'ye-Sibirskoye,
961,9,130,Ivanovo,Ivanovo,
962,9,130,Kabardia-Balkaria,Nal'chik,
963,9,130,Kaliningrado,Kaliningrado,
964,9,130,Kaluga,Kaluga,
965,9,130,Moscú,Kashira,
966,9,130,Nóvgorod,Pestovo,
967,9,130,Stávropol,Arzgir,
968,9,130,Stávropol,Budënnovsk,
969,9,130,Tambov,Uvarovo,
970,9,130,Vladímir,Vladímir,
971,9,130,Vorónezh,Vorónezh,
972,9,130,Yaroslavl,Rybinsk,
973,9,130,Yaroslavl,Yaroslavl,
974,9,130,Yevrey,Birobidzhan,
975,9,132,Serbia Central,Belgrade,
976,9,155,Cherkasy,Cherkasy,
977,9,155,Cherkasy,Uman,
978,9,155,Chernihiv,Chernihiv,
979,9,155,Chernihiv,Nizhyn,
980,9,155,Dnipropetrovsk,Dniprodzerzhyns'k,
981,9,155,Dnipropetrovsk,Dnipropetrovsk,
982,9,155,Dnipropetrovsk,Kryvyy Rih,
983,9,155,Dnipropetrovsk,Nikopol,
984,9,155,Donetsk,Donets'k,
985,9,155,Donetsk,Horlivka,
986,9,155,Donetsk,Kramators'k,
987,9,155,Donetsk,Mariupol,
988,9,155,Ivano-Frankivsk,Ivano-Frankivs'k,
989,9,155,Jersón,Jersón,
990,9,155,Járkov,Járkov,
991,9,155,Khmelnytskyi,Khmelnytskyi,
992,9,155,Kirovohrad,Kirovohrad,
993,9,155,Kirovohrad,Oleksandriya,
994,9,155,Lugansk,Krasnyy Luch,
995,9,155,Lugansk,Lisichansk,
996,9,155,Lugansk,Lugansk,
997,9,155,Lugansk,Stakhanov,
998,9,155,Lviv,Drogobych,
999,9,155,Lviv,Lviv,
1000,9,155,Mykolayiv,Mykolayiv,
1001,9,155,Poltava,Kremenchuk,
1002,9,155,Poltava,Poltava,
1003,9,155,Rivne,Rivne,
1004,9,155,Sevastopol,Sevastopol,
1005,9,155,Sumy,Sumy,
1006,9,155,Ternópil,Ternópil,
1007,9,155,Volinia,Luts'k,
1008,9,155,Vínnytsia,Vínnytsia,
1009,9,155,Zaporiyia,Berdyans'k,
1010,9,155,Zaporiyia,Melitopol,
1011,9,155,Zaporiyia,Zaporiyia,
1012,9,155,Zhytómyr,Berdychiv,
1013,9,155,Zhytómyr,Zhytómyr,
1014,10,6,Alger,Algiers,
1015,10,6,Annaba,Annaba,
1016,10,6,Batna,Barika,
1017,10,6,Batna,Batna,
1018,10,6,Bugía,Bugía,
1019,10,6,Béchar,Béchar,
1020,10,6,Constantina,Constantina,
1021,10,6,Djelfa,Ain Oussera,
1022,10,6,Djelfa,Dar Chioukh,
1023,10,6,Djelfa,Messaad,
1024,10,6,Guelma,Guelma,
1025,10,6,Laghouat,Laghouat,
1026,10,6,Mostaganem,Mostaganem,
1027,10,6,Orán,Orán,
1028,10,6,Saida,Saida,
1029,10,6,Sidi Bel Abbes,Sidi Bel Abbes,
1030,10,6,Skikda,Skikda,
1031,10,6,Tipaza,Baraki,
1032,10,6,Tizi Ouzou,Boghni,
1033,10,6,Tlemcen,Tlemcen,
1034,10,42,Al Bahr al Ahmar,Hurghada,
1035,10,42,Al Buhayrah,Damanhur,
1036,10,42,Al Buhayrah,Kafr ad Dawwar,
1037,10,42,Alejandría,Alexandria,
1038,10,42,Ash Sharqiyah,Abu Kabir,
1039,10,42,Ash Sharqiyah,Bilbeis,
1040,10,42,Asiut,Asiut,
1041,10,42,Aswan,Aswan,
1042,10,42,Aswan,Idfu,
1043,10,42,Bani Suwayf,Beni Suef,
1044,10,42,El Cairo,Cairo,
1045,10,42,Fayún,Fayún,
1046,10,42,Gharbia,Al Mahallah al Kubra,
1047,10,42,Gharbia,Tanta,
1048,10,42,Kafr el Sheij,Disuq,
1049,10,42,Matruh,Marsa Matruh,
1050,10,42,Menia,Mallawi,
1051,10,42,Menia,Menia,
1052,10,42,Menia,Samalut,
1053,10,42,Puerto Saíd,Port Said,
1054,10,42,Qina,Qena,
1055,10,42,Suhaj,Girga,
1056,10,42,Suhaj,Sohag,
1057,10,42,Suhaj,Tahta,
1058,10,87,Al Marqab,Al Khums,
1059,10,87,Bengasi,Benghazi,
1060,10,87,Misurata,Misurata,
1061,10,95,Chauía-Uardiga,Berrechid,
1062,10,95,Chauía-Uardiga,Khouribga,
1063,10,95,Chauía-Uardiga,Settat,
1064,10,95,Dukala-Abda,El Jadida,
1065,10,95,Dukala-Abda,Safi,
1066,10,95,Fez-Bulmán,Fes,
1067,10,95,Garb-Chrarda-Beni Hsen,Kenitra,
1068,10,95,Garb-Chrarda-Beni Hsen,Sidi Qacem,
1069,10,95,Gran Casablanca,Casablanca,
1070,10,95,Gran Casablanca,Mohammedia,
1071,10,95,Guelmim-Esmara,Guelmim,
1072,10,95,Marrakech-Tensift-Al Hauz,Marrakech,
1073,10,95,Mequinez-Tafilalet,Khenifra,
1074,10,95,Mequinez-Tafilalet,Meknes,
1075,10,95,Rabat-Salé-Zemur-Zaer,Khemisset,
1076,10,95,Rabat-Salé-Zemur-Zaer,Rabat,
1077,10,95,Rabat-Salé-Zemur-Zaer,Sale,
1078,10,95,Sus-Masa-Draa,Agadir,
1079,10,95,Tadla-Azilal,Beni Mellal,
1080,10,95,Taza-Alhucemas-Taunat,Taza,
1081,10,95,Tánger-Tetuán,Larache,
1082,10,95,Tánger-Tetuán,Tangier,
1083,10,95,Tánger-Tetuán,Tetouan,
1084,10,140,Gezira,Al Manaqil,
1085,10,140,Gezira,Wad Madani,
1086,10,140,Jartum,Jartum,
1087,10,140,Kasala,Kasala,
1088,10,140,Mar Rojo,Bur Sudan,
1089,10,140,Nilo Blanco,Ad Diwem,
1090,10,154,Túnez,Túnez,
1091,11,40,Dinamarca Meridional,Esbjerg,
1092,11,40,Dinamarca Meridional,Odense,
1093,11,40,Dinamarca Meridional,Sonderborg,
1094,11,40,Jutlandia Central,Randers,
1095,11,40,Región Capital,Copenhagen,
1096,11,40,Región Capital,Frederiksberg,
1097,11,40,Selandia,Kalundborg,
1098,11,50,Harjumaa,Tallinn,
1099,11,50,Tartu,Tartu,
1100,11,53,Finlandia del Sudoeste,Turku,
1101,11,53,Kymenlaakso,Kotka,
1102,11,53,Uusimaa,Espoo,
1103,11,53,Uusimaa,Helsinki,
1104,11,53,Uusimaa,Vantaa,
1105,11,73,Cork,Cork,
1106,11,73,Dublín,Dublín,
1107,11,73,Dublín del Sur,Tallaght,
1108,11,73,Galway,Galway,
1109,11,88,Kaunas,Kaunas,
1110,11,88,Klaip?da,Klaip?da,
1111,11,88,Panevezys,Panevezys,
1112,11,88,Vilna,Vilna,
1113,11,88,iauliai,Siauliai,
1114,11,108,Buskerud,Drammen,
1115,11,108,Hedmark,Hamar,
1116,11,108,Hordaland,Bergen,
1117,11,108,Oslo,Oslo,
1118,11,108,Rogaland,Sandnes,
1119,11,108,Rogaland,Stavanger,
1120,11,108,Vest-Agder,Kristiansand,
1121,11,121,Escocia,Aberdeen,
1122,11,121,Escocia,Cumbernauld,
1123,11,121,Escocia,Dundee,
1124,11,121,Escocia,East Kilbride,
1125,11,121,Escocia,Edinburgh,
1126,11,121,Escocia,Glasgow,
1127,11,121,Escocia,Kilwinning,
1128,11,121,Escocia,Livingston,
1129,11,121,Escocia,Paisley,
1130,11,121,Gales,Barry,
1131,11,121,Gales,Briton Ferry,
1132,11,121,Gales,Cardiff,
1133,11,121,Gales,Clydach,
1134,11,121,Gales,Rhondda,
1135,11,121,Gales,Swansea,
1136,11,121,Inglaterra,Ashford,
1137,11,121,Inglaterra,Aylesbury,
1138,11,121,Inglaterra,Barnsley,
1139,11,121,Inglaterra,Basildon,
1140,11,121,Inglaterra,Basingstoke,
1141,11,121,Inglaterra,Bath,
1142,11,121,Inglaterra,Bebington,
1143,11,121,Inglaterra,Bedford,
1144,11,121,Inglaterra,Bideford,
1145,11,121,Inglaterra,Birkenhead,
1146,11,121,Inglaterra,Birmingham,
1147,11,121,Inglaterra,Blackburn,
1148,11,121,Inglaterra,Blackpool,
1149,11,121,Inglaterra,Bognor Regis,
1150,11,121,Inglaterra,Bolton,
1151,11,121,Inglaterra,Bournemouth,
1152,11,121,Inglaterra,Bracknell,
1153,11,121,Inglaterra,Bradford,
1154,11,121,Inglaterra,Brighton,
1155,11,121,Inglaterra,Bristol,
1156,11,121,Inglaterra,Burnley,
1157,11,121,Inglaterra,Bury,
1158,11,121,Inglaterra,Cambridge,
1159,11,121,Inglaterra,Carlisle,
1160,11,121,Inglaterra,Chapel Allerton,
1161,11,121,Inglaterra,Chatham,
1162,11,121,Inglaterra,Chelmsford,
1163,11,121,Inglaterra,Cheltenham,
1164,11,121,Inglaterra,Cheshunt,
1165,11,121,Inglaterra,Chester,
1166,11,121,Inglaterra,Chesterfield,
1167,11,121,Inglaterra,Clacton-on-Sea,
1168,11,121,Inglaterra,Colchester,
1169,11,121,Inglaterra,Coventry,
1170,11,121,Inglaterra,Crawley,
1171,11,121,Inglaterra,Crewe,
1172,11,121,Inglaterra,Darlington,
1173,11,121,Inglaterra,Dartford,
1174,11,121,Inglaterra,Darton,
1175,11,121,Inglaterra,Derby,
1176,11,121,Inglaterra,Dewsbury,
1177,11,121,Inglaterra,Doncaster,
1178,11,121,Inglaterra,Dronfield,
1179,11,121,Inglaterra,Dudley,
1180,11,121,Inglaterra,Dunstable,
1181,11,121,Inglaterra,Eastbourne,
1182,11,121,Inglaterra,Exeter,
1183,11,121,Inglaterra,Fareham,
1184,11,121,Inglaterra,Farnborough,
1185,11,121,Inglaterra,Ferndown,
1186,11,121,Inglaterra,Garforth,
1187,11,121,Inglaterra,Gateshead,
1188,11,121,Inglaterra,Gillingham,
1189,11,121,Inglaterra,Gloucester,
1190,11,121,Inglaterra,Gosport,
1191,11,121,Inglaterra,Gravesend,
1192,11,121,Inglaterra,Great Yarmouth,
1193,11,121,Inglaterra,Guildford,
1194,11,121,Inglaterra,Halesowen,
1195,11,121,Inglaterra,Halifax,
1196,11,121,Inglaterra,Harlow,
1197,11,121,Inglaterra,Harrogate,
1198,11,121,Inglaterra,Harrow,
1199,11,121,Inglaterra,Hartlepool,
1200,11,121,Inglaterra,Hastings,
1201,11,121,Inglaterra,Hemel Hempstead,
1202,11,121,Inglaterra,Hereford,
1203,11,121,Inglaterra,High Wycombe,
1204,11,121,Inglaterra,Hinckley,
1205,11,121,Inglaterra,Hove,
1206,11,121,Inglaterra,Huddersfield,
1207,11,121,Inglaterra,Huyton,
1208,11,121,Inglaterra,Ipswich,
1209,11,121,Inglaterra,Kettering,
1210,11,121,Inglaterra,Kidderminster,
1211,11,121,Inglaterra,Kingswood,
1212,11,121,Inglaterra,Leeds,
1213,11,121,Inglaterra,Leicester,
1214,11,121,Inglaterra,Letchworth,
1215,11,121,Inglaterra,Lincoln,
1216,11,121,Inglaterra,Littlehampton,
1217,11,121,Inglaterra,Liverpool,
1218,11,121,Inglaterra,London,
1219,11,121,Inglaterra,Loughborough,
1220,11,121,Inglaterra,Lowestoft,
1221,11,121,Inglaterra,Luton,
1222,11,121,Inglaterra,Maidenhead,
1223,11,121,Inglaterra,Maidstone,
1224,11,121,Inglaterra,Manchester,
1225,11,121,Inglaterra,Mansfield,
1226,11,121,Inglaterra,Margate,
1227,11,121,Inglaterra,Middlesbrough,
1228,11,121,Inglaterra,Morley,
1229,11,121,Inglaterra,Newcastle upon Tyne,
1230,11,121,Inglaterra,Northampton,
1231,11,121,Inglaterra,Northwich,
1232,11,121,Inglaterra,Norwich,
1233,11,121,Inglaterra,Nottingham,
1234,11,121,Inglaterra,Nuneaton,
1235,11,121,Inglaterra,Oldham,
1236,11,121,Inglaterra,Oxford,
1237,11,121,Inglaterra,Peterborough,
1238,11,121,Inglaterra,Plymouth,
1239,11,121,Inglaterra,Poole,
1240,11,121,Inglaterra,Portsmouth,
1241,11,121,Inglaterra,Preston,
1242,11,121,Inglaterra,Reading,
1243,11,121,Inglaterra,Redditch,
1244,11,121,Inglaterra,Rochdale,
1245,11,121,Inglaterra,Rotherham,
1246,11,121,Inglaterra,Rottingdean,
1247,11,121,Inglaterra,Rugby,
1248,11,121,Inglaterra,Runcorn,
1249,11,121,Inglaterra,Sale,
1250,11,121,Inglaterra,Sheffield,
1251,11,121,Inglaterra,Shrewsbury,
1252,11,121,Inglaterra,Slough,
1253,11,121,Inglaterra,Solihull,
1254,11,121,Inglaterra,South Shields,
1255,11,121,Inglaterra,Southampton,
1256,11,121,Inglaterra,Southend-on-Sea,
1257,11,121,Inglaterra,Southport,
1258,11,121,Inglaterra,Stafford,
1259,11,121,Inglaterra,Stevenage,
1260,11,121,Inglaterra,Stockport,
1261,11,121,Inglaterra,Stockton-on-Tees,
1262,11,121,Inglaterra,Stoke-on-Trent,
1263,11,121,Inglaterra,Stourbridge,
1264,11,121,Inglaterra,Sunderland,
1265,11,121,Inglaterra,Swindon,
1266,11,121,Inglaterra,Tamworth,
1267,11,121,Inglaterra,Taunton,
1268,11,121,Inglaterra,Torquay,
1269,11,121,Inglaterra,Wakefield,
1270,11,121,Inglaterra,Wallasey,
1271,11,121,Inglaterra,Walsall,
1272,11,121,Inglaterra,Warrington,
1273,11,121,Inglaterra,Washington,
1274,11,121,Inglaterra,Waterlooville,
1275,11,121,Inglaterra,Watford,
1276,11,121,Inglaterra,West Bromwich,
1277,11,121,Inglaterra,Weston-super-Mare,
1278,11,121,Inglaterra,Widnes,
1279,11,121,Inglaterra,Wigan,
1280,11,121,Inglaterra,Woking,
1281,11,121,Inglaterra,Wolverhampton,
1282,11,121,Inglaterra,Worcester,
1283,11,121,Inglaterra,Worthing,
1284,11,121,Inglaterra,York,
1285,11,142,Escania,Helsingborg,
1286,11,142,Escania,Landskrona,
1287,11,142,Escania,Lund,
1288,11,142,Estocolmo,Estocolmo,
1289,11,142,Estocolmo,Haninge,
1290,11,142,Estocolmo,Huddinge,
1291,11,142,Estocolmo,Nacka,
1292,11,142,Estocolmo,Solna,
1293,11,142,Estocolmo,Upplands Väsby,
1294,11,142,Halland,Halmstad,
1295,11,142,Södermanland,Eskilstuna,
1296,11,142,Upsala,Upsala,
1297,11,142,Värmland,Karlstad,
1298,11,142,Västra Götaland,Gothenburg,
1299,12,9,Australia Occidental,Albany,
1300,12,9,Australia Occidental,Bunbury,
1301,12,9,Australia Occidental,Geraldton,
1302,12,9,Australia Occidental,Kwinana,
1303,12,9,Australia Occidental,Mandurah,
1304,12,9,Australia Occidental,Perth,
1305,12,9,Australia del Sur,Adelaide,
1306,12,9,Australia del Sur,Gawler,
1307,12,9,Australia del Sur,Mount Gambier,
1308,12,9,Australia del Sur,Murray Bridge,
1309,12,9,Australia del Sur,Whyalla,
1310,12,9,Nueva Gales del Sur,Albury,
1311,12,9,Nueva Gales del Sur,Armidale,
1312,12,9,Nueva Gales del Sur,Broken Hill,
1313,12,9,Nueva Gales del Sur,Cessnock,
1314,12,9,Nueva Gales del Sur,Coffs Harbour,
1315,12,9,Nueva Gales del Sur,Dubbo,
1316,12,9,Nueva Gales del Sur,Forster,
1317,12,9,Nueva Gales del Sur,Goulburn,
1318,12,9,Nueva Gales del Sur,Griffith,
1319,12,9,Nueva Gales del Sur,Katoomba,
1320,12,9,Nueva Gales del Sur,Lismore,
1321,12,9,Nueva Gales del Sur,Newcastle,
1322,12,9,Nueva Gales del Sur,Nowra,
1323,12,9,Nueva Gales del Sur,Orange,
1324,12,9,Nueva Gales del Sur,Port Macquarie,
1325,12,9,Nueva Gales del Sur,Queanbeyan,
1326,12,9,Nueva Gales del Sur,Sydney,
1327,12,9,Nueva Gales del Sur,Tamworth,
1328,12,9,Nueva Gales del Sur,Wagga Wagga,
1329,12,9,Nueva Gales del Sur,Wollongong,
1330,12,9,Queensland,Brisbane,
1331,12,9,Queensland,Bundaberg,
1332,12,9,Queensland,Cairns,
1333,12,9,Queensland,Caloundra,
1334,12,9,Queensland,Gladstone,
1335,12,9,Queensland,Gold Coast,
1336,12,9,Queensland,Mackay,
1337,12,9,Queensland,Maryborough,
1338,12,9,Queensland,Mount Isa,
1339,12,9,Queensland,Rockhampton,
1340,12,9,Queensland,Toowoomba,
1341,12,9,Queensland,Torquay,
1342,12,9,Queensland,Townsville,
1343,12,9,Tasmania,Burnie,
1344,12,9,Tasmania,Devonport,
1345,12,9,Tasmania,Hobart,
1346,12,9,Tasmania,Launceston,
1347,12,9,Territorio de la Capital Australiana,Canberra,
1348,12,9,Territorio del Norte,Alice Springs,
1349,12,9,Territorio del Norte,Darwin,
1350,12,9,Territorio del Norte,Palmerston,
1351,12,9,Victoria,Ballarat,
1352,12,9,Victoria,Bendigo,
1353,12,9,Victoria,Echuca,
1354,12,9,Victoria,Geelong,
1355,12,9,Victoria,Melbourne,
1356,12,9,Victoria,Melton,
1357,12,9,Victoria,Mildura,
1358,12,9,Victoria,Sunbury,
1359,12,9,Victoria,Traralgon,
1360,12,9,Victoria,Warrnambool,
1361,12,9,Victoria,Wodonga,
1362,12,109,Auckland,Auckland,
1363,12,109,Auckland,Manukau City,
1364,12,109,Auckland,Papakura,
1365,12,109,Auckland,Waitakere,
1366,12,109,Bay of Plenty,Rotorua,
1367,12,109,Bay of Plenty,Tauranga,
1368,12,109,Bay of Plenty,Whakatane,
1369,12,109,Canterbury,Christchurch,
1370,12,109,Canterbury,Timaru,
1371,12,109,Gisborne,Gisborne,
1372,12,109,Hawke's Bay,Hastings,
1373,12,109,Hawke's Bay,Napier,
1374,12,109,Manawatu-Wanganui,Levin,
1375,12,109,Manawatu-Wanganui,Palmerston North,
1376,12,109,Marlborough,Blenheim,
1377,12,109,Nelson,Nelson,
1378,12,109,Northland,Whangarei,
1379,12,109,Otago,Dunedin,
1380,12,109,Southland,Invercargill,
1381,12,109,Taranaki,New Plymouth,
1382,12,109,Waikato,Cambridge,
1383,12,109,Waikato,Hamilton,
1384,12,109,Waikato,Taupo,
1385,12,109,Wellington,Lower Hutt,
1386,12,109,Wellington,Masterton,
1387,12,109,Wellington,Paraparaumu,
1388,12,109,Wellington,Porirua,
1389,12,109,Wellington,Upper Hutt,
1390,12,109,Wellington,Wellington,
1391,12,114,Capital Nacional,Port Moresby,
1392,13,7,Buenos Aires,Buenos Aires,
1393,13,7,Buenos Aires (provincia),Bahía Blanca,
1394,13,7,Buenos Aires (provincia),Junín,
1395,13,7,Buenos Aires (provincia),La Plata,
1396,13,7,Buenos Aires (provincia),Mar del Plata,
1397,13,7,Buenos Aires (provincia),Quilmes,
1398,13,7,Buenos Aires (provincia),San Nicolás de los Arroyos,
1399,13,7,Catamarca,San Fernando del Valle de Catamarca,
1400,13,7,Chaco,Presidencia Roque Sáenz Peña,
1401,13,7,Chaco,Resistencia,
1402,13,7,Chubut,Comodoro Rivadavia,
1403,13,7,Corrientes,Corrientes,
1404,13,7,Corrientes,Esquina,
1405,13,7,Córdoba,Córdoba,
1406,13,7,Entre Ríos,Concepción del Uruguay,
1407,13,7,Entre Ríos,Paraná,
1408,13,7,Jujuy,San Salvador de Jujuy,
1409,13,7,La Pampa,Santa Rosa,
1410,13,7,La Rioja,La Rioja,
1411,13,7,Mendoza,Mendoza,
1412,13,7,Mendoza,San Rafael,
1413,13,7,Misiones,Posadas,
1414,13,7,Neuquén,Neuquén,
1415,13,7,Río Negro,Cipolletti,
1416,13,7,Salta,Salta,
1417,13,7,Salta,Tartagal,
1418,13,7,San Juan,San Juan,
1419,13,7,San Luis,San Luis,
1420,13,7,Santa Fe,Avellaneda,
1421,13,7,Santa Fe,Rosario,
1422,13,7,Santa Fe,San Justo,
1423,13,7,Santa Fe,Santa Fe,
1424,13,7,Santiago del Estero,Santiago del Estero,
1425,13,18,Chuquisaca,Sucre,
1426,13,18,Cochabamba,Cochabamba,
1427,13,18,El Beni,Riberalta,
1428,13,18,El Beni,Trinidad,
1429,13,18,La Paz,La Paz,
1430,13,18,Oruro,Oruro,
1431,13,18,Potosí,Potosí,
1432,13,18,Santa Cruz,Santa Cruz de la Sierra,
1433,13,18,Tarija,Yacuiba,
1434,13,21,Acre,Cruzeiro do Sul,
1435,13,21,Acre,Rio Branco,
1436,13,21,Alagoas,Arapiraca,
1437,13,21,Alagoas,Maceió,
1438,13,21,Alagoas,Penedo,
1439,13,21,Alagoas,Pilar,
1440,13,21,Alagoas,São Miguel dos Campos,
1441,13,21,Amapá,Macapá,
1442,13,21,Amazonas,Coari,
1443,13,21,Amazonas,Manacapuru,
1444,13,21,Amazonas,Manaus,
1445,13,21,Amazonas,Parintins,
1446,13,21,Bahía,Barreiras,
1447,13,21,Bahía,Bom Jesus da Lapa,
1448,13,21,Bahía,Brumado,
1449,13,21,Bahía,Camaçari,
1450,13,21,Bahía,Cruz das Almas,
1451,13,21,Bahía,Eunápolis,
1452,13,21,Bahía,Feira de Santana,
1453,13,21,Bahía,Guanambi,
1454,13,21,Bahía,Ilhéus,
1455,13,21,Bahía,Itamaraju,
1456,13,21,Bahía,Jacobina,
1457,13,21,Bahía,Jequié,
1458,13,21,Bahía,Juazeiro,
1459,13,21,Bahía,Salvador,
1460,13,21,Bahía,Senhor do Bonfim,
1461,13,21,Bahía,Simões Filho,
1462,13,21,Bahía,Vitória da Conquista,
1463,13,21,Ceará,Aracati,
1464,13,21,Ceará,Camocim,
1465,13,21,Ceará,Caucaia,
1466,13,21,Ceará,Crato,
1467,13,21,Ceará,Fortaleza,
1468,13,21,Ceará,Limoeiro do Norte,
1469,13,21,Ceará,Quixadá,
1470,13,21,Ceará,Sobral,
1471,13,21,Ceará,São Benedito,
1472,13,21,Ceará,Tianguá,
1473,13,21,Distrito Federal,Brasília,
1474,13,21,Espíritu Santo,Guarapari,
1475,13,21,Espíritu Santo,Linhares,
1476,13,21,Espíritu Santo,Serra,
1477,13,21,Espíritu Santo,Vitória,
1478,13,21,Goiás,Anápolis,
1479,13,21,Goiás,Catalão,
1480,13,21,Goiás,Cidade Ocidental,
1481,13,21,Goiás,Goiânia,
1482,13,21,Goiás,Jataí,
1483,13,21,Goiás,Novo Gama,
1484,13,21,Goiás,Valparaíso de Goiás,
1485,13,21,Goiás,Águas Lindas de Goiás,
1486,13,21,Marañón,Barreirinhas,
1487,13,21,Marañón,Buriticupu,
1488,13,21,Marañón,Grajaú,
1489,13,21,Marañón,Itapecuru Mirim,
1490,13,21,Marañón,Paço do Lumiar,
1491,13,21,Marañón,Pinheiro,
1492,13,21,Marañón,Presidente Dutra,
1493,13,21,Marañón,Santa Helena,
1494,13,21,Marañón,São Luís,
1495,13,21,Mato Grosso,Cuiabá,
1496,13,21,Mato Grosso,Pontes e Lacerda,
1497,13,21,Mato Grosso,Rondonópolis,
1498,13,21,Mato Grosso,Sinop,
1499,13,21,Mato Grosso,Sorriso,
1500,13,21,Mato Grosso,Várzea Grande,
1501,13,21,Mato Grosso del Sur,Campo Grande,
1502,13,21,Mato Grosso del Sur,Cassilândia,
1503,13,21,Mato Grosso del Sur,Dourados,
1504,13,21,Minas Gerais,Barbacena,
1505,13,21,Minas Gerais,Belo Horizonte,
1506,13,21,Minas Gerais,Betim,
1507,13,21,Minas Gerais,Boa Esperança,
1508,13,21,Minas Gerais,Conselheiro Lafaiete,
1509,13,21,Minas Gerais,Contagem,
1510,13,21,Minas Gerais,Divinópolis,
1511,13,21,Minas Gerais,Ibirité,
1512,13,21,Minas Gerais,Ipatinga,
1513,13,21,Minas Gerais,Itaúna,
1514,13,21,Minas Gerais,Ituiutaba,
1515,13,21,Minas Gerais,Juiz de Fora,
1516,13,21,Minas Gerais,Montes Claros,
1517,13,21,Minas Gerais,Nova Serrana,
1518,13,21,Minas Gerais,Novo Cruzeiro,
1519,13,21,Minas Gerais,Paracatu,
1520,13,21,Minas Gerais,Passos,
1521,13,21,Minas Gerais,Patrocínio,
1522,13,21,Minas Gerais,Pirapora,
1523,13,21,Minas Gerais,Ponte Nova,
1524,13,21,Minas Gerais,Pouso Alegre,
1525,13,21,Minas Gerais,Poços de Caldas,
1526,13,21,Minas Gerais,Uberaba,
1527,13,21,Minas Gerais,Uberlândia,
1528,13,21,Minas Gerais,Vespasiano,
1529,13,21,Paraná,Apucarana,
1530,13,21,Paraná,Arapongas,
1531,13,21,Paraná,Araucária,
1532,13,21,Paraná,Cambé,
1533,13,21,Paraná,Colombo,
1534,13,21,Paraná,Curitiba,
1535,13,21,Paraná,Francisco Beltrão,
1536,13,21,Paraná,Guarapuava,
1537,13,21,Paraná,Londrina,
1538,13,21,Paraná,Maringá,
1539,13,21,Paraná,Paranaguá,
1540,13,21,Paraná,Pato Branco,
1541,13,21,Paraná,Rolândia,
1542,13,21,Paraná,Toledo,
1543,13,21,Paraná,Umuarama,
1544,13,21,Paraíba,Bayeux,
1545,13,21,Paraíba,Cajazeiras,
1546,13,21,Paraíba,Campina Grande,
1547,13,21,Paraíba,João Pessoa,
1548,13,21,Paraíba,Sousa,
1549,13,21,Pará,Altamira,
1550,13,21,Pará,Ananindeua,
1551,13,21,Pará,Castanhal,
1552,13,21,Pará,Itaituba,
1553,13,21,Pará,Oriximiná,
1554,13,21,Pará,Santarém,
1555,13,21,Pernambuco,Abreu e Lima,
1556,13,21,Pernambuco,Arcoverde,
1557,13,21,Pernambuco,Bezerros,
1558,13,21,Pernambuco,Cabo de Santo Agostinho,
1559,13,21,Pernambuco,Camaragibe,
1560,13,21,Pernambuco,Garanhuns,
1561,13,21,Pernambuco,Gravatá,
1562,13,21,Pernambuco,Igarassu,
1563,13,21,Pernambuco,Jurema,
1564,13,21,Pernambuco,Palmares,
1565,13,21,Pernambuco,Paulista,
1566,13,21,Pernambuco,Recife,
1567,13,21,Pernambuco,Surubim,
1568,13,21,Pernambuco,Vitória de Santo Antão,
1569,13,21,Piauí,Floriano,
1570,13,21,Piauí,Teresina,
1571,13,21,Rio Grande do Sul,Bagé,
1572,13,21,Rio Grande do Sul,Bento Gonçalves,
1573,13,21,Rio Grande do Sul,Canoas,
1574,13,21,Rio Grande do Sul,Caxias do Sul,
1575,13,21,Rio Grande do Sul,Erechim,
1576,13,21,Rio Grande do Sul,Farroupilha,
1577,13,21,Rio Grande do Sul,Gravataí,
1578,13,21,Rio Grande do Sul,Ijuí,
1579,13,21,Rio Grande do Sul,Lajeado,
1580,13,21,Rio Grande do Sul,Passo Fundo,
1581,13,21,Rio Grande do Sul,Pelotas,
1582,13,21,Rio Grande do Sul,Porto Alegre,
1583,13,21,Rio Grande do Sul,Rio Grande,
1584,13,21,Rio Grande do Sul,Santa Cruz do Sul,
1585,13,21,Rio Grande do Sul,Santa Rosa,
1586,13,21,Rio Grande do Sul,Sapucaia do Sul,
1587,13,21,Rio Grande do Sul,São Leopoldo,
1588,13,21,Rio Grande do Sul,Uruguaiana,
1589,13,21,Rio Grande do Sul,Vacaria,
1590,13,21,Rondônia,Ariquemes,
1591,13,21,Rondônia,Ji-Paraná,
1592,13,21,Rondônia,Vilhena,
1593,13,21,Roraima,Boa Vista,
1594,13,21,Río Grande del Norte,Açu,
1595,13,21,Río Grande del Norte,Mossoró,
1596,13,21,Río Grande del Norte,Natal,
1597,13,21,Río de Janeiro,Barra Mansa,
1598,13,21,Río de Janeiro,Barra do Piraí,
1599,13,21,Río de Janeiro,Cabo Frio,
1600,13,21,Río de Janeiro,Duque de Caxias,
1601,13,21,Río de Janeiro,Niterói,
1602,13,21,Río de Janeiro,Petrópolis,
1603,13,21,Río de Janeiro,Resende,
1604,13,21,Río de Janeiro,Seropédica,
1605,13,21,Río de Janeiro,São Gonçalo,
1606,13,21,Río de Janeiro,São Pedro da Aldeia,
1607,13,21,Río de Janeiro,Teresópolis,
1608,13,21,Río de Janeiro,Vassouras,
1609,13,21,Santa Catarina,Araranguá,
1610,13,21,Santa Catarina,Balneário Camboriú,
1611,13,21,Santa Catarina,Blumenau,
1612,13,21,Santa Catarina,Caçador,
1613,13,21,Santa Catarina,Chapecó,
1614,13,21,Santa Catarina,Criciúma,
1615,13,21,Santa Catarina,Gaspar,
1616,13,21,Santa Catarina,Indaial,
1617,13,21,Santa Catarina,Itajaí,
1618,13,21,Santa Catarina,Joinville,
1619,13,21,Santa Catarina,Navegantes,
1620,13,21,Santa Catarina,Palhoça,
1621,13,21,Sergipe,Aracaju,
1622,13,21,São Paulo,Americana,
1623,13,21,São Paulo,Andradina,
1624,13,21,São Paulo,Araraquara,
1625,13,21,São Paulo,Araçatuba,
1626,13,21,São Paulo,Barretos,
1627,13,21,São Paulo,Barueri,
1628,13,21,São Paulo,Birigui,
1629,13,21,São Paulo,Bragança Paulista,
1630,13,21,São Paulo,Campo Limpo Paulista,
1631,13,21,São Paulo,Caraguatatuba,
1632,13,21,São Paulo,Carapicuíba,
1633,13,21,São Paulo,Catanduva,
1634,13,21,São Paulo,Cotia,
1635,13,21,São Paulo,Cruzeiro,
1636,13,21,São Paulo,Cubatão,
1637,13,21,São Paulo,Diadema,
1638,13,21,São Paulo,Franca,
1639,13,21,São Paulo,Francisco Morato,
1640,13,21,São Paulo,Franco da Rocha,
1641,13,21,São Paulo,Guaratinguetá,
1642,13,21,São Paulo,Guarujá,
1643,13,21,São Paulo,Guarulhos,
1644,13,21,São Paulo,Ibiúna,
1645,13,21,São Paulo,Indaiatuba,
1646,13,21,São Paulo,Itapecerica da Serra,
1647,13,21,São Paulo,Itapetininga,
1648,13,21,São Paulo,Itapeva,
1649,13,21,São Paulo,Itapevi,
1650,13,21,São Paulo,Itu,
1651,13,21,São Paulo,Jaboticabal,
1652,13,21,São Paulo,Jacareí,
1653,13,21,São Paulo,Jaú,
1654,13,21,São Paulo,José Bonifácio,
1655,13,21,São Paulo,Jundiaí,
1656,13,21,São Paulo,Lençóis Paulista,
1657,13,21,São Paulo,Limeira,
1658,13,21,São Paulo,Lins,
1659,13,21,São Paulo,Lorena,
1660,13,21,São Paulo,Mauá,
1661,13,21,São Paulo,Mococa,
1662,13,21,São Paulo,Mogi das Cruzes,
1663,13,21,São Paulo,Osasco,
1664,13,21,São Paulo,Pindamonhangaba,
1665,13,21,São Paulo,Praia Grande,
1666,13,21,São Paulo,Presidente Prudente,
1667,13,21,São Paulo,Registro,
1668,13,21,São Paulo,Ribeirão Preto,
1669,13,21,São Paulo,Santana de Parnaíba,
1670,13,21,São Paulo,Santo André,
1671,13,21,São Paulo,Santos,
1672,13,21,São Paulo,Sorocaba,
1673,13,21,São Paulo,Sumaré,
1674,13,21,São Paulo,São Bernardo do Campo,
1675,13,21,São Paulo,São José dos Campos,
1676,13,21,São Paulo,São Paulo,
1677,13,21,São Paulo,São Vicente,
1678,13,21,São Paulo,Taboão da Serra,
1679,13,21,São Paulo,Tatuí,
1680,13,21,São Paulo,Taubaté,
1681,13,21,São Paulo,Tupã,
1682,13,21,São Paulo,Valinhos,
1683,13,21,São Paulo,Votuporanga,
1684,13,21,Tocantins,Araguaína,
1685,13,21,Tocantins,Gurupi,
1686,13,31,Antofagasta,Antofagasta,
1687,13,31,Antofagasta,Calama,
1688,13,31,Arica y Parinacota,Arica,
1689,13,31,Atacama,Copiapó,
1690,13,31,Bío-Bío,Chillán,
1691,13,31,Bío-Bío,Los Ángeles,
1692,13,31,Bío-Bío,Talcahuano,
1693,13,31,Los Lagos,Osorno,
1694,13,31,Los Lagos,Puerto Montt,
1695,13,31,Magallanes y Antártica Chilena,Punta Arenas,
1696,13,31,O'Higgins,Rancagua,
1697,13,31,Santiago de Chile,La Pintana,
1698,13,31,Santiago de Chile,Puente Alto,
1699,13,31,Santiago de Chile,San Bernardo,
1700,13,31,Santiago de Chile,Santiago de Chile,
1701,13,31,Tarapacá,Iquique,
1702,13,31,Valparaíso,San Antonio,
1703,13,31,Valparaíso,Valparaíso,
1704,13,31,Valparaíso,Villa Alemana,
1705,13,31,Valparaíso,Viña del Mar,
1706,13,34,Antioquía,Apartadó,
1707,13,34,Antioquía,Bello,
1708,13,34,Antioquía,Envigado,
1709,13,34,Antioquía,Medellín,
1710,13,34,Arauca,Arauca,
1711,13,34,Atlántico,Barranquilla,
1712,13,34,Atlántico,Malambo,
1713,13,34,Atlántico,Sabanalarga,
1714,13,34,Atlántico,Soledad,
1715,13,34,Bogotá,Bogotá,
1716,13,34,Bolívar,Cartagena,
1717,13,34,Boyacá,Duitama,
1718,13,34,Boyacá,Sogamoso,
1719,13,34,Caldas,Manizales,
1720,13,34,Caquetá,Florencia,
1721,13,34,Casanare,Yopal,
1722,13,34,Cesar,Valledupar,
1723,13,34,Chocó,Quibdó,
1724,13,34,Cundinamarca,Facatativá,
1725,13,34,Cundinamarca,Mosquera,
1726,13,34,Cundinamarca,Soacha,
1727,13,34,Córdoba,Montería,
1728,13,34,Huila,Neiva,
1729,13,34,Huila,Pitalito,
1730,13,34,Magdalena,Ciénaga,
1731,13,34,Magdalena,Santa Marta,
1732,13,34,Meta,Villavicencio,
1733,13,34,Nariño,Ipiales,
1734,13,34,Nariño,Pasto,
1735,13,34,Norte de Santander,Cúcuta,
1736,13,34,Norte de Santander,Los Patios,
1737,13,34,Norte de Santander,Ocaña,
1738,13,34,Quindío,Armenia,
1739,13,34,Quindío,Montenegro,
1740,13,34,Risaralda,Dos Quebradas,
1741,13,34,Risaralda,Pereira,
1742,13,34,Santander,Bucaramanga,
1743,13,34,Santander,Floridablanca,
1744,13,34,Santander,Girón,
1745,13,34,Santander,Piedecuesta,
1746,13,34,Tolima,Ibagué,
1747,13,34,Valle del Cauca,Cartago,
1748,13,34,Valle del Cauca,Jamundí,
1749,13,34,Valle del Cauca,Palmira,
1750,13,41,Azuay,Cuenca,
1751,13,41,Guayas,Guayaquil,
1752,13,41,Los Ríos,Quevedo,
1753,13,41,Manabí,Portoviejo,
1754,13,41,Pichincha,Quito,
1755,13,41,Pichincha,Santo Domingo de los Colorados,
1756,13,61,Französisch-Guayana,Cayenne,
1757,13,65,Demerara-Berbice Superior,Linden,
1758,13,115,Asunción,Asunción,
1759,13,115,Central,Fernando de la Mora,
1760,13,115,Central,Lambaré,
1761,13,115,Central,San Lorenzo,
1762,13,117,Ancash,Chimbote,
1763,13,117,Ancash,Huaraz,
1764,13,117,Arequipa,Arequipa,
1765,13,117,Ayacucho,Ayacucho,
1766,13,117,Cajamarca,Cajamarca,
1767,13,117,Callao,Callao,
1768,13,117,Ica,Chincha Alta,
1769,13,117,Junín,Huancayo,
1770,13,117,La Libertad,Trujillo,
1771,13,117,Lambayeque,Chiclayo,
1772,13,117,Lima,Barranca,
1773,13,117,Lima (ciudad),Lima,
1774,13,117,Loreto,Iquitos,
1775,13,117,Moquegua,Ilo,
1776,13,117,Piura,Paita,
1777,13,117,Piura,Piura,
1778,13,117,Piura,Talara,
1779,13,117,Puno,Juliaca,
1780,13,117,Puno,Puno,
1781,13,117,Ucayali,Pucallpa,
1782,13,144,Paramaribo,Paramaribo,
1783,13,157,Canelones,Las Piedras,
1784,13,157,Montevideo,Montevideo,
1785,13,157,Paysandú,Paysandú,
1786,13,157,Rivera,Rivera,
1787,13,159,Anzoátegui,Barcelona,
1788,13,159,Anzoátegui,El Tigre,
1789,13,159,Anzoátegui,Puerto La Cruz,
1790,13,159,Anzoátegui,San José de Guanipa,
1791,13,159,Aragua,Cagua,
1792,13,159,Aragua,El Limón,
1793,13,159,Aragua,Maracay,
1794,13,159,Aragua,Palo Negro,
1795,13,159,Aragua,Turmero,
1796,13,159,Bolívar,Bolívar,
1797,13,159,Bolívar,Guayana,
1798,13,159,Carabobo,Guacara,
1799,13,159,Carabobo,Valencia,
1800,13,159,Cojedes,Tinaquillo,
1801,13,159,Distrito Capital,Caracas,
1802,13,159,Guárico,Calabozo,
1803,13,159,Guárico,Valle de La Pascua,
1804,13,159,Lara,Barquisimeto,
1805,13,159,Lara,Carora,
1806,13,159,Miranda,Baruta,
1807,13,159,Miranda,Charallave,
1808,13,159,Miranda,Cúa,
1809,13,159,Miranda,Guarenas,
1810,13,159,Miranda,Guatire,
1811,13,159,Miranda,Petare,
1812,13,159,Monagas,Maturín,
1813,13,159,Mérida,Mérida,
1814,13,159,Nueva Esparta,Porlamar,
1815,13,159,Portuguesa,Acarigua,
1816,13,159,Portuguesa,Guanare,
1817,13,159,Sucre,Cumaná,
1818,13,159,Táchira,San Cristóbal,
1819,13,159,Vargas,Catia La Mar,
1820,13,159,Yaracuy,Yaritagua,
1821,13,159,Zulia,Cabimas,
1822,13,159,Zulia,Maracaibo,
1823,13,159,Zulia,San Carlos del Zulia,
1824,14,1,Herat,Herat,
1825,14,1,Kabul,Kabul,
1826,14,1,Kandahar,Kandahar,
1827,14,1,Nangarhar,Jalalabad,
1828,14,12,Chittagong,Chittagong,
1829,14,12,Chittagong,Coxs B?z?r,
1830,14,12,Daca,Daca,
1831,14,12,Daca,Tongi,
1832,14,12,Khulna,Khulna,
1833,14,12,Rajshahi,Rajshahi,
1834,14,12,Sylhet,Sylhet,
1835,14,25,Chukha,Phuntsholing,
1836,14,70,Andhra Pradesh,Anantapur,
1837,14,70,Andhra Pradesh,Guntur,
1838,14,70,Andhra Pradesh,Kakinada,
1839,14,70,Andhra Pradesh,Nellore,
1840,14,70,Andhra Pradesh,Tirupati,
1841,14,70,Andhra Pradesh,Vijayawada,
1842,14,70,Andhra Pradesh,Visakhapatnam,
1843,14,70,Assam,Guwahati,
1844,14,70,Bengala Occidental,Asansol,
1845,14,70,Bengala Occidental,Baranagar,
1846,14,70,Bengala Occidental,Barasat,
1847,14,70,Bengala Occidental,Barddhaman,
1848,14,70,Bengala Occidental,Bhatpara,
1849,14,70,Bengala Occidental,Durgapur,
1850,14,70,Bengala Occidental,Kamarhati,
1851,14,70,Bengala Occidental,Kulti,
1852,14,70,Bengala Occidental,Naihati,
1853,14,70,Bengala Occidental,Panihati,
1854,14,70,Bihar,Aurangabad,
1855,14,70,Bihar,Bihar Sharif,
1856,14,70,Bihar,Darbhanga,
1857,14,70,Bihar,Gaya,
1858,14,70,Bihar,Muzaffarpur,
1859,14,70,Bihar,Patna,
1860,14,70,Chandigarh,Chandigarh,
1861,14,70,Chhattisgarh,Bhilai,
1862,14,70,Chhattisgarh,Durg,
1863,14,70,Chhattisgarh,Korba,
1864,14,70,Chhattisgarh,Kota,
1865,14,70,Chhattisgarh,Raipur,
1866,14,70,Delhi,Delhi,
1867,14,70,Delhi,New Delhi,
1868,14,70,Guyarat,Bhavnagar,
1869,14,70,Guyarat,Jamnagar,
1870,14,70,Guyarat,Jodhpur,
1871,14,70,Guyarat,Rajkot,
1872,14,70,Guyarat,Surat,
1873,14,70,Guyarat,Vadodara,
1874,14,70,Haryana,Faridabad,
1875,14,70,Haryana,Gorakhpur,
1876,14,70,Haryana,Hisar,
1877,14,70,Haryana,Karnal,
1878,14,70,Haryana,Panipat,
1879,14,70,Haryana,Rohtak,
1880,14,70,Haryana,Sonipat,
1881,14,70,Jammu y Cachemira,Jammu,
1882,14,70,Jammu y Cachemira,Srinagar,
1883,14,70,Jharkhand,Bokaro,
1884,14,70,Jharkhand,Jamshedpur,
1885,14,70,Jharkhand,Ranchi,
1886,14,70,Karnataka,Bangalore,
1887,14,70,Karnataka,Belgaum,
1888,14,70,Karnataka,Bellary,
1889,14,70,Karnataka,Bijapur,
1890,14,70,Karnataka,Gulbarga,
1891,14,70,Karnataka,Hubli,
1892,14,70,Karnataka,Mangalore,
1893,14,70,Karnataka,Mysore,
1894,14,70,Karnataka,Shimoga,
1895,14,70,Karnataka,Tumkur,
1896,14,70,Kerala,Kochi,
1897,14,70,Kerala,Kollam,
1898,14,70,Kerala,Kozhikode,
1899,14,70,Kerala,Thiruvananthapuram,
1900,14,70,Madhya Pradesh,Bhopal,
1901,14,70,Madhya Pradesh,Dewas,
1902,14,70,Madhya Pradesh,Gwalior,
1903,14,70,Madhya Pradesh,Indore,
1904,14,70,Madhya Pradesh,Jabalpur,
1905,14,70,Madhya Pradesh,Mau,
1906,14,70,Madhya Pradesh,Ratlam,
1907,14,70,Madhya Pradesh,Satna,
1908,14,70,Madhya Pradesh,Ujjain,
1909,14,70,Maharashtra,Akola,
1910,14,70,Maharashtra,Amravati,
1911,14,70,Maharashtra,Aurangabad,
1912,14,70,Maharashtra,Bhiwandi,
1913,14,70,Maharashtra,Dhule,
1914,14,70,Maharashtra,Durgapur,
1915,14,70,Maharashtra,Ichalkaranji,
1916,14,70,Maharashtra,Jalna,
1917,14,70,Maharashtra,Kalyan,
1918,14,70,Maharashtra,Kolhapur,
1919,14,70,Maharashtra,Latur,
1920,14,70,Maharashtra,Malegaon,
1921,14,70,Maharashtra,Mumbai,
1922,14,70,Maharashtra,Nagpur,
1923,14,70,Maharashtra,Nasik,
1924,14,70,Maharashtra,Parbhani,
1925,14,70,Maharashtra,Pimpri,
1926,14,70,Maharashtra,Pune,
1927,14,70,Maharashtra,Sangli,
1928,14,70,Maharashtra,Solapur,
1929,14,70,Maharashtra,Thane,
1930,14,70,Maharashtra,Ulhasnagar,
1931,14,70,Manipur,Imphal,
1932,14,70,Odisha,Bhubaneswar,
1933,14,70,Odisha,Brahmapur,
1934,14,70,Odisha,Cuttack,
1935,14,70,Puducherry,Puducherry,
1936,14,70,Punyab,Amritsar,
1937,14,70,Punyab,Bhatinda,
1938,14,70,Punyab,Ludhiana,
1939,14,70,Punyab,Patiala,
1940,14,70,Rajastán,Ajmer,
1941,14,70,Rajastán,Bharatpur,
1942,14,70,Rajastán,Bhilwara,
1943,14,70,Rajastán,Bikaner,
1944,14,70,Rajastán,Fatehpur,
1945,14,70,Rajastán,Ganganagar,
1946,14,70,Rajastán,Jaipur,
1947,14,70,Rajastán,Jodhpur,
1948,14,70,Rajastán,Kota,
1949,14,70,Rajastán,Raipur,
1950,14,70,Tamil Nadu,Ambattur,
1951,14,70,Tamil Nadu,Avadi,
1952,14,70,Tamil Nadu,Chennai,
1953,14,70,Tamil Nadu,Coimbatore,
1954,14,70,Tamil Nadu,Madurai,
1955,14,70,Tamil Nadu,Nagercoil,
1956,14,70,Tamil Nadu,Salem,
1957,14,70,Tamil Nadu,Thanjavur,
1958,14,70,Tamil Nadu,Tiruchchirappalli,
1959,14,70,Tamil Nadu,Tirunelveli,
1960,14,70,Tamil Nadu,Tiruppur,
1961,14,70,Telangana,Hyderabad,
1962,14,70,Telangana,Karimnagar,
1963,14,70,Telangana,Kukatpalli,
1964,14,70,Telangana,Nizamabad,
1965,14,70,Telangana,Warangal,
1966,14,70,Tripura,Udaipur,
1967,14,70,Uttar Pradesh,Agra,
1968,14,70,Uttar Pradesh,Aligarh,
1969,14,70,Uttar Pradesh,Allahabad,
1970,14,70,Uttar Pradesh,Bareilly,
1971,14,70,Uttar Pradesh,Bilaspur,
1972,14,70,Uttar Pradesh,Etawah,
1973,14,70,Uttar Pradesh,Firozabad,
1974,14,70,Uttar Pradesh,Ghaziabad,
1975,14,70,Uttar Pradesh,Gorakhpur,
1976,14,70,Uttar Pradesh,Hapur,
1977,14,70,Uttar Pradesh,Jhansi,
1978,14,70,Uttar Pradesh,Kanpur,
1979,14,70,Uttar Pradesh,Lucknow,
1980,14,70,Uttar Pradesh,Mathura,
1981,14,70,Uttar Pradesh,Mau,
1982,14,70,Uttar Pradesh,Meerut,
1983,14,70,Uttar Pradesh,Mirzapur,
1984,14,70,Uttar Pradesh,Moradabad,
1985,14,70,Uttar Pradesh,Saharanpur,
1986,14,70,Uttar Pradesh,Shahjahanpur,
1987,14,70,Uttar Pradesh,Varanasi,
1988,14,70,Uttarakhand,Dehra Dun,
1989,14,70,Uttarakhand,Raipur,
1990,14,70,Uttarakhand,Srinagar,
1991,14,74,Ardebil,Ardebil,
1992,14,74,Bushehr,Borazjan,
1993,14,74,Fars,Fasa,
1994,14,74,Fars,Kazerun,
1995,14,74,Fars,Shiraz,
1996,14,74,Golestán,Gorgan,
1997,14,74,Guilán,Bandar-e Anzali,
1998,14,74,Guilán,Rasht,
1999,14,74,Hamadán,Hamadán,
2000,14,74,Hamadán,Malayer,
2001,14,74,Hormozgán,Bandar Abbas,
2002,14,74,Ilam,Ilam,
2003,14,74,Isfahán,Kashan,
2004,14,74,Isfahán,Khomeynishahr,
2005,14,74,Isfahán,Najafabad,
2006,14,74,Isfahán,Shahreza,
2007,14,74,Jorasán Razaví,Mashhad,
2008,14,74,Jorasán Razaví,Neyshabur,
2009,14,74,Jorasán Razaví,Quchan,
2010,14,74,Jorasán Razaví,Sabzevar,
2011,14,74,Jorasán Razaví,Torbat-e Heydariyeh,
2012,14,74,Jorasán del Sur,Birjand,
2013,14,74,Juzestán,Abadan,
2014,14,74,Juzestán,Ahvaz,
2015,14,74,Juzestán,Behbahan,
2016,14,74,Juzestán,Khorramshahr,
2017,14,74,Juzestán,Masjed Soleyman,
2018,14,74,Juzestán,Shushtar,
2019,14,74,Kerman,Kerman,
2020,14,74,Kerman,Rafsanjan,
2021,14,74,Kermanshah,Javanrud,
2022,14,74,Kermanshah,Kermanshah,
2023,14,74,Kurdistán,Sanandaj,
2024,14,74,Kurdistán,Saqqez,
2025,14,74,Lorestan,Aligudarz,
2026,14,74,Lorestan,Borujerd,
2027,14,74,Lorestan,Khorramabad,
2028,14,74,Markazí,Arak,
2029,14,74,Markazí,Saveh,
2030,14,74,Mazandarán,Amol,
2031,14,74,Mazandarán,Babol,
2032,14,74,Mazandarán,Behshahr,
2033,14,74,Mazandarán,Sari,
2034,14,74,Qazvín,Qazvín,
2035,14,74,Qazvín,Takestan,
2036,14,74,Qom,Qom,
2037,14,74,Semnán,Semnán,
2038,14,74,Sistán y Baluchistán,Iranshahr,
2039,14,74,Sistán y Baluchistán,Zabol,
2040,14,74,Sistán y Baluchistán,Zahedan,
2041,14,74,Teherán,Shahriar,
2042,14,74,Teherán,Teherán,
2043,14,74,Teherán,Varamin,
2044,14,74,Yazd,Yazd,
2045,14,74,Zanyán,Zanyán,
2046,14,105,Central,Kathmandu,
2047,14,112,Baluchistán,Quetta,
2048,14,112,Jaiber Pajtunjuá,Mardan,
2049,14,112,Jaiber Pajtunjuá,Peshawar,
2050,14,112,Punyab,Bahawalpur,
2051,14,112,Punyab,Gujranwala,
2052,14,112,Punyab,Gujrat,
2053,14,112,Punyab,Lahore,
2054,14,112,Punyab,Multan,
2055,14,112,Punyab,Rawalpindi,
2056,14,112,Punyab,Sargodha,
2057,14,112,Punyab,Sialkot,
2058,14,112,Sind,Hyderabad,
2059,14,112,Sind,Sukkur,
2060,14,112,Territorio de la Capital Federal,Islamabad,
2061,14,137,Occidental,Colombo,
2062,15,49,Alabama,Auburn,36830.0
2063,15,49,Alabama,Decatur,35601.0
2064,15,49,Alabama,Florence,35630.0
2065,15,49,Alabama,Hoover,35244.0
2066,15,49,Alabama,Huntsville,35810.0
2067,15,49,Alabama,Mobile,36608.0
2068,15,49,Alabama,Montgomery,36116.0
2069,15,49,Alabama,Tuscaloosa,35401.0
2070,15,49,Arkansas,Conway,72032.0
2071,15,49,Arkansas,Fayetteville,72701.0
2072,15,49,Arkansas,Hot Springs,71901.0
2073,15,49,Arkansas,Jonesboro,72401.0
2074,15,49,Arkansas,Little Rock,72209.0
2075,15,49,Arkansas,Pine Bluff,71603.0
2076,15,49,Arkansas,Springdale,72762.0
2077,15,49,Arkansas,Texarkana,71854.0
2078,15,49,Carolina del Norte,Asheville,28806.0
2079,15,49,Carolina del Norte,Burlington,27217.0
2080,15,49,Carolina del Norte,Cary,27511.0
2081,15,49,Carolina del Norte,Charlotte,28205.0
2082,15,49,Carolina del Norte,Concord,28027.0
2083,15,49,Carolina del Norte,Durham,27707.0
2084,15,49,Carolina del Norte,Fayetteville,28314.0
2085,15,49,Carolina del Norte,Gastonia,28052.0
2086,15,49,Carolina del Norte,Greensboro,27405.0
2087,15,49,Carolina del Norte,Greenville,27834.0
2088,15,49,Carolina del Norte,Hickory,28601.0
2089,15,49,Carolina del Norte,Jacksonville,28540.0
2090,15,49,Carolina del Norte,Monroe,28110.0
2091,15,49,Carolina del Norte,Raleigh,27604.0
2092,15,49,Carolina del Norte,Thomasville,27360.0
2093,15,49,Carolina del Norte,Wilmington,28403.0
2094,15,49,Carolina del Norte,Wilson,27893.0
2095,15,49,Carolina del Sur,Columbia,29203.0
2096,15,49,Carolina del Sur,Florence,29501.0
2097,15,49,Carolina del Sur,Mount Pleasant,29464.0
2098,15,49,Carolina del Sur,North Charleston,29406.0
2099,15,49,Carolina del Sur,Rock Hill,29730.0
2100,15,49,Carolina del Sur,Summerville,29483.0
2101,15,49,Florida,Apopka,32712.0
2102,15,49,Florida,Boca Raton,33433.0
2103,15,49,Florida,Boynton Beach,33437.0
2104,15,49,Florida,Coral Springs,33065.0
2105,15,49,Florida,Daytona Beach,32114.0
2106,15,49,Florida,Delray Beach,33445.0
2107,15,49,Florida,Deltona,32725.0
2108,15,49,Florida,Fort Lauderdale,33311.0
2109,15,49,Florida,Hialeah,33012.0
2110,15,49,Florida,Hollywood,33021.0
2111,15,49,Florida,Homestead,33030.0
2112,15,49,Florida,Jacksonville,32216.0
2113,15,49,Florida,Jupiter,33458.0
2114,15,49,Florida,Kissimmee,34741.0
2115,15,49,Florida,Lakeland,33801.0
2116,15,49,Florida,Margate,33063.0
2117,15,49,Florida,Miami,33142.0
2118,15,49,Florida,Miami,33178.0
2119,15,49,Florida,Miami,33180.0
2120,15,49,Florida,Miramar,33023.0
2121,15,49,Florida,North Miami,33161.0
2122,15,49,Florida,Orlando,32839.0
2123,15,49,Florida,Ormond Beach,32174.0
2124,15,49,Florida,Palm Coast,32137.0
2125,15,49,Florida,Pembroke Pines,33024.0
2126,15,49,Florida,Pensacola,32503.0
2127,15,49,Florida,Plantation,33317.0
2128,15,49,Florida,Pompano Beach,33068.0
2129,15,49,Florida,Port Saint Lucie,34952.0
2130,15,49,Florida,Saint Petersburg,33710.0
2131,15,49,Florida,Sanford,32771.0
2132,15,49,Florida,Tallahassee,32303.0
2133,15,49,Florida,Tamarac,33319.0
2134,15,49,Florida,Tampa,33614.0
2135,15,49,Florida,West Palm Beach,33407.0
2136,15,49,Georgia,Athens,30605.0
2137,15,49,Georgia,Atlanta,30318.0
2138,15,49,Georgia,Columbus,31907.0
2139,15,49,Georgia,East Point,30344.0
2140,15,49,Georgia,Macon,31204.0
2141,15,49,Georgia,Marietta,30062.0
2142,15,49,Georgia,Roswell,30076.0
2143,15,49,Georgia,Sandy Springs,30328.0
2144,15,49,Georgia,Smyrna,30080.0
2145,15,49,Georgia,Warner Robins,31088.0
2146,15,49,Georgia,Woodstock,30188.0
2147,15,49,Kentucky,Bowling Green,42104.0
2148,15,49,Kentucky,Florence,41042.0
2149,15,49,Kentucky,Georgetown,40324.0
2150,15,49,Kentucky,Henderson,42420.0
2151,15,49,Kentucky,Louisville,40214.0
2152,15,49,Kentucky,Murray,42071.0
2153,15,49,Kentucky,Owensboro,42301.0
2154,15,49,Kentucky,Richmond,40475.0
2155,15,49,Luisiana,Bossier City,71111.0
2156,15,49,Luisiana,Kenner,70065.0
2157,15,49,Luisiana,Lafayette,70506.0
2158,15,49,Luisiana,Lake Charles,70601.0
2159,15,49,Luisiana,Monroe,71203.0
2160,15,49,Misisipi,Gulfport,39503.0
2161,15,49,Misisipi,Hattiesburg,39401.0
2162,15,49,Misisipi,Jackson,39212.0
2163,15,49,Misisipi,Southaven,38671.0
2164,15,49,Tennessee,Bristol,37620.0
2165,15,49,Tennessee,Chattanooga,37421.0
2166,15,49,Tennessee,Clarksville,37042.0
2167,15,49,Tennessee,Columbia,38401.0
2168,15,49,Tennessee,Franklin,37064.0
2169,15,49,Tennessee,Hendersonville,37075.0
2170,15,49,Tennessee,Jackson,38301.0
2171,15,49,Tennessee,Johnson City,37604.0
2172,15,49,Tennessee,Knoxville,37918.0
2173,15,49,Tennessee,Líbano,37087.0
2174,15,49,Tennessee,Memphis,38109.0
2175,15,49,Tennessee,Murfreesboro,37130.0
2176,15,49,Tennessee,Nashville,37211.0
2177,15,49,Tennessee,Smyrna,37167.0
2178,15,49,Virginia,Alexandria,22304.0
2179,15,49,Virginia,Arlington,22204.0
2180,15,49,Virginia,Charlottesville,22901.0
2181,15,49,Virginia,Chesapeake,23320.0
2182,15,49,Virginia,Hampton,23666.0
2183,15,49,Virginia,Harrisonburg,22801.0
2184,15,49,Virginia,Newport News,23602.0
2185,15,49,Virginia,Richmond,23223.0
2186,15,49,Virginia,Salem,24153.0
2187,15,49,Virginia,Springfield,22153.0
2188,15,49,Virginia,Suffolk,23434.0
2189,15,49,Virginia,Virginia Beach,23464.0
2190,15,49,Virginia,Waynesboro,22980.0
2191,16,27,Nom Pen,Nom Pen,
2192,16,52,Calabarzón,Antipolo,
2193,16,52,Calabarzón,Bacoor,
2194,16,52,Calabarzón,Cainta,
2195,16,52,Calabarzón,Calamba,
2196,16,52,Calabarzón,San Pedro,
2197,16,52,Calabarzón,Taytay,
2198,16,52,Capital Nacional,Caloocan,
2199,16,52,Capital Nacional,Las Pinas,
2200,16,52,Capital Nacional,Makati,
2201,16,52,Capital Nacional,Manila,
2202,16,52,Capital Nacional,Marikina,
2203,16,52,Capital Nacional,Pasig,
2204,16,52,Capital Nacional,Valenzuela,
2205,16,52,Cordillera,Baguio City,
2206,16,52,Luzón Central,Angeles City,
2207,16,52,Luzón Central,San Jose del Monte,
2208,16,52,Mindanao Septentrional,Valencia,
2209,16,52,Visayas Occidental,Bacolod City,
2210,16,71,Aceh,Banda Aceh,
2211,16,71,Bali,Denpasar,
2212,16,71,Bengkulu,Bengkulu,
2213,16,71,Borneo Meridional,Banjarmasin,
2214,16,71,Borneo Occidental,Pontianak,
2215,16,71,Célebes Central,Palu,
2216,16,71,Célebes Septentrional,Manado,
2217,16,71,Célebes Suroriental,Kendari,
2218,16,71,Jambi,Jambi,
2219,16,71,Java Central,Pekalongan,
2220,16,71,Java Central,Purwokerto,
2221,16,71,Java Central,Semarang,
2222,16,71,Java Central,Surakarta,
2223,16,71,Java Central,Tegal,
2224,16,71,Java Occidental,Bandung,
2225,16,71,Java Occidental,Bekasi,
2226,16,71,Java Occidental,Bogor,
2227,16,71,Java Occidental,Cirebon,
2228,16,71,Java Occidental,Depok,
2229,16,71,Java Occidental,Sukabumi,
2230,16,71,Java Occidental,Tangerang,
2231,16,71,Java Occidental,Tasikmalaya,
2232,16,71,Java Oriental,Jember,
2233,16,71,Java Oriental,Kediri,
2234,16,71,Java Oriental,Malang,
2235,16,71,Java Oriental,Probolinggo,
2236,16,71,Java Oriental,Surabaya,
2237,16,71,Kalimantan Oriental,Balikpapan,
2238,16,71,Kalimantan Oriental,Samarinda,
2239,16,71,Maluku,Ambon,
2240,16,71,Nusa Tenggara Oriental,Kupang,
2241,16,71,Nusatenggara Occidental,Mataram,
2242,16,71,Papua,Jayapura,
2243,16,71,Riau,Dumai,
2244,16,71,Riau,Pekanbaru,
2245,16,71,Sumatra Meridional,Palembang,
2246,16,71,Sumatra Occidental,Padang,
2247,16,71,Sumatra Septentrional,Binjai,
2248,16,71,Sumatra Septentrional,Medan,
2249,16,71,Sumatra Septentrional,Pematangsiantar,
2250,16,71,Yakarta,Yakarta,
2251,16,71,Yogyakarta,Depok,
2252,16,71,Yogyakarta,Yogyakarta,
2253,16,84,Prefectura de Vientián,Vientiane,
2254,16,93,Kuala Lumpur,Kuala Lumpur,
2255,16,93,Negeri Sembilan,Seremban,
2256,16,93,Pahang,Kuantan,
2257,16,93,Perak,Ipoh,
2258,16,93,Perak,Taiping,
2259,16,93,Sabah,Kota Kinabalu,
2260,16,93,Sabah,Sandakan,
2261,16,93,Sabah,Tawau,
2262,16,93,Sarawak,Kuching,
2263,16,93,Selangor,Shah Alam,
2264,16,93,Trengganu,Kuala Terengganu,
2265,16,102,Rangún,Rangún,
2266,16,134,Singapur,Singapur,
2267,16,146,Bangkok,Bangkok,
2268,16,146,Nakhon Ratchasima,Nakhon Ratchasima,
2269,16,160,Ciudad Ho Chi Minh,Ho Chi Minh City,
2270,16,160,Dà Nang,Da Nang,
2271,16,160,Khánh Hòa,Nha Trang,
2272,16,160,Kiên Giang,Rach Gia,
2273,16,160,T?nh C?n Th?,Can Tho,
2274,16,160,Th? Dô Hà N?i,Hanoi,
2275,17,20,Sudeste,Gaborone,
2276,17,85,Maseru,Maseru,
2277,17,104,Khomas,Windhoek,
2278,17,138,Manzini,Manzini,
2279,17,139,Cabo Occidental,Cape Town,
2280,17,139,Cabo Occidental,George,
2281,17,139,Cabo Occidental,Stellenbosch,
2282,17,139,Cabo Oriental,East London,
2283,17,139,Cabo Oriental,Port Elizabeth,
2284,17,139,Cabo Oriental,Umtata,
2285,17,139,Estado Libre,Bloemfontein,
2286,17,139,Estado Libre,Botshabelo,
2287,17,139,Gauteng,Benoni,
2288,17,139,Gauteng,Boksburg,
2289,17,139,Gauteng,Centurion,
2290,17,139,Gauteng,Johannesburg,
2291,17,139,Gauteng,Krugersdorp,
2292,17,139,Gauteng,Mabopane,
2293,17,139,Gauteng,Pretoria,
2294,17,139,Gauteng,Randfontein,
2295,17,139,Gauteng,Roodepoort,
2296,17,139,Gauteng,Soweto,
2297,17,139,Gauteng,Springs,
2298,17,139,Gauteng,Tembisa,
2299,17,139,Gauteng,Vanderbijlpark,
2300,17,139,Gauteng,Vereeniging,
2301,17,139,Gauteng,Westonaria,
2302,17,139,KwaZulu-Natal,Durban,
2303,17,139,KwaZulu-Natal,Mpumalanga,
2304,17,139,KwaZulu-Natal,Newcastle,
2305,17,139,KwaZulu-Natal,Pietermaritzburg,
2306,17,139,KwaZulu-Natal,Stanger,
2307,17,139,KwaZulu-Natal,Ulundi,
2308,17,139,Limpopo,Giyani,
2309,17,139,Mpumalanga,Volksrust,
2310,17,139,Mpumalanga,eMbalenhle,
2311,17,139,Noroeste,Potchefstroom,
2312,17,139,Noroeste,Rustenburg,
2313,17,139,Noroeste,Vryburg,
2314,18,2,Durrës,Durres,
2315,18,2,Elbasan,Elbasan,
2316,18,2,Korçë,Korce,
2317,18,2,Shkodër,Shkoder,
2318,18,2,Vlorë,Vlore,
2319,18,19,Federación de Bosnia y Herzegovina,Sarajevo,
2320,18,19,Federación de Bosnia y Herzegovina,Tuzla,
2321,18,19,Federación de Bosnia y Herzegovina,Zenica,
2322,18,33,Nicosia,Nicosia,
2323,18,38,Grad Zagreb,Zagreb,
2324,18,38,Osjecko-Baranjska,Osijek,
2325,18,38,Primorje-Gorski Kotar,Rijeka,
2326,18,38,Split-Dalmacia,Split,
2327,18,38,Zagrebacka,Samobor,
2328,18,47,Liubliana,Liubliana,
2329,18,48,Andalucía,Chiclana de la Frontera,
2330,18,48,Andalucía,Cártama,
2331,18,48,Andalucía,Dos Hermanas,
2332,18,48,Andalucía,El Ejido,
2333,18,48,Andalucía,Estepona,
2334,18,48,Andalucía,Fuengirola,
2335,18,48,Andalucía,Granada,
2336,18,48,Andalucía,Huelva,
2337,18,48,Andalucía,Jerez de la Frontera,
2338,18,48,Andalucía,Lora del Río,
2339,18,48,Andalucía,Marbella,
2340,18,48,Andalucía,Mijas,
2341,18,48,Andalucía,San Fernando,
2342,18,48,Andalucía,Seville,
2343,18,48,Andalucía,Torremolinos,
2344,18,48,Asturias,Oviedo,
2345,18,48,Cantabria,Santander,
2346,18,48,Castilla y León,Burgos,
2347,18,48,Castilla y León,Palencia,
2348,18,48,Castilla y León,Ponferrada,
2349,18,48,Castilla y León,Salamanca,
2350,18,48,Castilla y León,Segovia,
2351,18,48,Castilla y León,Valladolid,
2352,18,48,Castilla y León,Zamora,
2353,18,48,Castilla-La Mancha,Albacete,
2354,18,48,Castilla-La Mancha,Cuenca,
2355,18,48,Castilla-La Mancha,Guadalajara,
2356,18,48,Castilla-La Mancha,Puertollano,
2357,18,48,Castilla-La Mancha,Talavera de la Reina,
2358,18,48,Castilla-La Mancha,Toledo,
2359,18,48,Cataluña,Badalona,
2360,18,48,Cataluña,Barcelona,
2361,18,48,Cataluña,Castelldefels,
2362,18,48,Cataluña,El Prat de Llobregat,
2363,18,48,Cataluña,Girona,
2364,18,48,Cataluña,Granollers,
2365,18,48,Cataluña,Manresa,
2366,18,48,Cataluña,Reus,
2367,18,48,Cataluña,Rubí,
2368,18,48,Cataluña,Sabadell,
2369,18,48,Cataluña,Sant Boi de Llobregat,
2370,18,48,Cataluña,Tarragona,
2371,18,48,Ceuta,Ceuta,
2372,18,48,Extremadura,Badajoz,
2373,18,48,Galicia,Lugo,
2374,18,48,Galicia,Ponteareas,
2375,18,48,Galicia,Pontevedra,
2376,18,48,Galicia,Santiago de Compostela,
2377,18,48,Galicia,Vigo,
2378,18,48,Islas Baleares,Palma de Mallorca,
2379,18,48,Madrid,Alcobendas,
2380,18,48,Madrid,Coslada,
2381,18,48,Madrid,El Escorial,
2382,18,48,Madrid,Fuenlabrada,
2383,18,48,Madrid,Getafe,
2384,18,48,Madrid,Las Rozas de Madrid,
2385,18,48,Madrid,Madrid,
2386,18,48,Madrid,Majadahonda,
2387,18,48,Madrid,Parla,
2388,18,48,Madrid,Valdemoro,
2389,18,48,Melilla,Melilla,
2390,18,48,Murcia,Cartagena,
2391,18,48,Murcia,Lorca,
2392,18,48,Murcia,Molina de Segura,
2393,18,48,Murcia,Murcia,
2394,18,48,Navarra,Pamplona,
2395,18,48,País Vasco,Barakaldo,
2396,18,48,País Vasco,Bilbao,
2397,18,48,País Vasco,Getxo,
2398,18,48,País Vasco,Irun,
2399,18,48,País Vasco,San Sebastian,
2400,18,48,País Vasco,Vitoria,
2401,18,48,Valenciana,Alicante,
2402,18,48,Valenciana,Benidorm,
2403,18,48,Valenciana,Elda,
2404,18,48,Valenciana,Elx,
2405,18,48,Valenciana,Gandia,
2406,18,48,Valenciana,Orihuela,
2407,18,48,Valenciana,Sagunto,
2408,18,48,Valenciana,Torrevieja,
2409,18,48,Valenciana,Valencia,
2410,18,58,Attica,Athens,
2411,18,76,Abruzos,Chieti,
2412,18,76,Abruzos,Pescara,
2413,18,76,Abruzos,Teramo,
2414,18,76,Apulia,Altamura,
2415,18,76,Apulia,Andria,
2416,18,76,Apulia,Bari,
2417,18,76,Apulia,Barletta,
2418,18,76,Apulia,Bisceglie,
2419,18,76,Apulia,Bitonto,
2420,18,76,Apulia,Brindisi,
2421,18,76,Apulia,Cerignola,
2422,18,76,Apulia,Foggia,
2423,18,76,Apulia,Lecce,
2424,18,76,Apulia,Manfredonia,
2425,18,76,Apulia,Molfetta,
2426,18,76,Apulia,San Severo,
2427,18,76,Apulia,Taranto,
2428,18,76,Apulia,Trani,
2429,18,76,Basilicata,Potenza,
2430,18,76,Calabria,Cosenza,
2431,18,76,Calabria,Crotone,
2432,18,76,Campania,Acerra,
2433,18,76,Campania,Afragola,
2434,18,76,Campania,Avellino,
2435,18,76,Campania,Battipaglia,
2436,18,76,Campania,Benevento,
2437,18,76,Campania,Boscoreale,
2438,18,76,Campania,Capua,
2439,18,76,Campania,Caserta,
2440,18,76,Campania,Casoria,
2441,18,76,Campania,Castellammare di Stabia,
2442,18,76,Campania,Cercola,
2443,18,76,Campania,Ercolano,
2444,18,76,Campania,Marano di Napoli,
2445,18,76,Campania,Naples,
2446,18,76,Campania,Portici,
2447,18,76,Campania,Pozzuoli,
2448,18,76,Campania,Torre del Greco,
2449,18,76,Cerdeña,Cagliari,
2450,18,76,Cerdeña,Quartu Sant'Elena,
2451,18,76,Cerdeña,Sassari,
2452,18,76,Emilia-Romaña,Bologna,
2453,18,76,Emilia-Romaña,Carpi,
2454,18,76,Emilia-Romaña,Cesena,
2455,18,76,Emilia-Romaña,Faenza,
2456,18,76,Emilia-Romaña,Ferrara,
2457,18,76,Emilia-Romaña,Imola,
2458,18,76,Emilia-Romaña,Modena,
2459,18,76,Emilia-Romaña,Parma,
2460,18,76,Emilia-Romaña,Piacenza,
2461,18,76,Emilia-Romaña,Ravenna,
2462,18,76,Emilia-Romaña,Reggio nell'Emilia,
2463,18,76,Emilia-Romaña,Rimini,
2464,18,76,Emilia-Romaña,Vignola,
2465,18,76,Friuli-Venecia Julia,Trieste,
2466,18,76,Lacio,Aprilia,
2467,18,76,Lacio,Civitavecchia,
2468,18,76,Lacio,Fiumicino,
2469,18,76,Lacio,Guidonia Montecelio,
2470,18,76,Lacio,Latina,
2471,18,76,Lacio,Pomezia,
2472,18,76,Lacio,Rome,
2473,18,76,Lacio,Tivoli,
2474,18,76,Lacio,Velletri,
2475,18,76,Lacio,Viterbo,
2476,18,76,Liguria,Genoa,
2477,18,76,Liguria,La Spezia,
2478,18,76,Liguria,Savona,
2479,18,76,Lombardía,Bergamo,
2480,18,76,Lombardía,Brescia,
2481,18,76,Lombardía,Busto Arsizio,
2482,18,76,Lombardía,Cinisello Balsamo,
2483,18,76,Lombardía,Como,
2484,18,76,Lombardía,Cremona,
2485,18,76,Lombardía,Gallarate,
2486,18,76,Lombardía,Legnano,
2487,18,76,Lombardía,Milan,
2488,18,76,Lombardía,Monza,
2489,18,76,Lombardía,Sesto San Giovanni,
2490,18,76,Lombardía,Treviglio,
2491,18,76,Lombardía,Varese,
2492,18,76,Lombardía,Vigevano,
2493,18,76,Marche,Ancona,
2494,18,76,Marche,Falconara Marittima,
2495,18,76,Marche,Fano,
2496,18,76,Marche,Pesaro,
2497,18,76,Piamonte,Alessandria,
2498,18,76,Piamonte,Asti,
2499,18,76,Piamonte,Cuneo,
2500,18,76,Piamonte,Moncalieri,
2501,18,76,Piamonte,Novara,
2502,18,76,Piamonte,Turin,
2503,18,76,Sicilia,Acireale,
2504,18,76,Sicilia,Agrigento,
2505,18,76,Sicilia,Catania,
2506,18,76,Sicilia,Gela,
2507,18,76,Sicilia,Marsala,
2508,18,76,Sicilia,Messina,
2509,18,76,Sicilia,Modica,
2510,18,76,Sicilia,Palermo,
2511,18,76,Sicilia,Ragusa,
2512,18,76,Sicilia,Trapani,
2513,18,76,Sicilia,Vittoria,
2514,18,76,Toscana,Arezzo,
2515,18,76,Toscana,Capannori,
2516,18,76,Toscana,Carrara,
2517,18,76,Toscana,Florence,
2518,18,76,Toscana,Grosseto,
2519,18,76,Toscana,Lucca,
2520,18,76,Toscana,Marina di Carrara,
2521,18,76,Toscana,Massa,
2522,18,76,Toscana,Montecatini Terme,
2523,18,76,Toscana,Pisa,
2524,18,76,Toscana,Pistoia,
2525,18,76,Toscana,Prato,
2526,18,76,Toscana,Siena,
2527,18,76,Trentino-Alto Adigio,Bolzano,
2528,18,76,Trentino-Alto Adigio,Trento,
2529,18,76,Umbría,Foligno,
2530,18,76,Umbría,Perugia,
2531,18,76,Véneto,Chioggia,
2532,18,76,Véneto,Rovigo,
2533,18,76,Véneto,Treviso,
2534,18,76,Véneto,Venice,
2535,18,76,Véneto,Verona,
2536,18,76,Véneto,Vicenza,
2537,18,91,Bitola,Bitola,
2538,18,91,Kumanovo,Kumanovo,
2539,18,100,Podgorica,Podgorica,
2540,18,119,Aveiro,Feira,
2541,18,119,Braga,Braga,
2542,18,119,Braga,Guimarães,
2543,18,119,Coimbra,Coimbra,
2544,18,119,Lisboa,Amadora,
2545,18,119,Lisboa,Lisbon,
2546,18,119,Lisboa,Loures,
2547,18,119,Lisboa,Odivelas,
2548,18,119,Porto,Porto,
2549,18,119,Porto,Vila Nova de Gaia,
2550,18,119,Setúbal,Arrentela,
2551,19,49,Dakota del Norte,Fargo,58103.0
2552,19,49,Dakota del Sur,Aberdeen,57401.0
2553,19,49,Dakota del Sur,Rapid City,57701.0
2554,19,49,Dakota del Sur,Sioux Falls,57103.0
2555,19,49,Illinois,Arlington Heights,60004.0
2556,19,49,Illinois,Aurora,60505.0
2557,19,49,Illinois,Bloomington,61701.0
2558,19,49,Illinois,Bolingbrook,60440.0
2559,19,49,Illinois,Buffalo Grove,60089.0
2560,19,49,Illinois,Carol Stream,60188.0
2561,19,49,Illinois,Champaign,61821.0
2562,19,49,Illinois,Chicago,60610.0
2563,19,49,Illinois,Chicago,60623.0
2564,19,49,Illinois,Chicago,60653.0
2565,19,49,Illinois,Danville,61832.0
2566,19,49,Illinois,Decatur,62521.0
2567,19,49,Illinois,Des Plaines,60016.0
2568,19,49,Illinois,Elmhurst,60126.0
2569,19,49,Illinois,Evanston,60201.0
2570,19,49,Illinois,Freeport,61032.0
2571,19,49,Illinois,Glenview,60025.0
2572,19,49,Illinois,Highland Park,60035.0
2573,19,49,Illinois,Naperville,60540.0
2574,19,49,Illinois,Normal,61761.0
2575,19,49,Illinois,Oak Park,60302.0
2576,19,49,Illinois,Orland Park,60462.0
2577,19,49,Illinois,Oswego,60543.0
2578,19,49,Illinois,Park Ridge,60068.0
2579,19,49,Illinois,Peoria,61604.0
2580,19,49,Illinois,Quincy,62301.0
2581,19,49,Illinois,Rockford,61107.0
2582,19,49,Illinois,Romeoville,60441.0
2583,19,49,Illinois,Saint Charles,60174.0
2584,19,49,Illinois,Skokie,60076.0
2585,19,49,Illinois,Tinley Park,60477.0
2586,19,49,Illinois,Wheeling,60090.0
2587,19,49,Illinois,Woodstock,60098.0
2588,19,49,Indiana,Bloomington,47401.0
2589,19,49,Indiana,Columbus,47201.0
2590,19,49,Indiana,Elkhart,46514.0
2591,19,49,Indiana,Greenwood,46142.0
2592,19,49,Indiana,Indianapolis,46203.0
2593,19,49,Indiana,La Porte,46350.0
2594,19,49,Indiana,Lafayette,47905.0
2595,19,49,Indiana,Lawrence,46226.0
2596,19,49,Indiana,Mishawaka,46544.0
2597,19,49,Indiana,New Albany,47150.0
2598,19,49,Indiana,New Castle,47362.0
2599,19,49,Indiana,Noblesville,46060.0
2600,19,49,Indiana,Portage,46368.0
2601,19,49,Indiana,Richmond,47374.0
2602,19,49,Indiana,South Bend,46614.0
2603,19,49,Iowa,Burlington,52601.0
2604,19,49,Iowa,Cedar Rapids,52402.0
2605,19,49,Iowa,Des Moines,50315.0
2606,19,49,Iowa,Dubuque,52001.0
2607,19,49,Iowa,Marion,52302.0
2608,19,49,Iowa,Urbandale,50322.0
2609,19,49,Iowa,Waterloo,50701.0
2610,19,49,Kansas,Garden City,67846.0
2611,19,49,Kansas,Olathe,66062.0
2612,19,49,Kansas,Overland Park,66212.0
2613,19,49,Kansas,Wichita,67212.0
2614,19,49,Michigan,Ann Arbor,48104.0
2615,19,49,Michigan,Canton,48187.0
2616,19,49,Michigan,Dearborn,48126.0
2617,19,49,Michigan,Dearborn Heights,48127.0
2618,19,49,Michigan,Detroit,48205.0
2619,19,49,Michigan,Detroit,48227.0
2620,19,49,Michigan,Detroit,48234.0
2621,19,49,Michigan,Grand Rapids,49505.0
2622,19,49,Michigan,Holland,49423.0
2623,19,49,Michigan,Jackson,49201.0
2624,19,49,Michigan,Lansing,48911.0
2625,19,49,Michigan,Lincoln Park,48146.0
2626,19,49,Michigan,Midland,48640.0
2627,19,49,Michigan,Mount Pleasant,48858.0
2628,19,49,Michigan,Oak Park,48237.0
2629,19,49,Michigan,Rochester Hills,48307.0
2630,19,49,Michigan,Roseville,48066.0
2631,19,49,Michigan,Royal Oak,48073.0
2632,19,49,Michigan,Saginaw,48601.0
2633,19,49,Michigan,Sterling Heights,48310.0
2634,19,49,Michigan,Taylor,48180.0
2635,19,49,Michigan,Trenton,48183.0
2636,19,49,Michigan,Westland,48185.0
2637,19,49,Minnesota,Apple Valley,55124.0
2638,19,49,Minnesota,Coon Rapids,55433.0
2639,19,49,Minnesota,Cottage Grove,55016.0
2640,19,49,Minnesota,Eagan,55122.0
2641,19,49,Minnesota,Lakeville,55044.0
2642,19,49,Minnesota,Maple Grove,55369.0
2643,19,49,Minnesota,Minneapolis,55407.0
2644,19,49,Minnesota,Moorhead,56560.0
2645,19,49,Minnesota,Rochester,55901.0
2646,19,49,Minnesota,Roseville,55113.0
2647,19,49,Minnesota,Saint Cloud,56301.0
2648,19,49,Minnesota,Saint Paul,55106.0
2649,19,49,Minnesota,Woodbury,55125.0
2650,19,49,Misuri,Columbia,65203.0
2651,19,49,Misuri,Gladstone,64118.0
2652,19,49,Misuri,Independence,64055.0
2653,19,49,Misuri,Kirkwood,63122.0
2654,19,49,Misuri,Saint Charles,63301.0
2655,19,49,Misuri,Saint Louis,63116.0
2656,19,49,Misuri,Saint Peters,63376.0
2657,19,49,Misuri,Springfield,65807.0
2658,19,49,Nebraska,Fremont,68025.0
2659,19,49,Nebraska,Grand Island,68801.0
2660,19,49,Nebraska,Norfolk,68701.0
2661,19,49,Nebraska,Omaha,68104.0
2662,19,49,Oklahoma,Broken Arrow,74012.0
2663,19,49,Oklahoma,Edmond,73034.0
2664,19,49,Oklahoma,Lawton,73505.0
2665,19,49,Oklahoma,Muskogee,74403.0
2666,19,49,Oklahoma,Norman,73071.0
2667,19,49,Oklahoma,Oklahoma City,73120.0
2668,19,49,Oklahoma,Tulsa,74133.0
2669,19,49,Texas,Abilene,79605.0
2670,19,49,Texas,Allen,75002.0
2671,19,49,Texas,Amarillo,79109.0
2672,19,49,Texas,Arlington,76017.0
2673,19,49,Texas,Austin,78745.0
2674,19,49,Texas,Beaumont,77705.0
2675,19,49,Texas,Bedford,76021.0
2676,19,49,Texas,Brownsville,78521.0
2677,19,49,Texas,Bryan,77803.0
2678,19,49,Texas,Carrollton,75007.0
2679,19,49,Texas,Cedar Hill,75104.0
2680,19,49,Texas,College Station,77840.0
2681,19,49,Texas,Conroe,77301.0
2682,19,49,Texas,Coppell,75019.0
2683,19,49,Texas,Corpus Christi,78415.0
2684,19,49,Texas,Dallas,75081.0
2685,19,49,Texas,Dallas,75217.0
2686,19,49,Texas,Dallas,75220.0
2687,19,49,Texas,Deer Park,77536.0
2688,19,49,Texas,Edinburg,78539.0
2689,19,49,Texas,El Paso,79907.0
2690,19,49,Texas,Fort Worth,76106.0
2691,19,49,Texas,Frisco,75034.0
2692,19,49,Texas,Garland,75043.0
2693,19,49,Texas,Grand Prairie,75051.0
2694,19,49,Texas,Grapevine,76051.0
2695,19,49,Texas,Haltom City,76117.0
2696,19,49,Texas,Harlingen,78550.0
2697,19,49,Texas,Houston,77036.0
2698,19,49,Texas,Houston,77041.0
2699,19,49,Texas,Houston,77070.0
2700,19,49,Texas,Houston,77095.0
2701,19,49,Texas,Huntsville,77340.0
2702,19,49,Texas,Irving,75061.0
2703,19,49,Texas,La Porte,77571.0
2704,19,49,Texas,Laredo,78041.0
2705,19,49,Texas,League City,77573.0
2706,19,49,Texas,Lubbock,79424.0
2707,19,49,Texas,Mansfield,76063.0
2708,19,49,Texas,Mcallen,78501.0
2709,19,49,Texas,Mesquite,75150.0
2710,19,49,Texas,Missouri City,77489.0
2711,19,49,Texas,Odessa,79762.0
2712,19,49,Texas,Pasadena,77506.0
2713,19,49,Texas,Pearland,77581.0
2714,19,49,Texas,Pharr,78577.0
2715,19,49,Texas,Plano,75023.0
2716,19,49,Texas,Port Arthur,77642.0
2717,19,49,Texas,Richardson,75080.0
2718,19,49,Texas,Round Rock,78664.0
2719,19,49,Texas,San Angelo,76903.0
2720,19,49,Texas,San Antonio,78207.0
2721,19,49,Texas,San Marcos,78666.0
2722,19,49,Texas,Texas City,77590.0
2723,19,49,Texas,The Colony,75056.0
2724,19,49,Texas,Tyler,75701.0
2725,19,49,Texas,Waco,76706.0
2726,19,49,Wisconsin,Appleton,54915.0
2727,19,49,Wisconsin,Eau Claire,54703.0
2728,19,49,Wisconsin,Franklin,53132.0
2729,19,49,Wisconsin,Green Bay,54302.0
2730,19,49,Wisconsin,Kenosha,53142.0
2731,19,49,Wisconsin,La Crosse,54601.0
2732,19,49,Wisconsin,Madison,53711.0
2733,19,49,Wisconsin,Milwaukee,53209.0
2734,19,49,Wisconsin,Sheboygan,53081.0
2735,19,49,Wisconsin,Superior,54880.0
2736,19,49,Wisconsin,Waukesha,53186.0
2737,19,49,Wisconsin,Wausau,54401.0
2738,19,49,Wisconsin,West Allis,53214.0
2739,20,16,Alibori,Kandi,
2740,20,16,Atakora,Natitingou,
2741,20,16,Borgou,Parakou,
2742,20,16,Departamento Atlántico,Ouidah,
2743,20,16,Donga,Djougou,
2744,20,16,Littoral,Cotonou,
2745,20,16,Mono,Lokossa,
2746,20,16,Ouémé,Porto-Novo,
2747,20,23,Centro,Ouagadougou,
2748,20,37,Dix-Huit Montagnes,Man,
2749,20,37,Fromager,Gagnoa,
2750,20,37,Haut-Sassandra,Daloa,
2751,20,37,Lacs,Yamoussoukro,
2752,20,37,Lagunes,Abidjan,
2753,20,37,Savanes,Korhogo,
2754,20,37,Vallée du Bandama,Bouake,
2755,20,57,Ashanti,Kumasi,
2756,20,57,Central,Cape Coast,
2757,20,57,Gran Accra,Accra,
2758,20,57,Septentrional,Tamale,
2759,20,62,Kankan,Kankan,
2760,20,62,Kindia,Kindia,
2761,20,62,Nzérékoré,Nzerekore,
2762,20,64,Bisáu,Bisáu,
2763,20,86,Grand Gedeh,Zwedru,
2764,20,86,Montserrado,Monrovia,
2765,20,94,Bamako,Bamako,
2766,20,94,Kayes,Kayes,
2767,20,94,Mopti,Mopti,
2768,20,94,Sikasso,Sikasso,
2769,20,97,Nouakchott,Nouakchott,
2770,20,107,Abia,Aba,
2771,20,107,Adamawa,Mubi,
2772,20,107,Akwa Ibom,Ikot Ekpene,
2773,20,107,Anambra,Onitsha,
2774,20,107,Bauchi,Bauchi,
2775,20,107,Benue,Makurdi,
2776,20,107,Borno,Maiduguri,
2777,20,107,Cross River,Calabar,
2778,20,107,Cross River,Ugep,
2779,20,107,Delta,Sapele,
2780,20,107,Delta,Warri,
2781,20,107,Ebonyi,Abakaliki,
2782,20,107,Edo,Benin City,
2783,20,107,Enugu,Enugu,
2784,20,107,Gombe,Gombe,
2785,20,107,Imo,Owerri,
2786,20,107,Kaduna,Kaduna,
2787,20,107,Kaduna,Zaria,
2788,20,107,Kano,Kano,
2789,20,107,Katsina,Funtua,
2790,20,107,Katsina,Katsina,
2791,20,107,Kwara,Ilorin,
2792,20,107,Lagos,Lagos,
2793,20,107,Níger,Minna,
2794,20,107,Ogun,Abeokuta,
2795,20,107,Ogun,Shagamu,
2796,20,107,Ondo,Akure,
2797,20,107,Ondo,Owo,
2798,20,107,Osun,Ilesha,
2799,20,107,Oyo,Ibadan,
2800,20,107,Plateau,Jos,
2801,20,107,Ríos,Port Harcourt,
2802,20,107,Sokoto,Sokoto,
2803,20,107,Yobe,Damaturu,
2804,20,107,Zamfara,Gusau,
2805,20,110,Diffa,Nguigmi,
2806,20,110,Maradi,Maradi,
2807,20,110,Niamey,Niamey,
2808,20,110,Zinder,Zinder,
2809,20,126,Occidental,Brikama,
2810,20,131,Dakar,Dakar,
2811,20,131,Saint-Louis,Saint-Louis,
2812,20,131,Thiès,Thies Nones,
2813,20,131,Ziguinchor,Ziguinchor,
2814,20,133,Meridional,Bo,
2815,20,133,Oriental,Koidu,
2816,20,133,Septentrional,Makeni,
2817,20,145,El Aaiún,El Aaiún,
2818,20,150,Central,Sokode,
2819,20,150,Kara,Kara,
2820,20,150,Marítima,Lome,
2821,20,150,Plateaux,Atakpame,
2822,21,5,Al Jawf,Sakaka,
2823,21,5,Ash Sharqiyah,Al Hufuf,
2824,21,5,Ash Sharqiyah,Al Mubarraz,
2825,21,5,Asir,Abha,
2826,21,5,Jizán,Jizán,
2827,21,5,Meca,Jeddah,
2828,21,5,Meca,Mecca,
2829,21,5,Medina,Medina,
2830,21,5,Medina,Yanbu al Bahr,
2831,21,5,Riad,Riyadh,
2832,21,5,Tabuk,Tabuk,
2833,21,8,Lori,Vanadzor,
2834,21,11,Baki,Baku,
2835,21,14,Muharraq,Al Muharraq,
2836,21,44,Ajmán,Ajman,
2837,21,44,Ras al-Jaima,Ras al Khaymah,
2838,21,56,Imericia,K'ut'aisi,
2839,21,56,Tiflis,Tiflis,
2840,21,72,Arbil,Arbil,
2841,21,72,Babilonia,Al Hillah,
2842,21,72,Bagdad,Bagdad,
2843,21,72,Basora,Basra,
2844,21,72,Cadisia,Ad Diwaniyah,
2845,21,72,Di Car,An Nasiriyah,
2846,21,72,Diala,Baqubah,
2847,21,72,Karbala,Karbala,
2848,21,72,Mesena,Al Amarah,
2849,21,72,Nínive,Mosul,
2850,21,72,Saladino,Samarra,
2851,21,75,Central,Hod HaSharon,
2852,21,75,Haifa,Hadera,
2853,21,75,Haifa,Haifa,
2854,21,75,Jerusalén,Jerusalén,
2855,21,75,Meridional,Ashdod,
2856,21,75,Meridional,Ashqelon,
2857,21,75,Meridional,Be'er Sheva,
2858,21,75,Tel Aviv,Bene Beraq,
2859,21,75,Tel Aviv,Holon,
2860,21,75,Tel Aviv,Ramat Aviv,
2861,21,75,Tel Aviv,Ramat Gan,
2862,21,75,Tel Aviv,Tel Aviv,
2863,21,79,Amán,Amman,
2864,21,79,Amán,Wadi as Sir,
2865,21,79,Irbid,Irbid,
2866,21,83,Al Asimah,Kuwait City,
2867,21,90,Beirut,Beirut,
2868,21,90,Líbano del Norte,Tripoli,
2869,21,111,Mascate,Mascate,
2870,21,120,Doha,Doha,
2871,21,135,Ar Raqa,Ar Raqa,
2872,21,135,Dayr az Zawr,Dayr az Zawr,
2873,21,135,Hims,Homs,
2874,21,153,Adana,Adana,
2875,21,153,Adana,Ceyhan,
2876,21,153,Adana,Kozan,
2877,21,153,Adiyaman,Adiyaman,
2878,21,153,Afyonkarahisar,Afyon,
2879,21,153,Aksaray,Aksaray,
2880,21,153,Amasya,Amasya,
2881,21,153,Ankara,Ankara,
2882,21,153,Ankara,Cankaya,
2883,21,153,Ankara,Cubuk,
2884,21,153,Ankara,Etimesgut,
2885,21,153,Ankara,Mamak,
2886,21,153,Ankara,Polatli,
2887,21,153,Ankara,Sincan,
2888,21,153,Antalya,Alanya,
2889,21,153,Antalya,Antalya,
2890,21,153,Ardahan,Ardahan,
2891,21,153,Aydin,Aydin,
2892,21,153,Aydin,Nazilli,
2893,21,153,Balikesir,Balikesir,
2894,21,153,Balikesir,Bandirma,
2895,21,153,Batman,Batman,
2896,21,153,Bingöl,Bingöl,
2897,21,153,Bingöl,Karliova,
2898,21,153,Bolu,Bolu,
2899,21,153,Bursa,Bursa,
2900,21,153,Bursa,Inegol,
2901,21,153,Corum,Corum,
2902,21,153,Denizli,Denizli,
2903,21,153,Diyarbakir,Diyarbakir,
2904,21,153,Düzce,Duzce,
2905,21,153,Elazig,Elazig,
2906,21,153,Erzurum,Erzurum,
2907,21,153,Eskisehir,Eskisehir,
2908,21,153,Estambul,Bagcilar,
2909,21,153,Estambul,Beykoz,
2910,21,153,Estambul,Buyukcekmece,
2911,21,153,Estambul,Esenyurt,
2912,21,153,Estambul,Estambul,
2913,21,153,Estambul,Kartal,
2914,21,153,Estambul,Maltepe,
2915,21,153,Estambul,Silivri,
2916,21,153,Estambul,Umraniye,
2917,21,153,Estambul,Uskudar,
2918,21,153,Gaziantep,Gaziantep,
2919,21,153,Hatay,Antakya,
2920,21,153,Hatay,Iskenderun,
2921,21,153,Igdir,Igdir,
2922,21,153,Isparta,Isparta,
2923,21,153,Izmir,Bornova,
2924,21,153,Izmir,Buca,
2925,21,153,Izmir,Gaziemir,
2926,21,153,Izmir,Izmir,
2927,21,153,Izmir,Menemen,
2928,21,153,Izmir,Torbali,
2929,21,153,Kahramanmara?,Kahramanmara?,
2930,21,153,Karaman,Karaman,
2931,21,153,Kars,Kars,
2932,21,153,Kastamonu,Kastamonu,
2933,21,153,Kayseri,Felahiye,
2934,21,153,Kayseri,Kayseri,
2935,21,153,Kilis,Kilis,
2936,21,153,Kirsehir,Kirsehir,
2937,21,153,Kocaeli,Gebze,
2938,21,153,Kocaeli,Kocaeli,
2939,21,153,Konya,Konya,
2940,21,153,Kütahya,Kütahya,
2941,21,153,Malatya,Malatya,
2942,21,153,Manisa,Akhisar,
2943,21,153,Manisa,Manisa,
2944,21,153,Manisa,Salihli,
2945,21,153,Manisa,Soma,
2946,21,153,Manisa,Turgutlu,
2947,21,153,Mardin,Kiziltepe,
2948,21,153,Mardin,Mardin,
2949,21,153,Mardin,Midyat,
2950,21,153,Mersin,Mersin,
2951,21,153,Mersin,Mezitli,
2952,21,153,Mersin,Tarsus,
2953,21,153,Nevsehir,Nevsehir,
2954,21,153,Nigde,Nigde,
2955,21,153,Ordu,Ordu,
2956,21,153,Osmaniye,Osmaniye,
2957,21,153,Rize,Rize,
2958,21,153,Samsun,Bafra,
2959,21,153,Samsun,Samsun,
2960,21,153,Sanliurfa,Sanliurfa,
2961,21,153,Sanliurfa,Viransehir,
2962,21,153,Siirt,Siirt,
2963,21,153,Sirnak,Cizre,
2964,21,153,Sirnak,Silopi,
2965,21,153,Sivas,Sivas,
2966,21,153,Tekirdag,Corlu,
2967,21,153,Tekirdag,Tekirdag,
2968,21,153,Tokat,Tokat,
2969,21,153,Trebisonda,Trebisonda,
2970,21,153,Usak,Usak,
2971,21,153,Van,Van,
2972,21,153,Yalova,Yalova,
2973,21,153,Çanakkale,Çanakkale,
2974,21,161,Al Hudayda,Al Hudayda,
2975,21,161,Ibb,Ibb,
2976,21,161,Taiz,Taizz,
2977,22,49,Arizona,Avondale,85323.0
2978,22,49,Arizona,Bullhead City,86442.0
2979,22,49,Arizona,Chandler,85224.0
2980,22,49,Arizona,Gilbert,85234.0
2981,22,49,Arizona,Glendale,85301.0
2982,22,49,Arizona,Mesa,85204.0
2983,22,49,Arizona,Peoria,85345.0
2984,22,49,Arizona,Phoenix,85023.0
2985,22,49,Arizona,Scottsdale,85254.0
2986,22,49,Arizona,Sierra Vista,85635.0
2987,22,49,Arizona,Tempe,85281.0
2988,22,49,Arizona,Tucson,85705.0
2989,22,49,Arizona,Yuma,85364.0
2990,22,49,California,Anaheim,92804.0
2991,22,49,California,Antioch,94509.0
2992,22,49,California,Apple Valley,92307.0
2993,22,49,California,Bakersfield,93309.0
2994,22,49,California,Brentwood,94513.0
2995,22,49,California,Burbank,91505.0
2996,22,49,California,Camarillo,93010.0
2997,22,49,California,Chico,95928.0
2998,22,49,California,Chula Vista,91911.0
2999,22,49,California,Citrus Heights,95610.0
3000,22,49,California,Coachella,92236.0
3001,22,49,California,Concord,94521.0
3002,22,49,California,Costa Mesa,92627.0
3003,22,49,California,Danville,94526.0
3004,22,49,California,Davis,95616.0
3005,22,49,California,Dublín,94568.0
3006,22,49,California,El Cajon,92020.0
3007,22,49,California,Encinitas,92024.0
3008,22,49,California,Escondido,92025.0
3009,22,49,California,Fairfield,94533.0
3010,22,49,California,Fresno,93727.0
3011,22,49,California,Hesperia,92345.0
3012,22,49,California,Huntington Beach,92646.0
3013,22,49,California,Inglewood,90301.0
3014,22,49,California,La Mesa,91941.0
3015,22,49,California,Laguna Niguel,92677.0
3016,22,49,California,Lake Elsinore,92530.0
3017,22,49,California,Lake Forest,92630.0
3018,22,49,California,Lakewood,90712.0
3019,22,49,California,Lancaster,93534.0
3020,22,49,California,Lodi,95240.0
3021,22,49,California,Long Beach,90805.0
3022,22,49,California,Los Angeles,90004.0
3023,22,49,California,Los Angeles,90008.0
3024,22,49,California,Los Angeles,90032.0
3025,22,49,California,Los Angeles,90036.0
3026,22,49,California,Los Angeles,90045.0
3027,22,49,California,Los Angeles,90049.0
3028,22,49,California,Manteca,95336.0
3029,22,49,California,Mission Viejo,92691.0
3030,22,49,California,Modesto,95351.0
3031,22,49,California,Montebello,90640.0
3032,22,49,California,Moreno Valley,92553.0
3033,22,49,California,Morgan Hill,95037.0
3034,22,49,California,Murrieta,92563.0
3035,22,49,California,Oakland,94601.0
3036,22,49,California,Oceanside,92054.0
3037,22,49,California,Ontario,91761.0
3038,22,49,California,Oxnard,93030.0
3039,22,49,California,Pasadena,91104.0
3040,22,49,California,Pico Rivera,90660.0
3041,22,49,California,Pomona,91767.0
3042,22,49,California,Rancho Cucamonga,91730.0
3043,22,49,California,Redding,96003.0
3044,22,49,California,Redlands,92374.0
3045,22,49,California,Redondo Beach,90278.0
3046,22,49,California,Redwood City,94061.0
3047,22,49,California,Riverside,92503.0
3048,22,49,California,Roseville,95661.0
3049,22,49,California,Sacramento,95823.0
3050,22,49,California,Salinas,93905.0
3051,22,49,California,San Bernardino,92404.0
3052,22,49,California,San Clemente,92672.0
3053,22,49,California,San Diego,92024.0
3054,22,49,California,San Diego,92037.0
3055,22,49,California,San Diego,92105.0
3056,22,49,California,San Francisco,94109.0
3057,22,49,California,San Francisco,94110.0
3058,22,49,California,San Francisco,94122.0
3059,22,49,California,San Gabriel,91776.0
3060,22,49,California,San Jose,95123.0
3061,22,49,California,San Luis Obispo,93405.0
3062,22,49,California,San Mateo,94403.0
3063,22,49,California,Santa Ana,92704.0
3064,22,49,California,Santa Barbara,93101.0
3065,22,49,California,Santa Clara,95051.0
3066,22,49,California,Santa Maria,93454.0
3067,22,49,California,Stockton,95207.0
3068,22,49,California,Sunnyvale,94086.0
3069,22,49,California,Temecula,92592.0
3070,22,49,California,Thousand Oaks,91360.0
3071,22,49,California,Torrance,90503.0
3072,22,49,California,Vallejo,94591.0
3073,22,49,California,Visalia,93277.0
3074,22,49,California,Westminster,92683.0
3075,22,49,California,Whittier,90604.0
3076,22,49,California,Woodland,95695.0
3077,22,49,California,Yucaipa,92399.0
3078,22,49,Colorado,Arvada,80004.0
3079,22,49,Colorado,Aurora,80013.0
3080,22,49,Colorado,Broomfield,80020.0
3081,22,49,Colorado,Colorado Springs,80906.0
3082,22,49,Colorado,Commerce City,80022.0
3083,22,49,Colorado,Denver,80219.0
3084,22,49,Colorado,Englewood,80112.0
3085,22,49,Colorado,Fort Collins,80525.0
3086,22,49,Colorado,Longmont,80501.0
3087,22,49,Colorado,Louisville,80027.0
3088,22,49,Colorado,Loveland,80538.0
3089,22,49,Colorado,Parker,80134.0
3090,22,49,Colorado,Pueblo,81001.0
3091,22,49,Colorado,Thornton,80229.0
3092,22,49,Idaho,Boise,83704.0
3093,22,49,Idaho,Caldwell,83605.0
3094,22,49,Idaho,Meridian,83642.0
3095,22,49,Idaho,Pocatello,83201.0
3096,22,49,Idaho,Twin Falls,83301.0
3097,22,49,Montana,Billings,59102.0
3098,22,49,Montana,Bozeman,59715.0
3099,22,49,Montana,Great Falls,59405.0
3100,22,49,Montana,Helena,59601.0
3101,22,49,Montana,Missoula,59801.0
3102,22,49,Nevada,Henderson,89015.0
3103,22,49,Nevada,Las Vegas,89115.0
3104,22,49,Nevada,North Las Vegas,89031.0
3105,22,49,Nevada,Reno,89502.0
3106,22,49,Nevada,Sparks,89431.0
3107,22,49,Nuevo México,Albuquerque,87105.0
3108,22,49,Nuevo México,Carlsbad,88220.0
3109,22,49,Nuevo México,Clovis,88101.0
3110,22,49,Nuevo México,Farmington,87401.0
3111,22,49,Nuevo México,Las Cruces,88001.0
3112,22,49,Nuevo México,Rio Rancho,87124.0
3113,22,49,Nuevo México,Santa Fe,87505.0
3114,22,49,Oregón,Eugene,97405.0
3115,22,49,Oregón,Gresham,97030.0
3116,22,49,Oregón,Hillsboro,97123.0
3117,22,49,Oregón,Medford,97504.0
3118,22,49,Oregón,Portland,97206.0
3119,22,49,Oregón,Redmond,97756.0
3120,22,49,Oregón,Salem,97301.0
3121,22,49,Oregón,Springfield,97477.0
3122,22,49,Oregón,Tigard,97224.0
3123,22,49,Utah,Draper,84020.0
3124,22,49,Utah,Layton,84041.0
3125,22,49,Utah,Lehi,84043.0
3126,22,49,Utah,Logan,84321.0
3127,22,49,Utah,Murray,84107.0
3128,22,49,Utah,Orem,84057.0
3129,22,49,Utah,Pleasant Grove,84062.0
3130,22,49,Utah,Provo,84604.0
3131,22,49,Utah,Salt Lake City,84106.0
3132,22,49,Utah,West Jordan,84084.0
3133,22,49,Washington,Auburn,98002.0
3134,22,49,Washington,Bellevue,98006.0
3135,22,49,Washington,Bellingham,98226.0
3136,22,49,Washington,Covington,98042.0
3137,22,49,Washington,Des Moines,98198.0
3138,22,49,Washington,Edmonds,98026.0
3139,22,49,Washington,Everett,98208.0
3140,22,49,Washington,Kent,98031.0
3141,22,49,Washington,Longview,98632.0
3142,22,49,Washington,Marysville,98270.0
3143,22,49,Washington,Olympia,98502.0
3144,22,49,Washington,Pasco,99301.0
3145,22,49,Washington,Redmond,98052.0
3146,22,49,Washington,Renton,98059.0
3147,22,49,Washington,Seattle,98103.0
3148,22,49,Washington,Seattle,98105.0
3149,22,49,Washington,Seattle,98115.0
3150,22,49,Washington,Spokane,99207.0
3151,22,49,Washington,Vancouver,98661.0
3152,23,3,Baden-Wurtemberg,Aalen,
3153,23,3,Baden-Wurtemberg,Bad Waldsee,
3154,23,3,Baden-Wurtemberg,Baden-Baden,
3155,23,3,Baden-Wurtemberg,Eggenstein-Leopoldshafen,
3156,23,3,Baden-Wurtemberg,Freiburg,
3157,23,3,Baden-Wurtemberg,Friedrichshafen,
3158,23,3,Baden-Wurtemberg,Heidelberg,
3159,23,3,Baden-Wurtemberg,Heilbronn,
3160,23,3,Baden-Wurtemberg,Karlsruhe,
3161,23,3,Baden-Wurtemberg,Ludwigsburg,
3162,23,3,Baden-Wurtemberg,Mannheim,
3163,23,3,Baden-Wurtemberg,Offenburg,
3164,23,3,Baden-Wurtemberg,Pforzheim,
3165,23,3,Baden-Wurtemberg,Reutlingen,
3166,23,3,Baden-Wurtemberg,Sindelfingen,
3167,23,3,Baden-Wurtemberg,Stuttgart,
3168,23,3,Baden-Wurtemberg,Ulm,
3169,23,3,Baden-Wurtemberg,Villingen-Schwenningen,
3170,23,3,Baden-Wurtemberg,Waiblingen,
3171,23,3,Baja Sajonia,Celle,
3172,23,3,Baja Sajonia,Cuxhaven,
3173,23,3,Baja Sajonia,Delmenhorst,
3174,23,3,Baja Sajonia,Emden,
3175,23,3,Baja Sajonia,Garbsen,
3176,23,3,Baja Sajonia,Hanover,
3177,23,3,Baja Sajonia,Hildesheim,
3178,23,3,Baja Sajonia,Langen,
3179,23,3,Baja Sajonia,Langenhagen,
3180,23,3,Baja Sajonia,Lohne,
3181,23,3,Baja Sajonia,Munster,
3182,23,3,Baja Sajonia,Oldenburg,
3183,23,3,Baja Sajonia,Wilhelmshaven,
3184,23,3,Baja Sajonia,Wolfsburg,
3185,23,3,Bavaria,Aschaffenburg,
3186,23,3,Bavaria,Augsburg,
3187,23,3,Bavaria,Bamberg,
3188,23,3,Bavaria,Bayreuth,
3189,23,3,Bavaria,Erlangen,
3190,23,3,Bavaria,Günzburg,
3191,23,3,Bavaria,Ingolstadt,
3192,23,3,Bavaria,Munich,
3193,23,3,Bavaria,Neu-Ulm,
3194,23,3,Bavaria,Nuremberg,
3195,23,3,Bavaria,Passau,
3196,23,3,Bavaria,Regensburg,
3197,23,3,Bavaria,Rosenheim,
3198,23,3,Berlín,Berlín,
3199,23,3,Brandenburgo,Brandenburgo,
3200,23,3,Brandenburgo,Cottbus,
3201,23,3,Brandenburgo,Forst,
3202,23,3,Brandenburgo,Ludwigsfelde,
3203,23,3,Brandenburgo,Potsdam,
3204,23,3,Bremen,Bremen,
3205,23,3,Bremen,Bremerhaven,
3206,23,3,Hamburgo,Hamburgo,
3207,23,3,Hesse,Darmstadt,
3208,23,3,Hesse,Frankfurt,
3209,23,3,Hesse,Friedberg,
3210,23,3,Hesse,Fulda,
3211,23,3,Hesse,Kassel,
3212,23,3,Hesse,Langen,
3213,23,3,Hesse,Offenbach,
3214,23,3,Hesse,Wetzlar,
3215,23,3,Hesse,Wiesbaden,
3216,23,3,Mecklemburgo-Pomerania Occidental,Greifswald,
3217,23,3,Mecklemburgo-Pomerania Occidental,Neubrandenburg,
3218,23,3,Mecklemburgo-Pomerania Occidental,Rostock,
3219,23,3,Mecklemburgo-Pomerania Occidental,Schwerin,
3220,23,3,Mecklemburgo-Pomerania Occidental,Stralsund,
3221,23,3,Renania del Norte-Westfalia,Aachen,
3222,23,3,Renania del Norte-Westfalia,Arnsberg,
3223,23,3,Renania del Norte-Westfalia,Bergheim,
3224,23,3,Renania del Norte-Westfalia,Bergisch Gladbach,
3225,23,3,Renania del Norte-Westfalia,Bielefeld,
3226,23,3,Renania del Norte-Westfalia,Bochum,
3227,23,3,Renania del Norte-Westfalia,Bonn,
3228,23,3,Renania del Norte-Westfalia,Borken,
3229,23,3,Renania del Norte-Westfalia,Bottrop,
3230,23,3,Renania del Norte-Westfalia,Castrop-Rauxel,
3231,23,3,Renania del Norte-Westfalia,Cologne,
3232,23,3,Renania del Norte-Westfalia,Detmold,
3233,23,3,Renania del Norte-Westfalia,Dinslaken,
3234,23,3,Renania del Norte-Westfalia,Dormagen,
3235,23,3,Renania del Norte-Westfalia,Dorsten,
3236,23,3,Renania del Norte-Westfalia,Dortmund,
3237,23,3,Renania del Norte-Westfalia,Duisburg,
3238,23,3,Renania del Norte-Westfalia,Ennigerloh,
3239,23,3,Renania del Norte-Westfalia,Erftstadt,
3240,23,3,Renania del Norte-Westfalia,Essen,
3241,23,3,Renania del Norte-Westfalia,Euskirchen,
3242,23,3,Renania del Norte-Westfalia,Gelsenkirchen,
3243,23,3,Renania del Norte-Westfalia,Gladbeck,
3244,23,3,Renania del Norte-Westfalia,Grevenbroich,
3245,23,3,Renania del Norte-Westfalia,Gronau,
3246,23,3,Renania del Norte-Westfalia,Gummersbach,
3247,23,3,Renania del Norte-Westfalia,Hagen,
3248,23,3,Renania del Norte-Westfalia,Halle,
3249,23,3,Renania del Norte-Westfalia,Hamm,
3250,23,3,Renania del Norte-Westfalia,Hattingen,
3251,23,3,Renania del Norte-Westfalia,Herford,
3252,23,3,Renania del Norte-Westfalia,Herne,
3253,23,3,Renania del Norte-Westfalia,Herten,
3254,23,3,Renania del Norte-Westfalia,Hilden,
3255,23,3,Renania del Norte-Westfalia,Iserlohn,
3256,23,3,Renania del Norte-Westfalia,Kerpen,
3257,23,3,Renania del Norte-Westfalia,Krefeld,
3258,23,3,Renania del Norte-Westfalia,Langenfeld,
3259,23,3,Renania del Norte-Westfalia,Leverkusen,
3260,23,3,Renania del Norte-Westfalia,Lippstadt,
3261,23,3,Renania del Norte-Westfalia,Marl,
3262,23,3,Renania del Norte-Westfalia,Menden,
3263,23,3,Renania del Norte-Westfalia,Minden,
3264,23,3,Renania del Norte-Westfalia,Moers,
3265,23,3,Renania del Norte-Westfalia,Oberhausen,
3266,23,3,Renania del Norte-Westfalia,Paderborn,
3267,23,3,Renania del Norte-Westfalia,Pulheim,
3268,23,3,Renania del Norte-Westfalia,Ratingen,
3269,23,3,Renania del Norte-Westfalia,Recklinghausen,
3270,23,3,Renania del Norte-Westfalia,Remscheid,
3271,23,3,Renania del Norte-Westfalia,Rheine,
3272,23,3,Renania del Norte-Westfalia,Siegen,
3273,23,3,Renania del Norte-Westfalia,Solingen,
3274,23,3,Renania del Norte-Westfalia,Stadtlohn,
3275,23,3,Renania del Norte-Westfalia,Stolberg,
3276,23,3,Renania del Norte-Westfalia,Troisdorf,
3277,23,3,Renania del Norte-Westfalia,Unna,
3278,23,3,Renania del Norte-Westfalia,Velbert,
3279,23,3,Renania del Norte-Westfalia,Viersen,
3280,23,3,Renania del Norte-Westfalia,Wetter (Ruhr),
3281,23,3,Renania del Norte-Westfalia,Willich,
3282,23,3,Renania del Norte-Westfalia,Witten,
3283,23,3,Renania del Norte-Westfalia,Wuppertal,
3284,23,3,Renania-Palatinado,Kaiserslautern,
3285,23,3,Renania-Palatinado,Koblenz,
3286,23,3,Renania-Palatinado,Ludwigshafen am Rhein,
3287,23,3,Renania-Palatinado,Mainz,
3288,23,3,Renania-Palatinado,Neuwied,
3289,23,3,Renania-Palatinado,Trier,
3290,23,3,Renania-Palatinado,Worms,
3291,23,3,Sajonia,Chemnitz,
3292,23,3,Sajonia,Dresden,
3293,23,3,Sajonia,Leipzig,
3294,23,3,Sajonia,Zwickau,
3295,23,3,Sajonia-Anhalt,Halle,
3296,23,3,Sajonia-Anhalt,Magdeburg,
3297,23,3,Sajonia-Anhalt,Naumburg,
3298,23,3,Sarre,Neunkirchen,
3299,23,3,Sarre,Schiffweiler,
3300,23,3,Schleswig-Holstein,Flensburg,
3301,23,3,Schleswig-Holstein,Kiel,
3302,23,3,Schleswig-Holstein,Norderstedt,
3303,23,3,Turingia,Erfurt,
3304,23,3,Turingia,Gera,
3305,23,3,Turingia,Jena,
3306,23,3,Turingia,Sonneberg,
3307,23,3,Turingia,Weimar,
3308,23,10,Alta Austria,Linz,
3309,23,10,Alta Austria,Wels,
3310,23,10,Carintia,Klagenfurt,
3311,23,10,Carintia,Villach,
3312,23,10,Salzburgo,Salzburgo,
3313,23,10,Stiria,Graz,
3314,23,10,Stiria,Leoben,
3315,23,10,Tirol,Innsbruck,
3316,23,10,Viena,Viena,
3317,23,26,Amberes,Amberes,
3318,23,26,Amberes,Mechelen,
3319,23,26,Brabante Flamenco,Leuven,
3320,23,26,Bruselas,Bruselas,
3321,23,26,Flanders Occidental,Bruges,
3322,23,26,Flanders Occidental,Kortrijk,
3323,23,26,Flanders Occidental,Roeselare,
3324,23,26,Flanders Oriental,Aalst,
3325,23,26,Flanders Oriental,Ghent,
3326,23,26,Flanders Oriental,Hamme,
3327,23,26,Henao,Charleroi,
3328,23,26,Henao,Mouscron,
3329,23,26,Henao,Tournai,
3330,23,26,Lieja,Seraing,
3331,23,26,Lieja,Verviers,
3332,23,26,Limburgo,Genk,
3333,23,26,Limburgo,Hasselt,
3334,23,26,Limburgo,Peer,
3335,23,26,Namur,Namur,
3336,23,54,Alsacia-Champaña-Ardenas-Lorena,Bar-le-Duc,
3337,23,54,Alsacia-Champaña-Ardenas-Lorena,Chaumont,
3338,23,54,Alsacia-Champaña-Ardenas-Lorena,Colmar,
3339,23,54,Alsacia-Champaña-Ardenas-Lorena,Epinal,
3340,23,54,Alsacia-Champaña-Ardenas-Lorena,Forbach,
3341,23,54,Alsacia-Champaña-Ardenas-Lorena,Haguenau,
3342,23,54,Alsacia-Champaña-Ardenas-Lorena,Hayange,
3343,23,54,Alsacia-Champaña-Ardenas-Lorena,Illkirch-Graffenstaden,
3344,23,54,Alsacia-Champaña-Ardenas-Lorena,Metz,
3345,23,54,Alsacia-Champaña-Ardenas-Lorena,Mulhouse,
3346,23,54,Alsacia-Champaña-Ardenas-Lorena,Nancy,
3347,23,54,Alsacia-Champaña-Ardenas-Lorena,Reims,
3348,23,54,Alsacia-Champaña-Ardenas-Lorena,Saint-Avold,
3349,23,54,Alsacia-Champaña-Ardenas-Lorena,Saint-Dizier,
3350,23,54,Alsacia-Champaña-Ardenas-Lorena,Saint-Louis,
3351,23,54,Alsacia-Champaña-Ardenas-Lorena,Sarreguemines,
3352,23,54,Alsacia-Champaña-Ardenas-Lorena,Schiltigheim,
3353,23,54,Alsacia-Champaña-Ardenas-Lorena,Strasbourg,
3354,23,54,Alsacia-Champaña-Ardenas-Lorena,Thionville,
3355,23,54,Alsacia-Champaña-Ardenas-Lorena,Toul,
3356,23,54,Alsacia-Champaña-Ardenas-Lorena,Troyes,
3357,23,54,Alsacia-Champaña-Ardenas-Lorena,Verdun,
3358,23,54,Aquitania-Lemosín-Poitou-Charentes,Agen,
3359,23,54,Aquitania-Lemosín-Poitou-Charentes,Anglet,
3360,23,54,Aquitania-Lemosín-Poitou-Charentes,Bayonne,
3361,23,54,Aquitania-Lemosín-Poitou-Charentes,Bergerac,
3362,23,54,Aquitania-Lemosín-Poitou-Charentes,Biarritz,
3363,23,54,Aquitania-Lemosín-Poitou-Charentes,Blanquefort,
3364,23,54,Aquitania-Lemosín-Poitou-Charentes,Bordeaux,
3365,23,54,Aquitania-Lemosín-Poitou-Charentes,Bressuire,
3366,23,54,Aquitania-Lemosín-Poitou-Charentes,Brive-la-Gaillarde,
3367,23,54,Aquitania-Lemosín-Poitou-Charentes,Cognac,
3368,23,54,Aquitania-Lemosín-Poitou-Charentes,Dax,
3369,23,54,Aquitania-Lemosín-Poitou-Charentes,Gradignan,
3370,23,54,Aquitania-Lemosín-Poitou-Charentes,La Rochelle,
3371,23,54,Aquitania-Lemosín-Poitou-Charentes,La Teste-de-Buch,
3372,23,54,Aquitania-Lemosín-Poitou-Charentes,Le Bouscat,
3373,23,54,Aquitania-Lemosín-Poitou-Charentes,Libourne,
3374,23,54,Aquitania-Lemosín-Poitou-Charentes,Limoges,
3375,23,54,Aquitania-Lemosín-Poitou-Charentes,Lormont,
3376,23,54,Aquitania-Lemosín-Poitou-Charentes,Mont-de-Marsan,
3377,23,54,Aquitania-Lemosín-Poitou-Charentes,Niort,
3378,23,54,Aquitania-Lemosín-Poitou-Charentes,Pau,
3379,23,54,Aquitania-Lemosín-Poitou-Charentes,Pessac,
3380,23,54,Aquitania-Lemosín-Poitou-Charentes,Poitiers,
3381,23,54,Aquitania-Lemosín-Poitou-Charentes,Rochefort,
3382,23,54,Aquitania-Lemosín-Poitou-Charentes,Talence,
3383,23,54,Aquitania-Lemosín-Poitou-Charentes,Tulle,
3384,23,54,Aquitania-Lemosín-Poitou-Charentes,Villenave-d'Ornon,
3385,23,54,Aquitania-Lemosín-Poitou-Charentes,Villeneuve-sur-Lot,
3386,23,54,Auvernia,Clermont-Ferrand,
3387,23,54,Auvernia,Cournon-d'Auvergne,
3388,23,54,Auvernia,Issoire,
3389,23,54,Auvernia,Moulins,
3390,23,54,Auvernia,Riom,
3391,23,54,Auvernia,Vichy,
3392,23,54,Auvernia-Ródano-Alpes,Aix-les-Bains,
3393,23,54,Auvernia-Ródano-Alpes,Albertville,
3394,23,54,Auvernia-Ródano-Alpes,Annecy,
3395,23,54,Auvernia-Ródano-Alpes,Annecy-le-Vieux,
3396,23,54,Auvernia-Ródano-Alpes,Annemasse,
3397,23,54,Auvernia-Ródano-Alpes,Annonay,
3398,23,54,Auvernia-Ródano-Alpes,Bourg-en-Bresse,
3399,23,54,Auvernia-Ródano-Alpes,Bourgoin-Jallieu,
3400,23,54,Auvernia-Ródano-Alpes,Bron,
3401,23,54,Auvernia-Ródano-Alpes,Caluire-et-Cuire,
3402,23,54,Auvernia-Ródano-Alpes,Cluses,
3403,23,54,Auvernia-Ródano-Alpes,Echirolles,
3404,23,54,Auvernia-Ródano-Alpes,Firminy,
3405,23,54,Auvernia-Ródano-Alpes,Fontaine,
3406,23,54,Auvernia-Ródano-Alpes,Givors,
3407,23,54,Auvernia-Ródano-Alpes,Grenoble,
3408,23,54,Auvernia-Ródano-Alpes,Lyon,
3409,23,54,Auvernia-Ródano-Alpes,Meyzieu,
3410,23,54,Auvernia-Ródano-Alpes,Montbrison,
3411,23,54,Auvernia-Ródano-Alpes,Oullins,
3412,23,54,Auvernia-Ródano-Alpes,Oyonnax,
3413,23,54,Auvernia-Ródano-Alpes,Rillieux-la-Pape,
3414,23,54,Auvernia-Ródano-Alpes,Roanne,
3415,23,54,Auvernia-Ródano-Alpes,Saint-Chamond,
3416,23,54,Auvernia-Ródano-Alpes,Saint-Genis-Laval,
3417,23,54,Auvernia-Ródano-Alpes,Saint-Priest,
3418,23,54,Auvernia-Ródano-Alpes,Sallanches,
3419,23,54,Auvernia-Ródano-Alpes,Thonon-les-Bains,
3420,23,54,Auvernia-Ródano-Alpes,Valence,
3421,23,54,Auvernia-Ródano-Alpes,Vaulx-en-Velin,
3422,23,54,Auvernia-Ródano-Alpes,Villefontaine,
3423,23,54,Auvernia-Ródano-Alpes,Villeurbanne,
3424,23,54,Auvernia-Ródano-Alpes,Voiron,
3425,23,54,Borgoña-Franco Condado,Auxerre,
3426,23,54,Borgoña-Franco Condado,Beaune,
3427,23,54,Borgoña-Franco Condado,Belfort,
3428,23,54,Borgoña-Franco Condado,Dijon,
3429,23,54,Borgoña-Franco Condado,Dole,
3430,23,54,Borgoña-Franco Condado,Le Creusot,
3431,23,54,Borgoña-Franco Condado,Lons-le-Saunier,
3432,23,54,Borgoña-Franco Condado,Montceau-les-Mines,
3433,23,54,Borgoña-Franco Condado,Mâcon,
3434,23,54,Borgoña-Franco Condado,Vesoul,
3435,23,54,Bretaña,Brest,
3436,23,54,Bretaña,Concarneau,
3437,23,54,Bretaña,Douarnenez,
3438,23,54,Bretaña,Landerneau,
3439,23,54,Bretaña,Lanester,
3440,23,54,Bretaña,Lannion,
3441,23,54,Bretaña,Lorient,
3442,23,54,Bretaña,Ploemeur,
3443,23,54,Bretaña,Pontivy,
3444,23,54,Bretaña,Quimper,
3445,23,54,Bretaña,Rennes,
3446,23,54,Bretaña,Saint-Brieuc,
3447,23,54,Bretaña,Saint-Malo,
3448,23,54,Bretaña,Vannes,
3449,23,54,Centro-Valle de Loira,Blois,
3450,23,54,Centro-Valle de Loira,Bourges,
3451,23,54,Centro-Valle de Loira,Chartres,
3452,23,54,Centro-Valle de Loira,Dreux,
3453,23,54,Centro-Valle de Loira,Fleury-les-Aubrais,
3454,23,54,Centro-Valle de Loira,Gien,
3455,23,54,Centro-Valle de Loira,Montargis,
3456,23,54,Centro-Valle de Loira,Olivet,
3457,23,54,Centro-Valle de Loira,Saint-Cyr-sur-Loire,
3458,23,54,Centro-Valle de Loira,Saint-Jean-de-la-Ruelle,
3459,23,54,Centro-Valle de Loira,Saint-Pierre-des-Corps,
3460,23,54,Centro-Valle de Loira,Tours,
3461,23,54,Corse,Ajaccio,
3462,23,54,Corse,Bastia,
3463,23,54,Isla de Francia,Alfortville,
3464,23,54,Isla de Francia,Antony,
3465,23,54,Isla de Francia,Argenteuil,
3466,23,54,Isla de Francia,Athis-Mons,
3467,23,54,Isla de Francia,Aubervilliers,
3468,23,54,Isla de Francia,Aulnay-sous-Bois,
3469,23,54,Isla de Francia,Avon,
3470,23,54,Isla de Francia,Bagneux,
3471,23,54,Isla de Francia,Bagnolet,
3472,23,54,Isla de Francia,Bezons,
3473,23,54,Isla de Francia,Bobigny,
3474,23,54,Isla de Francia,Bondy,
3475,23,54,Isla de Francia,Bonneuil-sur-Marne,
3476,23,54,Isla de Francia,Boulogne-Billancourt,
3477,23,54,Isla de Francia,Bry-sur-Marne,
3478,23,54,Isla de Francia,Cachan,
3479,23,54,Isla de Francia,Cergy,
3480,23,54,Isla de Francia,Champigny-sur-Marne,
3481,23,54,Isla de Francia,Chatou,
3482,23,54,Isla de Francia,Chaville,
3483,23,54,Isla de Francia,Chelles,
3484,23,54,Isla de Francia,Chevilly-Larue,
3485,23,54,Isla de Francia,Chilly-Mazarin,
3486,23,54,Isla de Francia,Choisy-le-Roi,
3487,23,54,Isla de Francia,Clamart,
3488,23,54,Isla de Francia,Clichy,
3489,23,54,Isla de Francia,Clichy-sous-Bois,
3490,23,54,Isla de Francia,Colombes,
3491,23,54,Isla de Francia,Conflans-Sainte-Honorine,
3492,23,54,Isla de Francia,Corbeil-Essonnes,
3493,23,54,Isla de Francia,Cormeilles-en-Parisis,
3494,23,54,Isla de Francia,Coulommiers,
3495,23,54,Isla de Francia,Courbevoie,
3496,23,54,Isla de Francia,Deuil-la-Barre,
3497,23,54,Isla de Francia,Domont,
3498,23,54,Isla de Francia,Drancy,
3499,23,54,Isla de Francia,Eragny,
3500,23,54,Isla de Francia,Ermont,
3501,23,54,Isla de Francia,Evry,
3502,23,54,Isla de Francia,Fontainebleau,
3503,23,54,Isla de Francia,Fontenay-aux-Roses,
3504,23,54,Isla de Francia,Fontenay-sous-Bois,
3505,23,54,Isla de Francia,Franconville,
3506,23,54,Isla de Francia,Fresnes,
3507,23,54,Isla de Francia,Gagny,
3508,23,54,Isla de Francia,Garches,
3509,23,54,Isla de Francia,Gennevilliers,
3510,23,54,Isla de Francia,Gonesse,
3511,23,54,Isla de Francia,Goussainville,
3512,23,54,Isla de Francia,Grigny,
3513,23,54,Isla de Francia,Guyancourt,
3514,23,54,Isla de Francia,Houilles,
3515,23,54,Isla de Francia,Issy-les-Moulineaux,
3516,23,54,Isla de Francia,Ivry-sur-Seine,
3517,23,54,Isla de Francia,La Celle-Saint-Cloud,
3518,23,54,Isla de Francia,Lagny-sur-Marne,
3519,23,54,Isla de Francia,Le Blanc-Mesnil,
3520,23,54,Isla de Francia,Le Chesnay,
3521,23,54,Isla de Francia,Le Plessis-Robinson,
3522,23,54,Isla de Francia,Le Pré-Saint-Gervais,
3523,23,54,Isla de Francia,Les Clayes-sous-Bois,
3524,23,54,Isla de Francia,Les Lilas,
3525,23,54,Isla de Francia,Les Mureaux,
3526,23,54,Isla de Francia,Les Pavillons-sous-Bois,
3527,23,54,Isla de Francia,Les Ulis,
3528,23,54,Isla de Francia,Levallois-Perret,
3529,23,54,Isla de Francia,Limay,
3530,23,54,Isla de Francia,Livry-Gargan,
3531,23,54,Isla de Francia,Longjumeau,
3532,23,54,Isla de Francia,Maisons-Alfort,
3533,23,54,Isla de Francia,Maisons-Laffitte,
3534,23,54,Isla de Francia,Malakoff,
3535,23,54,Isla de Francia,Mantes-la-Jolie,
3536,23,54,Isla de Francia,Mantes-la-Ville,
3537,23,54,Isla de Francia,Marly-le-Roi,
3538,23,54,Isla de Francia,Massy,
3539,23,54,Isla de Francia,Meaux,
3540,23,54,Isla de Francia,Melun,
3541,23,54,Isla de Francia,Meudon,
3542,23,54,Isla de Francia,Mitry-Mory,
3543,23,54,Isla de Francia,Moissy-Cramayel,
3544,23,54,Isla de Francia,Montereau-Fault-Yonne,
3545,23,54,Isla de Francia,Montesson,
3546,23,54,Isla de Francia,Montfermeil,
3547,23,54,Isla de Francia,Montgeron,
3548,23,54,Isla de Francia,Montigny-le-Bretonneux,
3549,23,54,Isla de Francia,Montmorency,
3550,23,54,Isla de Francia,Montreuil,
3551,23,54,Isla de Francia,Montrouge,
3552,23,54,Isla de Francia,Nanterre,
3553,23,54,Isla de Francia,Neuilly-Plaisance,
3554,23,54,Isla de Francia,Neuilly-sur-Marne,
3555,23,54,Isla de Francia,Neuilly-sur-Seine,
3556,23,54,Isla de Francia,Noisy-le-Grand,
3557,23,54,Isla de Francia,Noisy-le-Sec,
3558,23,54,Isla de Francia,Orsay,
3559,23,54,Isla de Francia,Osny,
3560,23,54,Isla de Francia,Palaiseau,
3561,23,54,Isla de Francia,Pantin,
3562,23,54,Isla de Francia,Paris,
3563,23,54,Isla de Francia,Pierrefitte-sur-Seine,
3564,23,54,Isla de Francia,Plaisir,
3565,23,54,Isla de Francia,Poissy,
3566,23,54,Isla de Francia,Pontault-Combault,
3567,23,54,Isla de Francia,Pontoise,
3568,23,54,Isla de Francia,Puteaux,
3569,23,54,Isla de Francia,Rambouillet,
3570,23,54,Isla de Francia,Ris-Orangis,
3571,23,54,Isla de Francia,Roissy-en-Brie,
3572,23,54,Isla de Francia,Rosny-sous-Bois,
3573,23,54,Isla de Francia,Rueil-Malmaison,
3574,23,54,Isla de Francia,Saint-Cloud,
3575,23,54,Isla de Francia,Saint-Denis,
3576,23,54,Isla de Francia,Saint-Germain-en-Laye,
3577,23,54,Isla de Francia,Saint-Gratien,
3578,23,54,Isla de Francia,Saint-Michel-sur-Orge,
3579,23,54,Isla de Francia,Saint-Ouen,
3580,23,54,Isla de Francia,Sannois,
3581,23,54,Isla de Francia,Sarcelles,
3582,23,54,Isla de Francia,Sartrouville,
3583,23,54,Isla de Francia,Savigny-le-Temple,
3584,23,54,Isla de Francia,Sceaux,
3585,23,54,Isla de Francia,Sevran,
3586,23,54,Isla de Francia,Stains,
3587,23,54,Isla de Francia,Sucy-en-Brie,
3588,23,54,Isla de Francia,Suresnes,
3589,23,54,Isla de Francia,Taverny,
3590,23,54,Isla de Francia,Thiais,
3591,23,54,Isla de Francia,Torcy,
3592,23,54,Isla de Francia,Trappes,
3593,23,54,Isla de Francia,Tremblay-en-France,
3594,23,54,Isla de Francia,Vanves,
3595,23,54,Isla de Francia,Versailles,
3596,23,54,Isla de Francia,Vigneux-sur-Seine,
3597,23,54,Isla de Francia,Villejuif,
3598,23,54,Isla de Francia,Villemomble,
3599,23,54,Isla de Francia,Villeneuve-Saint-Georges,
3600,23,54,Isla de Francia,Villeneuve-la-Garenne,
3601,23,54,Isla de Francia,Villeneuve-le-Roi,
3602,23,54,Isla de Francia,Villeparisis,
3603,23,54,Isla de Francia,Villiers-le-Bel,
3604,23,54,Isla de Francia,Villiers-sur-Marne,
3605,23,54,Isla de Francia,Vincennes,
3606,23,54,Isla de Francia,Viroflay,
3607,23,54,Isla de Francia,Vitry-sur-Seine,
3608,23,54,Isla de Francia,Yerres,
3609,23,54,Languedoc-Rosellón-Mediodía-Pirineos,Agde,
3610,23,54,Languedoc-Rosellón-Mediodía-Pirineos,Albi,
3611,23,54,Languedoc-Rosellón-Mediodía-Pirineos,Auch,
3612,23,54,Languedoc-Rosellón-Mediodía-Pirineos,Carcassonne,
3613,23,54,Languedoc-Rosellón-Mediodía-Pirineos,Castelnau-le-Lez,
3614,23,54,Languedoc-Rosellón-Mediodía-Pirineos,Castres,
3615,23,54,Languedoc-Rosellón-Mediodía-Pirineos,Colomiers,
3616,23,54,Languedoc-Rosellón-Mediodía-Pirineos,Frontignan,
3617,23,54,Languedoc-Rosellón-Mediodía-Pirineos,Lattes,
3618,23,54,Languedoc-Rosellón-Mediodía-Pirineos,Lunel,
3619,23,54,Languedoc-Rosellón-Mediodía-Pirineos,Mauguio,
3620,23,54,Languedoc-Rosellón-Mediodía-Pirineos,Millau,
3621,23,54,Languedoc-Rosellón-Mediodía-Pirineos,Montauban,
3622,23,54,Languedoc-Rosellón-Mediodía-Pirineos,Montpellier,
3623,23,54,Languedoc-Rosellón-Mediodía-Pirineos,Muret,
3624,23,54,Languedoc-Rosellón-Mediodía-Pirineos,Narbonne,
3625,23,54,Languedoc-Rosellón-Mediodía-Pirineos,Pamiers,
3626,23,54,Languedoc-Rosellón-Mediodía-Pirineos,Perpignan,
3627,23,54,Languedoc-Rosellón-Mediodía-Pirineos,Plaisance-du-Touch,
3628,23,54,Languedoc-Rosellón-Mediodía-Pirineos,Sète,
3629,23,54,Languedoc-Rosellón-Mediodía-Pirineos,Tarbes,
3630,23,54,Languedoc-Rosellón-Mediodía-Pirineos,Toulouse,
3631,23,54,Languedoc-Rosellón-Mediodía-Pirineos,Tournefeuille,
3632,23,54,Normandía,Argentan,
3633,23,54,Normandía,Bayeux,
3634,23,54,Normandía,Caen,
3635,23,54,Normandía,Cherbourg-Octeville,
3636,23,54,Normandía,Dieppe,
3637,23,54,Normandía,Elbeuf,
3638,23,54,Normandía,Evreux,
3639,23,54,Normandía,Flers,
3640,23,54,Normandía,Le Havre,
3641,23,54,Normandía,Le Petit-Quevilly,
3642,23,54,Normandía,Lisieux,
3643,23,54,Normandía,Louviers,
3644,23,54,Normandía,Mont-Saint-Aignan,
3645,23,54,Normandía,Rouen,
3646,23,54,Normandía,Vernon,
3647,23,54,Norte-Paso de Calais-Picardía,Abbeville,
3648,23,54,Norte-Paso de Calais-Picardía,Amiens,
3649,23,54,Norte-Paso de Calais-Picardía,Arras,
3650,23,54,Norte-Paso de Calais-Picardía,Avion,
3651,23,54,Norte-Paso de Calais-Picardía,Beauvais,
3652,23,54,Norte-Paso de Calais-Picardía,Berck,
3653,23,54,Norte-Paso de Calais-Picardía,Boulogne-sur-Mer,
3654,23,54,Norte-Paso de Calais-Picardía,Calais,
3655,23,54,Norte-Paso de Calais-Picardía,Cambrai,
3656,23,54,Norte-Paso de Calais-Picardía,Carvin,
3657,23,54,Norte-Paso de Calais-Picardía,Coudekerque-Branche,
3658,23,54,Norte-Paso de Calais-Picardía,Creil,
3659,23,54,Norte-Paso de Calais-Picardía,Denain,
3660,23,54,Norte-Paso de Calais-Picardía,Douai,
3661,23,54,Norte-Paso de Calais-Picardía,Faches-Thumesnil,
3662,23,54,Norte-Paso de Calais-Picardía,Halluin,
3663,23,54,Norte-Paso de Calais-Picardía,Hautmont,
3664,23,54,Norte-Paso de Calais-Picardía,Hazebrouck,
3665,23,54,Norte-Paso de Calais-Picardía,La Madeleine,
3666,23,54,Norte-Paso de Calais-Picardía,Laon,
3667,23,54,Norte-Paso de Calais-Picardía,Lens,
3668,23,54,Norte-Paso de Calais-Picardía,Lille,
3669,23,54,Norte-Paso de Calais-Picardía,Lomme,
3670,23,54,Norte-Paso de Calais-Picardía,Loos,
3671,23,54,Norte-Paso de Calais-Picardía,Maubeuge,
3672,23,54,Norte-Paso de Calais-Picardía,Mons-en-Baroeul,
3673,23,54,Norte-Paso de Calais-Picardía,Nogent-sur-Oise,
3674,23,54,Norte-Paso de Calais-Picardía,Outreau,
3675,23,54,Norte-Paso de Calais-Picardía,Ronchin,
3676,23,54,Norte-Paso de Calais-Picardía,Roubaix,
3677,23,54,Norte-Paso de Calais-Picardía,Saint-Pol-sur-Mer,
3678,23,54,Norte-Paso de Calais-Picardía,Saint-Quentin,
3679,23,54,Norte-Paso de Calais-Picardía,Senlis,
3680,23,54,Norte-Paso de Calais-Picardía,Soissons,
3681,23,54,Norte-Paso de Calais-Picardía,Tourcoing,
3682,23,54,Norte-Paso de Calais-Picardía,Valenciennes,
3683,23,54,Norte-Paso de Calais-Picardía,Villeneuve-d'Ascq,
3684,23,54,Norte-Paso de Calais-Picardía,Wasquehal,
3685,23,54,Norte-Paso de Calais-Picardía,Wattrelos,
3686,23,54,Países del Loira,Angers,
3687,23,54,Países del Loira,Carquefou,
3688,23,54,Países del Loira,Cholet,
3689,23,54,Países del Loira,Fontenay-le-Comte,
3690,23,54,Países del Loira,La Baule-Escoublac,
3691,23,54,Países del Loira,La Chapelle-sur-Erdre,
3692,23,54,Países del Loira,La Roche-sur-Yon,
3693,23,54,Países del Loira,Laval,
3694,23,54,Países del Loira,Le Mans,
3695,23,54,Países del Loira,Les Herbiers,
3696,23,54,Países del Loira,Nantes,
3697,23,54,Países del Loira,Saint-Herblain,
3698,23,54,Países del Loira,Saint-Nazaire,
3699,23,54,Países del Loira,Saumur,
3700,23,54,Países del Loira,Vertou,
3701,23,54,Provenza-Alpes-Costa Azul,Aix-en-Provence,
3702,23,54,Provenza-Alpes-Costa Azul,Allauch,
3703,23,54,Provenza-Alpes-Costa Azul,Antibes,
3704,23,54,Provenza-Alpes-Costa Azul,Arles,
3705,23,54,Provenza-Alpes-Costa Azul,Avignon,
3706,23,54,Provenza-Alpes-Costa Azul,Cagnes-sur-Mer,
3707,23,54,Provenza-Alpes-Costa Azul,Cannes,
3708,23,54,Provenza-Alpes-Costa Azul,Carpentras,
3709,23,54,Provenza-Alpes-Costa Azul,Cavaillon,
3710,23,54,Provenza-Alpes-Costa Azul,Draguignan,
3711,23,54,Provenza-Alpes-Costa Azul,Gap,
3712,23,54,Provenza-Alpes-Costa Azul,Gardanne,
3713,23,54,Provenza-Alpes-Costa Azul,Grasse,
3714,23,54,Provenza-Alpes-Costa Azul,Istres,
3715,23,54,Provenza-Alpes-Costa Azul,La Ciotat,
3716,23,54,Provenza-Alpes-Costa Azul,La Crau,
3717,23,54,Provenza-Alpes-Costa Azul,La Seyne-sur-Mer,
3718,23,54,Provenza-Alpes-Costa Azul,Le Cannet,
3719,23,54,Provenza-Alpes-Costa Azul,Le Pontet,
3720,23,54,Provenza-Alpes-Costa Azul,Les Pennes-Mirabeau,
3721,23,54,Provenza-Alpes-Costa Azul,Marignane,
3722,23,54,Provenza-Alpes-Costa Azul,Marseille,
3723,23,54,Provenza-Alpes-Costa Azul,Martigues,
3724,23,54,Provenza-Alpes-Costa Azul,Menton,
3725,23,54,Provenza-Alpes-Costa Azul,Miramas,
3726,23,54,Provenza-Alpes-Costa Azul,Mougins,
3727,23,54,Provenza-Alpes-Costa Azul,Nice,
3728,23,54,Provenza-Alpes-Costa Azul,Pertuis,
3729,23,54,Provenza-Alpes-Costa Azul,Saint-Laurent-du-Var,
3730,23,54,Provenza-Alpes-Costa Azul,Salon-de-Provence,
3731,23,54,Provenza-Alpes-Costa Azul,Sanary-sur-Mer,
3732,23,54,Provenza-Alpes-Costa Azul,Six-Fours-les-Plages,
3733,23,54,Provenza-Alpes-Costa Azul,Sorgues,
3734,23,54,Provenza-Alpes-Costa Azul,Toulon,
3735,23,54,Provenza-Alpes-Costa Azul,Vallauris,
3736,23,54,Provenza-Alpes-Costa Azul,Vence,
3737,23,54,Provenza-Alpes-Costa Azul,Vitrolles,
3738,23,89,Luxemburgo,Luxemburgo,
3739,23,116,Brabante Septentrional,Bergen op Zoom,
3740,23,116,Brabante Septentrional,Breda,
3741,23,116,Brabante Septentrional,Eindhoven,
3742,23,116,Brabante Septentrional,Helmond,
3743,23,116,Brabante Septentrional,Oosterhout,
3744,23,116,Brabante Septentrional,Oss,
3745,23,116,Brabante Septentrional,Roosendaal,
3746,23,116,Brabante Septentrional,Tilburg,
3747,23,116,Drenthe,Assen,
3748,23,116,Drenthe,Emmen,
3749,23,116,Frisia,Leeuwarden,
3750,23,116,Groningen,Groningen,
3751,23,116,Güeldres,Apeldoorn,
3752,23,116,Güeldres,Arnhem,
3753,23,116,Güeldres,Barneveld,
3754,23,116,Güeldres,Doetinchem,
3755,23,116,Güeldres,Nijmegen,
3756,23,116,Holanda Meridional,Alphen aan den Rijn,
3757,23,116,Holanda Meridional,Capelle aan den IJssel,
3758,23,116,Holanda Meridional,Delft,
3759,23,116,Holanda Meridional,Dordrecht,
3760,23,116,Holanda Meridional,Leiden,
3761,23,116,Holanda Meridional,Rotterdam,
3762,23,116,Holanda Meridional,Schiedam,
3763,23,116,Holanda Meridional,Spijkenisse,
3764,23,116,Holanda Meridional,The Hague,
3765,23,116,Holanda Meridional,Vlaardingen,
3766,23,116,Holanda Septentrional,Alkmaar,
3767,23,116,Holanda Septentrional,Amstelveen,
3768,23,116,Holanda Septentrional,Amsterdam,
3769,23,116,Holanda Septentrional,Den Helder,
3770,23,116,Holanda Septentrional,Haarlem,
3771,23,116,Holanda Septentrional,Hilversum,
3772,23,116,Holanda Septentrional,Purmerend,
3773,23,116,Holanda Septentrional,Uithoorn,
3774,23,116,Holanda Septentrional,Velsen,
3775,23,116,Holanda Septentrional,Zaanstad,
3776,23,116,Limburgo,Heerlen,
3777,23,116,Limburgo,Maastricht,
3778,23,116,Limburgo,Roermond,
3779,23,116,Limburgo,Sittard,
3780,23,116,Limburgo,Venlo,
3781,23,116,Overijssel,Almelo,
3782,23,116,Overijssel,Deventer,
3783,23,116,Overijssel,Enschede,
3784,23,116,Overijssel,Hardenberg,
3785,23,116,Overijssel,Hengelo,
3786,23,116,Overijssel,Zwolle,
3787,23,116,Utrecht,Amersfoort,
3788,23,116,Utrecht,Nieuwegein,
3789,23,116,Utrecht,Utrecht,
3790,23,116,Utrecht,Veenendaal,
3791,23,116,Utrecht,Zeist,
3792,23,116,Zelanda,Terneuzen,
3793,23,143,Basilea-Ciudad,Basel,
3794,23,143,Berna,Berne,
3795,23,143,Ginebra,Ginebra,
3796,23,143,Lucerna,Lucerna,
3797,23,143,San Galo,San Galo,
3798,23,143,Vaud,Lausanne,
3799,23,143,Zúrich,Winterthur,
3800,23,143,Zúrich,Zurich,
